timestamp,file,product_count,empty_count,total,empty_ratio,n_rows,max_rows_detected,row_capacity,row10_empty,row10_product,row10_ratio,row11_empty,row11_product,row11_ratio,row12_empty,row12_product,row12_ratio,row13_empty,row13_product,row13_ratio,row14_empty,row14_product,row14_ratio,row15_empty,row15_product,row15_ratio,row16_empty,row16_product,row16_ratio,row17_empty,row17_product,row17_ratio,row18_empty,row18_product,row18_ratio,row19_empty,row19_product,row19_ratio,row1_empty,row1_product,row1_ratio,row20_empty,row20_product,row20_ratio,row21_empty,row21_product,row21_ratio,row22_empty,row22_product,row22_ratio,row23_empty,row23_product,row23_ratio,row24_empty,row24_product,row24_ratio,row25_empty,row25_product,row25_ratio,row26_empty,row26_product,row26_ratio,row27_empty,row27_product,row27_ratio,row28_empty,row28_product,row28_ratio,row29_empty,row29_product,row29_ratio,row2_empty,row2_product,row2_ratio,row30_empty,row30_product,row30_ratio,row31_empty,row31_product,row31_ratio,row32_empty,row32_product,row32_ratio,row3_empty,row3_product,row3_ratio,row4_empty,row4_product,row4_ratio,row5_empty,row5_product,row5_ratio,row6_empty,row6_product,row6_ratio,row7_empty,row7_product,row7_ratio,row8_empty,row8_product,row8_ratio,row9_empty,row9_product,row9_ratio
2026-04-03 21:40:20,test_0.jpg,131,13,144,0.0903,7,31,32,0,0,0.0,0,0,0.0,0,0,0.0,0,0,0.0,0,0,0.0,0,0,0.0,0,0,0.0,0,0,0.0,0,0,0.0,0,0,0.0,3,25,0.1071,0,0,0.0,0,0,0.0,0,0,0.0,0,0,0.0,0,0,0.0,0,0,0.0,0,0,0.0,0,0,0.0,0,0,0.0,0,0,0.0,0,12,0.0,0,0,0.0,0,0,0.0,0,0,0.0,0,16,0.0,3,18,0.1429,0,24,0.0,7,14,0.3333,0,22,0.0,0,0,0.0,0,0,0.0
2026-04-03 21:40:20,test_1.jpg,140,24,164,0.1463,9,31,32,0,0,0.0,0,0,0.0,0,0,0.0,0,0,0.0,0,0,0.0,0,0,0.0,0,0,0.0,0,0,0.0,0,0,0.0,0,0,0.0,0,4,0.0,0,0,0.0,0,0,0.0,0,0,0.0,0,0,0.0,0,0,0.0,0,0,0.0,0,0,0.0,0,0,0.0,0,0,0.0,0,0,0.0,1,22,0.0435,0,0,0.0,0,0,0.0,0,0,0.0,1,15,0.0625,4,14,0.2222,4,15,0.2105,1,15,0.0625,3,13,0.1875,9,35,0.2045,1,7,0.125
2026-04-03 21:40:20,test_10.jpg,144,22,166,0.1325,7,31,32,0,0,0.0,0,0,0.0,0,0,0.0,0,0,0.0,0,0,0.0,0,0,0.0,0,0,0.0,0,0,0.0,0,0,0.0,0,0,0.0,1,16,0.0588,0,0,0.0,0,0,0.0,0,0,0.0,0,0,0.0,0,0,0.0,0,0,0.0,0,0,0.0,0,0,0.0,0,0,0.0,0,0,0.0,4,19,0.1739,0,0,0.0,0,0,0.0,0,0,0.0,4,20,0.1667,5,27,0.1562,4,20,0.1667,4,28,0.125,0,14,0.0,0,0,0.0,0,0,0.0
2026-04-03 21:40:20,test_100.jpg,166,14,180,0.0778,9,31,32,0,0,0.0,0,0,0.0,0,0,0.0,0,0,0.0,0,0,0.0,0,0,0.0,0,0,0.0,0,0,0.0,0,0,0.0,0,0,0.0,1,10,0.0909,0,0,0.0,0,0,0.0,0,0,0.0,0,0,0.0,0,0,0.0,0,0,0.0,0,0,0.0,0,0,0.0,0,0,0.0,0,0,0.0,0,14,0.0,0,0,0.0,0,0,0.0,0,0,0.0,0,9,0.0,2,20,0.0909,0,20,0.0,4,22,0.1538,2,26,0.0714,4,19,0.1739,1,26,0.037
2026-04-03 21:40:20,test_1000.jpg,142,19,161,0.118,5,31,32,0,0,0.0,0,0,0.0,0,0,0.0,0,0,0.0,0,0,0.0,0,0,0.0,0,0,0.0,0,0,0.0,0,0,0.0,0,0,0.0,0,20,0.0,0,0,0.0,0,0,0.0,0,0,0.0,0,0,0.0,0,0,0.0,0,0,0.0,0,0,0.0,0,0,0.0,0,0,0.0,0,0,0.0,4,43,0.0851,0,0,0.0,0,0,0.0,0,0,0.0,0,32,0.0,8,26,0.2353,7,21,0.25,0,0,0.0,0,0,0.0,0,0,0.0,0,0,0.0
2026-04-03 21:40:20,test_1001.jpg,177,37,214,0.1729,5,31,32,0,0,0.0,0,0,0.0,0,0,0.0,0,0,0.0,0,0,0.0,0,0,0.0,0,0,0.0,0,0,0.0,0,0,0.0,0,0,0.0,8,23,0.2581,0,0,0.0,0,0,0.0,0,0,0.0,0,0,0.0,0,0,0.0,0,0,0.0,0,0,0.0,0,0,0.0,0,0,0.0,0,0,0.0,6,39,0.1333,0,0,0.0,0,0,0.0,0,0,0.0,8,36,0.1818,6,36,0.1429,9,43,0.1731,0,0,0.0,0,0,0.0,0,0,0.0,0,0,0.0
2026-04-03 21:40:20,test_1002.jpg,197,40,237,0.1688,7,31,32,0,0,0.0,0,0,0.0,0,0,0.0,0,0,0.0,0,0,0.0,0,0,0.0,0,0,0.0,0,0,0.0,0,0,0.0,0,0,0.0,6,27,0.1818,0,0,0.0,0,0,0.0,0,0,0.0,0,0,0.0,0,0,0.0,0,0,0.0,0,0,0.0,0,0,0.0,0,0,0.0,0,0,0.0,12,31,0.2791,0,0,0.0,0,0,0.0,0,0,0.0,1,21,0.0455,6,32,0.1579,4,37,0.0976,6,34,0.15,5,15,0.25,0,0,0.0,0,0,0.0
2026-04-03 21:40:20,test_1003.jpg,120,6,126,0.0476,7,31,32,0,0,0.0,0,0,0.0,0,0,0.0,0,0,0.0,0,0,0.0,0,0,0.0,0,0,0.0,0,0,0.0,0,0,0.0,0,0,0.0,2,17,0.1053,0,0,0.0,0,0,0.0,0,0,0.0,0,0,0.0,0,0,0.0,0,0,0.0,0,0,0.0,0,0,0.0,0,0,0.0,0,0,0.0,0,17,0.0,0,0,0.0,0,0,0.0,0,0,0.0,0,15,0.0,0,19,0.0,2,16,0.1111,1,19,0.05,1,17,0.0556,0,0,0.0,0,0,0.0
2026-04-03 21:40:20,test_1004.jpg,152,51,203,0.2512,11,31,32,6,12,0.3333,14,9,0.6087,0,0,0.0,0,0,0.0,0,0,0.0,0,0,0.0,0,0,0.0,0,0,0.0,0,0,0.0,0,0,0.0,0,11,0.0,0,0,0.0,0,0,0.0,0,0,0.0,0,0,0.0,0,0,0.0,0,0,0.0,0,0,0.0,0,0,0.0,0,0,0.0,0,0,0.0,2,27,0.069,0,0,0.0,0,0,0.0,0,0,0.0,0,14,0.0,3,13,0.1875,2,10,0.1667,6,10,0.375,0,10,0.0,9,20,0.3103,9,16,0.36
2026-04-03 21:40:20,test_1005.jpg,155,46,201,0.2289,5,31,32,0,0,0.0,0,0,0.0,0,0,0.0,0,0,0.0,0,0,0.0,0,0,0.0,0,0,0.0,0,0,0.0,0,0,0.0,0,0,0.0,12,41,0.2264,0,0,0.0,0,0,0.0,0,0,0.0,0,0,0.0,0,0,0.0,0,0,0.0,0,0,0.0,0,0,0.0,0,0,0.0,0,0,0.0,8,30,0.2105,0,0,0.0,0,0,0.0,0,0,0.0,3,14,0.1765,13,42,0.2364,10,28,0.2632,0,0,0.0,0,0,0.0,0,0,0.0,0,0,0.0
2026-04-03 21:40:20,test_1006.jpg,127,39,166,0.2349,6,31,32,0,0,0.0,0,0,0.0,0,0,0.0,0,0,0.0,0,0,0.0,0,0,0.0,0,0,0.0,0,0,0.0,0,0,0.0,0,0,0.0,2,19,0.0952,0,0,0.0,0,0,0.0,0,0,0.0,0,0,0.0,0,0,0.0,0,0,0.0,0,0,0.0,0,0,0.0,0,0,0.0,0,0,0.0,2,19,0.0952,0,0,0.0,0,0,0.0,0,0,0.0,1,28,0.0345,3,19,0.1364,16,18,0.4706,15,24,0.3846,0,0,0.0,0,0,0.0,0,0,0.0
2026-04-03 21:40:20,test_1007.jpg,153,60,213,0.2817,11,31,32,14,12,0.5385,3,10,0.2308,0,0,0.0,0,0,0.0,0,0,0.0,0,0,0.0,0,0,0.0,0,0,0.0,0,0,0.0,0,0,0.0,4,8,0.3333,0,0,0.0,0,0,0.0,0,0,0.0,0,0,0.0,0,0,0.0,0,0,0.0,0,0,0.0,0,0,0.0,0,0,0.0,0,0,0.0,0,12,0.0,0,0,0.0,0,0,0.0,0,0,0.0,5,18,0.2174,0,12,0.0,1,9,0.1,0,10,0.0,1,13,0.0714,20,29,0.4082,12,20,0.375
2026-04-03 21:40:20,test_1008.jpg,116,43,159,0.2704,5,31,32,0,0,0.0,0,0,0.0,0,0,0.0,0,0,0.0,0,0,0.0,0,0,0.0,0,0,0.0,0,0,0.0,0,0,0.0,0,0,0.0,0,12,0.0,0,0,0.0,0,0,0.0,0,0,0.0,0,0,0.0,0,0,0.0,0,0,0.0,0,0,0.0,0,0,0.0,0,0,0.0,0,0,0.0,0,19,0.0,0,0,0.0,0,0,0.0,0,0,0.0,10,35,0.2222,20,26,0.4348,13,24,0.3514,0,0,0.0,0,0,0.0,0,0,0.0,0,0,0.0
2026-04-03 21:40:20,test_1009.jpg,150,12,162,0.0741,7,31,32,0,0,0.0,0,0,0.0,0,0,0.0,0,0,0.0,0,0,0.0,0,0,0.0,0,0,0.0,0,0,0.0,0,0,0.0,0,0,0.0,0,18,0.0,0,0,0.0,0,0,0.0,0,0,0.0,0,0,0.0,0,0,0.0,0,0,0.0,0,0,0.0,0,0,0.0,0,0,0.0,0,0,0.0,2,19,0.0952,0,0,0.0,0,0,0.0,0,0,0.0,1,21,0.0455,1,23,0.0417,3,22,0.12,5,25,0.1667,0,22,0.0,0,0,0.0,0,0,0.0
2026-04-03 21:40:20,test_101.jpg,110,18,128,0.1406,5,31,32,0,0,0.0,0,0,0.0,0,0,0.0,0,0,0.0,0,0,0.0,0,0,0.0,0,0,0.0,0,0,0.0,0,0,0.0,0,0,0.0,0,9,0.0,0,0,0.0,0,0,0.0,0,0,0.0,0,0,0.0,0,0,0.0,0,0,0.0,0,0,0.0,0,0,0.0,0,0,0.0,0,0,0.0,11,41,0.2115,0,0,0.0,0,0,0.0,0,0,0.0,2,20,0.0909,5,20,0.2,0,20,0.0,0,0,0.0,0,0,0.0,0,0,0.0,0,0,0.0
2026-04-03 21:40:20,test_1010.jpg,211,136,347,0.3919,6,31,32,0,0,0.0,0,0,0.0,0,0,0.0,0,0,0.0,0,0,0.0,0,0,0.0,0,0,0.0,0,0,0.0,0,0,0.0,0,0,0.0,24,22,0.5217,0,0,0.0,0,0,0.0,0,0,0.0,0,0,0.0,0,0,0.0,0,0,0.0,0,0,0.0,0,0,0.0,0,0,0.0,0,0,0.0,30,39,0.4348,0,0,0.0,0,0,0.0,0,0,0.0,26,41,0.3881,29,40,0.4203,21,39,0.35,6,30,0.1667,0,0,0.0,0,0,0.0,0,0,0.0
2026-04-03 21:40:20,test_1011.jpg,158,39,197,0.198,21,31,32,0,2,0.0,2,13,0.1333,0,5,0.0,5,8,0.3846,3,8,0.2727,1,9,0.1,8,12,0.4,4,11,0.2667,4,15,0.2105,0,3,0.0,0,6,0.0,3,15,0.1667,6,8,0.4286,0,0,0.0,0,0,0.0,0,0,0.0,0,0,0.0,0,0,0.0,0,0,0.0,0,0,0.0,0,0,0.0,0,6,0.0,0,0,0.0,0,0,0.0,0,0,0.0,0,6,0.0,0,1,0.0,2,9,0.1818,0,6,0.0,0,0,0.0,0,8,0.0,1,7,0.125
2026-04-03 21:40:20,test_1012.jpg,148,101,249,0.4056,3,31,32,0,0,0.0,0,0,0.0,0,0,0.0,0,0,0.0,0,0,0.0,0,0,0.0,0,0,0.0,0,0,0.0,0,0,0.0,0,0,0.0,2,16,0.1111,0,0,0.0,0,0,0.0,0,0,0.0,0,0,0.0,0,0,0.0,0,0,0.0,0,0,0.0,0,0,0.0,0,0,0.0,0,0,0.0,27,67,0.2872,0,0,0.0,0,0,0.0,0,0,0.0,72,65,0.5255,0,0,0.0,0,0,0.0,0,0,0.0,0,0,0.0,0,0,0.0,0,0,0.0
2026-04-03 21:40:20,test_1013.jpg,299,213,512,0.416,14,31,32,33,24,0.5789,23,27,0.46,13,22,0.3714,11,21,0.3438,12,20,0.375,0,0,0.0,0,0,0.0,0,0,0.0,0,0,0.0,0,0,0.0,6,24,0.2,0,0,0.0,0,0,0.0,0,0,0.0,0,0,0.0,0,0,0.0,0,0,0.0,0,0,0.0,0,0,0.0,0,0,0.0,0,0,0.0,7,14,0.3333,0,0,0.0,0,0,0.0,0,0,0.0,0,9,0.0,11,25,0.3056,1,1,0.5,9,26,0.2571,18,24,0.4286,35,29,0.5469,34,33,0.5075
2026-04-03 21:40:20,test_1014.jpg,133,21,154,0.1364,8,31,32,0,0,0.0,0,0,0.0,0,0,0.0,0,0,0.0,0,0,0.0,0,0,0.0,0,0,0.0,0,0,0.0,0,0,0.0,0,0,0.0,3,14,0.1765,0,0,0.0,0,0,0.0,0,0,0.0,0,0,0.0,0,0,0.0,0,0,0.0,0,0,0.0,0,0,0.0,0,0,0.0,0,0,0.0,2,19,0.0952,0,0,0.0,0,0,0.0,0,0,0.0,4,19,0.1739,4,19,0.1739,0,18,0.0,5,15,0.25,2,16,0.1111,1,13,0.0714,0,0,0.0
2026-04-03 21:40:20,test_1015.jpg,125,30,155,0.1935,6,31,32,0,0,0.0,0,0,0.0,0,0,0.0,0,0,0.0,0,0,0.0,0,0,0.0,0,0,0.0,0,0,0.0,0,0,0.0,0,0,0.0,5,16,0.2381,0,0,0.0,0,0,0.0,0,0,0.0,0,0,0.0,0,0,0.0,0,0,0.0,0,0,0.0,0,0,0.0,0,0,0.0,0,0,0.0,16,35,0.3137,0,0,0.0,0,0,0.0,0,0,0.0,2,21,0.087,1,16,0.0588,2,23,0.08,4,14,0.2222,0,0,0.0,0,0,0.0,0,0,0.0
2026-04-03 21:40:20,test_1016.jpg,134,27,161,0.1677,5,31,32,0,0,0.0,0,0,0.0,0,0,0.0,0,0,0.0,0,0,0.0,0,0,0.0,0,0,0.0,0,0,0.0,0,0,0.0,0,0,0.0,2,26,0.0714,0,0,0.0,0,0,0.0,0,0,0.0,0,0,0.0,0,0,0.0,0,0,0.0,0,0,0.0,0,0,0.0,0,0,0.0,0,0,0.0,1,24,0.04,0,0,0.0,0,0,0.0,0,0,0.0,3,47,0.06,15,22,0.4054,6,15,0.2857,0,0,0.0,0,0,0.0,0,0,0.0,0,0,0.0
2026-04-03 21:40:20,test_1017.jpg,146,31,177,0.1751,8,31,32,0,0,0.0,0,0,0.0,0,0,0.0,0,0,0.0,0,0,0.0,0,0,0.0,0,0,0.0,0,0,0.0,0,0,0.0,0,0,0.0,1,7,0.125,0,0,0.0,0,0,0.0,0,0,0.0,0,0,0.0,0,0,0.0,0,0,0.0,0,0,0.0,0,0,0.0,0,0,0.0,0,0,0.0,1,12,0.0769,0,0,0.0,0,0,0.0,0,0,0.0,5,14,0.2632,3,22,0.12,5,24,0.1724,10,25,0.2857,2,24,0.0769,4,18,0.1818,0,0,0.0
2026-04-03 21:40:20,test_1018.jpg,125,11,136,0.0809,6,31,32,0,0,0.0,0,0,0.0,0,0,0.0,0,0,0.0,0,0,0.0,0,0,0.0,0,0,0.0,0,0,0.0,0,0,0.0,0,0,0.0,1,17,0.0556,0,0,0.0,0,0,0.0,0,0,0.0,0,0,0.0,0,0,0.0,0,0,0.0,0,0,0.0,0,0,0.0,0,0,0.0,0,0,0.0,6,34,0.15,0,0,0.0,0,0,0.0,0,0,0.0,2,28,0.0667,2,15,0.1176,0,20,0.0,0,11,0.0,0,0,0.0,0,0,0.0,0,0,0.0
2026-04-03 21:40:20,test_1019.jpg,144,40,184,0.2174,6,31,32,0,0,0.0,0,0,0.0,0,0,0.0,0,0,0.0,0,0,0.0,0,0,0.0,0,0,0.0,0,0,0.0,0,0,0.0,0,0,0.0,0,19,0.0,0,0,0.0,0,0,0.0,0,0,0.0,0,0,0.0,0,0,0.0,0,0,0.0,0,0,0.0,0,0,0.0,0,0,0.0,0,0,0.0,1,19,0.05,0,0,0.0,0,0,0.0,0,0,0.0,4,27,0.129,9,30,0.2308,14,29,0.3256,12,20,0.375,0,0,0.0,0,0,0.0,0,0,0.0
2026-04-03 21:40:20,test_102.jpg,123,17,140,0.1214,7,31,32,0,0,0.0,0,0,0.0,0,0,0.0,0,0,0.0,0,0,0.0,0,0,0.0,0,0,0.0,0,0,0.0,0,0,0.0,0,0,0.0,1,17,0.0556,0,0,0.0,0,0,0.0,0,0,0.0,0,0,0.0,0,0,0.0,0,0,0.0,0,0,0.0,0,0,0.0,0,0,0.0,0,0,0.0,3,12,0.2,0,0,0.0,0,0,0.0,0,0,0.0,2,20,0.0909,1,13,0.0714,4,21,0.16,3,19,0.1364,3,21,0.125,0,0,0.0,0,0,0.0
2026-04-03 21:40:20,test_1020.jpg,61,28,89,0.3146,4,31,32,0,0,0.0,0,0,0.0,0,0,0.0,0,0,0.0,0,0,0.0,0,0,0.0,0,0,0.0,0,0,0.0,0,0,0.0,0,0,0.0,1,15,0.0625,0,0,0.0,0,0,0.0,0,0,0.0,0,0,0.0,0,0,0.0,0,0,0.0,0,0,0.0,0,0,0.0,0,0,0.0,0,0,0.0,9,16,0.36,0,0,0.0,0,0,0.0,0,0,0.0,5,13,0.2778,13,17,0.4333,0,0,0.0,0,0,0.0,0,0,0.0,0,0,0.0,0,0,0.0
2026-04-03 21:40:20,test_1021.jpg,157,50,207,0.2415,7,31,32,0,0,0.0,0,0,0.0,0,0,0.0,0,0,0.0,0,0,0.0,0,0,0.0,0,0,0.0,0,0,0.0,0,0,0.0,0,0,0.0,3,16,0.1579,0,0,0.0,0,0,0.0,0,0,0.0,0,0,0.0,0,0,0.0,0,0,0.0,0,0,0.0,0,0,0.0,0,0,0.0,0,0,0.0,14,32,0.3043,0,0,0.0,0,0,0.0,0,0,0.0,5,18,0.2174,15,26,0.3659,2,26,0.0714,11,39,0.22,0,0,0.0,0,0,0.0,0,0,0.0
2026-04-03 21:40:20,test_1022.jpg,126,34,160,0.2125,7,31,32,0,0,0.0,0,0,0.0,0,0,0.0,0,0,0.0,0,0,0.0,0,0,0.0,0,0,0.0,0,0,0.0,0,0,0.0,0,0,0.0,2,13,0.1333,0,0,0.0,0,0,0.0,0,0,0.0,0,0,0.0,0,0,0.0,0,0,0.0,0,0,0.0,0,0,0.0,0,0,0.0,0,0,0.0,5,13,0.2778,0,0,0.0,0,0,0.0,0,0,0.0,7,14,0.3333,4,14,0.2222,10,24,0.2941,3,23,0.1154,3,25,0.1071,0,0,0.0,0,0,0.0
2026-04-03 21:40:20,test_1023.jpg,181,15,196,0.0765,7,31,32,0,0,0.0,0,0,0.0,0,0,0.0,0,0,0.0,0,0,0.0,0,0,0.0,0,0,0.0,0,0,0.0,0,0,0.0,0,0,0.0,2,27,0.069,0,0,0.0,0,0,0.0,0,0,0.0,0,0,0.0,0,0,0.0,0,0,0.0,0,0,0.0,0,0,0.0,0,0,0.0,0,0,0.0,2,27,0.069,0,0,0.0,0,0,0.0,0,0,0.0,3,27,0.1,2,25,0.0741,1,27,0.0357,1,28,0.0345,4,20,0.1667,0,0,0.0,0,0,0.0
2026-04-03 21:40:20,test_1024.jpg,203,115,318,0.3616,5,31,32,0,0,0.0,0,0,0.0,0,0,0.0,0,0,0.0,0,0,0.0,0,0,0.0,0,0,0.0,0,0,0.0,0,0,0.0,0,0,0.0,0,19,0.0,0,0,0.0,0,0,0.0,0,0,0.0,0,0,0.0,0,0,0.0,0,0,0.0,0,0,0.0,0,0,0.0,0,0,0.0,0,0,0.0,1,25,0.0385,0,0,0.0,0,0,0.0,0,0,0.0,4,54,0.069,75,73,0.5068,35,32,0.5224,0,0,0.0,0,0,0.0,0,0,0.0,0,0,0.0
2026-04-03 21:40:20,test_1025.jpg,116,17,133,0.1278,9,31,32,0,0,0.0,0,0,0.0,0,0,0.0,0,0,0.0,0,0,0.0,0,0,0.0,0,0,0.0,0,0,0.0,0,0,0.0,0,0,0.0,0,2,0.0,0,0,0.0,0,0,0.0,0,0,0.0,0,0,0.0,0,0,0.0,0,0,0.0,0,0,0.0,0,0,0.0,0,0,0.0,0,0,0.0,2,23,0.08,0,0,0.0,0,0,0.0,0,0,0.0,3,9,0.25,1,11,0.0833,2,15,0.1176,1,11,0.0833,1,16,0.0588,5,16,0.2381,2,13,0.1333
2026-04-03 21:40:20,test_1026.jpg,190,120,310,0.3871,5,31,32,0,0,0.0,0,0,0.0,0,0,0.0,0,0,0.0,0,0,0.0,0,0,0.0,0,0,0.0,0,0,0.0,0,0,0.0,0,0,0.0,0,21,0.0,0,0,0.0,0,0,0.0,0,0,0.0,0,0,0.0,0,0,0.0,0,0,0.0,0,0,0.0,0,0,0.0,0,0,0.0,0,0,0.0,1,22,0.0435,0,0,0.0,0,0,0.0,0,0,0.0,33,75,0.3056,70,45,0.6087,16,27,0.3721,0,0,0.0,0,0,0.0,0,0,0.0,0,0,0.0
2026-04-03 21:40:20,test_1027.jpg,140,12,152,0.0789,7,31,32,0,0,0.0,0,0,0.0,0,0,0.0,0,0,0.0,0,0,0.0,0,0,0.0,0,0,0.0,0,0,0.0,0,0,0.0,0,0,0.0,1,24,0.04,0,0,0.0,0,0,0.0,0,0,0.0,0,0,0.0,0,0,0.0,0,0,0.0,0,0,0.0,0,0,0.0,0,0,0.0,0,0,0.0,8,27,0.2286,0,0,0.0,0,0,0.0,0,0,0.0,0,18,0.0,0,21,0.0,2,13,0.1333,0,19,0.0,1,18,0.0526,0,0,0.0,0,0,0.0
2026-04-03 21:40:20,test_1028.jpg,131,76,207,0.3671,5,31,32,0,0,0.0,0,0,0.0,0,0,0.0,0,0,0.0,0,0,0.0,0,0,0.0,0,0,0.0,0,0,0.0,0,0,0.0,0,0,0.0,16,21,0.4324,0,0,0.0,0,0,0.0,0,0,0.0,0,0,0.0,0,0,0.0,0,0,0.0,0,0,0.0,0,0,0.0,0,0,0.0,0,0,0.0,19,24,0.4419,0,0,0.0,0,0,0.0,0,0,0.0,15,23,0.3947,9,27,0.25,17,36,0.3208,0,0,0.0,0,0,0.0,0,0,0.0,0,0,0.0
2026-04-03 21:40:20,test_1029.jpg,170,79,249,0.3173,5,31,32,0,0,0.0,0,0,0.0,0,0,0.0,0,0,0.0,0,0,0.0,0,0,0.0,0,0,0.0,0,0,0.0,0,0,0.0,0,0,0.0,0,26,0.0,0,0,0.0,0,0,0.0,0,0,0.0,0,0,0.0,0,0,0.0,0,0,0.0,0,0,0.0,0,0,0.0,0,0,0.0,0,0,0.0,7,34,0.1707,0,0,0.0,0,0,0.0,0,0,0.0,7,22,0.2414,19,37,0.3393,46,51,0.4742,0,0,0.0,0,0,0.0,0,0,0.0,0,0,0.0
2026-04-03 21:40:20,test_103.jpg,130,20,150,0.1333,7,31,32,0,0,0.0,0,0,0.0,0,0,0.0,0,0,0.0,0,0,0.0,0,0,0.0,0,0,0.0,0,0,0.0,0,0,0.0,0,0,0.0,2,16,0.1111,0,0,0.0,0,0,0.0,0,0,0.0,0,0,0.0,0,0,0.0,0,0,0.0,0,0,0.0,0,0,0.0,0,0,0.0,0,0,0.0,4,17,0.1905,0,0,0.0,0,0,0.0,0,0,0.0,4,16,0.2,2,16,0.1111,2,15,0.1176,5,28,0.1515,1,22,0.0435,0,0,0.0,0,0,0.0
2026-04-03 21:40:20,test_1030.jpg,133,42,175,0.24,9,31,32,0,0,0.0,0,0,0.0,0,0,0.0,0,0,0.0,0,0,0.0,0,0,0.0,0,0,0.0,0,0,0.0,0,0,0.0,0,0,0.0,3,6,0.3333,0,0,0.0,0,0,0.0,0,0,0.0,0,0,0.0,0,0,0.0,0,0,0.0,0,0,0.0,0,0,0.0,0,0,0.0,0,0,0.0,4,20,0.1667,0,0,0.0,0,0,0.0,0,0,0.0,1,9,0.1,2,17,0.1053,4,9,0.3077,0,13,0.0,8,20,0.2857,8,23,0.2581,12,16,0.4286
2026-04-03 21:40:20,test_1031.jpg,157,10,167,0.0599,6,31,32,0,0,0.0,0,0,0.0,0,0,0.0,0,0,0.0,0,0,0.0,0,0,0.0,0,0,0.0,0,0,0.0,0,0,0.0,0,0,0.0,0,17,0.0,0,0,0.0,0,0,0.0,0,0,0.0,0,0,0.0,0,0,0.0,0,0,0.0,0,0,0.0,0,0,0.0,0,0,0.0,0,0,0.0,1,33,0.0294,0,0,0.0,0,0,0.0,0,0,0.0,1,11,0.0833,2,16,0.1111,5,39,0.1136,1,41,0.0238,0,0,0.0,0,0,0.0,0,0,0.0
2026-04-03 21:40:20,test_1032.jpg,203,72,275,0.2618,8,31,32,0,0,0.0,0,0,0.0,0,0,0.0,0,0,0.0,0,0,0.0,0,0,0.0,0,0,0.0,0,0,0.0,0,0,0.0,0,0,0.0,3,17,0.15,0,0,0.0,0,0,0.0,0,0,0.0,0,0,0.0,0,0,0.0,0,0,0.0,0,0,0.0,0,0,0.0,0,0,0.0,0,0,0.0,3,19,0.1364,0,0,0.0,0,0,0.0,0,0,0.0,7,20,0.2593,8,12,0.4,14,27,0.3415,27,31,0.4655,6,34,0.15,4,43,0.0851,0,0,0.0
2026-04-03 21:40:20,test_1033.jpg,122,33,155,0.2129,6,31,32,0,0,0.0,0,0,0.0,0,0,0.0,0,0,0.0,0,0,0.0,0,0,0.0,0,0,0.0,0,0,0.0,0,0,0.0,0,0,0.0,4,15,0.2105,0,0,0.0,0,0,0.0,0,0,0.0,0,0,0.0,0,0,0.0,0,0,0.0,0,0,0.0,0,0,0.0,0,0,0.0,0,0,0.0,7,15,0.3182,0,0,0.0,0,0,0.0,0,0,0.0,3,23,0.1154,4,28,0.125,5,31,0.1389,10,10,0.5,0,0,0.0,0,0,0.0,0,0,0.0
2026-04-03 21:40:20,test_1034.jpg,109,29,138,0.2101,6,31,32,0,0,0.0,0,0,0.0,0,0,0.0,0,0,0.0,0,0,0.0,0,0,0.0,0,0,0.0,0,0,0.0,0,0,0.0,0,0,0.0,1,13,0.0714,0,0,0.0,0,0,0.0,0,0,0.0,0,0,0.0,0,0,0.0,0,0,0.0,0,0,0.0,0,0,0.0,0,0,0.0,0,0,0.0,6,25,0.1935,0,0,0.0,0,0,0.0,0,0,0.0,1,18,0.0526,8,23,0.2581,8,22,0.2667,5,8,0.3846,0,0,0.0,0,0,0.0,0,0,0.0
2026-04-03 21:40:20,test_1035.jpg,166,14,180,0.0778,6,31,32,0,0,0.0,0,0,0.0,0,0,0.0,0,0,0.0,0,0,0.0,0,0,0.0,0,0,0.0,0,0,0.0,0,0,0.0,0,0,0.0,2,42,0.0455,0,0,0.0,0,0,0.0,0,0,0.0,0,0,0.0,0,0,0.0,0,0,0.0,0,0,0.0,0,0,0.0,0,0,0.0,0,0,0.0,0,31,0.0,0,0,0.0,0,0,0.0,0,0,0.0,3,22,0.12,1,25,0.0385,7,21,0.25,1,25,0.0385,0,0,0.0,0,0,0.0,0,0,0.0
2026-04-03 21:40:20,test_1036.jpg,141,9,150,0.06,6,31,32,0,0,0.0,0,0,0.0,0,0,0.0,0,0,0.0,0,0,0.0,0,0,0.0,0,0,0.0,0,0,0.0,0,0,0.0,0,0,0.0,2,21,0.087,0,0,0.0,0,0,0.0,0,0,0.0,0,0,0.0,0,0,0.0,0,0,0.0,0,0,0.0,0,0,0.0,0,0,0.0,0,0,0.0,2,25,0.0741,0,0,0.0,0,0,0.0,0,0,0.0,4,27,0.129,0,28,0.0,0,23,0.0,1,17,0.0556,0,0,0.0,0,0,0.0,0,0,0.0
2026-04-03 21:40:20,test_1037.jpg,152,5,157,0.0318,8,31,32,0,0,0.0,0,0,0.0,0,0,0.0,0,0,0.0,0,0,0.0,0,0,0.0,0,0,0.0,0,0,0.0,0,0,0.0,0,0,0.0,0,20,0.0,0,0,0.0,0,0,0.0,0,0,0.0,0,0,0.0,0,0,0.0,0,0,0.0,0,0,0.0,0,0,0.0,0,0,0.0,0,0,0.0,1,21,0.0455,0,0,0.0,0,0,0.0,0,0,0.0,0,20,0.0,0,18,0.0,1,20,0.0476,0,21,0.0,1,19,0.05,2,13,0.1333,0,0,0.0
2026-04-03 21:40:20,test_1038.jpg,179,57,236,0.2415,6,31,32,0,0,0.0,0,0,0.0,0,0,0.0,0,0,0.0,0,0,0.0,0,0,0.0,0,0,0.0,0,0,0.0,0,0,0.0,0,0,0.0,0,23,0.0,0,0,0.0,0,0,0.0,0,0,0.0,0,0,0.0,0,0,0.0,0,0,0.0,0,0,0.0,0,0,0.0,0,0,0.0,0,0,0.0,5,22,0.1852,0,0,0.0,0,0,0.0,0,0,0.0,7,27,0.2059,13,27,0.325,22,42,0.3438,10,38,0.2083,0,0,0.0,0,0,0.0,0,0,0.0
2026-04-03 21:40:20,test_1039.jpg,139,46,185,0.2486,7,31,32,0,0,0.0,0,0,0.0,0,0,0.0,0,0,0.0,0,0,0.0,0,0,0.0,0,0,0.0,0,0,0.0,0,0,0.0,0,0,0.0,0,5,0.0,0,0,0.0,0,0,0.0,0,0,0.0,0,0,0.0,0,0,0.0,0,0,0.0,0,0,0.0,0,0,0.0,0,0,0.0,0,0,0.0,4,14,0.2222,0,0,0.0,0,0,0.0,0,0,0.0,10,26,0.2778,24,27,0.4706,3,28,0.0968,4,22,0.1538,1,17,0.0556,0,0,0.0,0,0,0.0
2026-04-03 21:40:20,test_104.jpg,111,51,162,0.3148,6,31,32,0,0,0.0,0,0,0.0,0,0,0.0,0,0,0.0,0,0,0.0,0,0,0.0,0,0,0.0,0,0,0.0,0,0,0.0,0,0,0.0,1,11,0.0833,0,0,0.0,0,0,0.0,0,0,0.0,0,0,0.0,0,0,0.0,0,0,0.0,0,0,0.0,0,0,0.0,0,0,0.0,0,0,0.0,0,17,0.0,0,0,0.0,0,0,0.0,0,0,0.0,2,17,0.1053,4,20,0.1667,11,13,0.4583,33,33,0.5,0,0,0.0,0,0,0.0,0,0,0.0
2026-04-03 21:40:20,test_1040.jpg,138,33,171,0.193,6,31,32,0,0,0.0,0,0,0.0,0,0,0.0,0,0,0.0,0,0,0.0,0,0,0.0,0,0,0.0,0,0,0.0,0,0,0.0,0,0,0.0,0,24,0.0,0,0,0.0,0,0,0.0,0,0,0.0,0,0,0.0,0,0,0.0,0,0,0.0,0,0,0.0,0,0,0.0,0,0,0.0,0,0,0.0,1,22,0.0435,0,0,0.0,0,0,0.0,0,0,0.0,3,21,0.125,3,22,0.12,4,26,0.1333,22,23,0.4889,0,0,0.0,0,0,0.0,0,0,0.0
2026-04-03 21:40:20,test_1041.jpg,133,20,153,0.1307,7,31,32,0,0,0.0,0,0,0.0,0,0,0.0,0,0,0.0,0,0,0.0,0,0,0.0,0,0,0.0,0,0,0.0,0,0,0.0,0,0,0.0,0,10,0.0,0,0,0.0,0,0,0.0,0,0,0.0,0,0,0.0,0,0,0.0,0,0,0.0,0,0,0.0,0,0,0.0,0,0,0.0,0,0,0.0,1,17,0.0556,0,0,0.0,0,0,0.0,0,0,0.0,2,24,0.0769,0,14,0.0,0,17,0.0,2,26,0.0714,15,25,0.375,0,0,0.0,0,0,0.0
2026-04-03 21:40:20,test_1042.jpg,135,20,155,0.129,7,31,32,0,0,0.0,0,0,0.0,0,0,0.0,0,0,0.0,0,0,0.0,0,0,0.0,0,0,0.0,0,0,0.0,0,0,0.0,0,0,0.0,0,0,0.0,0,0,0.0,0,0,0.0,0,0,0.0,0,0,0.0,0,0,0.0,0,0,0.0,0,0,0.0,0,0,0.0,0,0,0.0,0,0,0.0,3,30,0.0909,0,0,0.0,0,0,0.0,0,0,0.0,2,20,0.0909,3,22,0.12,3,21,0.125,8,38,0.1739,1,4,0.2,0,0,0.0,0,0,0.0
2026-04-03 21:40:20,test_1043.jpg,155,15,170,0.0882,12,31,32,2,23,0.08,0,14,0.0,3,17,0.15,0,0,0.0,0,0,0.0,0,0,0.0,0,0,0.0,0,0,0.0,0,0,0.0,0,0,0.0,0,6,0.0,0,0,0.0,0,0,0.0,0,0,0.0,0,0,0.0,0,0,0.0,0,0,0.0,0,0,0.0,0,0,0.0,0,0,0.0,0,0,0.0,0,13,0.0,0,0,0.0,0,0,0.0,0,0,0.0,2,4,0.3333,0,6,0.0,2,20,0.0909,1,18,0.0526,0,7,0.0,3,7,0.3,2,20,0.0909
2026-04-03 21:40:20,test_1044.jpg,116,25,141,0.1773,8,31,32,0,0,0.0,0,0,0.0,0,0,0.0,0,0,0.0,0,0,0.0,0,0,0.0,0,0,0.0,0,0,0.0,0,0,0.0,0,0,0.0,4,15,0.2105,0,0,0.0,0,0,0.0,0,0,0.0,0,0,0.0,0,0,0.0,0,0,0.0,0,0,0.0,0,0,0.0,0,0,0.0,0,0,0.0,2,6,0.25,0,0,0.0,0,0,0.0,0,0,0.0,0,7,0.0,2,18,0.1,1,16,0.0588,5,20,0.2,9,22,0.2903,2,12,0.1429,0,0,0.0
2026-04-03 21:40:20,test_1045.jpg,299,122,421,0.2898,13,31,32,14,25,0.359,13,21,0.3824,11,24,0.3143,0,2,0.0,0,0,0.0,0,0,0.0,0,0,0.0,0,0,0.0,0,0,0.0,0,0,0.0,0,19,0.0,0,0,0.0,0,0,0.0,0,0,0.0,0,0,0.0,0,0,0.0,0,0,0.0,0,0,0.0,0,0,0.0,0,0,0.0,0,0,0.0,3,19,0.1364,0,0,0.0,0,0,0.0,0,0,0.0,9,21,0.3,2,22,0.0833,10,24,0.2941,9,21,0.3,12,32,0.2727,21,37,0.3621,18,32,0.36
2026-04-03 21:40:20,test_1046.jpg,105,20,125,0.16,7,31,32,0,0,0.0,0,0,0.0,0,0,0.0,0,0,0.0,0,0,0.0,0,0,0.0,0,0,0.0,0,0,0.0,0,0,0.0,0,0,0.0,2,16,0.1111,0,0,0.0,0,0,0.0,0,0,0.0,0,0,0.0,0,0,0.0,0,0,0.0,0,0,0.0,0,0,0.0,0,0,0.0,0,0,0.0,4,15,0.2105,0,0,0.0,0,0,0.0,0,0,0.0,1,17,0.0556,3,19,0.1364,3,8,0.2727,4,14,0.2222,3,16,0.1579,0,0,0.0,0,0,0.0
2026-04-03 21:40:20,test_1047.jpg,133,42,175,0.24,8,31,32,0,0,0.0,0,0,0.0,0,0,0.0,0,0,0.0,0,0,0.0,0,0,0.0,0,0,0.0,0,0,0.0,0,0,0.0,0,0,0.0,5,16,0.2381,0,0,0.0,0,0,0.0,0,0,0.0,0,0,0.0,0,0,0.0,0,0,0.0,0,0,0.0,0,0,0.0,0,0,0.0,0,0,0.0,6,13,0.3158,0,0,0.0,0,0,0.0,0,0,0.0,6,18,0.25,3,15,0.1667,5,18,0.2174,5,19,0.2083,5,19,0.2083,7,15,0.3182,0,0,0.0
2026-04-03 21:40:20,test_1048.jpg,108,74,182,0.4066,7,31,32,0,0,0.0,0,0,0.0,0,0,0.0,0,0,0.0,0,0,0.0,0,0,0.0,0,0,0.0,0,0,0.0,0,0,0.0,0,0,0.0,2,13,0.1333,0,0,0.0,0,0,0.0,0,0,0.0,0,0,0.0,0,0,0.0,0,0,0.0,0,0,0.0,0,0,0.0,0,0,0.0,0,0,0.0,13,13,0.5,0,0,0.0,0,0,0.0,0,0,0.0,21,22,0.4884,19,19,0.5,6,13,0.3158,8,14,0.3636,5,14,0.2632,0,0,0.0,0,0,0.0
2026-04-03 21:40:20,test_1049.jpg,135,31,166,0.1867,8,31,32,0,0,0.0,0,0,0.0,0,0,0.0,0,0,0.0,0,0,0.0,0,0,0.0,0,0,0.0,0,0,0.0,0,0,0.0,0,0,0.0,0,13,0.0,0,0,0.0,0,0,0.0,0,0,0.0,0,0,0.0,0,0,0.0,0,0,0.0,0,0,0.0,0,0,0.0,0,0,0.0,0,0,0.0,2,9,0.1818,0,0,0.0,0,0,0.0,0,0,0.0,4,17,0.1905,7,16,0.3043,2,18,0.1,6,17,0.2609,5,24,0.1724,5,21,0.1923,0,0,0.0
2026-04-03 21:40:20,test_105.jpg,107,11,118,0.0932,6,31,32,0,0,0.0,0,0,0.0,0,0,0.0,0,0,0.0,0,0,0.0,0,0,0.0,0,0,0.0,0,0,0.0,0,0,0.0,0,0,0.0,1,19,0.05,0,0,0.0,0,0,0.0,0,0,0.0,0,0,0.0,0,0,0.0,0,0,0.0,0,0,0.0,0,0,0.0,0,0,0.0,0,0,0.0,1,16,0.0588,0,0,0.0,0,0,0.0,0,0,0.0,1,13,0.0714,5,16,0.2381,2,17,0.1053,1,26,0.037,0,0,0.0,0,0,0.0,0,0,0.0
2026-04-03 21:40:20,test_1050.jpg,176,38,214,0.1776,8,31,32,0,0,0.0,0,0,0.0,0,0,0.0,0,0,0.0,0,0,0.0,0,0,0.0,0,0,0.0,0,0,0.0,0,0,0.0,0,0,0.0,1,20,0.0476,0,0,0.0,0,0,0.0,0,0,0.0,0,0,0.0,0,0,0.0,0,0,0.0,0,0,0.0,0,0,0.0,0,0,0.0,0,0,0.0,5,24,0.1724,0,0,0.0,0,0,0.0,0,0,0.0,4,27,0.129,4,24,0.1429,3,23,0.1154,4,18,0.1818,12,26,0.3158,5,14,0.2632,0,0,0.0
2026-04-03 21:40:20,test_1051.jpg,134,10,144,0.0694,6,31,32,0,0,0.0,0,0,0.0,0,0,0.0,0,0,0.0,0,0,0.0,0,0,0.0,0,0,0.0,0,0,0.0,0,0,0.0,0,0,0.0,0,24,0.0,0,0,0.0,0,0,0.0,0,0,0.0,0,0,0.0,0,0,0.0,0,0,0.0,0,0,0.0,0,0,0.0,0,0,0.0,0,0,0.0,2,24,0.0769,0,0,0.0,0,0,0.0,0,0,0.0,2,21,0.087,2,35,0.0541,3,16,0.1579,1,14,0.0667,0,0,0.0,0,0,0.0,0,0,0.0
2026-04-03 21:40:20,test_1052.jpg,113,39,152,0.2566,7,31,32,0,0,0.0,0,0,0.0,0,0,0.0,0,0,0.0,0,0,0.0,0,0,0.0,0,0,0.0,0,0,0.0,0,0,0.0,0,0,0.0,4,12,0.25,0,0,0.0,0,0,0.0,0,0,0.0,0,0,0.0,0,0,0.0,0,0,0.0,0,0,0.0,0,0,0.0,0,0,0.0,0,0,0.0,0,7,0.0,0,0,0.0,0,0,0.0,0,0,0.0,6,12,0.3333,5,16,0.2381,1,17,0.0556,13,32,0.2889,10,17,0.3704,0,0,0.0,0,0,0.0
2026-04-03 21:40:20,test_1053.jpg,174,136,310,0.4387,8,31,32,0,0,0.0,0,0,0.0,0,0,0.0,0,0,0.0,0,0,0.0,0,0,0.0,0,0,0.0,0,0,0.0,0,0,0.0,0,0,0.0,6,18,0.25,0,0,0.0,0,0,0.0,0,0,0.0,0,0,0.0,0,0,0.0,0,0,0.0,0,0,0.0,0,0,0.0,0,0,0.0,0,0,0.0,16,20,0.4444,0,0,0.0,0,0,0.0,0,0,0.0,8,15,0.3478,18,23,0.439,29,26,0.5273,16,21,0.4324,29,29,0.5,14,22,0.3889,0,0,0.0
2026-04-03 21:40:20,test_1054.jpg,274,22,296,0.0743,4,31,32,0,0,0.0,0,0,0.0,0,0,0.0,0,0,0.0,0,0,0.0,0,0,0.0,0,0,0.0,0,0,0.0,0,0,0.0,0,0,0.0,1,39,0.025,0,0,0.0,0,0,0.0,0,0,0.0,0,0,0.0,0,0,0.0,0,0,0.0,0,0,0.0,0,0,0.0,0,0,0.0,0,0,0.0,9,71,0.1125,0,0,0.0,0,0,0.0,0,0,0.0,12,151,0.0736,0,13,0.0,0,0,0.0,0,0,0.0,0,0,0.0,0,0,0.0,0,0,0.0
2026-04-03 21:40:20,test_1055.jpg,117,18,135,0.1333,10,31,32,2,11,0.1538,0,0,0.0,0,0,0.0,0,0,0.0,0,0,0.0,0,0,0.0,0,0,0.0,0,0,0.0,0,0,0.0,0,0,0.0,2,11,0.1538,0,0,0.0,0,0,0.0,0,0,0.0,0,0,0.0,0,0,0.0,0,0,0.0,0,0,0.0,0,0,0.0,0,0,0.0,0,0,0.0,0,0,0.0,0,0,0.0,0,0,0.0,0,0,0.0,0,14,0.0,0,12,0.0,3,15,0.1667,3,11,0.2143,2,15,0.1176,2,15,0.1176,4,13,0.2353
2026-04-03 21:40:20,test_1056.jpg,149,67,216,0.3102,7,31,32,0,0,0.0,0,0,0.0,0,0,0.0,0,0,0.0,0,0,0.0,0,0,0.0,0,0,0.0,0,0,0.0,0,0,0.0,0,0,0.0,2,14,0.125,0,0,0.0,0,0,0.0,0,0,0.0,0,0,0.0,0,0,0.0,0,0,0.0,0,0,0.0,0,0,0.0,0,0,0.0,0,0,0.0,7,15,0.3182,0,0,0.0,0,0,0.0,0,0,0.0,1,21,0.0455,28,36,0.4375,29,50,0.3671,0,4,0.0,0,9,0.0,0,0,0.0,0,0,0.0
2026-04-03 21:40:20,test_1057.jpg,206,70,276,0.2536,5,31,32,0,0,0.0,0,0,0.0,0,0,0.0,0,0,0.0,0,0,0.0,0,0,0.0,0,0,0.0,0,0,0.0,0,0,0.0,0,0,0.0,2,23,0.08,0,0,0.0,0,0,0.0,0,0,0.0,0,0,0.0,0,0,0.0,0,0,0.0,0,0,0.0,0,0,0.0,0,0,0.0,0,0,0.0,2,28,0.0667,0,0,0.0,0,0,0.0,0,0,0.0,8,65,0.1096,38,67,0.3619,20,23,0.4651,0,0,0.0,0,0,0.0,0,0,0.0,0,0,0.0
2026-04-03 21:40:20,test_1058.jpg,118,69,187,0.369,5,31,32,0,0,0.0,0,0,0.0,0,0,0.0,0,0,0.0,0,0,0.0,0,0,0.0,0,0,0.0,0,0,0.0,0,0,0.0,0,0,0.0,1,10,0.0909,0,0,0.0,0,0,0.0,0,0,0.0,0,0,0.0,0,0,0.0,0,0,0.0,0,0,0.0,0,0,0.0,0,0,0.0,0,0,0.0,5,19,0.2083,0,0,0.0,0,0,0.0,0,0,0.0,25,42,0.3731,33,35,0.4853,5,12,0.2941,0,0,0.0,0,0,0.0,0,0,0.0,0,0,0.0
2026-04-03 21:40:20,test_1059.jpg,125,77,202,0.3812,9,31,32,0,0,0.0,0,0,0.0,0,0,0.0,0,0,0.0,0,0,0.0,0,0,0.0,0,0,0.0,0,0,0.0,0,0,0.0,0,0,0.0,0,0,0.0,0,0,0.0,0,0,0.0,0,0,0.0,0,0,0.0,0,0,0.0,0,0,0.0,0,0,0.0,0,0,0.0,0,0,0.0,0,0,0.0,9,20,0.3103,0,0,0.0,0,0,0.0,0,0,0.0,4,13,0.2353,6,11,0.3529,9,16,0.36,10,17,0.3704,21,23,0.4773,11,17,0.3929,7,8,0.4667
2026-04-03 21:40:20,test_106.jpg,122,39,161,0.2422,8,31,32,0,0,0.0,0,0,0.0,0,0,0.0,0,0,0.0,0,0,0.0,0,0,0.0,0,0,0.0,0,0,0.0,0,0,0.0,0,0,0.0,1,15,0.0625,0,0,0.0,0,0,0.0,0,0,0.0,0,0,0.0,0,0,0.0,0,0,0.0,0,0,0.0,0,0,0.0,0,0,0.0,0,0,0.0,2,18,0.1,0,0,0.0,0,0,0.0,0,0,0.0,1,16,0.0588,0,16,0.0,2,12,0.1429,8,14,0.3636,15,20,0.4286,10,11,0.4762,0,0,0.0
2026-04-03 21:40:20,test_1060.jpg,129,19,148,0.1284,7,31,32,0,0,0.0,0,0,0.0,0,0,0.0,0,0,0.0,0,0,0.0,0,0,0.0,0,0,0.0,0,0,0.0,0,0,0.0,0,0,0.0,2,17,0.1053,0,0,0.0,0,0,0.0,0,0,0.0,0,0,0.0,0,0,0.0,0,0,0.0,0,0,0.0,0,0,0.0,0,0,0.0,0,0,0.0,6,20,0.2308,0,0,0.0,0,0,0.0,0,0,0.0,0,20,0.0,7,20,0.2593,4,16,0.2,0,17,0.0,0,19,0.0,0,0,0.0,0,0,0.0
2026-04-03 21:40:20,test_1061.jpg,123,35,158,0.2215,6,31,32,0,0,0.0,0,0,0.0,0,0,0.0,0,0,0.0,0,0,0.0,0,0,0.0,0,0,0.0,0,0,0.0,0,0,0.0,0,0,0.0,7,26,0.2121,0,0,0.0,0,0,0.0,0,0,0.0,0,0,0.0,0,0,0.0,0,0,0.0,0,0,0.0,0,0,0.0,0,0,0.0,0,0,0.0,4,19,0.1739,0,0,0.0,0,0,0.0,0,0,0.0,3,21,0.125,1,20,0.0476,9,21,0.3,11,16,0.4074,0,0,0.0,0,0,0.0,0,0,0.0
2026-04-03 21:40:20,test_1062.jpg,87,23,110,0.2091,5,31,32,0,0,0.0,0,0,0.0,0,0,0.0,0,0,0.0,0,0,0.0,0,0,0.0,0,0,0.0,0,0,0.0,0,0,0.0,0,0,0.0,0,21,0.0,0,0,0.0,0,0,0.0,0,0,0.0,0,0,0.0,0,0,0.0,0,0,0.0,0,0,0.0,0,0,0.0,0,0,0.0,0,0,0.0,16,14,0.5333,0,0,0.0,0,0,0.0,0,0,0.0,7,15,0.3182,0,18,0.0,0,19,0.0,0,0,0.0,0,0,0.0,0,0,0.0,0,0,0.0
2026-04-03 21:40:20,test_1063.jpg,127,25,152,0.1645,5,31,32,0,0,0.0,0,0,0.0,0,0,0.0,0,0,0.0,0,0,0.0,0,0,0.0,0,0,0.0,0,0,0.0,0,0,0.0,0,0,0.0,4,14,0.2222,0,0,0.0,0,0,0.0,0,0,0.0,0,0,0.0,0,0,0.0,0,0,0.0,0,0,0.0,0,0,0.0,0,0,0.0,0,0,0.0,0,18,0.0,0,0,0.0,0,0,0.0,0,0,0.0,5,28,0.1515,8,40,0.1667,8,27,0.2286,0,0,0.0,0,0,0.0,0,0,0.0,0,0,0.0
2026-04-03 21:40:20,test_1064.jpg,142,31,173,0.1792,7,31,32,0,0,0.0,0,0,0.0,0,0,0.0,0,0,0.0,0,0,0.0,0,0,0.0,0,0,0.0,0,0,0.0,0,0,0.0,0,0,0.0,1,12,0.0769,0,0,0.0,0,0,0.0,0,0,0.0,0,0,0.0,0,0,0.0,0,0,0.0,0,0,0.0,0,0,0.0,0,0,0.0,0,0,0.0,4,26,0.1333,0,0,0.0,0,0,0.0,0,0,0.0,6,19,0.24,4,19,0.1739,4,24,0.1429,8,30,0.2105,4,12,0.25,0,0,0.0,0,0,0.0
2026-04-03 21:40:20,test_1065.jpg,163,26,189,0.1376,8,31,32,0,0,0.0,0,0,0.0,0,0,0.0,0,0,0.0,0,0,0.0,0,0,0.0,0,0,0.0,0,0,0.0,0,0,0.0,0,0,0.0,2,18,0.1,0,0,0.0,0,0,0.0,0,0,0.0,0,0,0.0,0,0,0.0,0,0,0.0,0,0,0.0,0,0,0.0,0,0,0.0,0,0,0.0,1,25,0.0385,0,0,0.0,0,0,0.0,0,0,0.0,3,15,0.1667,8,22,0.2667,4,23,0.1481,3,24,0.1111,4,23,0.1481,1,13,0.0714,0,0,0.0
2026-04-03 21:40:20,test_1066.jpg,185,51,236,0.2161,9,31,32,0,0,0.0,0,0,0.0,0,0,0.0,0,0,0.0,0,0,0.0,0,0,0.0,0,0,0.0,0,0,0.0,0,0,0.0,0,0,0.0,9,30,0.2308,0,0,0.0,0,0,0.0,0,0,0.0,0,0,0.0,0,0,0.0,0,0,0.0,0,0,0.0,0,0,0.0,0,0,0.0,0,0,0.0,2,22,0.0833,0,0,0.0,0,0,0.0,0,0,0.0,7,15,0.3182,0,13,0.0,2,17,0.1053,0,14,0.0,5,22,0.1852,18,32,0.36,8,20,0.2857
2026-04-03 21:40:20,test_1067.jpg,135,121,256,0.4727,4,31,32,0,0,0.0,0,0,0.0,0,0,0.0,0,0,0.0,0,0,0.0,0,0,0.0,0,0,0.0,0,0,0.0,0,0,0.0,0,0,0.0,2,6,0.25,0,0,0.0,0,0,0.0,0,0,0.0,0,0,0.0,0,0,0.0,0,0,0.0,0,0,0.0,0,0,0.0,0,0,0.0,0,0,0.0,61,71,0.4621,0,0,0.0,0,0,0.0,0,0,0.0,56,48,0.5385,2,10,0.1667,0,0,0.0,0,0,0.0,0,0,0.0,0,0,0.0,0,0,0.0
2026-04-03 21:40:20,test_1068.jpg,173,10,183,0.0546,7,31,32,0,0,0.0,0,0,0.0,0,0,0.0,0,0,0.0,0,0,0.0,0,0,0.0,0,0,0.0,0,0,0.0,0,0,0.0,0,0,0.0,3,23,0.1154,0,0,0.0,0,0,0.0,0,0,0.0,0,0,0.0,0,0,0.0,0,0,0.0,0,0,0.0,0,0,0.0,0,0,0.0,0,0,0.0,2,18,0.1,0,0,0.0,0,0,0.0,0,0,0.0,2,22,0.0833,0,34,0.0,1,23,0.0417,2,29,0.0645,0,24,0.0,0,0,0.0,0,0,0.0
2026-04-03 21:40:20,test_1069.jpg,174,25,199,0.1256,5,31,32,0,0,0.0,0,0,0.0,0,0,0.0,0,0,0.0,0,0,0.0,0,0,0.0,0,0,0.0,0,0,0.0,0,0,0.0,0,0,0.0,1,30,0.0323,0,0,0.0,0,0,0.0,0,0,0.0,0,0,0.0,0,0,0.0,0,0,0.0,0,0,0.0,0,0,0.0,0,0,0.0,0,0,0.0,4,31,0.1143,0,0,0.0,0,0,0.0,0,0,0.0,0,33,0.0,15,52,0.2239,5,28,0.1515,0,0,0.0,0,0,0.0,0,0,0.0,0,0,0.0
2026-04-03 21:40:20,test_107.jpg,232,93,325,0.2862,6,31,32,0,0,0.0,0,0,0.0,0,0,0.0,0,0,0.0,0,0,0.0,0,0,0.0,0,0,0.0,0,0,0.0,0,0,0.0,0,0,0.0,12,36,0.25,0,0,0.0,0,0,0.0,0,0,0.0,0,0,0.0,0,0,0.0,0,0,0.0,0,0,0.0,0,0,0.0,0,0,0.0,0,0,0.0,20,42,0.3226,0,0,0.0,0,0,0.0,0,0,0.0,13,42,0.2364,13,31,0.2955,26,53,0.3291,9,28,0.2432,0,0,0.0,0,0,0.0,0,0,0.0
2026-04-03 21:40:20,test_1070.jpg,134,17,151,0.1126,6,31,32,0,0,0.0,0,0,0.0,0,0,0.0,0,0,0.0,0,0,0.0,0,0,0.0,0,0,0.0,0,0,0.0,0,0,0.0,0,0,0.0,0,18,0.0,0,0,0.0,0,0,0.0,0,0,0.0,0,0,0.0,0,0,0.0,0,0,0.0,0,0,0.0,0,0,0.0,0,0,0.0,0,0,0.0,1,23,0.0417,0,0,0.0,0,0,0.0,0,0,0.0,6,29,0.1714,0,28,0.0,8,19,0.2963,2,17,0.1053,0,0,0.0,0,0,0.0,0,0,0.0
2026-04-03 21:40:20,test_1071.jpg,157,73,230,0.3174,9,31,32,0,0,0.0,0,0,0.0,0,0,0.0,0,0,0.0,0,0,0.0,0,0,0.0,0,0,0.0,0,0,0.0,0,0,0.0,0,0,0.0,0,10,0.0,0,0,0.0,0,0,0.0,0,0,0.0,0,0,0.0,0,0,0.0,0,0,0.0,0,0,0.0,0,0,0.0,0,0,0.0,0,0,0.0,13,31,0.2955,0,0,0.0,0,0,0.0,0,0,0.0,6,15,0.2857,9,11,0.45,9,21,0.3,10,16,0.3846,16,15,0.5161,5,16,0.2381,5,22,0.1852
2026-04-03 21:40:20,test_1072.jpg,122,12,134,0.0896,6,31,32,0,0,0.0,0,0,0.0,0,0,0.0,0,0,0.0,0,0,0.0,0,0,0.0,0,0,0.0,0,0,0.0,0,0,0.0,0,0,0.0,0,22,0.0,0,0,0.0,0,0,0.0,0,0,0.0,0,0,0.0,0,0,0.0,0,0,0.0,0,0,0.0,0,0,0.0,0,0,0.0,0,0,0.0,1,24,0.04,0,0,0.0,0,0,0.0,0,0,0.0,0,26,0.0,1,16,0.0588,3,16,0.1579,7,18,0.28,0,0,0.0,0,0,0.0,0,0,0.0
2026-04-03 21:40:20,test_1073.jpg,144,20,164,0.122,7,31,32,0,0,0.0,0,0,0.0,0,0,0.0,0,0,0.0,0,0,0.0,0,0,0.0,0,0,0.0,0,0,0.0,0,0,0.0,0,0,0.0,1,17,0.0556,0,0,0.0,0,0,0.0,0,0,0.0,0,0,0.0,0,0,0.0,0,0,0.0,0,0,0.0,0,0,0.0,0,0,0.0,0,0,0.0,4,22,0.1538,0,0,0.0,0,0,0.0,0,0,0.0,0,24,0.0,3,28,0.0968,6,21,0.2222,4,15,0.2105,2,17,0.1053,0,0,0.0,0,0,0.0
2026-04-03 21:40:20,test_1074.jpg,69,34,103,0.3301,4,31,32,0,0,0.0,0,0,0.0,0,0,0.0,0,0,0.0,0,0,0.0,0,0,0.0,0,0,0.0,0,0,0.0,0,0,0.0,0,0,0.0,1,3,0.25,0,0,0.0,0,0,0.0,0,0,0.0,0,0,0.0,0,0,0.0,0,0,0.0,0,0,0.0,0,0,0.0,0,0,0.0,0,0,0.0,1,16,0.0588,0,0,0.0,0,0,0.0,0,0,0.0,13,28,0.3171,19,22,0.4634,0,0,0.0,0,0,0.0,0,0,0.0,0,0,0.0,0,0,0.0
2026-04-03 21:40:20,test_1075.jpg,144,7,151,0.0464,6,31,32,0,0,0.0,0,0,0.0,0,0,0.0,0,0,0.0,0,0,0.0,0,0,0.0,0,0,0.0,0,0,0.0,0,0,0.0,0,0,0.0,0,0,0.0,0,0,0.0,0,0,0.0,0,0,0.0,0,0,0.0,0,0,0.0,0,0,0.0,0,0,0.0,0,0,0.0,0,0,0.0,0,0,0.0,5,44,0.102,0,0,0.0,0,0,0.0,0,0,0.0,2,23,0.08,0,24,0.0,0,27,0.0,0,26,0.0,0,0,0.0,0,0,0.0,0,0,0.0
2026-04-03 21:40:20,test_1076.jpg,161,32,193,0.1658,7,31,32,0,0,0.0,0,0,0.0,0,0,0.0,0,0,0.0,0,0,0.0,0,0,0.0,0,0,0.0,0,0,0.0,0,0,0.0,0,0,0.0,7,10,0.4118,0,0,0.0,0,0,0.0,0,0,0.0,0,0,0.0,0,0,0.0,0,0,0.0,0,0,0.0,0,0,0.0,0,0,0.0,0,0,0.0,9,45,0.1667,0,0,0.0,0,0,0.0,0,0,0.0,3,23,0.1154,8,23,0.2581,3,17,0.15,2,24,0.0769,0,19,0.0,0,0,0.0,0,0,0.0
2026-04-03 21:40:20,test_1077.jpg,146,20,166,0.1205,6,31,32,0,0,0.0,0,0,0.0,0,0,0.0,0,0,0.0,0,0,0.0,0,0,0.0,0,0,0.0,0,0,0.0,0,0,0.0,0,0,0.0,2,24,0.0769,0,0,0.0,0,0,0.0,0,0,0.0,0,0,0.0,0,0,0.0,0,0,0.0,0,0,0.0,0,0,0.0,0,0,0.0,0,0,0.0,1,28,0.0345,0,0,0.0,0,0,0.0,0,0,0.0,5,27,0.1562,1,23,0.0417,6,24,0.2,5,20,0.2,0,0,0.0,0,0,0.0,0,0,0.0
2026-04-03 21:40:20,test_1078.jpg,115,5,120,0.0417,6,31,32,0,0,0.0,0,0,0.0,0,0,0.0,0,0,0.0,0,0,0.0,0,0,0.0,0,0,0.0,0,0,0.0,0,0,0.0,0,0,0.0,1,17,0.0556,0,0,0.0,0,0,0.0,0,0,0.0,0,0,0.0,0,0,0.0,0,0,0.0,0,0,0.0,0,0,0.0,0,0,0.0,0,0,0.0,0,17,0.0,0,0,0.0,0,0,0.0,0,0,0.0,1,18,0.0526,0,20,0.0,1,21,0.0455,2,22,0.0833,0,0,0.0,0,0,0.0,0,0,0.0
2026-04-03 21:40:20,test_1079.jpg,148,24,172,0.1395,5,31,32,0,0,0.0,0,0,0.0,0,0,0.0,0,0,0.0,0,0,0.0,0,0,0.0,0,0,0.0,0,0,0.0,0,0,0.0,0,0,0.0,3,19,0.1364,0,0,0.0,0,0,0.0,0,0,0.0,0,0,0.0,0,0,0.0,0,0,0.0,0,0,0.0,0,0,0.0,0,0,0.0,0,0,0.0,5,29,0.1471,0,0,0.0,0,0,0.0,0,0,0.0,6,51,0.1053,5,32,0.1351,5,17,0.2273,0,0,0.0,0,0,0.0,0,0,0.0,0,0,0.0
2026-04-03 21:40:20,test_108.jpg,287,30,317,0.0946,7,31,32,0,0,0.0,0,0,0.0,0,0,0.0,0,0,0.0,0,0,0.0,0,0,0.0,0,0,0.0,0,0,0.0,0,0,0.0,0,0,0.0,8,38,0.1739,0,0,0.0,0,0,0.0,0,0,0.0,0,0,0.0,0,0,0.0,0,0,0.0,0,0,0.0,0,0,0.0,0,0,0.0,0,0,0.0,2,25,0.0741,0,0,0.0,0,0,0.0,0,0,0.0,0,23,0.0,4,35,0.1026,4,36,0.1,5,55,0.0833,7,75,0.0854,0,0,0.0,0,0,0.0
2026-04-03 21:40:20,test_1080.jpg,181,36,217,0.1659,6,31,32,0,0,0.0,0,0,0.0,0,0,0.0,0,0,0.0,0,0,0.0,0,0,0.0,0,0,0.0,0,0,0.0,0,0,0.0,0,0,0.0,0,26,0.0,0,0,0.0,0,0,0.0,0,0,0.0,0,0,0.0,0,0,0.0,0,0,0.0,0,0,0.0,0,0,0.0,0,0,0.0,0,0,0.0,0,25,0.0,0,0,0.0,0,0,0.0,0,0,0.0,1,30,0.0323,4,29,0.1212,12,40,0.2308,19,31,0.38,0,0,0.0,0,0,0.0,0,0,0.0
2026-04-03 21:40:20,test_1081.jpg,123,21,144,0.1458,8,31,32,0,0,0.0,0,0,0.0,0,0,0.0,0,0,0.0,0,0,0.0,0,0,0.0,0,0,0.0,0,0,0.0,0,0,0.0,0,0,0.0,5,12,0.2941,0,0,0.0,0,0,0.0,0,0,0.0,0,0,0.0,0,0,0.0,0,0,0.0,0,0,0.0,0,0,0.0,0,0,0.0,0,0,0.0,1,20,0.0476,0,0,0.0,0,0,0.0,0,0,0.0,0,11,0.0,2,11,0.1538,3,14,0.1765,5,23,0.1786,5,22,0.1852,0,10,0.0,0,0,0.0
2026-04-03 21:40:20,test_1082.jpg,124,37,161,0.2298,7,31,32,0,0,0.0,0,0,0.0,0,0,0.0,0,0,0.0,0,0,0.0,0,0,0.0,0,0,0.0,0,0,0.0,0,0,0.0,0,0,0.0,1,5,0.1667,0,0,0.0,0,0,0.0,0,0,0.0,0,0,0.0,0,0,0.0,0,0,0.0,0,0,0.0,0,0,0.0,0,0,0.0,0,0,0.0,1,20,0.0476,0,0,0.0,0,0,0.0,0,0,0.0,6,24,0.2,11,21,0.3438,11,23,0.3235,4,16,0.2,3,15,0.1667,0,0,0.0,0,0,0.0
2026-04-03 21:40:20,test_1083.jpg,102,64,166,0.3855,8,31,32,0,0,0.0,0,0,0.0,0,0,0.0,0,0,0.0,0,0,0.0,0,0,0.0,0,0,0.0,0,0,0.0,0,0,0.0,0,0,0.0,2,18,0.1,0,0,0.0,0,0,0.0,0,0,0.0,0,0,0.0,0,0,0.0,0,0,0.0,0,0,0.0,0,0,0.0,0,0,0.0,0,0,0.0,6,13,0.3158,0,0,0.0,0,0,0.0,0,0,0.0,2,11,0.1538,14,14,0.5,9,16,0.36,12,9,0.5714,16,15,0.5161,3,6,0.3333,0,0,0.0
2026-04-03 21:40:20,test_1084.jpg,124,20,144,0.1389,7,31,32,0,0,0.0,0,0,0.0,0,0,0.0,0,0,0.0,0,0,0.0,0,0,0.0,0,0,0.0,0,0,0.0,0,0,0.0,0,0,0.0,0,19,0.0,0,0,0.0,0,0,0.0,0,0,0.0,0,0,0.0,0,0,0.0,0,0,0.0,0,0,0.0,0,0,0.0,0,0,0.0,0,0,0.0,1,21,0.0455,0,0,0.0,0,0,0.0,0,0,0.0,4,11,0.2667,1,20,0.0476,2,16,0.1111,9,35,0.2045,3,2,0.6,0,0,0.0,0,0,0.0
2026-04-03 21:40:20,test_1085.jpg,138,30,168,0.1786,7,31,32,0,0,0.0,0,0,0.0,0,0,0.0,0,0,0.0,0,0,0.0,0,0,0.0,0,0,0.0,0,0,0.0,0,0,0.0,0,0,0.0,1,11,0.0833,0,0,0.0,0,0,0.0,0,0,0.0,0,0,0.0,0,0,0.0,0,0,0.0,0,0,0.0,0,0,0.0,0,0,0.0,0,0,0.0,3,22,0.12,0,0,0.0,0,0,0.0,0,0,0.0,2,25,0.0741,7,19,0.2692,9,15,0.375,7,25,0.2188,1,21,0.0455,0,0,0.0,0,0,0.0
2026-04-03 21:40:20,test_1086.jpg,158,45,203,0.2217,5,31,32,0,0,0.0,0,0,0.0,0,0,0.0,0,0,0.0,0,0,0.0,0,0,0.0,0,0,0.0,0,0,0.0,0,0,0.0,0,0,0.0,4,25,0.1379,0,0,0.0,0,0,0.0,0,0,0.0,0,0,0.0,0,0,0.0,0,0,0.0,0,0,0.0,0,0,0.0,0,0,0.0,0,0,0.0,12,50,0.1935,0,0,0.0,0,0,0.0,0,0,0.0,11,40,0.2157,10,26,0.2778,8,17,0.32,0,0,0.0,0,0,0.0,0,0,0.0,0,0,0.0
2026-04-03 21:40:20,test_1087.jpg,117,16,133,0.1203,6,31,32,0,0,0.0,0,0,0.0,0,0,0.0,0,0,0.0,0,0,0.0,0,0,0.0,0,0,0.0,0,0,0.0,0,0,0.0,0,0,0.0,1,8,0.1111,0,0,0.0,0,0,0.0,0,0,0.0,0,0,0.0,0,0,0.0,0,0,0.0,0,0,0.0,0,0,0.0,0,0,0.0,0,0,0.0,4,47,0.0784,0,0,0.0,0,0,0.0,0,0,0.0,6,21,0.2222,3,17,0.15,0,16,0.0,2,8,0.2,0,0,0.0,0,0,0.0,0,0,0.0
2026-04-03 21:40:20,test_1088.jpg,150,52,202,0.2574,6,31,32,0,0,0.0,0,0,0.0,0,0,0.0,0,0,0.0,0,0,0.0,0,0,0.0,0,0,0.0,0,0,0.0,0,0,0.0,0,0,0.0,5,13,0.2778,0,0,0.0,0,0,0.0,0,0,0.0,0,0,0.0,0,0,0.0,0,0,0.0,0,0,0.0,0,0,0.0,0,0,0.0,0,0,0.0,4,22,0.1538,0,0,0.0,0,0,0.0,0,0,0.0,6,26,0.1875,7,34,0.1707,21,28,0.4286,9,27,0.25,0,0,0.0,0,0,0.0,0,0,0.0
2026-04-03 21:40:20,test_1089.jpg,123,28,151,0.1854,6,31,32,0,0,0.0,0,0,0.0,0,0,0.0,0,0,0.0,0,0,0.0,0,0,0.0,0,0,0.0,0,0,0.0,0,0,0.0,0,0,0.0,0,1,0.0,0,0,0.0,0,0,0.0,0,0,0.0,0,0,0.0,0,0,0.0,0,0,0.0,0,0,0.0,0,0,0.0,0,0,0.0,0,0,0.0,7,39,0.1522,0,0,0.0,0,0,0.0,0,0,0.0,0,20,0.0,6,22,0.2143,4,22,0.1538,11,19,0.3667,0,0,0.0,0,0,0.0,0,0,0.0
2026-04-03 21:40:20,test_109.jpg,133,46,179,0.257,8,31,32,0,0,0.0,0,0,0.0,0,0,0.0,0,0,0.0,0,0,0.0,0,0,0.0,0,0,0.0,0,0,0.0,0,0,0.0,0,0,0.0,0,8,0.0,0,0,0.0,0,0,0.0,0,0,0.0,0,0,0.0,0,0,0.0,0,0,0.0,0,0,0.0,0,0,0.0,0,0,0.0,0,0,0.0,0,16,0.0,0,0,0.0,0,0,0.0,0,0,0.0,0,10,0.0,4,21,0.16,6,22,0.2143,11,28,0.2821,18,17,0.5143,7,11,0.3889,0,0,0.0
2026-04-03 21:40:20,test_1090.jpg,168,115,283,0.4064,3,31,32,0,0,0.0,0,0,0.0,0,0,0.0,0,0,0.0,0,0,0.0,0,0,0.0,0,0,0.0,0,0,0.0,0,0,0.0,0,0,0.0,6,70,0.0789,0,0,0.0,0,0,0.0,0,0,0.0,0,0,0.0,0,0,0.0,0,0,0.0,0,0,0.0,0,0,0.0,0,0,0.0,0,0,0.0,71,68,0.5108,0,0,0.0,0,0,0.0,0,0,0.0,38,30,0.5588,0,0,0.0,0,0,0.0,0,0,0.0,0,0,0.0,0,0,0.0,0,0,0.0
2026-04-03 21:40:20,test_1091.jpg,135,14,149,0.094,7,31,32,0,0,0.0,0,0,0.0,0,0,0.0,0,0,0.0,0,0,0.0,0,0,0.0,0,0,0.0,0,0,0.0,0,0,0.0,0,0,0.0,5,17,0.2273,0,0,0.0,0,0,0.0,0,0,0.0,0,0,0.0,0,0,0.0,0,0,0.0,0,0,0.0,0,0,0.0,0,0,0.0,0,0,0.0,0,21,0.0,0,0,0.0,0,0,0.0,0,0,0.0,0,19,0.0,2,18,0.1,1,19,0.05,2,21,0.087,4,20,0.1667,0,0,0.0,0,0,0.0
2026-04-03 21:40:20,test_1092.jpg,105,10,115,0.087,7,31,32,0,0,0.0,0,0,0.0,0,0,0.0,0,0,0.0,0,0,0.0,0,0,0.0,0,0,0.0,0,0,0.0,0,0,0.0,0,0,0.0,0,11,0.0,0,0,0.0,0,0,0.0,0,0,0.0,0,0,0.0,0,0,0.0,0,0,0.0,0,0,0.0,0,0,0.0,0,0,0.0,0,0,0.0,0,13,0.0,0,0,0.0,0,0,0.0,0,0,0.0,0,20,0.0,0,13,0.0,2,14,0.125,6,19,0.24,2,15,0.1176,0,0,0.0,0,0,0.0
2026-04-03 21:40:20,test_1093.jpg,272,66,338,0.1953,15,31,32,9,15,0.375,1,15,0.0625,1,21,0.0455,5,15,0.25,9,34,0.2093,7,20,0.2593,0,0,0.0,0,0,0.0,0,0,0.0,0,0,0.0,0,2,0.0,0,0,0.0,0,0,0.0,0,0,0.0,0,0,0.0,0,0,0.0,0,0,0.0,0,0,0.0,0,0,0.0,0,0,0.0,0,0,0.0,0,0,0.0,0,0,0.0,0,0,0.0,0,0,0.0,0,1,0.0,4,37,0.0976,13,39,0.25,4,14,0.2222,0,20,0.0,9,23,0.2812,4,16,0.2
2026-04-03 21:40:20,test_1094.jpg,176,87,263,0.3308,7,31,32,0,0,0.0,0,0,0.0,0,0,0.0,0,0,0.0,0,0,0.0,0,0,0.0,0,0,0.0,0,0,0.0,0,0,0.0,0,0,0.0,0,17,0.0,0,0,0.0,0,0,0.0,0,0,0.0,0,0,0.0,0,0,0.0,0,0,0.0,0,0,0.0,0,0,0.0,0,0,0.0,0,0,0.0,0,16,0.0,0,0,0.0,0,0,0.0,0,0,0.0,5,15,0.25,12,23,0.3429,9,30,0.2308,29,44,0.3973,32,31,0.5079,0,0,0.0,0,0,0.0
2026-04-03 21:40:20,test_1095.jpg,146,96,242,0.3967,5,31,32,0,0,0.0,0,0,0.0,0,0,0.0,0,0,0.0,0,0,0.0,0,0,0.0,0,0,0.0,0,0,0.0,0,0,0.0,0,0,0.0,0,15,0.0,0,0,0.0,0,0,0.0,0,0,0.0,0,0,0.0,0,0,0.0,0,0,0.0,0,0,0.0,0,0,0.0,0,0,0.0,0,0,0.0,0,17,0.0,0,0,0.0,0,0,0.0,0,0,0.0,6,29,0.1714,54,47,0.5347,36,38,0.4865,0,0,0.0,0,0,0.0,0,0,0.0,0,0,0.0
2026-04-03 21:40:20,test_1096.jpg,116,50,166,0.3012,4,31,32,0,0,0.0,0,0,0.0,0,0,0.0,0,0,0.0,0,0,0.0,0,0,0.0,0,0,0.0,0,0,0.0,0,0,0.0,0,0,0.0,11,26,0.2973,0,0,0.0,0,0,0.0,0,0,0.0,0,0,0.0,0,0,0.0,0,0,0.0,0,0,0.0,0,0,0.0,0,0,0.0,0,0,0.0,24,36,0.4,0,0,0.0,0,0,0.0,0,0,0.0,12,32,0.2727,3,22,0.12,0,0,0.0,0,0,0.0,0,0,0.0,0,0,0.0,0,0,0.0
2026-04-03 21:40:20,test_1097.jpg,153,136,289,0.4706,4,31,32,0,0,0.0,0,0,0.0,0,0,0.0,0,0,0.0,0,0,0.0,0,0,0.0,0,0,0.0,0,0,0.0,0,0,0.0,0,0,0.0,5,18,0.2174,0,0,0.0,0,0,0.0,0,0,0.0,0,0,0.0,0,0,0.0,0,0,0.0,0,0,0.0,0,0,0.0,0,0,0.0,0,0,0.0,25,45,0.3571,0,0,0.0,0,0,0.0,0,0,0.0,84,57,0.5957,22,33,0.4,0,0,0.0,0,0,0.0,0,0,0.0,0,0,0.0,0,0,0.0
2026-04-03 21:40:20,test_1098.jpg,159,79,238,0.3319,4,31,32,0,0,0.0,0,0,0.0,0,0,0.0,0,0,0.0,0,0,0.0,0,0,0.0,0,0,0.0,0,0,0.0,0,0,0.0,0,0,0.0,12,27,0.3077,0,0,0.0,0,0,0.0,0,0,0.0,0,0,0.0,0,0,0.0,0,0,0.0,0,0,0.0,0,0,0.0,0,0,0.0,0,0,0.0,18,36,0.3333,0,0,0.0,0,0,0.0,0,0,0.0,28,55,0.3373,21,41,0.3387,0,0,0.0,0,0,0.0,0,0,0.0,0,0,0.0,0,0,0.0
2026-04-03 21:40:20,test_1099.jpg,132,49,181,0.2707,6,31,32,0,0,0.0,0,0,0.0,0,0,0.0,0,0,0.0,0,0,0.0,0,0,0.0,0,0,0.0,0,0,0.0,0,0,0.0,0,0,0.0,0,20,0.0,0,0,0.0,0,0,0.0,0,0,0.0,0,0,0.0,0,0,0.0,0,0,0.0,0,0,0.0,0,0,0.0,0,0,0.0,0,0,0.0,1,16,0.0588,0,0,0.0,0,0,0.0,0,0,0.0,4,15,0.2105,8,29,0.2162,20,25,0.4444,16,27,0.3721,0,0,0.0,0,0,0.0,0,0,0.0
2026-04-03 21:40:20,test_11.jpg,149,46,195,0.2359,7,31,32,0,0,0.0,0,0,0.0,0,0,0.0,0,0,0.0,0,0,0.0,0,0,0.0,0,0,0.0,0,0,0.0,0,0,0.0,0,0,0.0,0,16,0.0,0,0,0.0,0,0,0.0,0,0,0.0,0,0,0.0,0,0,0.0,0,0,0.0,0,0,0.0,0,0,0.0,0,0,0.0,0,0,0.0,2,21,0.087,0,0,0.0,0,0,0.0,0,0,0.0,5,20,0.2,6,35,0.1463,8,17,0.32,16,20,0.4444,9,20,0.3103,0,0,0.0,0,0,0.0
2026-04-03 21:40:20,test_110.jpg,156,16,172,0.093,6,31,32,0,0,0.0,0,0,0.0,0,0,0.0,0,0,0.0,0,0,0.0,0,0,0.0,0,0,0.0,0,0,0.0,0,0,0.0,0,0,0.0,1,20,0.0476,0,0,0.0,0,0,0.0,0,0,0.0,0,0,0.0,0,0,0.0,0,0,0.0,0,0,0.0,0,0,0.0,0,0,0.0,0,0,0.0,1,26,0.037,0,0,0.0,0,0,0.0,0,0,0.0,8,25,0.2424,0,32,0.0,3,24,0.1111,3,29,0.0938,0,0,0.0,0,0,0.0,0,0,0.0
2026-04-03 21:40:20,test_1100.jpg,157,57,214,0.2664,9,31,32,0,0,0.0,0,0,0.0,0,0,0.0,0,0,0.0,0,0,0.0,0,0,0.0,0,0,0.0,0,0,0.0,0,0,0.0,0,0,0.0,0,10,0.0,0,0,0.0,0,0,0.0,0,0,0.0,0,0,0.0,0,0,0.0,0,0,0.0,0,0,0.0,0,0,0.0,0,0,0.0,0,0,0.0,0,4,0.0,0,0,0.0,0,0,0.0,0,0,0.0,5,21,0.1923,1,29,0.0333,5,17,0.2273,11,19,0.3667,19,29,0.3958,10,19,0.3448,6,9,0.4
2026-04-03 21:40:20,test_1101.jpg,124,12,136,0.0882,7,31,32,0,0,0.0,0,0,0.0,0,0,0.0,0,0,0.0,0,0,0.0,0,0,0.0,0,0,0.0,0,0,0.0,0,0,0.0,0,0,0.0,1,13,0.0714,0,0,0.0,0,0,0.0,0,0,0.0,0,0,0.0,0,0,0.0,0,0,0.0,0,0,0.0,0,0,0.0,0,0,0.0,0,0,0.0,1,18,0.0526,0,0,0.0,0,0,0.0,0,0,0.0,0,15,0.0,2,24,0.0769,2,22,0.0833,3,17,0.15,3,15,0.1667,0,0,0.0,0,0,0.0
2026-04-03 21:40:20,test_1102.jpg,144,7,151,0.0464,6,31,32,0,0,0.0,0,0,0.0,0,0,0.0,0,0,0.0,0,0,0.0,0,0,0.0,0,0,0.0,0,0,0.0,0,0,0.0,0,0,0.0,0,16,0.0,0,0,0.0,0,0,0.0,0,0,0.0,0,0,0.0,0,0,0.0,0,0,0.0,0,0,0.0,0,0,0.0,0,0,0.0,0,0,0.0,2,23,0.08,0,0,0.0,0,0,0.0,0,0,0.0,0,22,0.0,3,24,0.1111,2,28,0.0667,0,31,0.0,0,0,0.0,0,0,0.0,0,0,0.0
2026-04-03 21:40:20,test_1103.jpg,198,14,212,0.066,8,31,32,0,0,0.0,0,0,0.0,0,0,0.0,0,0,0.0,0,0,0.0,0,0,0.0,0,0,0.0,0,0,0.0,0,0,0.0,0,0,0.0,3,22,0.12,0,0,0.0,0,0,0.0,0,0,0.0,0,0,0.0,0,0,0.0,0,0,0.0,0,0,0.0,0,0,0.0,0,0,0.0,0,0,0.0,1,22,0.0435,0,0,0.0,0,0,0.0,0,0,0.0,0,26,0.0,3,23,0.1154,2,27,0.069,3,25,0.1071,2,27,0.069,0,26,0.0,0,0,0.0
2026-04-03 21:40:20,test_1104.jpg,188,133,321,0.4143,4,31,32,0,0,0.0,0,0,0.0,0,0,0.0,0,0,0.0,0,0,0.0,0,0,0.0,0,0,0.0,0,0,0.0,0,0,0.0,0,0,0.0,3,22,0.12,0,0,0.0,0,0,0.0,0,0,0.0,0,0,0.0,0,0,0.0,0,0,0.0,0,0,0.0,0,0,0.0,0,0,0.0,0,0,0.0,11,54,0.1692,0,0,0.0,0,0,0.0,0,0,0.0,85,75,0.5312,34,37,0.4789,0,0,0.0,0,0,0.0,0,0,0.0,0,0,0.0,0,0,0.0
2026-04-03 21:40:20,test_1105.jpg,196,5,201,0.0249,8,31,32,0,0,0.0,0,0,0.0,0,0,0.0,0,0,0.0,0,0,0.0,0,0,0.0,0,0,0.0,0,0,0.0,0,0,0.0,0,0,0.0,0,27,0.0,0,0,0.0,0,0,0.0,0,0,0.0,0,0,0.0,0,0,0.0,0,0,0.0,0,0,0.0,0,0,0.0,0,0,0.0,0,0,0.0,0,28,0.0,0,0,0.0,0,0,0.0,0,0,0.0,2,27,0.069,0,24,0.0,0,24,0.0,1,27,0.0357,0,22,0.0,2,17,0.1053,0,0,0.0
2026-04-03 21:40:20,test_1106.jpg,171,32,203,0.1576,6,31,32,0,0,0.0,0,0,0.0,0,0,0.0,0,0,0.0,0,0,0.0,0,0,0.0,0,0,0.0,0,0,0.0,0,0,0.0,0,0,0.0,2,13,0.1333,0,0,0.0,0,0,0.0,0,0,0.0,0,0,0.0,0,0,0.0,0,0,0.0,0,0,0.0,0,0,0.0,0,0,0.0,0,0,0.0,4,32,0.1111,0,0,0.0,0,0,0.0,0,0,0.0,8,34,0.1905,7,29,0.1944,11,47,0.1897,0,16,0.0,0,0,0.0,0,0,0.0,0,0,0.0
2026-04-03 21:40:20,test_1107.jpg,138,49,187,0.262,6,31,32,0,0,0.0,0,0,0.0,0,0,0.0,0,0,0.0,0,0,0.0,0,0,0.0,0,0,0.0,0,0,0.0,0,0,0.0,0,0,0.0,4,21,0.16,0,0,0.0,0,0,0.0,0,0,0.0,0,0,0.0,0,0,0.0,0,0,0.0,0,0,0.0,0,0,0.0,0,0,0.0,0,0,0.0,1,19,0.05,0,0,0.0,0,0,0.0,0,0,0.0,11,22,0.3333,16,29,0.3556,10,20,0.3333,7,27,0.2059,0,0,0.0,0,0,0.0,0,0,0.0
2026-04-03 21:40:20,test_1108.jpg,153,35,188,0.1862,7,31,32,0,0,0.0,0,0,0.0,0,0,0.0,0,0,0.0,0,0,0.0,0,0,0.0,0,0,0.0,0,0,0.0,0,0,0.0,0,0,0.0,7,18,0.28,0,0,0.0,0,0,0.0,0,0,0.0,0,0,0.0,0,0,0.0,0,0,0.0,0,0,0.0,0,0,0.0,0,0,0.0,0,0,0.0,3,19,0.1364,0,0,0.0,0,0,0.0,0,0,0.0,5,22,0.1852,6,29,0.1714,2,21,0.087,8,31,0.2051,4,13,0.2353,0,0,0.0,0,0,0.0
2026-04-03 21:40:20,test_1109.jpg,183,112,295,0.3797,5,31,32,0,0,0.0,0,0,0.0,0,0,0.0,0,0,0.0,0,0,0.0,0,0,0.0,0,0,0.0,0,0,0.0,0,0,0.0,0,0,0.0,1,21,0.0455,0,0,0.0,0,0,0.0,0,0,0.0,0,0,0.0,0,0,0.0,0,0,0.0,0,0,0.0,0,0,0.0,0,0,0.0,0,0,0.0,9,48,0.1579,0,0,0.0,0,0,0.0,0,0,0.0,28,49,0.3636,56,39,0.5895,18,26,0.4091,0,0,0.0,0,0,0.0,0,0,0.0,0,0,0.0
2026-04-03 21:40:20,test_111.jpg,122,23,145,0.1586,4,31,32,0,0,0.0,0,0,0.0,0,0,0.0,0,0,0.0,0,0,0.0,0,0,0.0,0,0,0.0,0,0,0.0,0,0,0.0,0,0,0.0,1,22,0.0435,0,0,0.0,0,0,0.0,0,0,0.0,0,0,0.0,0,0,0.0,0,0,0.0,0,0,0.0,0,0,0.0,0,0,0.0,0,0,0.0,4,22,0.1538,0,0,0.0,0,0,0.0,0,0,0.0,2,40,0.0476,16,38,0.2963,0,0,0.0,0,0,0.0,0,0,0.0,0,0,0.0,0,0,0.0
2026-04-03 21:40:20,test_1110.jpg,165,43,208,0.2067,12,31,32,3,20,0.1304,12,24,0.3333,6,8,0.4286,0,0,0.0,0,0,0.0,0,0,0.0,0,0,0.0,0,0,0.0,0,0,0.0,0,0,0.0,7,17,0.2917,0,0,0.0,0,0,0.0,0,0,0.0,0,0,0.0,0,0,0.0,0,0,0.0,0,0,0.0,0,0,0.0,0,0,0.0,0,0,0.0,0,0,0.0,0,0,0.0,0,0,0.0,0,0,0.0,0,0,0.0,4,19,0.1739,3,18,0.1429,1,13,0.0714,3,14,0.1765,3,19,0.1364,1,13,0.0714
2026-04-03 21:40:20,test_1111.jpg,168,97,265,0.366,6,31,32,0,0,0.0,0,0,0.0,0,0,0.0,0,0,0.0,0,0,0.0,0,0,0.0,0,0,0.0,0,0,0.0,0,0,0.0,0,0,0.0,12,26,0.3158,0,0,0.0,0,0,0.0,0,0,0.0,0,0,0.0,0,0,0.0,0,0,0.0,0,0,0.0,0,0,0.0,0,0,0.0,0,0,0.0,18,25,0.4186,0,0,0.0,0,0,0.0,0,0,0.0,19,26,0.4222,28,29,0.4912,6,29,0.1714,14,33,0.2979,0,0,0.0,0,0,0.0,0,0,0.0
2026-04-03 21:40:20,test_1112.jpg,152,16,168,0.0952,13,31,32,1,12,0.0769,0,6,0.0,0,6,0.0,1,8,0.1111,0,0,0.0,0,0,0.0,0,0,0.0,0,0,0.0,0,0,0.0,0,0,0.0,0,13,0.0,0,0,0.0,0,0,0.0,0,0,0.0,0,0,0.0,0,0,0.0,0,0,0.0,0,0,0.0,0,0,0.0,0,0,0.0,0,0,0.0,6,23,0.2069,0,0,0.0,0,0,0.0,0,0,0.0,3,11,0.2143,0,12,0.0,2,12,0.1429,0,15,0.0,3,11,0.2143,0,10,0.0,0,13,0.0
2026-04-03 21:40:20,test_1113.jpg,108,21,129,0.1628,8,31,32,0,0,0.0,0,0,0.0,0,0,0.0,0,0,0.0,0,0,0.0,0,0,0.0,0,0,0.0,0,0,0.0,0,0,0.0,0,0,0.0,0,7,0.0,0,0,0.0,0,0,0.0,0,0,0.0,0,0,0.0,0,0,0.0,0,0,0.0,0,0,0.0,0,0,0.0,0,0,0.0,0,0,0.0,2,10,0.1667,0,0,0.0,0,0,0.0,0,0,0.0,0,20,0.0,2,16,0.1111,2,18,0.1,5,10,0.3333,4,12,0.25,6,15,0.2857,0,0,0.0
2026-04-03 21:40:20,test_1114.jpg,169,20,189,0.1058,8,31,32,0,0,0.0,0,0,0.0,0,0,0.0,0,0,0.0,0,0,0.0,0,0,0.0,0,0,0.0,0,0,0.0,0,0,0.0,0,0,0.0,6,22,0.2143,0,0,0.0,0,0,0.0,0,0,0.0,0,0,0.0,0,0,0.0,0,0,0.0,0,0,0.0,0,0,0.0,0,0,0.0,0,0,0.0,0,24,0.0,0,0,0.0,0,0,0.0,0,0,0.0,2,16,0.1111,8,24,0.25,0,24,0.0,4,24,0.1429,0,20,0.0,0,15,0.0,0,0,0.0
2026-04-03 21:40:20,test_1115.jpg,195,49,244,0.2008,9,31,32,0,0,0.0,0,0,0.0,0,0,0.0,0,0,0.0,0,0,0.0,0,0,0.0,0,0,0.0,0,0,0.0,0,0,0.0,0,0,0.0,3,14,0.1765,0,0,0.0,0,0,0.0,0,0,0.0,0,0,0.0,0,0,0.0,0,0,0.0,0,0,0.0,0,0,0.0,0,0,0.0,0,0,0.0,0,3,0.0,0,0,0.0,0,0,0.0,0,0,0.0,2,21,0.087,10,30,0.25,7,21,0.25,0,20,0.0,11,22,0.3333,8,38,0.1739,8,26,0.2353
2026-04-03 21:40:20,test_1116.jpg,123,12,135,0.0889,21,31,32,1,6,0.1429,1,2,0.3333,3,7,0.3,0,6,0.0,0,6,0.0,0,6,0.0,0,6,0.0,0,11,0.0,0,8,0.0,0,1,0.0,0,0,0.0,1,20,0.0476,0,2,0.0,0,0,0.0,0,0,0.0,0,0,0.0,0,0,0.0,0,0,0.0,0,0,0.0,0,0,0.0,0,0,0.0,2,12,0.1429,0,0,0.0,0,0,0.0,0,0,0.0,0,3,0.0,0,0,0.0,0,5,0.0,0,6,0.0,0,6,0.0,2,4,0.3333,2,6,0.25
2026-04-03 21:40:20,test_1117.jpg,194,52,246,0.2114,7,31,32,0,0,0.0,0,0,0.0,0,0,0.0,0,0,0.0,0,0,0.0,0,0,0.0,0,0,0.0,0,0,0.0,0,0,0.0,0,0,0.0,5,18,0.2174,0,0,0.0,0,0,0.0,0,0,0.0,0,0,0.0,0,0,0.0,0,0,0.0,0,0,0.0,0,0,0.0,0,0,0.0,0,0,0.0,0,23,0.0,0,0,0.0,0,0,0.0,0,0,0.0,8,46,0.1481,26,41,0.3881,10,32,0.2381,2,19,0.0952,1,15,0.0625,0,0,0.0,0,0,0.0
2026-04-03 21:40:20,test_1118.jpg,150,26,176,0.1477,6,31,32,0,0,0.0,0,0,0.0,0,0,0.0,0,0,0.0,0,0,0.0,0,0,0.0,0,0,0.0,0,0,0.0,0,0,0.0,0,0,0.0,0,19,0.0,0,0,0.0,0,0,0.0,0,0,0.0,0,0,0.0,0,0,0.0,0,0,0.0,0,0,0.0,0,0,0.0,0,0,0.0,0,0,0.0,0,24,0.0,0,0,0.0,0,0,0.0,0,0,0.0,6,29,0.1714,2,27,0.069,15,39,0.2778,3,12,0.2,0,0,0.0,0,0,0.0,0,0,0.0
2026-04-03 21:40:20,test_1119.jpg,161,10,171,0.0585,5,31,32,0,0,0.0,0,0,0.0,0,0,0.0,0,0,0.0,0,0,0.0,0,0,0.0,0,0,0.0,0,0,0.0,0,0,0.0,0,0,0.0,0,19,0.0,0,0,0.0,0,0,0.0,0,0,0.0,0,0,0.0,0,0,0.0,0,0,0.0,0,0,0.0,0,0,0.0,0,0,0.0,0,0,0.0,1,25,0.0385,0,0,0.0,0,0,0.0,0,0,0.0,1,26,0.037,5,53,0.0862,3,38,0.0732,0,0,0.0,0,0,0.0,0,0,0.0,0,0,0.0
2026-04-03 21:40:20,test_112.jpg,117,19,136,0.1397,9,31,32,0,0,0.0,0,0,0.0,0,0,0.0,0,0,0.0,0,0,0.0,0,0,0.0,0,0,0.0,0,0,0.0,0,0,0.0,0,0,0.0,0,15,0.0,0,0,0.0,0,0,0.0,0,0,0.0,0,0,0.0,0,0,0.0,0,0,0.0,0,0,0.0,0,0,0.0,0,0,0.0,0,0,0.0,0,10,0.0,0,0,0.0,0,0,0.0,0,0,0.0,0,9,0.0,0,13,0.0,0,8,0.0,0,17,0.0,6,12,0.3333,7,19,0.2692,6,14,0.3
2026-04-03 21:40:20,test_1120.jpg,138,29,167,0.1737,4,31,32,0,0,0.0,0,0,0.0,0,0,0.0,0,0,0.0,0,0,0.0,0,0,0.0,0,0,0.0,0,0,0.0,0,0,0.0,0,0,0.0,6,19,0.24,0,0,0.0,0,0,0.0,0,0,0.0,0,0,0.0,0,0,0.0,0,0,0.0,0,0,0.0,0,0,0.0,0,0,0.0,0,0,0.0,6,45,0.1176,0,0,0.0,0,0,0.0,0,0,0.0,14,54,0.2059,3,20,0.1304,0,0,0.0,0,0,0.0,0,0,0.0,0,0,0.0,0,0,0.0
2026-04-03 21:40:20,test_1121.jpg,232,114,346,0.3295,6,31,32,0,0,0.0,0,0,0.0,0,0,0.0,0,0,0.0,0,0,0.0,0,0,0.0,0,0,0.0,0,0,0.0,0,0,0.0,0,0,0.0,8,28,0.2222,0,0,0.0,0,0,0.0,0,0,0.0,0,0,0.0,0,0,0.0,0,0,0.0,0,0,0.0,0,0,0.0,0,0,0.0,0,0,0.0,11,25,0.3056,0,0,0.0,0,0,0.0,0,0,0.0,13,44,0.2281,9,54,0.1429,46,48,0.4894,27,33,0.45,0,0,0.0,0,0,0.0,0,0,0.0
2026-04-03 21:40:20,test_1122.jpg,130,17,147,0.1156,6,31,32,0,0,0.0,0,0,0.0,0,0,0.0,0,0,0.0,0,0,0.0,0,0,0.0,0,0,0.0,0,0,0.0,0,0,0.0,0,0,0.0,0,24,0.0,0,0,0.0,0,0,0.0,0,0,0.0,0,0,0.0,0,0,0.0,0,0,0.0,0,0,0.0,0,0,0.0,0,0,0.0,0,0,0.0,7,20,0.2593,0,0,0.0,0,0,0.0,0,0,0.0,3,24,0.1111,7,18,0.28,0,23,0.0,0,21,0.0,0,0,0.0,0,0,0.0,0,0,0.0
2026-04-03 21:40:20,test_1123.jpg,111,8,119,0.0672,6,31,32,0,0,0.0,0,0,0.0,0,0,0.0,0,0,0.0,0,0,0.0,0,0,0.0,0,0,0.0,0,0,0.0,0,0,0.0,0,0,0.0,1,15,0.0625,0,0,0.0,0,0,0.0,0,0,0.0,0,0,0.0,0,0,0.0,0,0,0.0,0,0,0.0,0,0,0.0,0,0,0.0,0,0,0.0,0,23,0.0,0,0,0.0,0,0,0.0,0,0,0.0,0,21,0.0,0,22,0.0,1,15,0.0625,6,15,0.2857,0,0,0.0,0,0,0.0,0,0,0.0
2026-04-03 21:40:20,test_1124.jpg,141,28,169,0.1657,8,31,32,0,0,0.0,0,0,0.0,0,0,0.0,0,0,0.0,0,0,0.0,0,0,0.0,0,0,0.0,0,0,0.0,0,0,0.0,0,0,0.0,0,13,0.0,0,0,0.0,0,0,0.0,0,0,0.0,0,0,0.0,0,0,0.0,0,0,0.0,0,0,0.0,0,0,0.0,0,0,0.0,0,0,0.0,3,21,0.125,0,0,0.0,0,0,0.0,0,0,0.0,0,13,0.0,10,25,0.2857,3,15,0.1667,3,19,0.1364,3,25,0.1071,6,10,0.375,0,0,0.0
2026-04-03 21:40:20,test_1125.jpg,150,40,190,0.2105,11,31,32,4,22,0.1538,10,17,0.3704,0,0,0.0,0,0,0.0,0,0,0.0,0,0,0.0,0,0,0.0,0,0,0.0,0,0,0.0,0,0,0.0,5,11,0.3125,0,0,0.0,0,0,0.0,0,0,0.0,0,0,0.0,0,0,0.0,0,0,0.0,0,0,0.0,0,0,0.0,0,0,0.0,0,0,0.0,0,10,0.0,0,0,0.0,0,0,0.0,0,0,0.0,2,10,0.1667,0,11,0.0,2,11,0.1538,0,11,0.0,8,19,0.2963,9,13,0.4091,0,15,0.0
2026-04-03 21:40:20,test_1126.jpg,126,44,170,0.2588,7,31,32,0,0,0.0,0,0,0.0,0,0,0.0,0,0,0.0,0,0,0.0,0,0,0.0,0,0,0.0,0,0,0.0,0,0,0.0,0,0,0.0,2,23,0.08,0,0,0.0,0,0,0.0,0,0,0.0,0,0,0.0,0,0,0.0,0,0,0.0,0,0,0.0,0,0,0.0,0,0,0.0,0,0,0.0,8,8,0.5,0,0,0.0,0,0,0.0,0,0,0.0,0,17,0.0,6,16,0.2727,24,17,0.5854,4,22,0.1538,0,23,0.0,0,0,0.0,0,0,0.0
2026-04-03 21:40:20,test_1127.jpg,164,26,190,0.1368,9,31,32,0,0,0.0,0,0,0.0,0,0,0.0,0,0,0.0,0,0,0.0,0,0,0.0,0,0,0.0,0,0,0.0,0,0,0.0,0,0,0.0,0,13,0.0,0,0,0.0,0,0,0.0,0,0,0.0,0,0,0.0,0,0,0.0,0,0,0.0,0,0,0.0,0,0,0.0,0,0,0.0,0,0,0.0,0,8,0.0,0,0,0.0,0,0,0.0,0,0,0.0,5,26,0.1613,6,26,0.1875,4,21,0.16,1,17,0.0556,3,27,0.1,6,19,0.24,1,7,0.125
2026-04-03 21:40:20,test_1128.jpg,187,49,236,0.2076,6,31,32,0,0,0.0,0,0,0.0,0,0,0.0,0,0,0.0,0,0,0.0,0,0,0.0,0,0,0.0,0,0,0.0,0,0,0.0,0,0,0.0,0,13,0.0,0,0,0.0,0,0,0.0,0,0,0.0,0,0,0.0,0,0,0.0,0,0,0.0,0,0,0.0,0,0,0.0,0,0,0.0,0,0,0.0,1,15,0.0625,0,0,0.0,0,0,0.0,0,0,0.0,1,30,0.0323,0,26,0.0,12,59,0.169,35,44,0.443,0,0,0.0,0,0,0.0,0,0,0.0
2026-04-03 21:40:20,test_1129.jpg,139,54,193,0.2798,7,31,32,0,0,0.0,0,0,0.0,0,0,0.0,0,0,0.0,0,0,0.0,0,0,0.0,0,0,0.0,0,0,0.0,0,0,0.0,0,0,0.0,0,16,0.0,0,0,0.0,0,0,0.0,0,0,0.0,0,0,0.0,0,0,0.0,0,0,0.0,0,0,0.0,0,0,0.0,0,0,0.0,0,0,0.0,5,20,0.2,0,0,0.0,0,0,0.0,0,0,0.0,5,21,0.1923,10,12,0.4545,16,15,0.5161,15,36,0.2941,3,19,0.1364,0,0,0.0,0,0,0.0
2026-04-03 21:40:20,test_113.jpg,263,140,403,0.3474,3,31,32,0,0,0.0,0,0,0.0,0,0,0.0,0,0,0.0,0,0,0.0,0,0,0.0,0,0,0.0,0,0,0.0,0,0,0.0,0,0,0.0,41,127,0.244,0,0,0.0,0,0,0.0,0,0,0.0,0,0,0.0,0,0,0.0,0,0,0.0,0,0,0.0,0,0,0.0,0,0,0.0,0,0,0.0,82,95,0.4633,0,0,0.0,0,0,0.0,0,0,0.0,17,41,0.2931,0,0,0.0,0,0,0.0,0,0,0.0,0,0,0.0,0,0,0.0,0,0,0.0
2026-04-03 21:40:20,test_1130.jpg,144,9,153,0.0588,7,31,32,0,0,0.0,0,0,0.0,0,0,0.0,0,0,0.0,0,0,0.0,0,0,0.0,0,0,0.0,0,0,0.0,0,0,0.0,0,0,0.0,2,16,0.1111,0,0,0.0,0,0,0.0,0,0,0.0,0,0,0.0,0,0,0.0,0,0,0.0,0,0,0.0,0,0,0.0,0,0,0.0,0,0,0.0,0,18,0.0,0,0,0.0,0,0,0.0,0,0,0.0,3,23,0.1154,0,19,0.0,3,25,0.1071,1,23,0.0417,0,20,0.0,0,0,0.0,0,0,0.0
2026-04-03 21:40:20,test_1131.jpg,110,37,147,0.2517,7,31,32,0,0,0.0,0,0,0.0,0,0,0.0,0,0,0.0,0,0,0.0,0,0,0.0,0,0,0.0,0,0,0.0,0,0,0.0,0,0,0.0,2,22,0.0833,0,0,0.0,0,0,0.0,0,0,0.0,0,0,0.0,0,0,0.0,0,0,0.0,0,0,0.0,0,0,0.0,0,0,0.0,0,0,0.0,7,18,0.28,0,0,0.0,0,0,0.0,0,0,0.0,1,16,0.0588,8,11,0.4211,3,11,0.2143,13,16,0.4483,3,16,0.1579,0,0,0.0,0,0,0.0
2026-04-03 21:40:20,test_1132.jpg,101,58,159,0.3648,6,31,32,0,0,0.0,0,0,0.0,0,0,0.0,0,0,0.0,0,0,0.0,0,0,0.0,0,0,0.0,0,0,0.0,0,0,0.0,0,0,0.0,2,11,0.1538,0,0,0.0,0,0,0.0,0,0,0.0,0,0,0.0,0,0,0.0,0,0,0.0,0,0,0.0,0,0,0.0,0,0,0.0,0,0,0.0,15,17,0.4688,0,0,0.0,0,0,0.0,0,0,0.0,14,28,0.3333,10,20,0.3333,11,11,0.5,6,14,0.3,0,0,0.0,0,0,0.0,0,0,0.0
2026-04-03 21:40:20,test_1133.jpg,164,50,214,0.2336,6,31,32,0,0,0.0,0,0,0.0,0,0,0.0,0,0,0.0,0,0,0.0,0,0,0.0,0,0,0.0,0,0,0.0,0,0,0.0,0,0,0.0,0,17,0.0,0,0,0.0,0,0,0.0,0,0,0.0,0,0,0.0,0,0,0.0,0,0,0.0,0,0,0.0,0,0,0.0,0,0,0.0,0,0,0.0,2,15,0.1176,0,0,0.0,0,0,0.0,0,0,0.0,13,24,0.3514,1,23,0.0417,15,54,0.2174,19,31,0.38,0,0,0.0,0,0,0.0,0,0,0.0
2026-04-03 21:40:20,test_1134.jpg,129,6,135,0.0444,6,31,32,0,0,0.0,0,0,0.0,0,0,0.0,0,0,0.0,0,0,0.0,0,0,0.0,0,0,0.0,0,0,0.0,0,0,0.0,0,0,0.0,0,16,0.0,0,0,0.0,0,0,0.0,0,0,0.0,0,0,0.0,0,0,0.0,0,0,0.0,0,0,0.0,0,0,0.0,0,0,0.0,0,0,0.0,4,33,0.1081,0,0,0.0,0,0,0.0,0,0,0.0,0,23,0.0,0,20,0.0,2,21,0.087,0,16,0.0,0,0,0.0,0,0,0.0,0,0,0.0
2026-04-03 21:40:20,test_1135.jpg,106,16,122,0.1311,6,31,32,0,0,0.0,0,0,0.0,0,0,0.0,0,0,0.0,0,0,0.0,0,0,0.0,0,0,0.0,0,0,0.0,0,0,0.0,0,0,0.0,0,0,0.0,0,0,0.0,0,0,0.0,0,0,0.0,0,0,0.0,0,0,0.0,0,0,0.0,0,0,0.0,0,0,0.0,0,0,0.0,0,0,0.0,3,37,0.075,0,0,0.0,0,0,0.0,0,0,0.0,1,16,0.0588,4,22,0.1538,6,16,0.2727,2,15,0.1176,0,0,0.0,0,0,0.0,0,0,0.0
2026-04-03 21:40:20,test_1136.jpg,152,18,170,0.1059,6,31,32,0,0,0.0,0,0,0.0,0,0,0.0,0,0,0.0,0,0,0.0,0,0,0.0,0,0,0.0,0,0,0.0,0,0,0.0,0,0,0.0,0,17,0.0,0,0,0.0,0,0,0.0,0,0,0.0,0,0,0.0,0,0,0.0,0,0,0.0,0,0,0.0,0,0,0.0,0,0,0.0,0,0,0.0,8,26,0.2353,0,0,0.0,0,0,0.0,0,0,0.0,3,32,0.0857,2,28,0.0667,5,29,0.1471,0,20,0.0,0,0,0.0,0,0,0.0,0,0,0.0
2026-04-03 21:40:20,test_1137.jpg,161,12,173,0.0694,7,31,32,0,0,0.0,0,0,0.0,0,0,0.0,0,0,0.0,0,0,0.0,0,0,0.0,0,0,0.0,0,0,0.0,0,0,0.0,0,0,0.0,2,20,0.0909,0,0,0.0,0,0,0.0,0,0,0.0,0,0,0.0,0,0,0.0,0,0,0.0,0,0,0.0,0,0,0.0,0,0,0.0,0,0,0.0,5,42,0.1064,0,0,0.0,0,0,0.0,0,0,0.0,1,31,0.0312,2,27,0.069,2,12,0.1429,0,16,0.0,0,13,0.0,0,0,0.0,0,0,0.0
2026-04-03 21:40:20,test_1138.jpg,139,13,152,0.0855,4,31,32,0,0,0.0,0,0,0.0,0,0,0.0,0,0,0.0,0,0,0.0,0,0,0.0,0,0,0.0,0,0,0.0,0,0,0.0,0,0,0.0,0,16,0.0,0,0,0.0,0,0,0.0,0,0,0.0,0,0,0.0,0,0,0.0,0,0,0.0,0,0,0.0,0,0,0.0,0,0,0.0,0,0,0.0,1,43,0.0227,0,0,0.0,0,0,0.0,0,0,0.0,7,56,0.1111,5,24,0.1724,0,0,0.0,0,0,0.0,0,0,0.0,0,0,0.0,0,0,0.0
2026-04-03 21:40:20,test_1139.jpg,144,6,150,0.04,7,31,32,0,0,0.0,0,0,0.0,0,0,0.0,0,0,0.0,0,0,0.0,0,0,0.0,0,0,0.0,0,0,0.0,0,0,0.0,0,0,0.0,3,27,0.1,0,0,0.0,0,0,0.0,0,0,0.0,0,0,0.0,0,0,0.0,0,0,0.0,0,0,0.0,0,0,0.0,0,0,0.0,0,0,0.0,2,16,0.1111,0,0,0.0,0,0,0.0,0,0,0.0,0,19,0.0,0,21,0.0,0,14,0.0,0,18,0.0,1,29,0.0333,0,0,0.0,0,0,0.0
2026-04-03 21:40:20,test_114.jpg,192,35,227,0.1542,13,31,32,1,11,0.0833,5,23,0.1786,3,10,0.2308,3,25,0.1071,0,0,0.0,0,0,0.0,0,0,0.0,0,0,0.0,0,0,0.0,0,0,0.0,2,18,0.1,0,0,0.0,0,0,0.0,0,0,0.0,0,0,0.0,0,0,0.0,0,0,0.0,0,0,0.0,0,0,0.0,0,0,0.0,0,0,0.0,0,18,0.0,0,0,0.0,0,0,0.0,0,0,0.0,6,22,0.2143,2,7,0.2222,3,9,0.25,6,10,0.375,0,11,0.0,0,11,0.0,4,17,0.1905
2026-04-03 21:40:20,test_1140.jpg,115,10,125,0.08,4,31,32,0,0,0.0,0,0,0.0,0,0,0.0,0,0,0.0,0,0,0.0,0,0,0.0,0,0,0.0,0,0,0.0,0,0,0.0,0,0,0.0,3,24,0.1111,0,0,0.0,0,0,0.0,0,0,0.0,0,0,0.0,0,0,0.0,0,0,0.0,0,0,0.0,0,0,0.0,0,0,0.0,0,0,0.0,5,38,0.1163,0,0,0.0,0,0,0.0,0,0,0.0,2,39,0.0488,0,14,0.0,0,0,0.0,0,0,0.0,0,0,0.0,0,0,0.0,0,0,0.0
2026-04-03 21:40:20,test_1141.jpg,130,25,155,0.1613,8,31,32,0,0,0.0,0,0,0.0,0,0,0.0,0,0,0.0,0,0,0.0,0,0,0.0,0,0,0.0,0,0,0.0,0,0,0.0,0,0,0.0,0,0,0.0,0,0,0.0,0,0,0.0,0,0,0.0,0,0,0.0,0,0,0.0,0,0,0.0,0,0,0.0,0,0,0.0,0,0,0.0,0,0,0.0,4,40,0.0909,0,0,0.0,0,0,0.0,0,0,0.0,3,24,0.1111,1,3,0.25,4,11,0.2667,1,2,0.3333,4,34,0.1053,8,16,0.3333,0,0,0.0
2026-04-03 21:40:20,test_1142.jpg,195,77,272,0.2831,8,31,32,0,0,0.0,0,0,0.0,0,0,0.0,0,0,0.0,0,0,0.0,0,0,0.0,0,0,0.0,0,0,0.0,0,0,0.0,0,0,0.0,0,5,0.0,0,0,0.0,0,0,0.0,0,0,0.0,0,0,0.0,0,0,0.0,0,0,0.0,0,0,0.0,0,0,0.0,0,0,0.0,0,0,0.0,5,32,0.1351,0,0,0.0,0,0,0.0,0,0,0.0,15,27,0.3571,6,30,0.1667,17,26,0.3953,9,28,0.2432,17,37,0.3148,8,10,0.4444,0,0,0.0
2026-04-03 21:40:20,test_1143.jpg,125,24,149,0.1611,4,31,32,0,0,0.0,0,0,0.0,0,0,0.0,0,0,0.0,0,0,0.0,0,0,0.0,0,0,0.0,0,0,0.0,0,0,0.0,0,0,0.0,2,19,0.0952,0,0,0.0,0,0,0.0,0,0,0.0,0,0,0.0,0,0,0.0,0,0,0.0,0,0,0.0,0,0,0.0,0,0,0.0,0,0,0.0,1,21,0.0455,0,0,0.0,0,0,0.0,0,0,0.0,2,52,0.037,19,33,0.3654,0,0,0.0,0,0,0.0,0,0,0.0,0,0,0.0,0,0,0.0
2026-04-03 21:40:20,test_1144.jpg,181,21,202,0.104,7,31,32,0,0,0.0,0,0,0.0,0,0,0.0,0,0,0.0,0,0,0.0,0,0,0.0,0,0,0.0,0,0,0.0,0,0,0.0,0,0,0.0,2,20,0.0909,0,0,0.0,0,0,0.0,0,0,0.0,0,0,0.0,0,0,0.0,0,0,0.0,0,0,0.0,0,0,0.0,0,0,0.0,0,0,0.0,1,28,0.0345,0,0,0.0,0,0,0.0,0,0,0.0,3,26,0.1034,8,33,0.1951,1,28,0.0345,2,28,0.0667,4,18,0.1818,0,0,0.0,0,0,0.0
2026-04-03 21:40:20,test_1145.jpg,125,10,135,0.0741,6,31,32,0,0,0.0,0,0,0.0,0,0,0.0,0,0,0.0,0,0,0.0,0,0,0.0,0,0,0.0,0,0,0.0,0,0,0.0,0,0,0.0,2,20,0.0909,0,0,0.0,0,0,0.0,0,0,0.0,0,0,0.0,0,0,0.0,0,0,0.0,0,0,0.0,0,0,0.0,0,0,0.0,0,0,0.0,0,21,0.0,0,0,0.0,0,0,0.0,0,0,0.0,0,22,0.0,3,24,0.1111,0,21,0.0,5,17,0.2273,0,0,0.0,0,0,0.0,0,0,0.0
2026-04-03 21:40:20,test_1146.jpg,133,34,167,0.2036,4,31,32,0,0,0.0,0,0,0.0,0,0,0.0,0,0,0.0,0,0,0.0,0,0,0.0,0,0,0.0,0,0,0.0,0,0,0.0,0,0,0.0,2,27,0.069,0,0,0.0,0,0,0.0,0,0,0.0,0,0,0.0,0,0,0.0,0,0,0.0,0,0,0.0,0,0,0.0,0,0,0.0,0,0,0.0,10,47,0.1754,0,0,0.0,0,0,0.0,0,0,0.0,17,40,0.2982,5,19,0.2083,0,0,0.0,0,0,0.0,0,0,0.0,0,0,0.0,0,0,0.0
2026-04-03 21:40:20,test_1147.jpg,187,49,236,0.2076,10,31,32,10,23,0.303,0,0,0.0,0,0,0.0,0,0,0.0,0,0,0.0,0,0,0.0,0,0,0.0,0,0,0.0,0,0,0.0,0,0,0.0,2,7,0.2222,0,0,0.0,0,0,0.0,0,0,0.0,0,0,0.0,0,0,0.0,0,0,0.0,0,0,0.0,0,0,0.0,0,0,0.0,0,0,0.0,1,14,0.0667,0,0,0.0,0,0,0.0,0,0,0.0,3,20,0.1304,3,8,0.2727,1,14,0.0667,4,11,0.2667,2,14,0.125,13,27,0.325,10,49,0.1695
2026-04-03 21:40:20,test_1148.jpg,133,96,229,0.4192,4,31,32,0,0,0.0,0,0,0.0,0,0,0.0,0,0,0.0,0,0,0.0,0,0,0.0,0,0,0.0,0,0,0.0,0,0,0.0,0,0,0.0,0,18,0.0,0,0,0.0,0,0,0.0,0,0,0.0,0,0,0.0,0,0,0.0,0,0,0.0,0,0,0.0,0,0,0.0,0,0,0.0,0,0,0.0,0,18,0.0,0,0,0.0,0,0,0.0,0,0,0.0,25,47,0.3472,71,50,0.5868,0,0,0.0,0,0,0.0,0,0,0.0,0,0,0.0,0,0,0.0
2026-04-03 21:40:20,test_1149.jpg,143,34,177,0.1921,10,31,32,5,16,0.2381,0,0,0.0,0,0,0.0,0,0,0.0,0,0,0.0,0,0,0.0,0,0,0.0,0,0,0.0,0,0,0.0,0,0,0.0,1,9,0.1,0,0,0.0,0,0,0.0,0,0,0.0,0,0,0.0,0,0,0.0,0,0,0.0,0,0,0.0,0,0,0.0,0,0,0.0,0,0,0.0,1,14,0.0667,0,0,0.0,0,0,0.0,0,0,0.0,0,11,0.0,0,10,0.0,4,17,0.1905,8,15,0.3478,2,15,0.1176,12,24,0.3333,1,12,0.0769
2026-04-03 21:40:20,test_115.jpg,141,13,154,0.0844,15,31,32,0,9,0.0,6,11,0.3529,0,10,0.0,2,7,0.2222,2,12,0.1429,0,12,0.0,0,0,0.0,0,0,0.0,0,0,0.0,0,0,0.0,0,3,0.0,0,0,0.0,0,0,0.0,0,0,0.0,0,0,0.0,0,0,0.0,0,0,0.0,0,0,0.0,0,0,0.0,0,0,0.0,0,0,0.0,0,1,0.0,0,0,0.0,0,0,0.0,0,0,0.0,1,11,0.0833,0,16,0.0,1,9,0.1,0,10,0.0,0,9,0.0,0,10,0.0,1,11,0.0833
2026-04-03 21:40:20,test_1150.jpg,141,36,177,0.2034,10,31,32,2,14,0.125,0,0,0.0,0,0,0.0,0,0,0.0,0,0,0.0,0,0,0.0,0,0,0.0,0,0,0.0,0,0,0.0,0,0,0.0,2,6,0.25,0,0,0.0,0,0,0.0,0,0,0.0,0,0,0.0,0,0,0.0,0,0,0.0,0,0,0.0,0,0,0.0,0,0,0.0,0,0,0.0,1,9,0.1,0,0,0.0,0,0,0.0,0,0,0.0,3,23,0.1154,5,12,0.2941,1,9,0.1,2,13,0.1333,6,16,0.2727,1,18,0.0526,13,21,0.3824
2026-04-03 21:40:20,test_1151.jpg,188,68,256,0.2656,12,31,32,9,13,0.4091,20,28,0.4167,8,14,0.3636,0,0,0.0,0,0,0.0,0,0,0.0,0,0,0.0,0,0,0.0,0,0,0.0,0,0,0.0,5,15,0.25,0,0,0.0,0,0,0.0,0,0,0.0,0,0,0.0,0,0,0.0,0,0,0.0,0,0,0.0,0,0,0.0,0,0,0.0,0,0,0.0,2,22,0.0833,0,0,0.0,0,0,0.0,0,0,0.0,6,18,0.25,0,16,0.0,1,12,0.0769,0,13,0.0,4,14,0.2222,6,10,0.375,7,13,0.35
2026-04-03 21:40:20,test_1152.jpg,171,73,244,0.2992,6,31,32,0,0,0.0,0,0,0.0,0,0,0.0,0,0,0.0,0,0,0.0,0,0,0.0,0,0,0.0,0,0,0.0,0,0,0.0,0,0,0.0,5,21,0.1923,0,0,0.0,0,0,0.0,0,0,0.0,0,0,0.0,0,0,0.0,0,0,0.0,0,0,0.0,0,0,0.0,0,0,0.0,0,0,0.0,11,27,0.2895,0,0,0.0,0,0,0.0,0,0,0.0,10,33,0.2326,16,28,0.3636,17,28,0.3778,14,34,0.2917,0,0,0.0,0,0,0.0,0,0,0.0
2026-04-03 21:40:20,test_1153.jpg,133,39,172,0.2267,8,31,32,0,0,0.0,0,0,0.0,0,0,0.0,0,0,0.0,0,0,0.0,0,0,0.0,0,0,0.0,0,0,0.0,0,0,0.0,0,0,0.0,2,11,0.1538,0,0,0.0,0,0,0.0,0,0,0.0,0,0,0.0,0,0,0.0,0,0,0.0,0,0,0.0,0,0,0.0,0,0,0.0,0,0,0.0,6,18,0.25,0,0,0.0,0,0,0.0,0,0,0.0,8,18,0.3077,6,20,0.2308,1,20,0.0476,8,11,0.4211,7,21,0.25,1,14,0.0667,0,0,0.0
2026-04-03 21:40:20,test_1154.jpg,108,28,136,0.2059,8,31,32,0,0,0.0,0,0,0.0,0,0,0.0,0,0,0.0,0,0,0.0,0,0,0.0,0,0,0.0,0,0,0.0,0,0,0.0,0,0,0.0,0,8,0.0,0,0,0.0,0,0,0.0,0,0,0.0,0,0,0.0,0,0,0.0,0,0,0.0,0,0,0.0,0,0,0.0,0,0,0.0,0,0,0.0,2,20,0.0909,0,0,0.0,0,0,0.0,0,0,0.0,5,17,0.2273,8,17,0.32,4,9,0.3077,3,15,0.1667,6,10,0.375,0,12,0.0,0,0,0.0
2026-04-03 21:40:20,test_1155.jpg,120,16,136,0.1176,8,31,32,0,0,0.0,0,0,0.0,0,0,0.0,0,0,0.0,0,0,0.0,0,0,0.0,0,0,0.0,0,0,0.0,0,0,0.0,0,0,0.0,2,9,0.1818,0,0,0.0,0,0,0.0,0,0,0.0,0,0,0.0,0,0,0.0,0,0,0.0,0,0,0.0,0,0,0.0,0,0,0.0,0,0,0.0,0,17,0.0,0,0,0.0,0,0,0.0,0,0,0.0,4,15,0.2105,2,17,0.1053,0,15,0.0,3,16,0.1579,2,19,0.0952,3,12,0.2,0,0,0.0
2026-04-03 21:40:20,test_1156.jpg,139,28,167,0.1677,7,31,32,0,0,0.0,0,0,0.0,0,0,0.0,0,0,0.0,0,0,0.0,0,0,0.0,0,0,0.0,0,0,0.0,0,0,0.0,0,0,0.0,4,19,0.1739,0,0,0.0,0,0,0.0,0,0,0.0,0,0,0.0,0,0,0.0,0,0,0.0,0,0,0.0,0,0,0.0,0,0,0.0,0,0,0.0,4,22,0.1538,0,0,0.0,0,0,0.0,0,0,0.0,4,18,0.1818,4,19,0.1739,3,21,0.125,5,21,0.1923,4,19,0.1739,0,0,0.0,0,0,0.0
2026-04-03 21:40:20,test_1157.jpg,108,17,125,0.136,9,31,32,0,0,0.0,0,0,0.0,0,0,0.0,0,0,0.0,0,0,0.0,0,0,0.0,0,0,0.0,0,0,0.0,0,0,0.0,0,0,0.0,3,7,0.3,0,0,0.0,0,0,0.0,0,0,0.0,0,0,0.0,0,0,0.0,0,0,0.0,0,0,0.0,0,0,0.0,0,0,0.0,0,0,0.0,0,17,0.0,0,0,0.0,0,0,0.0,0,0,0.0,1,11,0.0833,2,8,0.2,0,10,0.0,2,10,0.1667,1,16,0.0588,1,11,0.0833,7,18,0.28
2026-04-03 21:40:20,test_1158.jpg,222,113,335,0.3373,7,31,32,0,0,0.0,0,0,0.0,0,0,0.0,0,0,0.0,0,0,0.0,0,0,0.0,0,0,0.0,0,0,0.0,0,0,0.0,0,0,0.0,1,19,0.05,0,0,0.0,0,0,0.0,0,0,0.0,0,0,0.0,0,0,0.0,0,0,0.0,0,0,0.0,0,0,0.0,0,0,0.0,0,0,0.0,0,13,0.0,0,0,0.0,0,0,0.0,0,0,0.0,6,32,0.1579,14,37,0.2745,44,58,0.4314,39,45,0.4643,9,18,0.3333,0,0,0.0,0,0,0.0
2026-04-03 21:40:20,test_1159.jpg,130,32,162,0.1975,5,31,32,0,0,0.0,0,0,0.0,0,0,0.0,0,0,0.0,0,0,0.0,0,0,0.0,0,0,0.0,0,0,0.0,0,0,0.0,0,0,0.0,3,6,0.3333,0,0,0.0,0,0,0.0,0,0,0.0,0,0,0.0,0,0,0.0,0,0,0.0,0,0,0.0,0,0,0.0,0,0,0.0,0,0,0.0,9,36,0.2,0,0,0.0,0,0,0.0,0,0,0.0,7,32,0.1795,8,29,0.2162,5,27,0.1562,0,0,0.0,0,0,0.0,0,0,0.0,0,0,0.0
2026-04-03 21:40:20,test_116.jpg,141,21,162,0.1296,7,31,32,0,0,0.0,0,0,0.0,0,0,0.0,0,0,0.0,0,0,0.0,0,0,0.0,0,0,0.0,0,0,0.0,0,0,0.0,0,0,0.0,6,13,0.3158,0,0,0.0,0,0,0.0,0,0,0.0,0,0,0.0,0,0,0.0,0,0,0.0,0,0,0.0,0,0,0.0,0,0,0.0,0,0,0.0,1,13,0.0714,0,0,0.0,0,0,0.0,0,0,0.0,6,21,0.2222,5,24,0.1724,3,27,0.1,0,22,0.0,0,21,0.0,0,0,0.0,0,0,0.0
2026-04-03 21:40:20,test_1160.jpg,164,41,205,0.2,7,31,32,0,0,0.0,0,0,0.0,0,0,0.0,0,0,0.0,0,0,0.0,0,0,0.0,0,0,0.0,0,0,0.0,0,0,0.0,0,0,0.0,2,14,0.125,0,0,0.0,0,0,0.0,0,0,0.0,0,0,0.0,0,0,0.0,0,0,0.0,0,0,0.0,0,0,0.0,0,0,0.0,0,0,0.0,0,28,0.0,0,0,0.0,0,0,0.0,0,0,0.0,2,22,0.0833,9,25,0.2647,8,27,0.2286,8,24,0.25,12,24,0.3333,0,0,0.0,0,0,0.0
2026-04-03 21:40:20,test_1161.jpg,139,29,168,0.1726,18,31,32,1,6,0.1429,0,8,0.0,0,6,0.0,0,6,0.0,1,4,0.2,3,11,0.2143,0,6,0.0,4,16,0.2,1,14,0.0667,0,0,0.0,2,4,0.3333,0,0,0.0,0,0,0.0,0,0,0.0,0,0,0.0,0,0,0.0,0,0,0.0,0,0,0.0,0,0,0.0,0,0,0.0,0,0,0.0,5,11,0.3125,0,0,0.0,0,0,0.0,0,0,0.0,1,8,0.1111,2,4,0.3333,3,11,0.2143,4,8,0.3333,1,4,0.2,1,6,0.1429,0,6,0.0
2026-04-03 21:40:20,test_1162.jpg,158,35,193,0.1813,6,31,32,0,0,0.0,0,0,0.0,0,0,0.0,0,0,0.0,0,0,0.0,0,0,0.0,0,0,0.0,0,0,0.0,0,0,0.0,0,0,0.0,6,16,0.2727,0,0,0.0,0,0,0.0,0,0,0.0,0,0,0.0,0,0,0.0,0,0,0.0,0,0,0.0,0,0,0.0,0,0,0.0,0,0,0.0,13,37,0.26,0,0,0.0,0,0,0.0,0,0,0.0,3,19,0.1364,5,23,0.1786,8,61,0.1159,0,2,0.0,0,0,0.0,0,0,0.0,0,0,0.0
2026-04-03 21:40:20,test_1163.jpg,116,57,173,0.3295,7,31,32,0,0,0.0,0,0,0.0,0,0,0.0,0,0,0.0,0,0,0.0,0,0,0.0,0,0,0.0,0,0,0.0,0,0,0.0,0,0,0.0,0,3,0.0,0,0,0.0,0,0,0.0,0,0,0.0,0,0,0.0,0,0,0.0,0,0,0.0,0,0,0.0,0,0,0.0,0,0,0.0,0,0,0.0,5,10,0.3333,0,0,0.0,0,0,0.0,0,0,0.0,15,27,0.3571,10,19,0.3448,9,27,0.25,18,30,0.375,0,0,0.0,0,0,0.0,0,0,0.0
2026-04-03 21:40:20,test_1164.jpg,139,4,143,0.028,6,31,32,0,0,0.0,0,0,0.0,0,0,0.0,0,0,0.0,0,0,0.0,0,0,0.0,0,0,0.0,0,0,0.0,0,0,0.0,0,0,0.0,0,0,0.0,0,0,0.0,0,0,0.0,0,0,0.0,0,0,0.0,0,0,0.0,0,0,0.0,0,0,0.0,0,0,0.0,0,0,0.0,0,0,0.0,4,46,0.08,0,0,0.0,0,0,0.0,0,0,0.0,0,25,0.0,0,24,0.0,0,24,0.0,0,20,0.0,0,0,0.0,0,0,0.0,0,0,0.0
2026-04-03 21:40:20,test_1165.jpg,161,23,184,0.125,6,31,32,0,0,0.0,0,0,0.0,0,0,0.0,0,0,0.0,0,0,0.0,0,0,0.0,0,0,0.0,0,0,0.0,0,0,0.0,0,0,0.0,6,35,0.1463,0,0,0.0,0,0,0.0,0,0,0.0,0,0,0.0,0,0,0.0,0,0,0.0,0,0,0.0,0,0,0.0,0,0,0.0,0,0,0.0,4,21,0.16,0,0,0.0,0,0,0.0,0,0,0.0,3,24,0.1111,2,25,0.0741,5,28,0.1515,3,28,0.0968,0,0,0.0,0,0,0.0,0,0,0.0
2026-04-03 21:40:20,test_1166.jpg,122,11,133,0.0827,6,31,32,0,0,0.0,0,0,0.0,0,0,0.0,0,0,0.0,0,0,0.0,0,0,0.0,0,0,0.0,0,0,0.0,0,0,0.0,0,0,0.0,1,20,0.0476,0,0,0.0,0,0,0.0,0,0,0.0,0,0,0.0,0,0,0.0,0,0,0.0,0,0,0.0,0,0,0.0,0,0,0.0,0,0,0.0,1,12,0.0769,0,0,0.0,0,0,0.0,0,0,0.0,0,16,0.0,1,18,0.0526,3,36,0.0769,5,20,0.2,0,0,0.0,0,0,0.0,0,0,0.0
2026-04-03 21:40:20,test_1167.jpg,237,149,386,0.386,5,31,32,0,0,0.0,0,0,0.0,0,0,0.0,0,0,0.0,0,0,0.0,0,0,0.0,0,0,0.0,0,0,0.0,0,0,0.0,0,0,0.0,12,23,0.3429,0,0,0.0,0,0,0.0,0,0,0.0,0,0,0.0,0,0,0.0,0,0,0.0,0,0,0.0,0,0,0.0,0,0,0.0,0,0,0.0,21,79,0.21,0,0,0.0,0,0,0.0,0,0,0.0,43,65,0.3981,59,52,0.5315,14,18,0.4375,0,0,0.0,0,0,0.0,0,0,0.0,0,0,0.0
2026-04-03 21:40:20,test_1168.jpg,138,33,171,0.193,8,31,32,0,0,0.0,0,0,0.0,0,0,0.0,0,0,0.0,0,0,0.0,0,0,0.0,0,0,0.0,0,0,0.0,0,0,0.0,0,0,0.0,3,19,0.1364,0,0,0.0,0,0,0.0,0,0,0.0,0,0,0.0,0,0,0.0,0,0,0.0,0,0,0.0,0,0,0.0,0,0,0.0,0,0,0.0,1,22,0.0435,0,0,0.0,0,0,0.0,0,0,0.0,4,21,0.16,6,15,0.2857,5,13,0.2778,5,16,0.2381,7,26,0.2121,2,6,0.25,0,0,0.0
2026-04-03 21:40:20,test_1169.jpg,143,12,155,0.0774,6,31,32,0,0,0.0,0,0,0.0,0,0,0.0,0,0,0.0,0,0,0.0,0,0,0.0,0,0,0.0,0,0,0.0,0,0,0.0,0,0,0.0,2,15,0.1176,0,0,0.0,0,0,0.0,0,0,0.0,0,0,0.0,0,0,0.0,0,0,0.0,0,0,0.0,0,0,0.0,0,0,0.0,0,0,0.0,0,26,0.0,0,0,0.0,0,0,0.0,0,0,0.0,5,28,0.1515,2,23,0.08,0,23,0.0,3,28,0.0968,0,0,0.0,0,0,0.0,0,0,0.0
2026-04-03 21:40:20,test_117.jpg,122,35,157,0.2229,8,31,32,0,0,0.0,0,0,0.0,0,0,0.0,0,0,0.0,0,0,0.0,0,0,0.0,0,0,0.0,0,0,0.0,0,0,0.0,0,0,0.0,0,4,0.0,0,0,0.0,0,0,0.0,0,0,0.0,0,0,0.0,0,0,0.0,0,0,0.0,0,0,0.0,0,0,0.0,0,0,0.0,0,0,0.0,7,21,0.25,0,0,0.0,0,0,0.0,0,0,0.0,0,16,0.0,8,19,0.2963,3,16,0.1579,3,11,0.2143,4,16,0.2,10,19,0.3448,0,0,0.0
2026-04-03 21:40:20,test_1170.jpg,159,88,247,0.3563,6,31,32,0,0,0.0,0,0,0.0,0,0,0.0,0,0,0.0,0,0,0.0,0,0,0.0,0,0,0.0,0,0,0.0,0,0,0.0,0,0,0.0,1,8,0.1111,0,0,0.0,0,0,0.0,0,0,0.0,0,0,0.0,0,0,0.0,0,0,0.0,0,0,0.0,0,0,0.0,0,0,0.0,0,0,0.0,1,24,0.04,0,0,0.0,0,0,0.0,0,0,0.0,5,21,0.1923,19,28,0.4043,35,47,0.4268,27,31,0.4655,0,0,0.0,0,0,0.0,0,0,0.0
2026-04-03 21:40:20,test_1171.jpg,117,17,134,0.1269,6,31,32,0,0,0.0,0,0,0.0,0,0,0.0,0,0,0.0,0,0,0.0,0,0,0.0,0,0,0.0,0,0,0.0,0,0,0.0,0,0,0.0,1,16,0.0588,0,0,0.0,0,0,0.0,0,0,0.0,0,0,0.0,0,0,0.0,0,0,0.0,0,0,0.0,0,0,0.0,0,0,0.0,0,0,0.0,2,19,0.0952,0,0,0.0,0,0,0.0,0,0,0.0,5,15,0.25,1,17,0.0556,3,33,0.0833,5,17,0.2273,0,0,0.0,0,0,0.0,0,0,0.0
2026-04-03 21:40:20,test_1172.jpg,105,35,140,0.25,7,31,32,0,0,0.0,0,0,0.0,0,0,0.0,0,0,0.0,0,0,0.0,0,0,0.0,0,0,0.0,0,0,0.0,0,0,0.0,0,0,0.0,3,2,0.6,0,0,0.0,0,0,0.0,0,0,0.0,0,0,0.0,0,0,0.0,0,0,0.0,0,0,0.0,0,0,0.0,0,0,0.0,0,0,0.0,0,11,0.0,0,0,0.0,0,0,0.0,0,0,0.0,7,21,0.25,0,19,0.0,4,15,0.2105,3,11,0.2143,18,26,0.4091,0,0,0.0,0,0,0.0
2026-04-03 21:40:20,test_1173.jpg,178,6,184,0.0326,5,31,32,0,0,0.0,0,0,0.0,0,0,0.0,0,0,0.0,0,0,0.0,0,0,0.0,0,0,0.0,0,0,0.0,0,0,0.0,0,0,0.0,6,53,0.1017,0,0,0.0,0,0,0.0,0,0,0.0,0,0,0.0,0,0,0.0,0,0,0.0,0,0,0.0,0,0,0.0,0,0,0.0,0,0,0.0,0,29,0.0,0,0,0.0,0,0,0.0,0,0,0.0,0,30,0.0,0,34,0.0,0,32,0.0,0,0,0.0,0,0,0.0,0,0,0.0,0,0,0.0
2026-04-03 21:40:20,test_1174.jpg,118,36,154,0.2338,7,31,32,0,0,0.0,0,0,0.0,0,0,0.0,0,0,0.0,0,0,0.0,0,0,0.0,0,0,0.0,0,0,0.0,0,0,0.0,0,0,0.0,5,14,0.2632,0,0,0.0,0,0,0.0,0,0,0.0,0,0,0.0,0,0,0.0,0,0,0.0,0,0,0.0,0,0,0.0,0,0,0.0,0,0,0.0,5,23,0.1786,0,0,0.0,0,0,0.0,0,0,0.0,3,19,0.1364,1,17,0.0556,4,12,0.25,4,20,0.1667,14,13,0.5185,0,0,0.0,0,0,0.0
2026-04-03 21:40:20,test_1175.jpg,175,94,269,0.3494,4,31,32,0,0,0.0,0,0,0.0,0,0,0.0,0,0,0.0,0,0,0.0,0,0,0.0,0,0,0.0,0,0,0.0,0,0,0.0,0,0,0.0,3,26,0.1034,0,0,0.0,0,0,0.0,0,0,0.0,0,0,0.0,0,0,0.0,0,0,0.0,0,0,0.0,0,0,0.0,0,0,0.0,0,0,0.0,4,36,0.1,0,0,0.0,0,0,0.0,0,0,0.0,32,56,0.3636,55,57,0.4911,0,0,0.0,0,0,0.0,0,0,0.0,0,0,0.0,0,0,0.0
2026-04-03 21:40:20,test_1176.jpg,140,26,166,0.1566,8,31,32,0,0,0.0,0,0,0.0,0,0,0.0,0,0,0.0,0,0,0.0,0,0,0.0,0,0,0.0,0,0,0.0,0,0,0.0,0,0,0.0,7,16,0.3043,0,0,0.0,0,0,0.0,0,0,0.0,0,0,0.0,0,0,0.0,0,0,0.0,0,0,0.0,0,0,0.0,0,0,0.0,0,0,0.0,4,12,0.25,0,0,0.0,0,0,0.0,0,0,0.0,2,22,0.0833,0,17,0.0,0,16,0.0,5,19,0.2083,6,17,0.2609,2,21,0.087,0,0,0.0
2026-04-03 21:40:20,test_1177.jpg,132,31,163,0.1902,8,31,32,0,0,0.0,0,0,0.0,0,0,0.0,0,0,0.0,0,0,0.0,0,0,0.0,0,0,0.0,0,0,0.0,0,0,0.0,0,0,0.0,0,14,0.0,0,0,0.0,0,0,0.0,0,0,0.0,0,0,0.0,0,0,0.0,0,0,0.0,0,0,0.0,0,0,0.0,0,0,0.0,0,0,0.0,9,24,0.2727,0,0,0.0,0,0,0.0,0,0,0.0,8,22,0.2667,1,15,0.0625,7,13,0.35,1,14,0.0667,2,15,0.1176,3,15,0.1667,0,0,0.0
2026-04-03 21:40:20,test_1178.jpg,162,96,258,0.3721,6,31,32,0,0,0.0,0,0,0.0,0,0,0.0,0,0,0.0,0,0,0.0,0,0,0.0,0,0,0.0,0,0,0.0,0,0,0.0,0,0,0.0,4,23,0.1481,0,0,0.0,0,0,0.0,0,0,0.0,0,0,0.0,0,0,0.0,0,0,0.0,0,0,0.0,0,0,0.0,0,0,0.0,0,0,0.0,5,25,0.1667,0,0,0.0,0,0,0.0,0,0,0.0,21,25,0.4565,6,29,0.1714,33,32,0.5077,27,28,0.4909,0,0,0.0,0,0,0.0,0,0,0.0
2026-04-03 21:40:20,test_1179.jpg,191,63,254,0.248,11,31,32,7,19,0.2692,1,16,0.0588,0,0,0.0,0,0,0.0,0,0,0.0,0,0,0.0,0,0,0.0,0,0,0.0,0,0,0.0,0,0,0.0,3,9,0.25,0,0,0.0,0,0,0.0,0,0,0.0,0,0,0.0,0,0,0.0,0,0,0.0,0,0,0.0,0,0,0.0,0,0,0.0,0,0,0.0,5,24,0.1724,0,0,0.0,0,0,0.0,0,0,0.0,2,10,0.1667,11,21,0.3438,1,10,0.0909,11,22,0.3333,8,15,0.3478,2,17,0.1053,12,28,0.3
2026-04-03 21:40:20,test_118.jpg,300,48,348,0.1379,5,31,32,0,0,0.0,0,0,0.0,0,0,0.0,0,0,0.0,0,0,0.0,0,0,0.0,0,0,0.0,0,0,0.0,0,0,0.0,0,0,0.0,0,0,0.0,0,0,0.0,0,0,0.0,0,0,0.0,0,0,0.0,0,0,0.0,0,0,0.0,0,0,0.0,0,0,0.0,0,0,0.0,0,0,0.0,16,64,0.2,0,0,0.0,0,0,0.0,0,0,0.0,12,72,0.1429,20,149,0.1183,0,15,0.0,0,0,0.0,0,0,0.0,0,0,0.0,0,0,0.0
2026-04-03 21:40:20,test_1180.jpg,150,30,180,0.1667,7,31,32,0,0,0.0,0,0,0.0,0,0,0.0,0,0,0.0,0,0,0.0,0,0,0.0,0,0,0.0,0,0,0.0,0,0,0.0,0,0,0.0,3,16,0.1579,0,0,0.0,0,0,0.0,0,0,0.0,0,0,0.0,0,0,0.0,0,0,0.0,0,0,0.0,0,0,0.0,0,0,0.0,0,0,0.0,9,21,0.3,0,0,0.0,0,0,0.0,0,0,0.0,2,18,0.1,0,33,0.0,6,20,0.2308,5,20,0.2,5,22,0.1852,0,0,0.0,0,0,0.0
2026-04-03 21:40:20,test_1181.jpg,126,11,137,0.0803,7,31,32,0,0,0.0,0,0,0.0,0,0,0.0,0,0,0.0,0,0,0.0,0,0,0.0,0,0,0.0,0,0,0.0,0,0,0.0,0,0,0.0,1,15,0.0625,0,0,0.0,0,0,0.0,0,0,0.0,0,0,0.0,0,0,0.0,0,0,0.0,0,0,0.0,0,0,0.0,0,0,0.0,0,0,0.0,0,19,0.0,0,0,0.0,0,0,0.0,0,0,0.0,0,19,0.0,1,14,0.0667,3,16,0.1579,0,15,0.0,6,28,0.1765,0,0,0.0,0,0,0.0
2026-04-03 21:40:20,test_1182.jpg,181,31,212,0.1462,6,31,32,0,0,0.0,0,0,0.0,0,0,0.0,0,0,0.0,0,0,0.0,0,0,0.0,0,0,0.0,0,0,0.0,0,0,0.0,0,0,0.0,0,13,0.0,0,0,0.0,0,0,0.0,0,0,0.0,0,0,0.0,0,0,0.0,0,0,0.0,0,0,0.0,0,0,0.0,0,0,0.0,0,0,0.0,1,17,0.0556,0,0,0.0,0,0,0.0,0,0,0.0,0,31,0.0,0,21,0.0,8,64,0.1111,22,35,0.386,0,0,0.0,0,0,0.0,0,0,0.0
2026-04-03 21:40:20,test_1183.jpg,235,179,414,0.4324,7,31,32,0,0,0.0,0,0,0.0,0,0,0.0,0,0,0.0,0,0,0.0,0,0,0.0,0,0,0.0,0,0,0.0,0,0,0.0,0,0,0.0,50,34,0.5952,0,0,0.0,0,0,0.0,0,0,0.0,0,0,0.0,0,0,0.0,0,0,0.0,0,0,0.0,0,0,0.0,0,0,0.0,0,0,0.0,34,35,0.4928,0,0,0.0,0,0,0.0,0,0,0.0,12,29,0.2927,13,49,0.2097,12,30,0.2857,52,46,0.5306,6,12,0.3333,0,0,0.0,0,0,0.0
2026-04-03 21:40:20,test_1184.jpg,139,28,167,0.1677,6,31,32,0,0,0.0,0,0,0.0,0,0,0.0,0,0,0.0,0,0,0.0,0,0,0.0,0,0,0.0,0,0,0.0,0,0,0.0,0,0,0.0,1,18,0.0526,0,0,0.0,0,0,0.0,0,0,0.0,0,0,0.0,0,0,0.0,0,0,0.0,0,0,0.0,0,0,0.0,0,0,0.0,0,0,0.0,0,20,0.0,0,0,0.0,0,0,0.0,0,0,0.0,7,20,0.2593,4,32,0.1111,11,26,0.2973,5,23,0.1786,0,0,0.0,0,0,0.0,0,0,0.0
2026-04-03 21:40:20,test_1185.jpg,144,34,178,0.191,6,31,32,0,0,0.0,0,0,0.0,0,0,0.0,0,0,0.0,0,0,0.0,0,0,0.0,0,0,0.0,0,0,0.0,0,0,0.0,0,0,0.0,3,15,0.1667,0,0,0.0,0,0,0.0,0,0,0.0,0,0,0.0,0,0,0.0,0,0,0.0,0,0,0.0,0,0,0.0,0,0,0.0,0,0,0.0,4,19,0.1739,0,0,0.0,0,0,0.0,0,0,0.0,5,20,0.2,5,22,0.1852,8,36,0.1818,9,32,0.2195,0,0,0.0,0,0,0.0,0,0,0.0
2026-04-03 21:40:20,test_1186.jpg,165,92,257,0.358,4,31,32,0,0,0.0,0,0,0.0,0,0,0.0,0,0,0.0,0,0,0.0,0,0,0.0,0,0,0.0,0,0,0.0,0,0,0.0,0,0,0.0,1,22,0.0435,0,0,0.0,0,0,0.0,0,0,0.0,0,0,0.0,0,0,0.0,0,0,0.0,0,0,0.0,0,0,0.0,0,0,0.0,0,0,0.0,4,53,0.0702,0,0,0.0,0,0,0.0,0,0,0.0,23,38,0.377,64,52,0.5517,0,0,0.0,0,0,0.0,0,0,0.0,0,0,0.0,0,0,0.0
2026-04-03 21:40:20,test_1187.jpg,120,12,132,0.0909,7,31,32,0,0,0.0,0,0,0.0,0,0,0.0,0,0,0.0,0,0,0.0,0,0,0.0,0,0,0.0,0,0,0.0,0,0,0.0,0,0,0.0,1,17,0.0556,0,0,0.0,0,0,0.0,0,0,0.0,0,0,0.0,0,0,0.0,0,0,0.0,0,0,0.0,0,0,0.0,0,0,0.0,0,0,0.0,0,16,0.0,0,0,0.0,0,0,0.0,0,0,0.0,1,16,0.0588,3,17,0.15,1,16,0.0588,6,16,0.2727,0,22,0.0,0,0,0.0,0,0,0.0
2026-04-03 21:40:20,test_1188.jpg,181,42,223,0.1883,11,31,32,5,22,0.1852,8,15,0.3478,0,0,0.0,0,0,0.0,0,0,0.0,0,0,0.0,0,0,0.0,0,0,0.0,0,0,0.0,0,0,0.0,9,21,0.3,0,0,0.0,0,0,0.0,0,0,0.0,0,0,0.0,0,0,0.0,0,0,0.0,0,0,0.0,0,0,0.0,0,0,0.0,0,0,0.0,5,5,0.5,0,0,0.0,0,0,0.0,0,0,0.0,0,16,0.0,0,12,0.0,4,13,0.2353,3,21,0.125,1,21,0.0455,3,18,0.1429,4,17,0.1905
2026-04-03 21:40:20,test_1189.jpg,172,36,208,0.1731,10,31,32,3,6,0.3333,0,0,0.0,0,0,0.0,0,0,0.0,0,0,0.0,0,0,0.0,0,0,0.0,0,0,0.0,0,0,0.0,0,0,0.0,0,15,0.0,0,0,0.0,0,0,0.0,0,0,0.0,0,0,0.0,0,0,0.0,0,0,0.0,0,0,0.0,0,0,0.0,0,0,0.0,0,0,0.0,0,15,0.0,0,0,0.0,0,0,0.0,0,0,0.0,3,16,0.1579,6,17,0.2609,3,18,0.1429,3,21,0.125,4,11,0.2667,5,20,0.2,9,33,0.2143
2026-04-03 21:40:20,test_119.jpg,146,33,179,0.1844,6,31,32,0,0,0.0,0,0,0.0,0,0,0.0,0,0,0.0,0,0,0.0,0,0,0.0,0,0,0.0,0,0,0.0,0,0,0.0,0,0,0.0,5,26,0.1613,0,0,0.0,0,0,0.0,0,0,0.0,0,0,0.0,0,0,0.0,0,0,0.0,0,0,0.0,0,0,0.0,0,0,0.0,0,0,0.0,2,34,0.0556,0,0,0.0,0,0,0.0,0,0,0.0,0,17,0.0,2,16,0.1111,12,32,0.2727,12,21,0.3636,0,0,0.0,0,0,0.0,0,0,0.0
2026-04-03 21:40:20,test_1190.jpg,138,3,141,0.0213,7,31,32,0,0,0.0,0,0,0.0,0,0,0.0,0,0,0.0,0,0,0.0,0,0,0.0,0,0,0.0,0,0,0.0,0,0,0.0,0,0,0.0,0,21,0.0,0,0,0.0,0,0,0.0,0,0,0.0,0,0,0.0,0,0,0.0,0,0,0.0,0,0,0.0,0,0,0.0,0,0,0.0,0,0,0.0,0,21,0.0,0,0,0.0,0,0,0.0,0,0,0.0,0,18,0.0,1,18,0.0526,1,19,0.05,0,21,0.0,1,20,0.0476,0,0,0.0,0,0,0.0
2026-04-03 21:40:20,test_1191.jpg,198,46,244,0.1885,5,31,32,0,0,0.0,0,0,0.0,0,0,0.0,0,0,0.0,0,0,0.0,0,0,0.0,0,0,0.0,0,0,0.0,0,0,0.0,0,0,0.0,5,21,0.1923,0,0,0.0,0,0,0.0,0,0,0.0,0,0,0.0,0,0,0.0,0,0,0.0,0,0,0.0,0,0,0.0,0,0,0.0,0,0,0.0,7,22,0.2414,0,0,0.0,0,0,0.0,0,0,0.0,6,40,0.1304,19,81,0.19,9,34,0.2093,0,0,0.0,0,0,0.0,0,0,0.0,0,0,0.0
2026-04-03 21:40:20,test_1192.jpg,168,83,251,0.3307,7,31,32,0,0,0.0,0,0,0.0,0,0,0.0,0,0,0.0,0,0,0.0,0,0,0.0,0,0,0.0,0,0,0.0,0,0,0.0,0,0,0.0,3,17,0.15,0,0,0.0,0,0,0.0,0,0,0.0,0,0,0.0,0,0,0.0,0,0,0.0,0,0,0.0,0,0,0.0,0,0,0.0,0,0,0.0,1,5,0.1667,0,0,0.0,0,0,0.0,0,0,0.0,0,16,0.0,8,25,0.2424,20,41,0.3279,31,43,0.4189,20,21,0.4878,0,0,0.0,0,0,0.0
2026-04-03 21:40:20,test_1193.jpg,119,80,199,0.402,6,31,32,0,0,0.0,0,0,0.0,0,0,0.0,0,0,0.0,0,0,0.0,0,0,0.0,0,0,0.0,0,0,0.0,0,0,0.0,0,0,0.0,1,7,0.125,0,0,0.0,0,0,0.0,0,0,0.0,0,0,0.0,0,0,0.0,0,0,0.0,0,0,0.0,0,0,0.0,0,0,0.0,0,0,0.0,5,20,0.2,0,0,0.0,0,0,0.0,0,0,0.0,22,29,0.4314,27,30,0.4737,17,19,0.4722,8,14,0.3636,0,0,0.0,0,0,0.0,0,0,0.0
2026-04-03 21:40:20,test_1194.jpg,150,8,158,0.0506,5,31,32,0,0,0.0,0,0,0.0,0,0,0.0,0,0,0.0,0,0,0.0,0,0,0.0,0,0,0.0,0,0,0.0,0,0,0.0,0,0,0.0,0,27,0.0,0,0,0.0,0,0,0.0,0,0,0.0,0,0,0.0,0,0,0.0,0,0,0.0,0,0,0.0,0,0,0.0,0,0,0.0,0,0,0.0,2,32,0.0588,0,0,0.0,0,0,0.0,0,0,0.0,3,28,0.0968,3,36,0.0769,0,27,0.0,0,0,0.0,0,0,0.0,0,0,0.0,0,0,0.0
2026-04-03 21:40:20,test_1195.jpg,124,43,167,0.2575,7,31,32,0,0,0.0,0,0,0.0,0,0,0.0,0,0,0.0,0,0,0.0,0,0,0.0,0,0,0.0,0,0,0.0,0,0,0.0,0,0,0.0,1,15,0.0625,0,0,0.0,0,0,0.0,0,0,0.0,0,0,0.0,0,0,0.0,0,0,0.0,0,0,0.0,0,0,0.0,0,0,0.0,0,0,0.0,4,18,0.1818,0,0,0.0,0,0,0.0,0,0,0.0,3,16,0.1579,4,14,0.2222,2,12,0.1429,13,27,0.325,16,22,0.4211,0,0,0.0,0,0,0.0
2026-04-03 21:40:20,test_1196.jpg,185,19,204,0.0931,15,31,32,0,12,0.0,0,13,0.0,6,12,0.3333,0,11,0.0,5,24,0.1724,0,0,0.0,0,0,0.0,0,0,0.0,0,0,0.0,0,0,0.0,0,5,0.0,0,0,0.0,0,0,0.0,0,0,0.0,0,0,0.0,0,0,0.0,0,0,0.0,0,0,0.0,0,0,0.0,0,0,0.0,0,0,0.0,0,1,0.0,0,0,0.0,0,0,0.0,0,0,0.0,2,14,0.125,0,15,0.0,2,13,0.1333,0,13,0.0,0,13,0.0,0,14,0.0,4,25,0.1379
2026-04-03 21:40:20,test_1197.jpg,109,40,149,0.2685,6,31,32,0,0,0.0,0,0,0.0,0,0,0.0,0,0,0.0,0,0,0.0,0,0,0.0,0,0,0.0,0,0,0.0,0,0,0.0,0,0,0.0,8,11,0.4211,0,0,0.0,0,0,0.0,0,0,0.0,0,0,0.0,0,0,0.0,0,0,0.0,0,0,0.0,0,0,0.0,0,0,0.0,0,0,0.0,2,16,0.1111,0,0,0.0,0,0,0.0,0,0,0.0,4,15,0.2105,15,22,0.4054,7,22,0.2414,4,23,0.1481,0,0,0.0,0,0,0.0,0,0,0.0
2026-04-03 21:40:20,test_1198.jpg,289,32,321,0.0997,17,31,32,3,17,0.15,4,14,0.2222,1,18,0.0526,0,22,0.0,1,9,0.1,1,12,0.0769,6,24,0.2,0,0,0.0,0,0,0.0,0,0,0.0,0,13,0.0,0,0,0.0,0,0,0.0,0,0,0.0,0,0,0.0,0,0,0.0,0,0,0.0,0,0,0.0,0,0,0.0,0,0,0.0,0,0,0.0,0,25,0.0,0,0,0.0,0,0,0.0,0,0,0.0,0,18,0.0,0,16,0.0,0,17,0.0,8,21,0.2759,2,17,0.1053,3,29,0.0938,3,17,0.15
2026-04-03 21:40:20,test_1199.jpg,296,127,423,0.3002,15,31,32,4,14,0.2222,18,24,0.4286,9,15,0.375,25,23,0.5208,16,18,0.4706,9,15,0.375,0,0,0.0,0,0,0.0,0,0,0.0,0,0,0.0,0,2,0.0,0,0,0.0,0,0,0.0,0,0,0.0,0,0,0.0,0,0,0.0,0,0,0.0,0,0,0.0,0,0,0.0,0,0,0.0,0,0,0.0,4,34,0.1053,0,0,0.0,0,0,0.0,0,0,0.0,6,23,0.2069,1,17,0.0556,12,36,0.25,4,20,0.1667,7,18,0.28,2,16,0.1111,10,21,0.3226
2026-04-03 21:40:20,test_12.jpg,222,46,268,0.1716,5,31,32,0,0,0.0,0,0,0.0,0,0,0.0,0,0,0.0,0,0,0.0,0,0,0.0,0,0,0.0,0,0,0.0,0,0,0.0,0,0,0.0,6,30,0.1667,0,0,0.0,0,0,0.0,0,0,0.0,0,0,0.0,0,0,0.0,0,0,0.0,0,0,0.0,0,0,0.0,0,0,0.0,0,0,0.0,9,47,0.1607,0,0,0.0,0,0,0.0,0,0,0.0,6,35,0.1463,12,61,0.1644,13,49,0.2097,0,0,0.0,0,0,0.0,0,0,0.0,0,0,0.0
2026-04-03 21:40:20,test_120.jpg,229,44,273,0.1612,16,31,32,0,12,0.0,0,13,0.0,0,14,0.0,9,13,0.4091,0,16,0.0,16,26,0.381,7,18,0.28,0,0,0.0,0,0,0.0,0,0,0.0,0,3,0.0,0,0,0.0,0,0,0.0,0,0,0.0,0,0,0.0,0,0,0.0,0,0,0.0,0,0,0.0,0,0,0.0,0,0,0.0,0,0,0.0,2,17,0.1053,0,0,0.0,0,0,0.0,0,0,0.0,0,17,0.0,2,14,0.125,0,17,0.0,0,21,0.0,5,9,0.3571,1,12,0.0769,2,7,0.2222
2026-04-03 21:40:20,test_1200.jpg,113,13,126,0.1032,8,31,32,0,0,0.0,0,0,0.0,0,0,0.0,0,0,0.0,0,0,0.0,0,0,0.0,0,0,0.0,0,0,0.0,0,0,0.0,0,0,0.0,2,4,0.3333,0,0,0.0,0,0,0.0,0,0,0.0,0,0,0.0,0,0,0.0,0,0,0.0,0,0,0.0,0,0,0.0,0,0,0.0,0,0,0.0,5,28,0.1515,0,0,0.0,0,0,0.0,0,0,0.0,1,12,0.0769,1,24,0.04,4,9,0.3077,0,13,0.0,0,12,0.0,0,11,0.0,0,0,0.0
2026-04-03 21:40:20,test_1201.jpg,161,108,269,0.4015,6,31,32,0,0,0.0,0,0,0.0,0,0,0.0,0,0,0.0,0,0,0.0,0,0,0.0,0,0,0.0,0,0,0.0,0,0,0.0,0,0,0.0,10,17,0.3704,0,0,0.0,0,0,0.0,0,0,0.0,0,0,0.0,0,0,0.0,0,0,0.0,0,0,0.0,0,0,0.0,0,0,0.0,0,0,0.0,20,25,0.4444,0,0,0.0,0,0,0.0,0,0,0.0,30,27,0.5263,18,22,0.45,19,32,0.3725,11,38,0.2245,0,0,0.0,0,0,0.0,0,0,0.0
2026-04-03 21:40:20,test_1202.jpg,136,8,144,0.0556,5,31,32,0,0,0.0,0,0,0.0,0,0,0.0,0,0,0.0,0,0,0.0,0,0,0.0,0,0,0.0,0,0,0.0,0,0,0.0,0,0,0.0,0,2,0.0,0,0,0.0,0,0,0.0,0,0,0.0,0,0,0.0,0,0,0.0,0,0,0.0,0,0,0.0,0,0,0.0,0,0,0.0,0,0,0.0,2,27,0.069,0,0,0.0,0,0,0.0,0,0,0.0,0,29,0.0,1,53,0.0185,5,25,0.1667,0,0,0.0,0,0,0.0,0,0,0.0,0,0,0.0
2026-04-03 21:40:20,test_1203.jpg,172,31,203,0.1527,7,31,32,0,0,0.0,0,0,0.0,0,0,0.0,0,0,0.0,0,0,0.0,0,0,0.0,0,0,0.0,0,0,0.0,0,0,0.0,0,0,0.0,2,36,0.0526,0,0,0.0,0,0,0.0,0,0,0.0,0,0,0.0,0,0,0.0,0,0,0.0,0,0,0.0,0,0,0.0,0,0,0.0,0,0,0.0,5,23,0.1786,0,0,0.0,0,0,0.0,0,0,0.0,8,23,0.2581,8,21,0.2759,7,24,0.2258,1,18,0.0526,0,27,0.0,0,0,0.0,0,0,0.0
2026-04-03 21:40:20,test_1204.jpg,140,42,182,0.2308,7,31,32,0,0,0.0,0,0,0.0,0,0,0.0,0,0,0.0,0,0,0.0,0,0,0.0,0,0,0.0,0,0,0.0,0,0,0.0,0,0,0.0,3,21,0.125,0,0,0.0,0,0,0.0,0,0,0.0,0,0,0.0,0,0,0.0,0,0,0.0,0,0,0.0,0,0,0.0,0,0,0.0,0,0,0.0,8,22,0.2667,0,0,0.0,0,0,0.0,0,0,0.0,6,25,0.1935,7,25,0.2188,6,18,0.25,8,18,0.3077,4,11,0.2667,0,0,0.0,0,0,0.0
2026-04-03 21:40:20,test_1205.jpg,108,22,130,0.1692,10,31,32,3,12,0.2,0,0,0.0,0,0,0.0,0,0,0.0,0,0,0.0,0,0,0.0,0,0,0.0,0,0,0.0,0,0,0.0,0,0,0.0,2,10,0.1667,0,0,0.0,0,0,0.0,0,0,0.0,0,0,0.0,0,0,0.0,0,0,0.0,0,0,0.0,0,0,0.0,0,0,0.0,0,0,0.0,0,10,0.0,0,0,0.0,0,0,0.0,0,0,0.0,4,8,0.3333,0,10,0.0,2,12,0.1429,4,12,0.25,1,14,0.0667,1,8,0.1111,5,12,0.2941
2026-04-03 21:40:20,test_1206.jpg,150,40,190,0.2105,4,31,32,0,0,0.0,0,0,0.0,0,0,0.0,0,0,0.0,0,0,0.0,0,0,0.0,0,0,0.0,0,0,0.0,0,0,0.0,0,0,0.0,1,26,0.037,0,0,0.0,0,0,0.0,0,0,0.0,0,0,0.0,0,0,0.0,0,0,0.0,0,0,0.0,0,0,0.0,0,0,0.0,0,0,0.0,0,29,0.0,0,0,0.0,0,0,0.0,0,0,0.0,8,51,0.1356,31,44,0.4133,0,0,0.0,0,0,0.0,0,0,0.0,0,0,0.0,0,0,0.0
2026-04-03 21:40:20,test_1207.jpg,137,11,148,0.0743,6,31,32,0,0,0.0,0,0,0.0,0,0,0.0,0,0,0.0,0,0,0.0,0,0,0.0,0,0,0.0,0,0,0.0,0,0,0.0,0,0,0.0,2,19,0.0952,0,0,0.0,0,0,0.0,0,0,0.0,0,0,0.0,0,0,0.0,0,0,0.0,0,0,0.0,0,0,0.0,0,0,0.0,0,0,0.0,1,19,0.05,0,0,0.0,0,0,0.0,0,0,0.0,0,35,0.0,2,23,0.08,6,41,0.1277,0,0,0.0,0,0,0.0,0,0,0.0,0,0,0.0
2026-04-03 21:40:20,test_1208.jpg,203,103,306,0.3366,8,31,32,0,0,0.0,0,0,0.0,0,0,0.0,0,0,0.0,0,0,0.0,0,0,0.0,0,0,0.0,0,0,0.0,0,0,0.0,0,0,0.0,2,16,0.1111,0,0,0.0,0,0,0.0,0,0,0.0,0,0,0.0,0,0,0.0,0,0,0.0,0,0,0.0,0,0,0.0,0,0,0.0,0,0,0.0,14,29,0.3256,0,0,0.0,0,0,0.0,0,0,0.0,16,24,0.4,8,29,0.2162,26,36,0.4194,26,32,0.4483,8,31,0.2051,3,6,0.3333,0,0,0.0
2026-04-03 21:40:20,test_1209.jpg,135,19,154,0.1234,7,31,32,0,0,0.0,0,0,0.0,0,0,0.0,0,0,0.0,0,0,0.0,0,0,0.0,0,0,0.0,0,0,0.0,0,0,0.0,0,0,0.0,2,19,0.0952,0,0,0.0,0,0,0.0,0,0,0.0,0,0,0.0,0,0,0.0,0,0,0.0,0,0,0.0,0,0,0.0,0,0,0.0,0,0,0.0,1,16,0.0588,0,0,0.0,0,0,0.0,0,0,0.0,1,19,0.05,1,21,0.0455,7,27,0.2059,3,20,0.1304,4,13,0.2353,0,0,0.0,0,0,0.0
2026-04-03 21:40:20,test_121.jpg,130,63,193,0.3264,5,31,32,0,0,0.0,0,0,0.0,0,0,0.0,0,0,0.0,0,0,0.0,0,0,0.0,0,0,0.0,0,0,0.0,0,0,0.0,0,0,0.0,14,21,0.4,0,0,0.0,0,0,0.0,0,0,0.0,0,0,0.0,0,0,0.0,0,0,0.0,0,0,0.0,0,0,0.0,0,0,0.0,0,0,0.0,11,19,0.3667,0,0,0.0,0,0,0.0,0,0,0.0,10,30,0.25,25,41,0.3788,3,19,0.1364,0,0,0.0,0,0,0.0,0,0,0.0,0,0,0.0
2026-04-03 21:40:20,test_1210.jpg,136,33,169,0.1953,8,31,32,0,0,0.0,0,0,0.0,0,0,0.0,0,0,0.0,0,0,0.0,0,0,0.0,0,0,0.0,0,0,0.0,0,0,0.0,0,0,0.0,5,20,0.2,0,0,0.0,0,0,0.0,0,0,0.0,0,0,0.0,0,0,0.0,0,0,0.0,0,0,0.0,0,0,0.0,0,0,0.0,0,0,0.0,2,12,0.1429,0,0,0.0,0,0,0.0,0,0,0.0,0,15,0.0,2,16,0.1111,2,19,0.0952,10,18,0.3571,6,18,0.25,6,18,0.25,0,0,0.0
2026-04-03 21:40:20,test_1211.jpg,127,24,151,0.1589,6,31,32,0,0,0.0,0,0,0.0,0,0,0.0,0,0,0.0,0,0,0.0,0,0,0.0,0,0,0.0,0,0,0.0,0,0,0.0,0,0,0.0,3,21,0.125,0,0,0.0,0,0,0.0,0,0,0.0,0,0,0.0,0,0,0.0,0,0,0.0,0,0,0.0,0,0,0.0,0,0,0.0,0,0,0.0,5,29,0.1471,0,0,0.0,0,0,0.0,0,0,0.0,0,16,0.0,4,20,0.1667,7,25,0.2188,5,16,0.2381,0,0,0.0,0,0,0.0,0,0,0.0
2026-04-03 21:40:20,test_1212.jpg,143,30,173,0.1734,8,31,32,0,0,0.0,0,0,0.0,0,0,0.0,0,0,0.0,0,0,0.0,0,0,0.0,0,0,0.0,0,0,0.0,0,0,0.0,0,0,0.0,3,21,0.125,0,0,0.0,0,0,0.0,0,0,0.0,0,0,0.0,0,0,0.0,0,0,0.0,0,0,0.0,0,0,0.0,0,0,0.0,0,0,0.0,0,17,0.0,0,0,0.0,0,0,0.0,0,0,0.0,0,16,0.0,0,18,0.0,3,19,0.1364,10,20,0.3333,6,16,0.2727,8,16,0.3333,0,0,0.0
2026-04-03 21:40:20,test_1213.jpg,138,29,167,0.1737,6,31,32,0,0,0.0,0,0,0.0,0,0,0.0,0,0,0.0,0,0,0.0,0,0,0.0,0,0,0.0,0,0,0.0,0,0,0.0,0,0,0.0,1,13,0.0714,0,0,0.0,0,0,0.0,0,0,0.0,0,0,0.0,0,0,0.0,0,0,0.0,0,0,0.0,0,0,0.0,0,0,0.0,0,0,0.0,6,26,0.1875,0,0,0.0,0,0,0.0,0,0,0.0,4,21,0.16,1,27,0.0357,0,26,0.0,17,25,0.4048,0,0,0.0,0,0,0.0,0,0,0.0
2026-04-03 21:40:20,test_1214.jpg,163,27,190,0.1421,13,31,32,2,10,0.1667,1,10,0.0909,4,17,0.1905,11,17,0.3929,0,0,0.0,0,0,0.0,0,0,0.0,0,0,0.0,0,0,0.0,0,0,0.0,4,7,0.3636,0,0,0.0,0,0,0.0,0,0,0.0,0,0,0.0,0,0,0.0,0,0,0.0,0,0,0.0,0,0,0.0,0,0,0.0,0,0,0.0,0,10,0.0,0,0,0.0,0,0,0.0,0,0,0.0,1,18,0.0526,0,14,0.0,0,13,0.0,0,12,0.0,4,13,0.2353,0,12,0.0,0,10,0.0
2026-04-03 21:40:20,test_1215.jpg,137,15,152,0.0987,7,31,32,0,0,0.0,0,0,0.0,0,0,0.0,0,0,0.0,0,0,0.0,0,0,0.0,0,0,0.0,0,0,0.0,0,0,0.0,0,0,0.0,0,0,0.0,0,0,0.0,0,0,0.0,0,0,0.0,0,0,0.0,0,0,0.0,0,0,0.0,0,0,0.0,0,0,0.0,0,0,0.0,0,0,0.0,4,40,0.0909,0,0,0.0,0,0,0.0,0,0,0.0,11,30,0.2683,0,18,0.0,0,17,0.0,0,17,0.0,0,15,0.0,0,0,0.0,0,0,0.0
2026-04-03 21:40:20,test_1216.jpg,139,40,179,0.2235,7,31,32,0,0,0.0,0,0,0.0,0,0,0.0,0,0,0.0,0,0,0.0,0,0,0.0,0,0,0.0,0,0,0.0,0,0,0.0,0,0,0.0,5,13,0.2778,0,0,0.0,0,0,0.0,0,0,0.0,0,0,0.0,0,0,0.0,0,0,0.0,0,0,0.0,0,0,0.0,0,0,0.0,0,0,0.0,4,17,0.1905,0,0,0.0,0,0,0.0,0,0,0.0,4,23,0.1481,7,18,0.28,5,25,0.1667,12,29,0.2927,3,14,0.1765,0,0,0.0,0,0,0.0
2026-04-03 21:40:20,test_1217.jpg,139,21,160,0.1313,6,31,32,0,0,0.0,0,0,0.0,0,0,0.0,0,0,0.0,0,0,0.0,0,0,0.0,0,0,0.0,0,0,0.0,0,0,0.0,0,0,0.0,4,18,0.1818,0,0,0.0,0,0,0.0,0,0,0.0,0,0,0.0,0,0,0.0,0,0,0.0,0,0,0.0,0,0,0.0,0,0,0.0,0,0,0.0,0,20,0.0,0,0,0.0,0,0,0.0,0,0,0.0,4,30,0.1176,2,21,0.087,6,28,0.1765,5,22,0.1852,0,0,0.0,0,0,0.0,0,0,0.0
2026-04-03 21:40:20,test_1218.jpg,178,75,253,0.2964,4,31,32,0,0,0.0,0,0,0.0,0,0,0.0,0,0,0.0,0,0,0.0,0,0,0.0,0,0,0.0,0,0,0.0,0,0,0.0,0,0,0.0,9,25,0.2647,0,0,0.0,0,0,0.0,0,0,0.0,0,0,0.0,0,0,0.0,0,0,0.0,0,0,0.0,0,0,0.0,0,0,0.0,0,0,0.0,5,32,0.1351,0,0,0.0,0,0,0.0,0,0,0.0,51,97,0.3446,10,24,0.2941,0,0,0.0,0,0,0.0,0,0,0.0,0,0,0.0,0,0,0.0
2026-04-03 21:40:20,test_1219.jpg,162,22,184,0.1196,8,31,32,0,0,0.0,0,0,0.0,0,0,0.0,0,0,0.0,0,0,0.0,0,0,0.0,0,0,0.0,0,0,0.0,0,0,0.0,0,0,0.0,5,31,0.1389,0,0,0.0,0,0,0.0,0,0,0.0,0,0,0.0,0,0,0.0,0,0,0.0,0,0,0.0,0,0,0.0,0,0,0.0,0,0,0.0,4,20,0.1667,0,0,0.0,0,0,0.0,0,0,0.0,1,19,0.05,1,22,0.0435,0,19,0.0,4,13,0.2353,4,15,0.2105,3,23,0.1154,0,0,0.0
2026-04-03 21:40:20,test_122.jpg,175,45,220,0.2045,6,31,32,0,0,0.0,0,0,0.0,0,0,0.0,0,0,0.0,0,0,0.0,0,0,0.0,0,0,0.0,0,0,0.0,0,0,0.0,0,0,0.0,7,18,0.28,0,0,0.0,0,0,0.0,0,0,0.0,0,0,0.0,0,0,0.0,0,0,0.0,0,0,0.0,0,0,0.0,0,0,0.0,0,0,0.0,8,32,0.2,0,0,0.0,0,0,0.0,0,0,0.0,8,27,0.2286,11,28,0.2821,10,61,0.1408,1,9,0.1,0,0,0.0,0,0,0.0,0,0,0.0
2026-04-03 21:40:20,test_1220.jpg,117,12,129,0.093,6,31,32,0,0,0.0,0,0,0.0,0,0,0.0,0,0,0.0,0,0,0.0,0,0,0.0,0,0,0.0,0,0,0.0,0,0,0.0,0,0,0.0,3,24,0.1111,0,0,0.0,0,0,0.0,0,0,0.0,0,0,0.0,0,0,0.0,0,0,0.0,0,0,0.0,0,0,0.0,0,0,0.0,0,0,0.0,1,15,0.0625,0,0,0.0,0,0,0.0,0,0,0.0,0,18,0.0,3,18,0.1429,3,19,0.1364,2,23,0.08,0,0,0.0,0,0,0.0,0,0,0.0
2026-04-03 21:40:20,test_1221.jpg,135,44,179,0.2458,9,31,32,0,0,0.0,0,0,0.0,0,0,0.0,0,0,0.0,0,0,0.0,0,0,0.0,0,0,0.0,0,0,0.0,0,0,0.0,0,0,0.0,4,10,0.2857,0,0,0.0,0,0,0.0,0,0,0.0,0,0,0.0,0,0,0.0,0,0,0.0,0,0,0.0,0,0,0.0,0,0,0.0,0,0,0.0,3,12,0.2,0,0,0.0,0,0,0.0,0,0,0.0,7,17,0.2917,3,9,0.25,1,9,0.1,5,19,0.2083,3,18,0.1429,10,20,0.3333,8,21,0.2759
2026-04-03 21:40:20,test_1222.jpg,268,118,386,0.3057,13,31,32,2,12,0.1429,6,12,0.3333,0,15,0.0,3,20,0.1304,0,0,0.0,0,0,0.0,0,0,0.0,0,0,0.0,0,0,0.0,0,0,0.0,5,10,0.3333,0,0,0.0,0,0,0.0,0,0,0.0,0,0,0.0,0,0,0.0,0,0,0.0,0,0,0.0,0,0,0.0,0,0,0.0,0,0,0.0,8,42,0.16,0,0,0.0,0,0,0.0,0,0,0.0,21,25,0.4565,20,23,0.4651,18,23,0.439,14,21,0.4,5,26,0.1613,10,25,0.2857,6,14,0.3
2026-04-03 21:40:20,test_1223.jpg,129,0,129,0.0,6,31,32,0,0,0.0,0,0,0.0,0,0,0.0,0,0,0.0,0,0,0.0,0,0,0.0,0,0,0.0,0,0,0.0,0,0,0.0,0,0,0.0,0,26,0.0,0,0,0.0,0,0,0.0,0,0,0.0,0,0,0.0,0,0,0.0,0,0,0.0,0,0,0.0,0,0,0.0,0,0,0.0,0,0,0.0,0,20,0.0,0,0,0.0,0,0,0.0,0,0,0.0,0,21,0.0,0,21,0.0,0,21,0.0,0,20,0.0,0,0,0.0,0,0,0.0,0,0,0.0
2026-04-03 21:40:20,test_1224.jpg,211,129,340,0.3794,9,31,32,0,0,0.0,0,0,0.0,0,0,0.0,0,0,0.0,0,0,0.0,0,0,0.0,0,0,0.0,0,0,0.0,0,0,0.0,0,0,0.0,1,13,0.0714,0,0,0.0,0,0,0.0,0,0,0.0,0,0,0.0,0,0,0.0,0,0,0.0,0,0,0.0,0,0,0.0,0,0,0.0,0,0,0.0,2,31,0.0606,0,0,0.0,0,0,0.0,0,0,0.0,9,21,0.3,11,20,0.3548,14,26,0.35,26,29,0.4727,28,22,0.56,30,30,0.5,8,19,0.2963
2026-04-03 21:40:20,test_1225.jpg,172,69,241,0.2863,8,31,32,0,0,0.0,0,0,0.0,0,0,0.0,0,0,0.0,0,0,0.0,0,0,0.0,0,0,0.0,0,0,0.0,0,0,0.0,0,0,0.0,1,16,0.0588,0,0,0.0,0,0,0.0,0,0,0.0,0,0,0.0,0,0,0.0,0,0,0.0,0,0,0.0,0,0,0.0,0,0,0.0,0,0,0.0,23,34,0.4035,0,0,0.0,0,0,0.0,0,0,0.0,7,23,0.2333,6,23,0.2069,8,25,0.2424,7,23,0.2333,8,14,0.3636,9,14,0.3913,0,0,0.0
2026-04-03 21:40:20,test_1226.jpg,114,13,127,0.1024,7,31,32,0,0,0.0,0,0,0.0,0,0,0.0,0,0,0.0,0,0,0.0,0,0,0.0,0,0,0.0,0,0,0.0,0,0,0.0,0,0,0.0,1,11,0.0833,0,0,0.0,0,0,0.0,0,0,0.0,0,0,0.0,0,0,0.0,0,0,0.0,0,0,0.0,0,0,0.0,0,0,0.0,0,0,0.0,1,12,0.0769,0,0,0.0,0,0,0.0,0,0,0.0,1,17,0.0556,1,17,0.0556,9,21,0.3,0,18,0.0,0,18,0.0,0,0,0.0,0,0,0.0
2026-04-03 21:40:20,test_1227.jpg,159,18,177,0.1017,8,31,32,0,0,0.0,0,0,0.0,0,0,0.0,0,0,0.0,0,0,0.0,0,0,0.0,0,0,0.0,0,0,0.0,0,0,0.0,0,0,0.0,0,16,0.0,0,0,0.0,0,0,0.0,0,0,0.0,0,0,0.0,0,0,0.0,0,0,0.0,0,0,0.0,0,0,0.0,0,0,0.0,0,0,0.0,5,21,0.1923,0,0,0.0,0,0,0.0,0,0,0.0,0,22,0.0,4,23,0.1481,1,24,0.04,2,26,0.0714,3,14,0.1765,3,13,0.1875,0,0,0.0
2026-04-03 21:40:20,test_1228.jpg,161,27,188,0.1436,6,31,32,0,0,0.0,0,0,0.0,0,0,0.0,0,0,0.0,0,0,0.0,0,0,0.0,0,0,0.0,0,0,0.0,0,0,0.0,0,0,0.0,0,19,0.0,0,0,0.0,0,0,0.0,0,0,0.0,0,0,0.0,0,0,0.0,0,0,0.0,0,0,0.0,0,0,0.0,0,0,0.0,0,0,0.0,6,24,0.2,0,0,0.0,0,0,0.0,0,0,0.0,4,23,0.1481,6,26,0.1875,2,27,0.069,9,42,0.1765,0,0,0.0,0,0,0.0,0,0,0.0
2026-04-03 21:40:20,test_1229.jpg,174,28,202,0.1386,5,31,32,0,0,0.0,0,0,0.0,0,0,0.0,0,0,0.0,0,0,0.0,0,0,0.0,0,0,0.0,0,0,0.0,0,0,0.0,0,0,0.0,10,40,0.2,0,0,0.0,0,0,0.0,0,0,0.0,0,0,0.0,0,0,0.0,0,0,0.0,0,0,0.0,0,0,0.0,0,0,0.0,0,0,0.0,5,33,0.1316,0,0,0.0,0,0,0.0,0,0,0.0,6,39,0.1333,4,38,0.0952,3,24,0.1111,0,0,0.0,0,0,0.0,0,0,0.0,0,0,0.0
2026-04-03 21:40:20,test_123.jpg,123,24,147,0.1633,8,31,32,0,0,0.0,0,0,0.0,0,0,0.0,0,0,0.0,0,0,0.0,0,0,0.0,0,0,0.0,0,0,0.0,0,0,0.0,0,0,0.0,4,13,0.2353,0,0,0.0,0,0,0.0,0,0,0.0,0,0,0.0,0,0,0.0,0,0,0.0,0,0,0.0,0,0,0.0,0,0,0.0,0,0,0.0,3,14,0.1765,0,0,0.0,0,0,0.0,0,0,0.0,5,16,0.2381,5,14,0.2632,0,18,0.0,3,18,0.1429,1,18,0.0526,3,12,0.2,0,0,0.0
2026-04-03 21:40:20,test_1230.jpg,128,72,200,0.36,6,31,32,0,0,0.0,0,0,0.0,0,0,0.0,0,0,0.0,0,0,0.0,0,0,0.0,0,0,0.0,0,0,0.0,0,0,0.0,0,0,0.0,8,14,0.3636,0,0,0.0,0,0,0.0,0,0,0.0,0,0,0.0,0,0,0.0,0,0,0.0,0,0,0.0,0,0,0.0,0,0,0.0,0,0,0.0,6,15,0.2857,0,0,0.0,0,0,0.0,0,0,0.0,9,17,0.3462,5,20,0.2,29,34,0.4603,15,28,0.3488,0,0,0.0,0,0,0.0,0,0,0.0
2026-04-03 21:40:20,test_1231.jpg,115,29,144,0.2014,7,31,32,0,0,0.0,0,0,0.0,0,0,0.0,0,0,0.0,0,0,0.0,0,0,0.0,0,0,0.0,0,0,0.0,0,0,0.0,0,0,0.0,5,15,0.25,0,0,0.0,0,0,0.0,0,0,0.0,0,0,0.0,0,0,0.0,0,0,0.0,0,0,0.0,0,0,0.0,0,0,0.0,0,0,0.0,2,17,0.1053,0,0,0.0,0,0,0.0,0,0,0.0,3,16,0.1579,6,16,0.2727,6,17,0.2609,0,20,0.0,7,14,0.3333,0,0,0.0,0,0,0.0
2026-04-03 21:40:20,test_1232.jpg,114,14,128,0.1094,6,31,32,0,0,0.0,0,0,0.0,0,0,0.0,0,0,0.0,0,0,0.0,0,0,0.0,0,0,0.0,0,0,0.0,0,0,0.0,0,0,0.0,0,19,0.0,0,0,0.0,0,0,0.0,0,0,0.0,0,0,0.0,0,0,0.0,0,0,0.0,0,0,0.0,0,0,0.0,0,0,0.0,0,0,0.0,0,13,0.0,0,0,0.0,0,0,0.0,0,0,0.0,3,14,0.1765,2,15,0.1176,0,31,0.0,9,22,0.2903,0,0,0.0,0,0,0.0,0,0,0.0
2026-04-03 21:40:20,test_1233.jpg,136,30,166,0.1807,7,31,32,0,0,0.0,0,0,0.0,0,0,0.0,0,0,0.0,0,0,0.0,0,0,0.0,0,0,0.0,0,0,0.0,0,0,0.0,0,0,0.0,1,20,0.0476,0,0,0.0,0,0,0.0,0,0,0.0,0,0,0.0,0,0,0.0,0,0,0.0,0,0,0.0,0,0,0.0,0,0,0.0,0,0,0.0,0,24,0.0,0,0,0.0,0,0,0.0,0,0,0.0,2,16,0.1111,6,18,0.25,10,22,0.3125,11,32,0.2558,0,4,0.0,0,0,0.0,0,0,0.0
2026-04-03 21:40:20,test_1234.jpg,165,13,178,0.073,4,31,32,0,0,0.0,0,0,0.0,0,0,0.0,0,0,0.0,0,0,0.0,0,0,0.0,0,0,0.0,0,0,0.0,0,0,0.0,0,0,0.0,1,13,0.0714,0,0,0.0,0,0,0.0,0,0,0.0,0,0,0.0,0,0,0.0,0,0,0.0,0,0,0.0,0,0,0.0,0,0,0.0,0,0,0.0,1,48,0.0204,0,0,0.0,0,0,0.0,0,0,0.0,7,69,0.0921,4,35,0.1026,0,0,0.0,0,0,0.0,0,0,0.0,0,0,0.0,0,0,0.0
2026-04-03 21:40:20,test_1235.jpg,167,47,214,0.2196,13,31,32,0,5,0.0,8,18,0.3077,7,21,0.25,21,44,0.3231,0,0,0.0,0,0,0.0,0,0,0.0,0,0,0.0,0,0,0.0,0,0,0.0,0,11,0.0,0,0,0.0,0,0,0.0,0,0,0.0,0,0,0.0,0,0,0.0,0,0,0.0,0,0,0.0,0,0,0.0,0,0,0.0,0,0,0.0,0,6,0.0,0,0,0.0,0,0,0.0,0,0,0.0,2,5,0.2857,1,9,0.1,3,10,0.2308,1,8,0.1111,1,21,0.0455,0,0,0.0,3,9,0.25
2026-04-03 21:40:20,test_1236.jpg,116,25,141,0.1773,6,31,32,0,0,0.0,0,0,0.0,0,0,0.0,0,0,0.0,0,0,0.0,0,0,0.0,0,0,0.0,0,0,0.0,0,0,0.0,0,0,0.0,0,22,0.0,0,0,0.0,0,0,0.0,0,0,0.0,0,0,0.0,0,0,0.0,0,0,0.0,0,0,0.0,0,0,0.0,0,0,0.0,0,0,0.0,2,16,0.1111,0,0,0.0,0,0,0.0,0,0,0.0,1,18,0.0526,12,23,0.3429,7,23,0.2333,3,14,0.1765,0,0,0.0,0,0,0.0,0,0,0.0
2026-04-03 21:40:20,test_1237.jpg,142,20,162,0.1235,11,31,32,2,22,0.0833,1,14,0.0667,0,0,0.0,0,0,0.0,0,0,0.0,0,0,0.0,0,0,0.0,0,0,0.0,0,0,0.0,0,0,0.0,0,2,0.0,0,0,0.0,0,0,0.0,0,0,0.0,0,0,0.0,0,0,0.0,0,0,0.0,0,0,0.0,0,0,0.0,0,0,0.0,0,0,0.0,7,34,0.1707,0,0,0.0,0,0,0.0,0,0,0.0,3,8,0.2727,1,8,0.1111,1,12,0.0769,2,5,0.2857,0,16,0.0,1,15,0.0625,2,6,0.25
2026-04-03 21:40:20,test_1238.jpg,124,28,152,0.1842,7,31,32,0,0,0.0,0,0,0.0,0,0,0.0,0,0,0.0,0,0,0.0,0,0,0.0,0,0,0.0,0,0,0.0,0,0,0.0,0,0,0.0,0,19,0.0,0,0,0.0,0,0,0.0,0,0,0.0,0,0,0.0,0,0,0.0,0,0,0.0,0,0,0.0,0,0,0.0,0,0,0.0,0,0,0.0,5,20,0.2,0,0,0.0,0,0,0.0,0,0,0.0,1,19,0.05,2,19,0.0952,8,14,0.3636,9,16,0.36,3,17,0.15,0,0,0.0,0,0,0.0
2026-04-03 21:40:20,test_1239.jpg,100,26,126,0.2063,9,31,32,0,0,0.0,0,0,0.0,0,0,0.0,0,0,0.0,0,0,0.0,0,0,0.0,0,0,0.0,0,0,0.0,0,0,0.0,0,0,0.0,2,15,0.1176,0,0,0.0,0,0,0.0,0,0,0.0,0,0,0.0,0,0,0.0,0,0,0.0,0,0,0.0,0,0,0.0,0,0,0.0,0,0,0.0,5,14,0.2632,0,0,0.0,0,0,0.0,0,0,0.0,0,6,0.0,3,10,0.2308,4,7,0.3636,0,14,0.0,0,9,0.0,3,11,0.2143,9,14,0.3913
2026-04-03 21:40:20,test_124.jpg,142,16,158,0.1013,12,31,32,2,11,0.1538,1,20,0.0476,6,19,0.24,0,0,0.0,0,0,0.0,0,0,0.0,0,0,0.0,0,0,0.0,0,0,0.0,0,0,0.0,2,10,0.1667,0,0,0.0,0,0,0.0,0,0,0.0,0,0,0.0,0,0,0.0,0,0,0.0,0,0,0.0,0,0,0.0,0,0,0.0,0,0,0.0,0,10,0.0,0,0,0.0,0,0,0.0,0,0,0.0,1,10,0.0909,0,10,0.0,1,12,0.0769,0,9,0.0,1,11,0.0833,0,11,0.0,2,9,0.1818
2026-04-03 21:40:20,test_1240.jpg,131,23,154,0.1494,7,31,32,0,0,0.0,0,0,0.0,0,0,0.0,0,0,0.0,0,0,0.0,0,0,0.0,0,0,0.0,0,0,0.0,0,0,0.0,0,0,0.0,4,17,0.1905,0,0,0.0,0,0,0.0,0,0,0.0,0,0,0.0,0,0,0.0,0,0,0.0,0,0,0.0,0,0,0.0,0,0,0.0,0,0,0.0,2,14,0.125,0,0,0.0,0,0,0.0,0,0,0.0,4,19,0.1739,4,22,0.1538,4,20,0.1667,2,22,0.0833,3,17,0.15,0,0,0.0,0,0,0.0
2026-04-03 21:40:20,test_1241.jpg,156,102,258,0.3953,9,31,32,0,0,0.0,0,0,0.0,0,0,0.0,0,0,0.0,0,0,0.0,0,0,0.0,0,0,0.0,0,0,0.0,0,0,0.0,0,0,0.0,5,15,0.25,0,0,0.0,0,0,0.0,0,0,0.0,0,0,0.0,0,0,0.0,0,0,0.0,0,0,0.0,0,0,0.0,0,0,0.0,0,0,0.0,20,23,0.4651,0,0,0.0,0,0,0.0,0,0,0.0,7,19,0.2692,9,8,0.5294,11,9,0.55,14,17,0.4516,10,18,0.3571,8,22,0.2667,18,25,0.4186
2026-04-03 21:40:20,test_1242.jpg,123,26,149,0.1745,6,31,32,0,0,0.0,0,0,0.0,0,0,0.0,0,0,0.0,0,0,0.0,0,0,0.0,0,0,0.0,0,0,0.0,0,0,0.0,0,0,0.0,0,17,0.0,0,0,0.0,0,0,0.0,0,0,0.0,0,0,0.0,0,0,0.0,0,0,0.0,0,0,0.0,0,0,0.0,0,0,0.0,0,0,0.0,4,13,0.2353,0,0,0.0,0,0,0.0,0,0,0.0,3,23,0.1154,4,24,0.1429,12,25,0.3243,3,21,0.125,0,0,0.0,0,0,0.0,0,0,0.0
2026-04-03 21:40:20,test_1243.jpg,153,48,201,0.2388,12,31,32,0,15,0.0,17,18,0.4857,8,14,0.3636,0,0,0.0,0,0,0.0,0,0,0.0,0,0,0.0,0,0,0.0,0,0,0.0,0,0,0.0,0,8,0.0,0,0,0.0,0,0,0.0,0,0,0.0,0,0,0.0,0,0,0.0,0,0,0.0,0,0,0.0,0,0,0.0,0,0,0.0,0,0,0.0,0,3,0.0,0,0,0.0,0,0,0.0,0,0,0.0,0,0,0.0,7,24,0.2258,1,11,0.0833,1,17,0.0556,5,21,0.1923,6,14,0.3,3,8,0.2727
2026-04-03 21:40:20,test_1244.jpg,252,94,346,0.2717,16,31,32,11,12,0.4783,0,12,0.0,6,16,0.2727,5,21,0.1923,19,16,0.5429,7,17,0.2917,4,21,0.16,0,0,0.0,0,0,0.0,0,0,0.0,5,23,0.1786,0,0,0.0,0,0,0.0,0,0,0.0,0,0,0.0,0,0,0.0,0,0,0.0,0,0,0.0,0,0,0.0,0,0,0.0,0,0,0.0,7,11,0.3889,0,0,0.0,0,0,0.0,0,0,0.0,0,15,0.0,10,17,0.3704,0,12,0.0,5,16,0.2381,9,15,0.375,3,13,0.1875,3,15,0.1667
2026-04-03 21:40:20,test_1245.jpg,147,58,205,0.2829,15,31,32,1,17,0.0556,7,17,0.2917,10,16,0.3846,9,13,0.4091,19,27,0.413,2,1,0.6667,0,0,0.0,0,0,0.0,0,0,0.0,0,0,0.0,0,5,0.0,0,0,0.0,0,0,0.0,0,0,0.0,0,0,0.0,0,0,0.0,0,0,0.0,0,0,0.0,0,0,0.0,0,0,0.0,0,0,0.0,0,0,0.0,0,0,0.0,0,0,0.0,0,0,0.0,0,0,0.0,1,14,0.0667,3,6,0.3333,4,12,0.25,2,5,0.2857,0,7,0.0,0,7,0.0
2026-04-03 21:40:20,test_1246.jpg,153,32,185,0.173,4,31,32,0,0,0.0,0,0,0.0,0,0,0.0,0,0,0.0,0,0,0.0,0,0,0.0,0,0,0.0,0,0,0.0,0,0,0.0,0,0,0.0,7,34,0.1707,0,0,0.0,0,0,0.0,0,0,0.0,0,0,0.0,0,0,0.0,0,0,0.0,0,0,0.0,0,0,0.0,0,0,0.0,0,0,0.0,4,40,0.0909,0,0,0.0,0,0,0.0,0,0,0.0,15,55,0.2143,6,24,0.2,0,0,0.0,0,0,0.0,0,0,0.0,0,0,0.0,0,0,0.0
2026-04-03 21:40:20,test_1247.jpg,126,8,134,0.0597,7,31,32,0,0,0.0,0,0,0.0,0,0,0.0,0,0,0.0,0,0,0.0,0,0,0.0,0,0,0.0,0,0,0.0,0,0,0.0,0,0,0.0,0,17,0.0,0,0,0.0,0,0,0.0,0,0,0.0,0,0,0.0,0,0,0.0,0,0,0.0,0,0,0.0,0,0,0.0,0,0,0.0,0,0,0.0,0,17,0.0,0,0,0.0,0,0,0.0,0,0,0.0,2,13,0.1333,0,20,0.0,0,23,0.0,6,16,0.2727,0,20,0.0,0,0,0.0,0,0,0.0
2026-04-03 21:40:20,test_1248.jpg,109,30,139,0.2158,11,31,32,2,13,0.1333,0,11,0.0,0,0,0.0,0,0,0.0,0,0,0.0,0,0,0.0,0,0,0.0,0,0,0.0,0,0,0.0,0,0,0.0,4,11,0.2667,0,0,0.0,0,0,0.0,0,0,0.0,0,0,0.0,0,0,0.0,0,0,0.0,0,0,0.0,0,0,0.0,0,0,0.0,0,0,0.0,2,12,0.1429,0,0,0.0,0,0,0.0,0,0,0.0,3,5,0.375,1,6,0.1429,5,11,0.3125,1,9,0.1,8,6,0.5714,1,12,0.0769,3,13,0.1875
2026-04-03 21:40:20,test_1249.jpg,118,4,122,0.0328,7,31,32,0,0,0.0,0,0,0.0,0,0,0.0,0,0,0.0,0,0,0.0,0,0,0.0,0,0,0.0,0,0,0.0,0,0,0.0,0,0,0.0,1,7,0.125,0,0,0.0,0,0,0.0,0,0,0.0,0,0,0.0,0,0,0.0,0,0,0.0,0,0,0.0,0,0,0.0,0,0,0.0,0,0,0.0,0,20,0.0,0,0,0.0,0,0,0.0,0,0,0.0,0,14,0.0,0,15,0.0,0,18,0.0,2,29,0.0645,1,15,0.0625,0,0,0.0,0,0,0.0
2026-04-03 21:40:20,test_125.jpg,147,23,170,0.1353,8,31,32,0,0,0.0,0,0,0.0,0,0,0.0,0,0,0.0,0,0,0.0,0,0,0.0,0,0,0.0,0,0,0.0,0,0,0.0,0,0,0.0,6,20,0.2308,0,0,0.0,0,0,0.0,0,0,0.0,0,0,0.0,0,0,0.0,0,0,0.0,0,0,0.0,0,0,0.0,0,0,0.0,0,0,0.0,0,25,0.0,0,0,0.0,0,0,0.0,0,0,0.0,4,17,0.1905,1,15,0.0625,0,19,0.0,4,15,0.2105,3,20,0.1304,5,16,0.2381,0,0,0.0
2026-04-03 21:40:20,test_1250.jpg,164,77,241,0.3195,6,31,32,0,0,0.0,0,0,0.0,0,0,0.0,0,0,0.0,0,0,0.0,0,0,0.0,0,0,0.0,0,0,0.0,0,0,0.0,0,0,0.0,1,19,0.05,0,0,0.0,0,0,0.0,0,0,0.0,0,0,0.0,0,0,0.0,0,0,0.0,0,0,0.0,0,0,0.0,0,0,0.0,0,0,0.0,13,22,0.3714,0,0,0.0,0,0,0.0,0,0,0.0,6,22,0.2143,21,34,0.3818,18,42,0.3,18,25,0.4186,0,0,0.0,0,0,0.0,0,0,0.0
2026-04-03 21:40:20,test_1251.jpg,131,21,152,0.1382,7,31,32,0,0,0.0,0,0,0.0,0,0,0.0,0,0,0.0,0,0,0.0,0,0,0.0,0,0,0.0,0,0,0.0,0,0,0.0,0,0,0.0,1,17,0.0556,0,0,0.0,0,0,0.0,0,0,0.0,0,0,0.0,0,0,0.0,0,0,0.0,0,0,0.0,0,0,0.0,0,0,0.0,0,0,0.0,1,19,0.05,0,0,0.0,0,0,0.0,0,0,0.0,1,16,0.0588,8,23,0.2581,2,17,0.1053,7,17,0.2917,1,22,0.0435,0,0,0.0,0,0,0.0
2026-04-03 21:40:20,test_1252.jpg,160,71,231,0.3074,6,31,32,0,0,0.0,0,0,0.0,0,0,0.0,0,0,0.0,0,0,0.0,0,0,0.0,0,0,0.0,0,0,0.0,0,0,0.0,0,0,0.0,1,22,0.0435,0,0,0.0,0,0,0.0,0,0,0.0,0,0,0.0,0,0,0.0,0,0,0.0,0,0,0.0,0,0,0.0,0,0,0.0,0,0,0.0,16,26,0.381,0,0,0.0,0,0,0.0,0,0,0.0,9,26,0.2571,7,32,0.1795,19,28,0.4043,19,26,0.4222,0,0,0.0,0,0,0.0,0,0,0.0
2026-04-03 21:40:20,test_1253.jpg,207,36,243,0.1481,11,31,32,9,38,0.1915,3,17,0.15,0,0,0.0,0,0,0.0,0,0,0.0,0,0,0.0,0,0,0.0,0,0,0.0,0,0,0.0,0,0,0.0,1,3,0.25,0,0,0.0,0,0,0.0,0,0,0.0,0,0,0.0,0,0,0.0,0,0,0.0,0,0,0.0,0,0,0.0,0,0,0.0,0,0,0.0,2,44,0.0435,0,0,0.0,0,0,0.0,0,0,0.0,11,27,0.2895,4,17,0.1905,3,12,0.2,1,7,0.125,0,7,0.0,1,19,0.05,1,16,0.0588
2026-04-03 21:40:20,test_1254.jpg,124,23,147,0.1565,13,31,32,5,5,0.5,1,12,0.0769,1,13,0.0714,3,7,0.3,0,0,0.0,0,0,0.0,0,0,0.0,0,0,0.0,0,0,0.0,0,0,0.0,3,10,0.2308,0,0,0.0,0,0,0.0,0,0,0.0,0,0,0.0,0,0,0.0,0,0,0.0,0,0,0.0,0,0,0.0,0,0,0.0,0,0,0.0,0,11,0.0,0,0,0.0,0,0,0.0,0,0,0.0,1,9,0.1,2,9,0.1818,0,10,0.0,3,8,0.2727,0,11,0.0,4,7,0.3636,0,12,0.0
2026-04-03 21:40:20,test_1255.jpg,158,29,187,0.1551,6,31,32,0,0,0.0,0,0,0.0,0,0,0.0,0,0,0.0,0,0,0.0,0,0,0.0,0,0,0.0,0,0,0.0,0,0,0.0,0,0,0.0,1,24,0.04,0,0,0.0,0,0,0.0,0,0,0.0,0,0,0.0,0,0,0.0,0,0,0.0,0,0,0.0,0,0,0.0,0,0,0.0,0,0,0.0,0,26,0.0,0,0,0.0,0,0,0.0,0,0,0.0,1,30,0.0323,1,26,0.037,1,26,0.037,25,26,0.4902,0,0,0.0,0,0,0.0,0,0,0.0
2026-04-03 21:40:20,test_1256.jpg,123,54,177,0.3051,6,31,32,0,0,0.0,0,0,0.0,0,0,0.0,0,0,0.0,0,0,0.0,0,0,0.0,0,0,0.0,0,0,0.0,0,0,0.0,0,0,0.0,0,15,0.0,0,0,0.0,0,0,0.0,0,0,0.0,0,0,0.0,0,0,0.0,0,0,0.0,0,0,0.0,0,0,0.0,0,0,0.0,0,0,0.0,1,14,0.0667,0,0,0.0,0,0,0.0,0,0,0.0,8,21,0.2759,4,20,0.1667,8,20,0.2857,33,33,0.5,0,0,0.0,0,0,0.0,0,0,0.0
2026-04-03 21:40:20,test_1257.jpg,216,49,265,0.1849,9,31,32,0,0,0.0,0,0,0.0,0,0,0.0,0,0,0.0,0,0,0.0,0,0,0.0,0,0,0.0,0,0,0.0,0,0,0.0,0,0,0.0,8,21,0.2759,0,0,0.0,0,0,0.0,0,0,0.0,0,0,0.0,0,0,0.0,0,0,0.0,0,0,0.0,0,0,0.0,0,0,0.0,0,0,0.0,9,25,0.2647,0,0,0.0,0,0,0.0,0,0,0.0,4,28,0.125,3,18,0.1429,7,23,0.2333,1,21,0.0455,2,26,0.0714,15,30,0.3333,0,24,0.0
2026-04-03 21:40:20,test_1258.jpg,152,10,162,0.0617,7,31,32,0,0,0.0,0,0,0.0,0,0,0.0,0,0,0.0,0,0,0.0,0,0,0.0,0,0,0.0,0,0,0.0,0,0,0.0,0,0,0.0,0,21,0.0,0,0,0.0,0,0,0.0,0,0,0.0,0,0,0.0,0,0,0.0,0,0,0.0,0,0,0.0,0,0,0.0,0,0,0.0,0,0,0.0,0,16,0.0,0,0,0.0,0,0,0.0,0,0,0.0,0,17,0.0,1,17,0.0556,6,23,0.2069,1,21,0.0455,2,37,0.0513,0,0,0.0,0,0,0.0
2026-04-03 21:40:20,test_1259.jpg,181,183,364,0.5027,3,31,32,0,0,0.0,0,0,0.0,0,0,0.0,0,0,0.0,0,0,0.0,0,0,0.0,0,0,0.0,0,0,0.0,0,0,0.0,0,0,0.0,4,19,0.1739,0,0,0.0,0,0,0.0,0,0,0.0,0,0,0.0,0,0,0.0,0,0,0.0,0,0,0.0,0,0,0.0,0,0,0.0,0,0,0.0,41,92,0.3083,0,0,0.0,0,0,0.0,0,0,0.0,138,70,0.6635,0,0,0.0,0,0,0.0,0,0,0.0,0,0,0.0,0,0,0.0,0,0,0.0
2026-04-03 21:40:20,test_126.jpg,105,6,111,0.0541,7,31,32,0,0,0.0,0,0,0.0,0,0,0.0,0,0,0.0,0,0,0.0,0,0,0.0,0,0,0.0,0,0,0.0,0,0,0.0,0,0,0.0,0,5,0.0,0,0,0.0,0,0,0.0,0,0,0.0,0,0,0.0,0,0,0.0,0,0,0.0,0,0,0.0,0,0,0.0,0,0,0.0,0,0,0.0,0,19,0.0,0,0,0.0,0,0,0.0,0,0,0.0,0,16,0.0,3,18,0.1429,0,15,0.0,2,17,0.1053,1,15,0.0625,0,0,0.0,0,0,0.0
2026-04-03 21:40:20,test_1260.jpg,142,28,170,0.1647,6,31,32,0,0,0.0,0,0,0.0,0,0,0.0,0,0,0.0,0,0,0.0,0,0,0.0,0,0,0.0,0,0,0.0,0,0,0.0,0,0,0.0,0,26,0.0,0,0,0.0,0,0,0.0,0,0,0.0,0,0,0.0,0,0,0.0,0,0,0.0,0,0,0.0,0,0,0.0,0,0,0.0,0,0,0.0,3,28,0.0968,0,0,0.0,0,0,0.0,0,0,0.0,3,33,0.0833,0,18,0.0,13,29,0.3095,9,8,0.5294,0,0,0.0,0,0,0.0,0,0,0.0
2026-04-03 21:40:20,test_1261.jpg,136,37,173,0.2139,6,31,32,0,0,0.0,0,0,0.0,0,0,0.0,0,0,0.0,0,0,0.0,0,0,0.0,0,0,0.0,0,0,0.0,0,0,0.0,0,0,0.0,4,20,0.1667,0,0,0.0,0,0,0.0,0,0,0.0,0,0,0.0,0,0,0.0,0,0,0.0,0,0,0.0,0,0,0.0,0,0,0.0,0,0,0.0,5,27,0.1562,0,0,0.0,0,0,0.0,0,0,0.0,3,22,0.12,13,27,0.325,10,21,0.3226,2,19,0.0952,0,0,0.0,0,0,0.0,0,0,0.0
2026-04-03 21:40:20,test_1262.jpg,100,36,136,0.2647,8,31,32,0,0,0.0,0,0,0.0,0,0,0.0,0,0,0.0,0,0,0.0,0,0,0.0,0,0,0.0,0,0,0.0,0,0,0.0,0,0,0.0,7,8,0.4667,0,0,0.0,0,0,0.0,0,0,0.0,0,0,0.0,0,0,0.0,0,0,0.0,0,0,0.0,0,0,0.0,0,0,0.0,0,0,0.0,9,36,0.2,0,0,0.0,0,0,0.0,0,0,0.0,4,4,0.5,3,10,0.2308,2,10,0.1667,11,14,0.44,0,15,0.0,0,3,0.0,0,0,0.0
2026-04-03 21:40:20,test_1263.jpg,201,28,229,0.1223,3,31,32,0,0,0.0,0,0,0.0,0,0,0.0,0,0,0.0,0,0,0.0,0,0,0.0,0,0,0.0,0,0,0.0,0,0,0.0,0,0,0.0,1,54,0.0182,0,0,0.0,0,0,0.0,0,0,0.0,0,0,0.0,0,0,0.0,0,0,0.0,0,0,0.0,0,0,0.0,0,0,0.0,0,0,0.0,23,119,0.162,0,0,0.0,0,0,0.0,0,0,0.0,4,28,0.125,0,0,0.0,0,0,0.0,0,0,0.0,0,0,0.0,0,0,0.0,0,0,0.0
2026-04-03 21:40:20,test_1264.jpg,202,55,257,0.214,8,31,32,0,0,0.0,0,0,0.0,0,0,0.0,0,0,0.0,0,0,0.0,0,0,0.0,0,0,0.0,0,0,0.0,0,0,0.0,0,0,0.0,23,46,0.3333,0,0,0.0,0,0,0.0,0,0,0.0,0,0,0.0,0,0,0.0,0,0,0.0,0,0,0.0,0,0,0.0,0,0,0.0,0,0,0.0,8,25,0.2424,0,0,0.0,0,0,0.0,0,0,0.0,3,20,0.1304,2,18,0.1,4,21,0.16,6,25,0.1935,9,22,0.2903,0,25,0.0,0,0,0.0
2026-04-03 21:40:20,test_1265.jpg,150,12,162,0.0741,5,31,32,0,0,0.0,0,0,0.0,0,0,0.0,0,0,0.0,0,0,0.0,0,0,0.0,0,0,0.0,0,0,0.0,0,0,0.0,0,0,0.0,1,3,0.25,0,0,0.0,0,0,0.0,0,0,0.0,0,0,0.0,0,0,0.0,0,0,0.0,0,0,0.0,0,0,0.0,0,0,0.0,0,0,0.0,5,47,0.0962,0,0,0.0,0,0,0.0,0,0,0.0,0,29,0.0,6,71,0.0779,0,0,0.0,0,0,0.0,0,0,0.0,0,0,0.0,0,0,0.0
2026-04-03 21:40:20,test_1266.jpg,109,42,151,0.2781,7,31,32,0,0,0.0,0,0,0.0,0,0,0.0,0,0,0.0,0,0,0.0,0,0,0.0,0,0,0.0,0,0,0.0,0,0,0.0,0,0,0.0,8,23,0.2581,0,0,0.0,0,0,0.0,0,0,0.0,0,0,0.0,0,0,0.0,0,0,0.0,0,0,0.0,0,0,0.0,0,0,0.0,0,0,0.0,4,6,0.4,0,0,0.0,0,0,0.0,0,0,0.0,1,7,0.125,8,14,0.3636,7,17,0.2917,6,21,0.2222,8,21,0.2759,0,0,0.0,0,0,0.0
2026-04-03 21:40:20,test_1267.jpg,153,65,218,0.2982,8,31,32,0,0,0.0,0,0,0.0,0,0,0.0,0,0,0.0,0,0,0.0,0,0,0.0,0,0,0.0,0,0,0.0,0,0,0.0,0,0,0.0,6,25,0.1935,0,0,0.0,0,0,0.0,0,0,0.0,0,0,0.0,0,0,0.0,0,0,0.0,0,0,0.0,0,0,0.0,0,0,0.0,0,0,0.0,3,19,0.1364,0,0,0.0,0,0,0.0,0,0,0.0,3,12,0.2,4,11,0.2667,1,12,0.0769,9,18,0.3333,36,43,0.4557,3,13,0.1875,0,0,0.0
2026-04-03 21:40:20,test_1268.jpg,124,14,138,0.1014,7,31,32,0,0,0.0,0,0,0.0,0,0,0.0,0,0,0.0,0,0,0.0,0,0,0.0,0,0,0.0,0,0,0.0,0,0,0.0,0,0,0.0,1,15,0.0625,0,0,0.0,0,0,0.0,0,0,0.0,0,0,0.0,0,0,0.0,0,0,0.0,0,0,0.0,0,0,0.0,0,0,0.0,0,0,0.0,1,15,0.0625,0,0,0.0,0,0,0.0,0,0,0.0,0,19,0.0,3,16,0.1579,0,13,0.0,1,16,0.0588,8,30,0.2105,0,0,0.0,0,0,0.0
2026-04-03 21:40:20,test_1269.jpg,131,15,146,0.1027,6,31,32,0,0,0.0,0,0,0.0,0,0,0.0,0,0,0.0,0,0,0.0,0,0,0.0,0,0,0.0,0,0,0.0,0,0,0.0,0,0,0.0,3,13,0.1875,0,0,0.0,0,0,0.0,0,0,0.0,0,0,0.0,0,0,0.0,0,0,0.0,0,0,0.0,0,0,0.0,0,0,0.0,0,0,0.0,0,16,0.0,0,0,0.0,0,0,0.0,0,0,0.0,0,27,0.0,4,26,0.1333,4,22,0.1538,4,27,0.129,0,0,0.0,0,0,0.0,0,0,0.0
2026-04-03 21:40:20,test_127.jpg,134,40,174,0.2299,7,31,32,0,0,0.0,0,0,0.0,0,0,0.0,0,0,0.0,0,0,0.0,0,0,0.0,0,0,0.0,0,0,0.0,0,0,0.0,0,0,0.0,3,34,0.0811,0,0,0.0,0,0,0.0,0,0,0.0,0,0,0.0,0,0,0.0,0,0,0.0,0,0,0.0,0,0,0.0,0,0,0.0,0,0,0.0,12,26,0.3158,0,0,0.0,0,0,0.0,0,0,0.0,7,13,0.35,2,15,0.1176,3,16,0.1579,0,13,0.0,13,17,0.4333,0,0,0.0,0,0,0.0
2026-04-03 21:40:20,test_1270.jpg,174,55,229,0.2402,12,31,32,5,13,0.2778,9,23,0.2812,1,9,0.1,0,0,0.0,0,0,0.0,0,0,0.0,0,0,0.0,0,0,0.0,0,0,0.0,0,0,0.0,0,13,0.0,0,0,0.0,0,0,0.0,0,0,0.0,0,0,0.0,0,0,0.0,0,0,0.0,0,0,0.0,0,0,0.0,0,0,0.0,0,0,0.0,3,17,0.15,0,0,0.0,0,0,0.0,0,0,0.0,3,12,0.2,6,21,0.2222,6,14,0.3,6,12,0.3333,8,17,0.32,2,14,0.125,6,9,0.4
2026-04-03 21:40:20,test_1271.jpg,127,26,153,0.1699,4,31,32,0,0,0.0,0,0,0.0,0,0,0.0,0,0,0.0,0,0,0.0,0,0,0.0,0,0,0.0,0,0,0.0,0,0,0.0,0,0,0.0,3,9,0.25,0,0,0.0,0,0,0.0,0,0,0.0,0,0,0.0,0,0,0.0,0,0,0.0,0,0,0.0,0,0,0.0,0,0,0.0,0,0,0.0,10,57,0.1493,0,0,0.0,0,0,0.0,0,0,0.0,10,41,0.1961,3,20,0.1304,0,0,0.0,0,0,0.0,0,0,0.0,0,0,0.0,0,0,0.0
2026-04-03 21:40:20,test_1272.jpg,143,37,180,0.2056,6,31,32,0,0,0.0,0,0,0.0,0,0,0.0,0,0,0.0,0,0,0.0,0,0,0.0,0,0,0.0,0,0,0.0,0,0,0.0,0,0,0.0,4,21,0.16,0,0,0.0,0,0,0.0,0,0,0.0,0,0,0.0,0,0,0.0,0,0,0.0,0,0,0.0,0,0,0.0,0,0,0.0,0,0,0.0,0,15,0.0,0,0,0.0,0,0,0.0,0,0,0.0,6,19,0.24,5,20,0.2,12,41,0.2264,10,27,0.2703,0,0,0.0,0,0,0.0,0,0,0.0
2026-04-03 21:40:20,test_1273.jpg,166,28,194,0.1443,13,31,32,0,11,0.0,9,24,0.2727,9,31,0.225,1,11,0.0833,0,0,0.0,0,0,0.0,0,0,0.0,0,0,0.0,0,0,0.0,0,0,0.0,0,4,0.0,0,0,0.0,0,0,0.0,0,0,0.0,0,0,0.0,0,0,0.0,0,0,0.0,0,0,0.0,0,0,0.0,0,0,0.0,0,0,0.0,0,2,0.0,0,0,0.0,0,0,0.0,0,0,0.0,0,14,0.0,0,12,0.0,3,14,0.1765,0,12,0.0,2,10,0.1667,0,10,0.0,4,11,0.2667
2026-04-03 21:40:20,test_1274.jpg,155,97,252,0.3849,7,31,32,0,0,0.0,0,0,0.0,0,0,0.0,0,0,0.0,0,0,0.0,0,0,0.0,0,0,0.0,0,0,0.0,0,0,0.0,0,0,0.0,2,9,0.1818,0,0,0.0,0,0,0.0,0,0,0.0,0,0,0.0,0,0,0.0,0,0,0.0,0,0,0.0,0,0,0.0,0,0,0.0,0,0,0.0,4,27,0.129,0,0,0.0,0,0,0.0,0,0,0.0,9,20,0.3103,15,14,0.5172,24,26,0.48,30,37,0.4478,13,22,0.3714,0,0,0.0,0,0,0.0
2026-04-03 21:40:20,test_1275.jpg,116,5,121,0.0413,6,31,32,0,0,0.0,0,0,0.0,0,0,0.0,0,0,0.0,0,0,0.0,0,0,0.0,0,0,0.0,0,0,0.0,0,0,0.0,0,0,0.0,0,23,0.0,0,0,0.0,0,0,0.0,0,0,0.0,0,0,0.0,0,0,0.0,0,0,0.0,0,0,0.0,0,0,0.0,0,0,0.0,0,0,0.0,4,22,0.1538,0,0,0.0,0,0,0.0,0,0,0.0,0,23,0.0,0,16,0.0,0,17,0.0,1,15,0.0625,0,0,0.0,0,0,0.0,0,0,0.0
2026-04-03 21:40:20,test_1276.jpg,133,33,166,0.1988,6,31,32,0,0,0.0,0,0,0.0,0,0,0.0,0,0,0.0,0,0,0.0,0,0,0.0,0,0,0.0,0,0,0.0,0,0,0.0,0,0,0.0,2,20,0.0909,0,0,0.0,0,0,0.0,0,0,0.0,0,0,0.0,0,0,0.0,0,0,0.0,0,0,0.0,0,0,0.0,0,0,0.0,0,0,0.0,3,19,0.1364,0,0,0.0,0,0,0.0,0,0,0.0,2,16,0.1111,1,17,0.0556,15,38,0.283,10,23,0.303,0,0,0.0,0,0,0.0,0,0,0.0
2026-04-03 21:40:20,test_1277.jpg,111,67,178,0.3764,15,31,32,0,4,0.0,1,5,0.1667,0,4,0.0,2,8,0.2,5,6,0.4545,0,2,0.0,0,0,0.0,0,0,0.0,0,0,0.0,0,0,0.0,0,3,0.0,0,0,0.0,0,0,0.0,0,0,0.0,0,0,0.0,0,0,0.0,0,0,0.0,0,0,0.0,0,0,0.0,0,0,0.0,0,0,0.0,11,12,0.4783,0,0,0.0,0,0,0.0,0,0,0.0,0,0,0.0,1,2,0.3333,8,17,0.32,13,16,0.4483,6,8,0.4286,20,20,0.5,0,4,0.0
2026-04-03 21:40:20,test_1278.jpg,128,8,136,0.0588,6,31,32,0,0,0.0,0,0,0.0,0,0,0.0,0,0,0.0,0,0,0.0,0,0,0.0,0,0,0.0,0,0,0.0,0,0,0.0,0,0,0.0,2,25,0.0741,0,0,0.0,0,0,0.0,0,0,0.0,0,0,0.0,0,0,0.0,0,0,0.0,0,0,0.0,0,0,0.0,0,0,0.0,0,0,0.0,2,21,0.087,0,0,0.0,0,0,0.0,0,0,0.0,2,19,0.0952,2,19,0.0952,0,22,0.0,0,22,0.0,0,0,0.0,0,0,0.0,0,0,0.0
2026-04-03 21:40:20,test_1279.jpg,107,47,154,0.3052,7,31,32,0,0,0.0,0,0,0.0,0,0,0.0,0,0,0.0,0,0,0.0,0,0,0.0,0,0,0.0,0,0,0.0,0,0,0.0,0,0,0.0,3,4,0.4286,0,0,0.0,0,0,0.0,0,0,0.0,0,0,0.0,0,0,0.0,0,0,0.0,0,0,0.0,0,0,0.0,0,0,0.0,0,0,0.0,6,26,0.1875,0,0,0.0,0,0,0.0,0,0,0.0,4,21,0.16,9,11,0.45,5,19,0.2083,20,25,0.4444,0,1,0.0,0,0,0.0,0,0,0.0
2026-04-03 21:40:20,test_128.jpg,126,33,159,0.2075,4,31,32,0,0,0.0,0,0,0.0,0,0,0.0,0,0,0.0,0,0,0.0,0,0,0.0,0,0,0.0,0,0,0.0,0,0,0.0,0,0,0.0,0,27,0.0,0,0,0.0,0,0,0.0,0,0,0.0,0,0,0.0,0,0,0.0,0,0,0.0,0,0,0.0,0,0,0.0,0,0,0.0,0,0,0.0,6,27,0.1818,0,0,0.0,0,0,0.0,0,0,0.0,4,30,0.1176,23,42,0.3538,0,0,0.0,0,0,0.0,0,0,0.0,0,0,0.0,0,0,0.0
2026-04-03 21:40:20,test_1280.jpg,152,45,197,0.2284,8,31,32,0,0,0.0,0,0,0.0,0,0,0.0,0,0,0.0,0,0,0.0,0,0,0.0,0,0,0.0,0,0,0.0,0,0,0.0,0,0,0.0,3,8,0.2727,0,0,0.0,0,0,0.0,0,0,0.0,0,0,0.0,0,0,0.0,0,0,0.0,0,0,0.0,0,0,0.0,0,0,0.0,0,0,0.0,1,13,0.0714,0,0,0.0,0,0,0.0,0,0,0.0,5,10,0.3333,1,16,0.0588,17,24,0.4146,8,24,0.25,0,23,0.0,10,34,0.2273,0,0,0.0
2026-04-03 21:40:20,test_1281.jpg,118,46,164,0.2805,7,31,32,0,0,0.0,0,0,0.0,0,0,0.0,0,0,0.0,0,0,0.0,0,0,0.0,0,0,0.0,0,0,0.0,0,0,0.0,0,0,0.0,2,16,0.1111,0,0,0.0,0,0,0.0,0,0,0.0,0,0,0.0,0,0,0.0,0,0,0.0,0,0,0.0,0,0,0.0,0,0,0.0,0,0,0.0,1,19,0.05,0,0,0.0,0,0,0.0,0,0,0.0,2,11,0.1538,3,11,0.2143,16,32,0.3333,20,21,0.4878,2,8,0.2,0,0,0.0,0,0,0.0
2026-04-03 21:40:20,test_1282.jpg,141,29,170,0.1706,8,31,32,0,0,0.0,0,0,0.0,0,0,0.0,0,0,0.0,0,0,0.0,0,0,0.0,0,0,0.0,0,0,0.0,0,0,0.0,0,0,0.0,4,15,0.2105,0,0,0.0,0,0,0.0,0,0,0.0,0,0,0.0,0,0,0.0,0,0,0.0,0,0,0.0,0,0,0.0,0,0,0.0,0,0,0.0,2,21,0.087,0,0,0.0,0,0,0.0,0,0,0.0,6,17,0.2609,2,19,0.0952,2,17,0.1053,6,21,0.2222,4,17,0.1905,3,14,0.1765,0,0,0.0
2026-04-03 21:40:20,test_1283.jpg,131,50,181,0.2762,6,31,32,0,0,0.0,0,0,0.0,0,0,0.0,0,0,0.0,0,0,0.0,0,0,0.0,0,0,0.0,0,0,0.0,0,0,0.0,0,0,0.0,2,17,0.1053,0,0,0.0,0,0,0.0,0,0,0.0,0,0,0.0,0,0,0.0,0,0,0.0,0,0,0.0,0,0,0.0,0,0,0.0,0,0,0.0,3,18,0.1429,0,0,0.0,0,0,0.0,0,0,0.0,2,24,0.0769,8,15,0.3478,3,14,0.1765,32,43,0.4267,0,0,0.0,0,0,0.0,0,0,0.0
2026-04-03 21:40:20,test_1284.jpg,174,45,219,0.2055,8,31,32,0,0,0.0,0,0,0.0,0,0,0.0,0,0,0.0,0,0,0.0,0,0,0.0,0,0,0.0,0,0,0.0,0,0,0.0,0,0,0.0,9,35,0.2045,0,0,0.0,0,0,0.0,0,0,0.0,0,0,0.0,0,0,0.0,0,0,0.0,0,0,0.0,0,0,0.0,0,0,0.0,0,0,0.0,3,12,0.2,0,0,0.0,0,0,0.0,0,0,0.0,2,16,0.1111,8,23,0.2581,3,21,0.125,6,20,0.2308,2,18,0.1,12,29,0.2927,0,0,0.0
2026-04-03 21:40:20,test_1285.jpg,164,73,237,0.308,7,31,32,0,0,0.0,0,0,0.0,0,0,0.0,0,0,0.0,0,0,0.0,0,0,0.0,0,0,0.0,0,0,0.0,0,0,0.0,0,0,0.0,6,12,0.3333,0,0,0.0,0,0,0.0,0,0,0.0,0,0,0.0,0,0,0.0,0,0,0.0,0,0,0.0,0,0,0.0,0,0,0.0,0,0,0.0,14,40,0.2593,0,0,0.0,0,0,0.0,0,0,0.0,0,22,0.0,14,15,0.4828,16,31,0.3404,19,28,0.4043,4,16,0.2,0,0,0.0,0,0,0.0
2026-04-03 21:40:20,test_1286.jpg,148,13,161,0.0807,5,31,32,0,0,0.0,0,0,0.0,0,0,0.0,0,0,0.0,0,0,0.0,0,0,0.0,0,0,0.0,0,0,0.0,0,0,0.0,0,0,0.0,0,35,0.0,0,0,0.0,0,0,0.0,0,0,0.0,0,0,0.0,0,0,0.0,0,0,0.0,0,0,0.0,0,0,0.0,0,0,0.0,0,0,0.0,2,38,0.05,0,0,0.0,0,0,0.0,0,0,0.0,8,23,0.2581,3,29,0.0938,0,23,0.0,0,0,0.0,0,0,0.0,0,0,0.0,0,0,0.0
2026-04-03 21:40:20,test_1287.jpg,97,21,118,0.178,5,31,32,0,0,0.0,0,0,0.0,0,0,0.0,0,0,0.0,0,0,0.0,0,0,0.0,0,0,0.0,0,0,0.0,0,0,0.0,0,0,0.0,0,6,0.0,0,0,0.0,0,0,0.0,0,0,0.0,0,0,0.0,0,0,0.0,0,0,0.0,0,0,0.0,0,0,0.0,0,0,0.0,0,0,0.0,4,28,0.125,0,0,0.0,0,0,0.0,0,0,0.0,10,31,0.2439,7,26,0.2121,0,6,0.0,0,0,0.0,0,0,0.0,0,0,0.0,0,0,0.0
2026-04-03 21:40:20,test_1288.jpg,151,26,177,0.1469,7,31,32,0,0,0.0,0,0,0.0,0,0,0.0,0,0,0.0,0,0,0.0,0,0,0.0,0,0,0.0,0,0,0.0,0,0,0.0,0,0,0.0,3,14,0.1765,0,0,0.0,0,0,0.0,0,0,0.0,0,0,0.0,0,0,0.0,0,0,0.0,0,0,0.0,0,0,0.0,0,0,0.0,0,0,0.0,4,20,0.1667,0,0,0.0,0,0,0.0,0,0,0.0,6,20,0.2308,1,26,0.037,3,30,0.0909,4,20,0.1667,5,21,0.1923,0,0,0.0,0,0,0.0
2026-04-03 21:40:20,test_1289.jpg,172,93,265,0.3509,6,31,32,0,0,0.0,0,0,0.0,0,0,0.0,0,0,0.0,0,0,0.0,0,0,0.0,0,0,0.0,0,0,0.0,0,0,0.0,0,0,0.0,8,31,0.2051,0,0,0.0,0,0,0.0,0,0,0.0,0,0,0.0,0,0,0.0,0,0,0.0,0,0,0.0,0,0,0.0,0,0,0.0,0,0,0.0,13,26,0.3333,0,0,0.0,0,0,0.0,0,0,0.0,17,28,0.3778,18,27,0.4,13,31,0.2955,24,29,0.4528,0,0,0.0,0,0,0.0,0,0,0.0
2026-04-03 21:40:20,test_129.jpg,300,59,359,0.1643,9,31,32,0,0,0.0,0,0,0.0,0,0,0.0,0,0,0.0,0,0,0.0,0,0,0.0,0,0,0.0,0,0,0.0,0,0,0.0,0,0,0.0,11,44,0.2,0,0,0.0,0,0,0.0,0,0,0.0,0,0,0.0,0,0,0.0,0,0,0.0,0,0,0.0,0,0,0.0,0,0,0.0,0,0,0.0,21,37,0.3621,0,0,0.0,0,0,0.0,0,0,0.0,6,34,0.15,5,32,0.1351,12,40,0.2308,1,31,0.0312,2,30,0.0625,1,52,0.0189,0,0,0.0
2026-04-03 21:40:20,test_1290.jpg,210,42,252,0.1667,5,31,32,0,0,0.0,0,0,0.0,0,0,0.0,0,0,0.0,0,0,0.0,0,0,0.0,0,0,0.0,0,0,0.0,0,0,0.0,0,0,0.0,8,28,0.2222,0,0,0.0,0,0,0.0,0,0,0.0,0,0,0.0,0,0,0.0,0,0,0.0,0,0,0.0,0,0,0.0,0,0,0.0,0,0,0.0,9,62,0.1268,0,0,0.0,0,0,0.0,0,0,0.0,3,37,0.075,14,58,0.1944,8,25,0.2424,0,0,0.0,0,0,0.0,0,0,0.0,0,0,0.0
2026-04-03 21:40:20,test_1291.jpg,223,64,287,0.223,7,31,32,0,0,0.0,0,0,0.0,0,0,0.0,0,0,0.0,0,0,0.0,0,0,0.0,0,0,0.0,0,0,0.0,0,0,0.0,0,0,0.0,0,0,0.0,0,0,0.0,0,0,0.0,0,0,0.0,0,0,0.0,0,0,0.0,0,0,0.0,0,0,0.0,0,0,0.0,0,0,0.0,0,0,0.0,19,72,0.2088,0,0,0.0,0,0,0.0,0,0,0.0,6,36,0.1429,14,35,0.2857,9,31,0.225,16,48,0.25,0,1,0.0,0,0,0.0,0,0,0.0
2026-04-03 21:40:20,test_1292.jpg,143,59,202,0.2921,7,31,32,0,0,0.0,0,0,0.0,0,0,0.0,0,0,0.0,0,0,0.0,0,0,0.0,0,0,0.0,0,0,0.0,0,0,0.0,0,0,0.0,2,23,0.08,0,0,0.0,0,0,0.0,0,0,0.0,0,0,0.0,0,0,0.0,0,0,0.0,0,0,0.0,0,0,0.0,0,0,0.0,0,0,0.0,1,18,0.0526,0,0,0.0,0,0,0.0,0,0,0.0,4,21,0.16,5,23,0.1786,8,13,0.381,6,17,0.2609,33,28,0.541,0,0,0.0,0,0,0.0
2026-04-03 21:40:20,test_1293.jpg,134,9,143,0.0629,7,31,32,0,0,0.0,0,0,0.0,0,0,0.0,0,0,0.0,0,0,0.0,0,0,0.0,0,0,0.0,0,0,0.0,0,0,0.0,0,0,0.0,1,18,0.0526,0,0,0.0,0,0,0.0,0,0,0.0,0,0,0.0,0,0,0.0,0,0,0.0,0,0,0.0,0,0,0.0,0,0,0.0,0,0,0.0,1,18,0.0526,0,0,0.0,0,0,0.0,0,0,0.0,0,19,0.0,1,19,0.05,4,19,0.1739,2,21,0.087,0,20,0.0,0,0,0.0,0,0,0.0
2026-04-03 21:40:20,test_1294.jpg,205,27,232,0.1164,5,31,32,0,0,0.0,0,0,0.0,0,0,0.0,0,0,0.0,0,0,0.0,0,0,0.0,0,0,0.0,0,0,0.0,0,0,0.0,0,0,0.0,2,15,0.1176,0,0,0.0,0,0,0.0,0,0,0.0,0,0,0.0,0,0,0.0,0,0,0.0,0,0,0.0,0,0,0.0,0,0,0.0,0,0,0.0,8,63,0.1127,0,0,0.0,0,0,0.0,0,0,0.0,4,37,0.0976,13,90,0.1262,0,0,0.0,0,0,0.0,0,0,0.0,0,0,0.0,0,0,0.0
2026-04-03 21:40:20,test_1295.jpg,157,0,157,0.0,7,31,32,0,0,0.0,0,0,0.0,0,0,0.0,0,0,0.0,0,0,0.0,0,0,0.0,0,0,0.0,0,0,0.0,0,0,0.0,0,0,0.0,0,18,0.0,0,0,0.0,0,0,0.0,0,0,0.0,0,0,0.0,0,0,0.0,0,0,0.0,0,0,0.0,0,0,0.0,0,0,0.0,0,0,0.0,0,17,0.0,0,0,0.0,0,0,0.0,0,0,0.0,0,18,0.0,0,23,0.0,0,23,0.0,0,27,0.0,0,31,0.0,0,0,0.0,0,0,0.0
2026-04-03 21:40:20,test_1296.jpg,189,105,294,0.3571,6,31,32,0,0,0.0,0,0,0.0,0,0,0.0,0,0,0.0,0,0,0.0,0,0,0.0,0,0,0.0,0,0,0.0,0,0,0.0,0,0,0.0,17,23,0.425,0,0,0.0,0,0,0.0,0,0,0.0,0,0,0.0,0,0,0.0,0,0,0.0,0,0,0.0,0,0,0.0,0,0,0.0,0,0,0.0,15,28,0.3488,0,0,0.0,0,0,0.0,0,0,0.0,15,30,0.3333,20,35,0.3636,20,36,0.3571,18,37,0.3273,0,0,0.0,0,0,0.0,0,0,0.0
2026-04-03 21:40:20,test_1297.jpg,123,53,176,0.3011,7,31,32,0,0,0.0,0,0,0.0,0,0,0.0,0,0,0.0,0,0,0.0,0,0,0.0,0,0,0.0,0,0,0.0,0,0,0.0,0,0,0.0,2,15,0.1176,0,0,0.0,0,0,0.0,0,0,0.0,0,0,0.0,0,0,0.0,0,0,0.0,0,0,0.0,0,0,0.0,0,0,0.0,0,0,0.0,4,15,0.2105,0,0,0.0,0,0,0.0,0,0,0.0,2,15,0.1176,6,17,0.2609,10,22,0.3125,6,22,0.2143,23,17,0.575,0,0,0.0,0,0,0.0
2026-04-03 21:40:20,test_1298.jpg,126,19,145,0.131,8,31,32,0,0,0.0,0,0,0.0,0,0,0.0,0,0,0.0,0,0,0.0,0,0,0.0,0,0,0.0,0,0,0.0,0,0,0.0,0,0,0.0,1,10,0.0909,0,0,0.0,0,0,0.0,0,0,0.0,0,0,0.0,0,0,0.0,0,0,0.0,0,0,0.0,0,0,0.0,0,0,0.0,0,0,0.0,7,34,0.1707,0,0,0.0,0,0,0.0,0,0,0.0,2,22,0.0833,1,10,0.0909,1,13,0.0714,2,11,0.1538,2,15,0.1176,3,11,0.2143,0,0,0.0
2026-04-03 21:40:20,test_1299.jpg,132,13,145,0.0897,8,31,32,0,0,0.0,0,0,0.0,0,0,0.0,0,0,0.0,0,0,0.0,0,0,0.0,0,0,0.0,0,0,0.0,0,0,0.0,0,0,0.0,0,17,0.0,0,0,0.0,0,0,0.0,0,0,0.0,0,0,0.0,0,0,0.0,0,0,0.0,0,0,0.0,0,0,0.0,0,0,0.0,0,0,0.0,1,25,0.0385,0,0,0.0,0,0,0.0,0,0,0.0,0,17,0.0,4,9,0.3077,1,17,0.0556,3,14,0.1765,2,17,0.1053,2,16,0.1111,0,0,0.0
2026-04-03 21:40:20,test_13.jpg,121,49,170,0.2882,10,31,32,4,7,0.3636,0,0,0.0,0,0,0.0,0,0,0.0,0,0,0.0,0,0,0.0,0,0,0.0,0,0,0.0,0,0,0.0,0,0,0.0,3,3,0.5,0,0,0.0,0,0,0.0,0,0,0.0,0,0,0.0,0,0,0.0,0,0,0.0,0,0,0.0,0,0,0.0,0,0,0.0,0,0,0.0,0,14,0.0,0,0,0.0,0,0,0.0,0,0,0.0,0,12,0.0,4,9,0.3077,3,12,0.2,4,11,0.2667,5,10,0.3333,8,14,0.3636,18,29,0.383
2026-04-03 21:40:20,test_130.jpg,144,31,175,0.1771,8,31,32,0,0,0.0,0,0,0.0,0,0,0.0,0,0,0.0,0,0,0.0,0,0,0.0,0,0,0.0,0,0,0.0,0,0,0.0,0,0,0.0,4,16,0.2,0,0,0.0,0,0,0.0,0,0,0.0,0,0,0.0,0,0,0.0,0,0,0.0,0,0,0.0,0,0,0.0,0,0,0.0,0,0,0.0,12,46,0.2069,0,0,0.0,0,0,0.0,0,0,0.0,2,22,0.0833,3,19,0.1364,2,18,0.1,0,0,0.0,8,23,0.2581,0,0,0.0,0,0,0.0
2026-04-03 21:40:20,test_1300.jpg,135,40,175,0.2286,7,31,32,0,0,0.0,0,0,0.0,0,0,0.0,0,0,0.0,0,0,0.0,0,0,0.0,0,0,0.0,0,0,0.0,0,0,0.0,0,0,0.0,0,11,0.0,0,0,0.0,0,0,0.0,0,0,0.0,0,0,0.0,0,0,0.0,0,0,0.0,0,0,0.0,0,0,0.0,0,0,0.0,0,0,0.0,6,18,0.25,0,0,0.0,0,0,0.0,0,0,0.0,0,20,0.0,8,23,0.2581,0,16,0.0,12,22,0.3529,14,25,0.359,0,0,0.0,0,0,0.0
2026-04-03 21:40:20,test_1301.jpg,160,17,177,0.096,8,31,32,0,0,0.0,0,0,0.0,0,0,0.0,0,0,0.0,0,0,0.0,0,0,0.0,0,0,0.0,0,0,0.0,0,0,0.0,0,0,0.0,3,20,0.1304,0,0,0.0,0,0,0.0,0,0,0.0,0,0,0.0,0,0,0.0,0,0,0.0,0,0,0.0,0,0,0.0,0,0,0.0,0,0,0.0,2,19,0.0952,0,0,0.0,0,0,0.0,0,0,0.0,1,18,0.0526,1,20,0.0476,5,23,0.1786,0,17,0.0,4,19,0.1739,1,24,0.04,0,0,0.0
2026-04-03 21:40:20,test_1302.jpg,150,31,181,0.1713,7,31,32,0,0,0.0,0,0,0.0,0,0,0.0,0,0,0.0,0,0,0.0,0,0,0.0,0,0,0.0,0,0,0.0,0,0,0.0,0,0,0.0,11,23,0.3235,0,0,0.0,0,0,0.0,0,0,0.0,0,0,0.0,0,0,0.0,0,0,0.0,0,0,0.0,0,0,0.0,0,0,0.0,0,0,0.0,1,18,0.0526,0,0,0.0,0,0,0.0,0,0,0.0,6,18,0.25,3,21,0.125,1,26,0.037,6,23,0.2069,3,21,0.125,0,0,0.0,0,0,0.0
2026-04-03 21:40:20,test_1303.jpg,153,30,183,0.1639,4,31,32,0,0,0.0,0,0,0.0,0,0,0.0,0,0,0.0,0,0,0.0,0,0,0.0,0,0,0.0,0,0,0.0,0,0,0.0,0,0,0.0,18,43,0.2951,0,0,0.0,0,0,0.0,0,0,0.0,0,0,0.0,0,0,0.0,0,0,0.0,0,0,0.0,0,0,0.0,0,0,0.0,0,0,0.0,6,29,0.1714,0,0,0.0,0,0,0.0,0,0,0.0,6,52,0.1034,0,29,0.0,0,0,0.0,0,0,0.0,0,0,0.0,0,0,0.0,0,0,0.0
2026-04-03 21:40:20,test_1304.jpg,127,2,129,0.0155,5,31,32,0,0,0.0,0,0,0.0,0,0,0.0,0,0,0.0,0,0,0.0,0,0,0.0,0,0,0.0,0,0,0.0,0,0,0.0,0,0,0.0,0,20,0.0,0,0,0.0,0,0,0.0,0,0,0.0,0,0,0.0,0,0,0.0,0,0,0.0,0,0,0.0,0,0,0.0,0,0,0.0,0,0,0.0,0,26,0.0,0,0,0.0,0,0,0.0,0,0,0.0,1,27,0.0357,1,26,0.037,0,28,0.0,0,0,0.0,0,0,0.0,0,0,0.0,0,0,0.0
2026-04-03 21:40:20,test_1305.jpg,95,7,102,0.0686,5,31,32,0,0,0.0,0,0,0.0,0,0,0.0,0,0,0.0,0,0,0.0,0,0,0.0,0,0,0.0,0,0,0.0,0,0,0.0,0,0,0.0,1,20,0.0476,0,0,0.0,0,0,0.0,0,0,0.0,0,0,0.0,0,0,0.0,0,0,0.0,0,0,0.0,0,0,0.0,0,0,0.0,0,0,0.0,1,17,0.0556,0,0,0.0,0,0,0.0,0,0,0.0,0,20,0.0,3,19,0.1364,2,19,0.0952,0,0,0.0,0,0,0.0,0,0,0.0,0,0,0.0
2026-04-03 21:40:20,test_1306.jpg,141,6,147,0.0408,7,31,32,0,0,0.0,0,0,0.0,0,0,0.0,0,0,0.0,0,0,0.0,0,0,0.0,0,0,0.0,0,0,0.0,0,0,0.0,0,0,0.0,5,17,0.2273,0,0,0.0,0,0,0.0,0,0,0.0,0,0,0.0,0,0,0.0,0,0,0.0,0,0,0.0,0,0,0.0,0,0,0.0,0,0,0.0,1,20,0.0476,0,0,0.0,0,0,0.0,0,0,0.0,0,19,0.0,0,22,0.0,0,20,0.0,0,22,0.0,0,21,0.0,0,0,0.0,0,0,0.0
2026-04-03 21:40:20,test_1307.jpg,133,38,171,0.2222,6,31,32,0,0,0.0,0,0,0.0,0,0,0.0,0,0,0.0,0,0,0.0,0,0,0.0,0,0,0.0,0,0,0.0,0,0,0.0,0,0,0.0,2,13,0.1333,0,0,0.0,0,0,0.0,0,0,0.0,0,0,0.0,0,0,0.0,0,0,0.0,0,0,0.0,0,0,0.0,0,0,0.0,0,0,0.0,7,29,0.1944,0,0,0.0,0,0,0.0,0,0,0.0,10,22,0.3125,9,27,0.25,9,38,0.1915,1,4,0.2,0,0,0.0,0,0,0.0,0,0,0.0
2026-04-03 21:40:20,test_1308.jpg,125,8,133,0.0602,6,31,32,0,0,0.0,0,0,0.0,0,0,0.0,0,0,0.0,0,0,0.0,0,0,0.0,0,0,0.0,0,0,0.0,0,0,0.0,0,0,0.0,0,23,0.0,0,0,0.0,0,0,0.0,0,0,0.0,0,0,0.0,0,0,0.0,0,0,0.0,0,0,0.0,0,0,0.0,0,0,0.0,0,0,0.0,3,26,0.1034,0,0,0.0,0,0,0.0,0,0,0.0,1,19,0.05,2,30,0.0625,1,16,0.0588,1,11,0.0833,0,0,0.0,0,0,0.0,0,0,0.0
2026-04-03 21:40:20,test_1309.jpg,126,21,147,0.1429,6,31,32,0,0,0.0,0,0,0.0,0,0,0.0,0,0,0.0,0,0,0.0,0,0,0.0,0,0,0.0,0,0,0.0,0,0,0.0,0,0,0.0,8,20,0.2857,0,0,0.0,0,0,0.0,0,0,0.0,0,0,0.0,0,0,0.0,0,0,0.0,0,0,0.0,0,0,0.0,0,0,0.0,0,0,0.0,3,23,0.1154,0,0,0.0,0,0,0.0,0,0,0.0,1,22,0.0435,3,22,0.12,3,21,0.125,3,18,0.1429,0,0,0.0,0,0,0.0,0,0,0.0
2026-04-03 21:40:20,test_131.jpg,150,24,174,0.1379,6,31,32,0,0,0.0,0,0,0.0,0,0,0.0,0,0,0.0,0,0,0.0,0,0,0.0,0,0,0.0,0,0,0.0,0,0,0.0,0,0,0.0,8,16,0.3333,0,0,0.0,0,0,0.0,0,0,0.0,0,0,0.0,0,0,0.0,0,0,0.0,0,0,0.0,0,0,0.0,0,0,0.0,0,0,0.0,9,35,0.2045,0,0,0.0,0,0,0.0,0,0,0.0,1,24,0.04,4,27,0.129,2,28,0.0667,0,20,0.0,0,0,0.0,0,0,0.0,0,0,0.0
2026-04-03 21:40:20,test_1310.jpg,129,21,150,0.14,15,31,32,0,9,0.0,6,8,0.4286,0,8,0.0,4,14,0.2222,1,9,0.1,4,7,0.3636,0,0,0.0,0,0,0.0,0,0,0.0,0,0,0.0,0,3,0.0,0,0,0.0,0,0,0.0,0,0,0.0,0,0,0.0,0,0,0.0,0,0,0.0,0,0,0.0,0,0,0.0,0,0,0.0,0,0,0.0,0,0,0.0,0,0,0.0,0,0,0.0,0,0,0.0,2,11,0.1538,0,11,0.0,1,11,0.0833,0,11,0.0,0,9,0.0,0,10,0.0,3,8,0.2727
2026-04-03 21:40:20,test_1311.jpg,118,33,151,0.2185,7,31,32,0,0,0.0,0,0,0.0,0,0,0.0,0,0,0.0,0,0,0.0,0,0,0.0,0,0,0.0,0,0,0.0,0,0,0.0,0,0,0.0,4,17,0.1905,0,0,0.0,0,0,0.0,0,0,0.0,0,0,0.0,0,0,0.0,0,0,0.0,0,0,0.0,0,0,0.0,0,0,0.0,0,0,0.0,2,18,0.1,0,0,0.0,0,0,0.0,0,0,0.0,5,20,0.2,5,18,0.2174,7,16,0.3043,6,16,0.2727,4,13,0.2353,0,0,0.0,0,0,0.0
2026-04-03 21:40:20,test_1312.jpg,125,23,148,0.1554,6,31,32,0,0,0.0,0,0,0.0,0,0,0.0,0,0,0.0,0,0,0.0,0,0,0.0,0,0,0.0,0,0,0.0,0,0,0.0,0,0,0.0,3,19,0.1364,0,0,0.0,0,0,0.0,0,0,0.0,0,0,0.0,0,0,0.0,0,0,0.0,0,0,0.0,0,0,0.0,0,0,0.0,0,0,0.0,2,17,0.1053,0,0,0.0,0,0,0.0,0,0,0.0,6,18,0.25,8,24,0.25,4,25,0.1379,0,22,0.0,0,0,0.0,0,0,0.0,0,0,0.0
2026-04-03 21:40:20,test_1313.jpg,124,16,140,0.1143,6,31,32,0,0,0.0,0,0,0.0,0,0,0.0,0,0,0.0,0,0,0.0,0,0,0.0,0,0,0.0,0,0,0.0,0,0,0.0,0,0,0.0,2,15,0.1176,0,0,0.0,0,0,0.0,0,0,0.0,0,0,0.0,0,0,0.0,0,0,0.0,0,0,0.0,0,0,0.0,0,0,0.0,0,0,0.0,5,18,0.2174,0,0,0.0,0,0,0.0,0,0,0.0,1,19,0.05,7,27,0.2059,1,23,0.0417,0,22,0.0,0,0,0.0,0,0,0.0,0,0,0.0
2026-04-03 21:40:20,test_1314.jpg,121,14,135,0.1037,6,31,32,0,0,0.0,0,0,0.0,0,0,0.0,0,0,0.0,0,0,0.0,0,0,0.0,0,0,0.0,0,0,0.0,0,0,0.0,0,0,0.0,2,15,0.1176,0,0,0.0,0,0,0.0,0,0,0.0,0,0,0.0,0,0,0.0,0,0,0.0,0,0,0.0,0,0,0.0,0,0,0.0,0,0,0.0,3,13,0.1875,0,0,0.0,0,0,0.0,0,0,0.0,2,18,0.1,2,15,0.1176,4,39,0.093,1,21,0.0455,0,0,0.0,0,0,0.0,0,0,0.0
2026-04-03 21:40:20,test_1315.jpg,187,124,311,0.3987,6,31,32,0,0,0.0,0,0,0.0,0,0,0.0,0,0,0.0,0,0,0.0,0,0,0.0,0,0,0.0,0,0,0.0,0,0,0.0,0,0,0.0,0,15,0.0,0,0,0.0,0,0,0.0,0,0,0.0,0,0,0.0,0,0,0.0,0,0,0.0,0,0,0.0,0,0,0.0,0,0,0.0,0,0,0.0,0,29,0.0,0,0,0.0,0,0,0.0,0,0,0.0,4,37,0.0976,39,37,0.5132,59,44,0.5728,22,25,0.4681,0,0,0.0,0,0,0.0,0,0,0.0
2026-04-03 21:40:20,test_1316.jpg,190,18,208,0.0865,8,31,32,0,0,0.0,0,0,0.0,0,0,0.0,0,0,0.0,0,0,0.0,0,0,0.0,0,0,0.0,0,0,0.0,0,0,0.0,0,0,0.0,3,19,0.1364,0,0,0.0,0,0,0.0,0,0,0.0,0,0,0.0,0,0,0.0,0,0,0.0,0,0,0.0,0,0,0.0,0,0,0.0,0,0,0.0,3,23,0.1154,0,0,0.0,0,0,0.0,0,0,0.0,3,30,0.0909,1,24,0.04,0,25,0.0,0,24,0.0,0,21,0.0,8,24,0.25,0,0,0.0
2026-04-03 21:40:20,test_1317.jpg,164,39,203,0.1921,8,31,32,0,0,0.0,0,0,0.0,0,0,0.0,0,0,0.0,0,0,0.0,0,0,0.0,0,0,0.0,0,0,0.0,0,0,0.0,0,0,0.0,2,21,0.087,0,0,0.0,0,0,0.0,0,0,0.0,0,0,0.0,0,0,0.0,0,0,0.0,0,0,0.0,0,0,0.0,0,0,0.0,0,0,0.0,1,21,0.0455,0,0,0.0,0,0,0.0,0,0,0.0,12,33,0.2667,5,22,0.1852,5,16,0.2381,4,15,0.2105,3,17,0.15,7,19,0.2692,0,0,0.0
2026-04-03 21:40:20,test_1318.jpg,127,24,151,0.1589,6,31,32,0,0,0.0,0,0,0.0,0,0,0.0,0,0,0.0,0,0,0.0,0,0,0.0,0,0,0.0,0,0,0.0,0,0,0.0,0,0,0.0,4,18,0.1818,0,0,0.0,0,0,0.0,0,0,0.0,0,0,0.0,0,0,0.0,0,0,0.0,0,0,0.0,0,0,0.0,0,0,0.0,0,0,0.0,5,17,0.2273,0,0,0.0,0,0,0.0,0,0,0.0,2,19,0.0952,0,34,0.0,6,19,0.24,7,20,0.2593,0,0,0.0,0,0,0.0,0,0,0.0
2026-04-03 21:40:20,test_1319.jpg,161,20,181,0.1105,12,31,32,3,10,0.2308,5,11,0.3125,0,10,0.0,0,0,0.0,0,0,0.0,0,0,0.0,0,0,0.0,0,0,0.0,0,0,0.0,0,0,0.0,0,12,0.0,0,0,0.0,0,0,0.0,0,0,0.0,0,0,0.0,0,0,0.0,0,0,0.0,0,0,0.0,0,0,0.0,0,0,0.0,0,0,0.0,0,16,0.0,0,0,0.0,0,0,0.0,0,0,0.0,1,15,0.0625,0,16,0.0,0,16,0.0,0,15,0.0,1,18,0.0526,2,14,0.125,8,8,0.5
2026-04-03 21:40:20,test_132.jpg,48,12,60,0.2,4,31,32,0,0,0.0,0,0,0.0,0,0,0.0,0,0,0.0,0,0,0.0,0,0,0.0,0,0,0.0,0,0,0.0,0,0,0.0,0,0,0.0,5,12,0.2941,0,0,0.0,0,0,0.0,0,0,0.0,0,0,0.0,0,0,0.0,0,0,0.0,0,0,0.0,0,0,0.0,0,0,0.0,0,0,0.0,1,16,0.0588,0,0,0.0,0,0,0.0,0,0,0.0,6,20,0.2308,0,0,0.0,0,0,0.0,0,0,0.0,0,0,0.0,0,0,0.0,0,0,0.0
2026-04-03 21:40:20,test_1320.jpg,125,9,134,0.0672,7,31,32,0,0,0.0,0,0,0.0,0,0,0.0,0,0,0.0,0,0,0.0,0,0,0.0,0,0,0.0,0,0,0.0,0,0,0.0,0,0,0.0,1,14,0.0667,0,0,0.0,0,0,0.0,0,0,0.0,0,0,0.0,0,0,0.0,0,0,0.0,0,0,0.0,0,0,0.0,0,0,0.0,0,0,0.0,1,14,0.0667,0,0,0.0,0,0,0.0,0,0,0.0,0,18,0.0,0,17,0.0,3,20,0.1304,2,18,0.1,2,24,0.0769,0,0,0.0,0,0,0.0
2026-04-03 21:40:20,test_1321.jpg,276,203,479,0.4238,4,31,32,0,0,0.0,0,0,0.0,0,0,0.0,0,0,0.0,0,0,0.0,0,0,0.0,0,0,0.0,0,0,0.0,0,0,0.0,0,0,0.0,8,32,0.2,0,0,0.0,0,0,0.0,0,0,0.0,0,0,0.0,0,0,0.0,0,0,0.0,0,0,0.0,0,0,0.0,0,0,0.0,0,0,0.0,36,111,0.2449,0,0,0.0,0,0,0.0,0,0,0.0,122,92,0.5701,37,41,0.4744,0,0,0.0,0,0,0.0,0,0,0.0,0,0,0.0,0,0,0.0
2026-04-03 21:40:20,test_1322.jpg,129,12,141,0.0851,6,31,32,0,0,0.0,0,0,0.0,0,0,0.0,0,0,0.0,0,0,0.0,0,0,0.0,0,0,0.0,0,0,0.0,0,0,0.0,0,0,0.0,0,15,0.0,0,0,0.0,0,0,0.0,0,0,0.0,0,0,0.0,0,0,0.0,0,0,0.0,0,0,0.0,0,0,0.0,0,0,0.0,0,0,0.0,0,13,0.0,0,0,0.0,0,0,0.0,0,0,0.0,0,19,0.0,5,29,0.1471,7,34,0.1707,0,19,0.0,0,0,0.0,0,0,0.0,0,0,0.0
2026-04-03 21:40:20,test_1323.jpg,167,56,223,0.2511,6,31,32,0,0,0.0,0,0,0.0,0,0,0.0,0,0,0.0,0,0,0.0,0,0,0.0,0,0,0.0,0,0,0.0,0,0,0.0,0,0,0.0,5,19,0.2083,0,0,0.0,0,0,0.0,0,0,0.0,0,0,0.0,0,0,0.0,0,0,0.0,0,0,0.0,0,0,0.0,0,0,0.0,0,0,0.0,11,21,0.3438,0,0,0.0,0,0,0.0,0,0,0.0,9,23,0.2812,9,34,0.2093,13,41,0.2407,9,29,0.2368,0,0,0.0,0,0,0.0,0,0,0.0
2026-04-03 21:40:20,test_1324.jpg,150,39,189,0.2063,8,31,32,0,0,0.0,0,0,0.0,0,0,0.0,0,0,0.0,0,0,0.0,0,0,0.0,0,0,0.0,0,0,0.0,0,0,0.0,0,0,0.0,0,12,0.0,0,0,0.0,0,0,0.0,0,0,0.0,0,0,0.0,0,0,0.0,0,0,0.0,0,0,0.0,0,0,0.0,0,0,0.0,0,0,0.0,0,18,0.0,0,0,0.0,0,0,0.0,0,0,0.0,3,14,0.1765,2,19,0.0952,6,14,0.3,11,20,0.3548,9,31,0.225,8,22,0.2667,0,0,0.0
2026-04-03 21:40:20,test_1325.jpg,166,87,253,0.3439,4,31,32,0,0,0.0,0,0,0.0,0,0,0.0,0,0,0.0,0,0,0.0,0,0,0.0,0,0,0.0,0,0,0.0,0,0,0.0,0,0,0.0,1,19,0.05,0,0,0.0,0,0,0.0,0,0,0.0,0,0,0.0,0,0,0.0,0,0,0.0,0,0,0.0,0,0,0.0,0,0,0.0,0,0,0.0,13,62,0.1733,0,0,0.0,0,0,0.0,0,0,0.0,49,54,0.4757,24,31,0.4364,0,0,0.0,0,0,0.0,0,0,0.0,0,0,0.0,0,0,0.0
2026-04-03 21:40:20,test_1326.jpg,103,12,115,0.1043,8,31,32,0,0,0.0,0,0,0.0,0,0,0.0,0,0,0.0,0,0,0.0,0,0,0.0,0,0,0.0,0,0,0.0,0,0,0.0,0,0,0.0,0,11,0.0,0,0,0.0,0,0,0.0,0,0,0.0,0,0,0.0,0,0,0.0,0,0,0.0,0,0,0.0,0,0,0.0,0,0,0.0,0,0,0.0,1,18,0.0526,0,0,0.0,0,0,0.0,0,0,0.0,4,16,0.2,3,8,0.2727,0,12,0.0,0,9,0.0,4,15,0.2105,0,14,0.0,0,0,0.0
2026-04-03 21:40:20,test_1327.jpg,137,19,156,0.1218,6,31,32,0,0,0.0,0,0,0.0,0,0,0.0,0,0,0.0,0,0,0.0,0,0,0.0,0,0,0.0,0,0,0.0,0,0,0.0,0,0,0.0,3,16,0.1579,0,0,0.0,0,0,0.0,0,0,0.0,0,0,0.0,0,0,0.0,0,0,0.0,0,0,0.0,0,0,0.0,0,0,0.0,0,0,0.0,1,31,0.0312,0,0,0.0,0,0,0.0,0,0,0.0,3,23,0.1154,3,24,0.1111,8,22,0.2667,1,21,0.0455,0,0,0.0,0,0,0.0,0,0,0.0
2026-04-03 21:40:20,test_1328.jpg,132,16,148,0.1081,8,31,32,0,0,0.0,0,0,0.0,0,0,0.0,0,0,0.0,0,0,0.0,0,0,0.0,0,0,0.0,0,0,0.0,0,0,0.0,0,0,0.0,0,16,0.0,0,0,0.0,0,0,0.0,0,0,0.0,0,0,0.0,0,0,0.0,0,0,0.0,0,0,0.0,0,0,0.0,0,0,0.0,0,0,0.0,1,16,0.0588,0,0,0.0,0,0,0.0,0,0,0.0,1,15,0.0625,2,16,0.1111,1,17,0.0556,0,12,0.0,1,16,0.0588,10,24,0.2941,0,0,0.0
2026-04-03 21:40:20,test_1329.jpg,145,10,155,0.0645,7,31,32,0,0,0.0,0,0,0.0,0,0,0.0,0,0,0.0,0,0,0.0,0,0,0.0,0,0,0.0,0,0,0.0,0,0,0.0,0,0,0.0,4,18,0.1818,0,0,0.0,0,0,0.0,0,0,0.0,0,0,0.0,0,0,0.0,0,0,0.0,0,0,0.0,0,0,0.0,0,0,0.0,0,0,0.0,2,20,0.0909,0,0,0.0,0,0,0.0,0,0,0.0,1,20,0.0476,0,22,0.0,2,22,0.0833,1,24,0.04,0,19,0.0,0,0,0.0,0,0,0.0
2026-04-03 21:40:20,test_133.jpg,122,28,150,0.1867,7,31,32,0,0,0.0,0,0,0.0,0,0,0.0,0,0,0.0,0,0,0.0,0,0,0.0,0,0,0.0,0,0,0.0,0,0,0.0,0,0,0.0,1,15,0.0625,0,0,0.0,0,0,0.0,0,0,0.0,0,0,0.0,0,0,0.0,0,0,0.0,0,0,0.0,0,0,0.0,0,0,0.0,0,0,0.0,0,11,0.0,0,0,0.0,0,0,0.0,0,0,0.0,5,12,0.2941,9,14,0.3913,0,13,0.0,4,12,0.25,9,45,0.1667,0,0,0.0,0,0,0.0
2026-04-03 21:40:20,test_1330.jpg,135,3,138,0.0217,6,31,32,0,0,0.0,0,0,0.0,0,0,0.0,0,0,0.0,0,0,0.0,0,0,0.0,0,0,0.0,0,0,0.0,0,0,0.0,0,0,0.0,2,28,0.0667,0,0,0.0,0,0,0.0,0,0,0.0,0,0,0.0,0,0,0.0,0,0,0.0,0,0,0.0,0,0,0.0,0,0,0.0,0,0,0.0,0,21,0.0,0,0,0.0,0,0,0.0,0,0,0.0,1,23,0.0417,0,21,0.0,0,20,0.0,0,22,0.0,0,0,0.0,0,0,0.0,0,0,0.0
2026-04-03 21:40:20,test_1331.jpg,124,9,133,0.0677,6,31,32,0,0,0.0,0,0,0.0,0,0,0.0,0,0,0.0,0,0,0.0,0,0,0.0,0,0,0.0,0,0,0.0,0,0,0.0,0,0,0.0,0,20,0.0,0,0,0.0,0,0,0.0,0,0,0.0,0,0,0.0,0,0,0.0,0,0,0.0,0,0,0.0,0,0,0.0,0,0,0.0,0,0,0.0,0,15,0.0,0,0,0.0,0,0,0.0,0,0,0.0,1,10,0.0909,0,23,0.0,2,34,0.0556,6,22,0.2143,0,0,0.0,0,0,0.0,0,0,0.0
2026-04-03 21:40:20,test_1332.jpg,164,59,223,0.2646,8,31,32,0,0,0.0,0,0,0.0,0,0,0.0,0,0,0.0,0,0,0.0,0,0,0.0,0,0,0.0,0,0,0.0,0,0,0.0,0,0,0.0,4,22,0.1538,0,0,0.0,0,0,0.0,0,0,0.0,0,0,0.0,0,0,0.0,0,0,0.0,0,0,0.0,0,0,0.0,0,0,0.0,0,0,0.0,6,20,0.2308,0,0,0.0,0,0,0.0,0,0,0.0,4,15,0.2105,1,18,0.0526,3,19,0.1364,25,23,0.5208,14,27,0.3415,2,20,0.0909,0,0,0.0
2026-04-03 21:40:20,test_1333.jpg,234,124,358,0.3464,6,31,32,0,0,0.0,0,0,0.0,0,0,0.0,0,0,0.0,0,0,0.0,0,0,0.0,0,0,0.0,0,0,0.0,0,0,0.0,0,0,0.0,10,30,0.25,0,0,0.0,0,0,0.0,0,0,0.0,0,0,0.0,0,0,0.0,0,0,0.0,0,0,0.0,0,0,0.0,0,0,0.0,0,0,0.0,20,31,0.3922,0,0,0.0,0,0,0.0,0,0,0.0,30,45,0.4,33,41,0.4459,15,44,0.2542,16,43,0.2712,0,0,0.0,0,0,0.0,0,0,0.0
2026-04-03 21:40:20,test_1334.jpg,114,25,139,0.1799,6,31,32,0,0,0.0,0,0,0.0,0,0,0.0,0,0,0.0,0,0,0.0,0,0,0.0,0,0,0.0,0,0,0.0,0,0,0.0,0,0,0.0,1,14,0.0667,0,0,0.0,0,0,0.0,0,0,0.0,0,0,0.0,0,0,0.0,0,0,0.0,0,0,0.0,0,0,0.0,0,0,0.0,0,0,0.0,1,20,0.0476,0,0,0.0,0,0,0.0,0,0,0.0,3,16,0.1579,9,21,0.3,3,21,0.125,8,22,0.2667,0,0,0.0,0,0,0.0,0,0,0.0
2026-04-03 21:40:20,test_1335.jpg,133,39,172,0.2267,8,31,32,0,0,0.0,0,0,0.0,0,0,0.0,0,0,0.0,0,0,0.0,0,0,0.0,0,0,0.0,0,0,0.0,0,0,0.0,0,0,0.0,1,13,0.0714,0,0,0.0,0,0,0.0,0,0,0.0,0,0,0.0,0,0,0.0,0,0,0.0,0,0,0.0,0,0,0.0,0,0,0.0,0,0,0.0,5,19,0.2083,0,0,0.0,0,0,0.0,0,0,0.0,7,18,0.28,2,13,0.1333,5,13,0.2778,12,16,0.4286,6,39,0.1333,1,2,0.3333,0,0,0.0
2026-04-03 21:40:20,test_1336.jpg,178,128,306,0.4183,6,31,32,0,0,0.0,0,0,0.0,0,0,0.0,0,0,0.0,0,0,0.0,0,0,0.0,0,0,0.0,0,0,0.0,0,0,0.0,0,0,0.0,1,20,0.0476,0,0,0.0,0,0,0.0,0,0,0.0,0,0,0.0,0,0,0.0,0,0,0.0,0,0,0.0,0,0,0.0,0,0,0.0,0,0,0.0,1,21,0.0455,0,0,0.0,0,0,0.0,0,0,0.0,16,36,0.3077,42,36,0.5385,49,47,0.5104,19,18,0.5135,0,0,0.0,0,0,0.0,0,0,0.0
2026-04-03 21:40:20,test_1337.jpg,169,45,214,0.2103,6,31,32,0,0,0.0,0,0,0.0,0,0,0.0,0,0,0.0,0,0,0.0,0,0,0.0,0,0,0.0,0,0,0.0,0,0,0.0,0,0,0.0,8,27,0.2286,0,0,0.0,0,0,0.0,0,0,0.0,0,0,0.0,0,0,0.0,0,0,0.0,0,0,0.0,0,0,0.0,0,0,0.0,0,0,0.0,5,27,0.1562,0,0,0.0,0,0,0.0,0,0,0.0,9,27,0.25,8,28,0.2222,8,29,0.2162,7,31,0.1842,0,0,0.0,0,0,0.0,0,0,0.0
2026-04-03 21:40:20,test_1338.jpg,130,19,149,0.1275,7,31,32,0,0,0.0,0,0,0.0,0,0,0.0,0,0,0.0,0,0,0.0,0,0,0.0,0,0,0.0,0,0,0.0,0,0,0.0,0,0,0.0,0,19,0.0,0,0,0.0,0,0,0.0,0,0,0.0,0,0,0.0,0,0,0.0,0,0,0.0,0,0,0.0,0,0,0.0,0,0,0.0,0,0,0.0,0,16,0.0,0,0,0.0,0,0,0.0,0,0,0.0,4,18,0.1818,2,22,0.0833,1,15,0.0625,7,22,0.2414,5,18,0.2174,0,0,0.0,0,0,0.0
2026-04-03 21:40:20,test_1339.jpg,185,91,276,0.3297,5,31,32,0,0,0.0,0,0,0.0,0,0,0.0,0,0,0.0,0,0,0.0,0,0,0.0,0,0,0.0,0,0,0.0,0,0,0.0,0,0,0.0,1,19,0.05,0,0,0.0,0,0,0.0,0,0,0.0,0,0,0.0,0,0,0.0,0,0,0.0,0,0,0.0,0,0,0.0,0,0,0.0,0,0,0.0,3,38,0.0732,0,0,0.0,0,0,0.0,0,0,0.0,10,52,0.1613,36,36,0.5,41,40,0.5062,0,0,0.0,0,0,0.0,0,0,0.0,0,0,0.0
2026-04-03 21:40:20,test_134.jpg,185,41,226,0.1814,9,31,32,0,0,0.0,0,0,0.0,0,0,0.0,0,0,0.0,0,0,0.0,0,0,0.0,0,0,0.0,0,0,0.0,0,0,0.0,0,0,0.0,3,9,0.25,0,0,0.0,0,0,0.0,0,0,0.0,0,0,0.0,0,0,0.0,0,0,0.0,0,0,0.0,0,0,0.0,0,0,0.0,0,0,0.0,0,0,0.0,0,0,0.0,0,0,0.0,0,0,0.0,0,21,0.0,3,11,0.2143,4,19,0.1739,10,31,0.2439,7,32,0.1795,14,47,0.2295,0,15,0.0
2026-04-03 21:40:20,test_1340.jpg,149,36,185,0.1946,7,31,32,0,0,0.0,0,0,0.0,0,0,0.0,0,0,0.0,0,0,0.0,0,0,0.0,0,0,0.0,0,0,0.0,0,0,0.0,0,0,0.0,2,15,0.1176,0,0,0.0,0,0,0.0,0,0,0.0,0,0,0.0,0,0,0.0,0,0,0.0,0,0,0.0,0,0,0.0,0,0,0.0,0,0,0.0,4,20,0.1667,0,0,0.0,0,0,0.0,0,0,0.0,9,23,0.2812,5,20,0.2,6,22,0.2143,8,26,0.2353,2,23,0.08,0,0,0.0,0,0,0.0
2026-04-03 21:40:20,test_1341.jpg,152,32,184,0.1739,8,31,32,0,0,0.0,0,0,0.0,0,0,0.0,0,0,0.0,0,0,0.0,0,0,0.0,0,0,0.0,0,0,0.0,0,0,0.0,0,0,0.0,5,28,0.1515,0,0,0.0,0,0,0.0,0,0,0.0,0,0,0.0,0,0,0.0,0,0,0.0,0,0,0.0,0,0,0.0,0,0,0.0,0,0,0.0,0,17,0.0,0,0,0.0,0,0,0.0,0,0,0.0,1,19,0.05,2,16,0.1111,1,16,0.0588,5,21,0.1923,9,20,0.3103,9,15,0.375,0,0,0.0
2026-04-03 21:40:20,test_1342.jpg,222,41,263,0.1559,4,31,32,0,0,0.0,0,0,0.0,0,0,0.0,0,0,0.0,0,0,0.0,0,0,0.0,0,0,0.0,0,0,0.0,0,0,0.0,0,0,0.0,5,20,0.2,0,0,0.0,0,0,0.0,0,0,0.0,0,0,0.0,0,0,0.0,0,0,0.0,0,0,0.0,0,0,0.0,0,0,0.0,0,0,0.0,7,53,0.1167,0,0,0.0,0,0,0.0,0,0,0.0,19,106,0.152,10,43,0.1887,0,0,0.0,0,0,0.0,0,0,0.0,0,0,0.0,0,0,0.0
2026-04-03 21:40:20,test_1343.jpg,105,28,133,0.2105,7,31,32,0,0,0.0,0,0,0.0,0,0,0.0,0,0,0.0,0,0,0.0,0,0,0.0,0,0,0.0,0,0,0.0,0,0,0.0,0,0,0.0,1,15,0.0625,0,0,0.0,0,0,0.0,0,0,0.0,0,0,0.0,0,0,0.0,0,0,0.0,0,0,0.0,0,0,0.0,0,0,0.0,0,0,0.0,2,17,0.1053,0,0,0.0,0,0,0.0,0,0,0.0,2,15,0.1176,5,15,0.25,4,12,0.25,2,14,0.125,12,17,0.4138,0,0,0.0,0,0,0.0
2026-04-03 21:40:20,test_1344.jpg,159,43,202,0.2129,7,31,32,0,0,0.0,0,0,0.0,0,0,0.0,0,0,0.0,0,0,0.0,0,0,0.0,0,0,0.0,0,0,0.0,0,0,0.0,0,0,0.0,1,22,0.0435,0,0,0.0,0,0,0.0,0,0,0.0,0,0,0.0,0,0,0.0,0,0,0.0,0,0,0.0,0,0,0.0,0,0,0.0,0,0,0.0,3,18,0.1429,0,0,0.0,0,0,0.0,0,0,0.0,0,26,0.0,4,22,0.1538,3,18,0.1429,10,27,0.2703,22,26,0.4583,0,0,0.0,0,0,0.0
2026-04-03 21:40:20,test_1345.jpg,138,20,158,0.1266,7,31,32,0,0,0.0,0,0,0.0,0,0,0.0,0,0,0.0,0,0,0.0,0,0,0.0,0,0,0.0,0,0,0.0,0,0,0.0,0,0,0.0,2,33,0.0571,0,0,0.0,0,0,0.0,0,0,0.0,0,0,0.0,0,0,0.0,0,0,0.0,0,0,0.0,0,0,0.0,0,0,0.0,0,0,0.0,3,14,0.1765,0,0,0.0,0,0,0.0,0,0,0.0,4,17,0.1905,2,18,0.1,0,15,0.0,6,22,0.2143,3,19,0.1364,0,0,0.0,0,0,0.0
2026-04-03 21:40:20,test_1346.jpg,140,14,154,0.0909,8,31,32,0,0,0.0,0,0,0.0,0,0,0.0,0,0,0.0,0,0,0.0,0,0,0.0,0,0,0.0,0,0,0.0,0,0,0.0,0,0,0.0,0,14,0.0,0,0,0.0,0,0,0.0,0,0,0.0,0,0,0.0,0,0,0.0,0,0,0.0,0,0,0.0,0,0,0.0,0,0,0.0,0,0,0.0,0,14,0.0,0,0,0.0,0,0,0.0,0,0,0.0,2,27,0.069,0,16,0.0,2,19,0.0952,4,18,0.1818,3,16,0.1579,3,16,0.1579,0,0,0.0
2026-04-03 21:40:20,test_1347.jpg,146,12,158,0.0759,8,31,32,0,0,0.0,0,0,0.0,0,0,0.0,0,0,0.0,0,0,0.0,0,0,0.0,0,0,0.0,0,0,0.0,0,0,0.0,0,0,0.0,3,23,0.1154,0,0,0.0,0,0,0.0,0,0,0.0,0,0,0.0,0,0,0.0,0,0,0.0,0,0,0.0,0,0,0.0,0,0,0.0,0,0,0.0,1,19,0.05,0,0,0.0,0,0,0.0,0,0,0.0,3,12,0.2,0,16,0.0,0,14,0.0,1,17,0.0556,4,23,0.1481,0,22,0.0,0,0,0.0
2026-04-03 21:40:20,test_1348.jpg,66,21,87,0.2414,6,31,32,0,0,0.0,0,0,0.0,0,0,0.0,0,0,0.0,0,0,0.0,0,0,0.0,0,0,0.0,0,0,0.0,0,0,0.0,0,0,0.0,4,10,0.2857,0,0,0.0,0,0,0.0,0,0,0.0,0,0,0.0,0,0,0.0,0,0,0.0,0,0,0.0,0,0,0.0,0,0,0.0,0,0,0.0,5,15,0.25,0,0,0.0,0,0,0.0,0,0,0.0,4,12,0.25,1,12,0.0769,6,9,0.4,1,8,0.1111,0,0,0.0,0,0,0.0,0,0,0.0
2026-04-03 21:40:20,test_1349.jpg,146,44,190,0.2316,8,31,32,0,0,0.0,0,0,0.0,0,0,0.0,0,0,0.0,0,0,0.0,0,0,0.0,0,0,0.0,0,0,0.0,0,0,0.0,0,0,0.0,18,28,0.3913,0,0,0.0,0,0,0.0,0,0,0.0,0,0,0.0,0,0,0.0,0,0,0.0,0,0,0.0,0,0,0.0,0,0,0.0,0,0,0.0,6,12,0.3333,0,0,0.0,0,0,0.0,0,0,0.0,2,13,0.1333,1,16,0.0588,0,18,0.0,2,21,0.087,7,15,0.3182,8,23,0.2581,0,0,0.0
2026-04-03 21:40:20,test_135.jpg,148,31,179,0.1732,7,31,32,0,0,0.0,0,0,0.0,0,0,0.0,0,0,0.0,0,0,0.0,0,0,0.0,0,0,0.0,0,0,0.0,0,0,0.0,0,0,0.0,1,15,0.0625,0,0,0.0,0,0,0.0,0,0,0.0,0,0,0.0,0,0,0.0,0,0,0.0,0,0,0.0,0,0,0.0,0,0,0.0,0,0,0.0,4,15,0.2105,0,0,0.0,0,0,0.0,0,0,0.0,1,18,0.0526,3,16,0.1579,4,28,0.125,11,28,0.2821,7,28,0.2,0,0,0.0,0,0,0.0
2026-04-03 21:40:20,test_1350.jpg,105,50,155,0.3226,8,31,32,0,0,0.0,0,0,0.0,0,0,0.0,0,0,0.0,0,0,0.0,0,0,0.0,0,0,0.0,0,0,0.0,0,0,0.0,0,0,0.0,2,5,0.2857,0,0,0.0,0,0,0.0,0,0,0.0,0,0,0.0,0,0,0.0,0,0,0.0,0,0,0.0,0,0,0.0,0,0,0.0,0,0,0.0,4,9,0.3077,0,0,0.0,0,0,0.0,0,0,0.0,8,13,0.381,17,18,0.4857,7,20,0.2593,3,16,0.1579,7,20,0.2593,2,4,0.3333,0,0,0.0
2026-04-03 21:40:20,test_1351.jpg,89,31,120,0.2583,4,31,32,0,0,0.0,0,0,0.0,0,0,0.0,0,0,0.0,0,0,0.0,0,0,0.0,0,0,0.0,0,0,0.0,0,0,0.0,0,0,0.0,1,18,0.0526,0,0,0.0,0,0,0.0,0,0,0.0,0,0,0.0,0,0,0.0,0,0,0.0,0,0,0.0,0,0,0.0,0,0,0.0,0,0,0.0,8,19,0.2963,0,0,0.0,0,0,0.0,0,0,0.0,16,36,0.3077,6,16,0.2727,0,0,0.0,0,0,0.0,0,0,0.0,0,0,0.0,0,0,0.0
2026-04-03 21:40:20,test_1352.jpg,181,24,205,0.1171,7,31,32,0,0,0.0,0,0,0.0,0,0,0.0,0,0,0.0,0,0,0.0,0,0,0.0,0,0,0.0,0,0,0.0,0,0,0.0,0,0,0.0,5,32,0.1351,0,0,0.0,0,0,0.0,0,0,0.0,0,0,0.0,0,0,0.0,0,0,0.0,0,0,0.0,0,0,0.0,0,0,0.0,0,0,0.0,5,21,0.1923,0,0,0.0,0,0,0.0,0,0,0.0,0,26,0.0,3,24,0.1111,4,23,0.1481,2,27,0.069,5,28,0.1515,0,0,0.0,0,0,0.0
2026-04-03 21:40:20,test_1353.jpg,231,186,417,0.446,7,31,32,0,0,0.0,0,0,0.0,0,0,0.0,0,0,0.0,0,0,0.0,0,0,0.0,0,0,0.0,0,0,0.0,0,0,0.0,0,0,0.0,0,26,0.0,0,0,0.0,0,0,0.0,0,0,0.0,0,0,0.0,0,0,0.0,0,0,0.0,0,0,0.0,0,0,0.0,0,0,0.0,0,0,0.0,3,28,0.0968,0,0,0.0,0,0,0.0,0,0,0.0,3,39,0.0714,22,38,0.3667,58,39,0.5979,57,36,0.6129,43,25,0.6324,0,0,0.0,0,0,0.0
2026-04-03 21:40:20,test_1354.jpg,217,102,319,0.3197,3,31,32,0,0,0.0,0,0,0.0,0,0,0.0,0,0,0.0,0,0,0.0,0,0,0.0,0,0,0.0,0,0,0.0,0,0,0.0,0,0,0.0,4,29,0.1212,0,0,0.0,0,0,0.0,0,0,0.0,0,0,0.0,0,0,0.0,0,0,0.0,0,0,0.0,0,0,0.0,0,0,0.0,0,0,0.0,43,121,0.2622,0,0,0.0,0,0,0.0,0,0,0.0,55,67,0.4508,0,0,0.0,0,0,0.0,0,0,0.0,0,0,0.0,0,0,0.0,0,0,0.0
2026-04-03 21:40:20,test_1355.jpg,161,5,166,0.0301,9,31,32,0,0,0.0,0,0,0.0,0,0,0.0,0,0,0.0,0,0,0.0,0,0,0.0,0,0,0.0,0,0,0.0,0,0,0.0,0,0,0.0,0,13,0.0,0,0,0.0,0,0,0.0,0,0,0.0,0,0,0.0,0,0,0.0,0,0,0.0,0,0,0.0,0,0,0.0,0,0,0.0,0,0,0.0,0,20,0.0,0,0,0.0,0,0,0.0,0,0,0.0,0,18,0.0,1,18,0.0526,0,19,0.0,0,20,0.0,0,20,0.0,3,19,0.1364,1,14,0.0667
2026-04-03 21:40:20,test_1356.jpg,124,63,187,0.3369,6,31,32,0,0,0.0,0,0,0.0,0,0,0.0,0,0,0.0,0,0,0.0,0,0,0.0,0,0,0.0,0,0,0.0,0,0,0.0,0,0,0.0,1,20,0.0476,0,0,0.0,0,0,0.0,0,0,0.0,0,0,0.0,0,0,0.0,0,0,0.0,0,0,0.0,0,0,0.0,0,0,0.0,0,0,0.0,13,34,0.2766,0,0,0.0,0,0,0.0,0,0,0.0,13,29,0.3095,17,20,0.4595,12,10,0.5455,7,11,0.3889,0,0,0.0,0,0,0.0,0,0,0.0
2026-04-03 21:40:20,test_1357.jpg,154,3,157,0.0191,5,31,32,0,0,0.0,0,0,0.0,0,0,0.0,0,0,0.0,0,0,0.0,0,0,0.0,0,0,0.0,0,0,0.0,0,0,0.0,0,0,0.0,0,32,0.0,0,0,0.0,0,0,0.0,0,0,0.0,0,0,0.0,0,0,0.0,0,0,0.0,0,0,0.0,0,0,0.0,0,0,0.0,0,0,0.0,0,29,0.0,0,0,0.0,0,0,0.0,0,0,0.0,1,29,0.0333,1,27,0.0357,1,37,0.0263,0,0,0.0,0,0,0.0,0,0,0.0,0,0,0.0
2026-04-03 21:40:20,test_1358.jpg,157,15,172,0.0872,10,31,32,2,5,0.2857,0,0,0.0,0,0,0.0,0,0,0.0,0,0,0.0,0,0,0.0,0,0,0.0,0,0,0.0,0,0,0.0,0,0,0.0,1,5,0.1667,0,0,0.0,0,0,0.0,0,0,0.0,0,0,0.0,0,0,0.0,0,0,0.0,0,0,0.0,0,0,0.0,0,0,0.0,0,0,0.0,2,31,0.0606,0,0,0.0,0,0,0.0,0,0,0.0,0,13,0.0,0,13,0.0,0,13,0.0,0,25,0.0,6,22,0.2143,1,14,0.0667,3,16,0.1579
2026-04-03 21:40:20,test_1359.jpg,115,38,153,0.2484,7,31,32,0,0,0.0,0,0,0.0,0,0,0.0,0,0,0.0,0,0,0.0,0,0,0.0,0,0,0.0,0,0,0.0,0,0,0.0,0,0,0.0,2,11,0.1538,0,0,0.0,0,0,0.0,0,0,0.0,0,0,0.0,0,0,0.0,0,0,0.0,0,0,0.0,0,0,0.0,0,0,0.0,0,0,0.0,7,11,0.3889,0,0,0.0,0,0,0.0,0,0,0.0,5,13,0.2778,9,15,0.375,5,19,0.2083,7,20,0.2593,3,26,0.1034,0,0,0.0,0,0,0.0
2026-04-03 21:40:20,test_136.jpg,127,38,165,0.2303,5,31,32,0,0,0.0,0,0,0.0,0,0,0.0,0,0,0.0,0,0,0.0,0,0,0.0,0,0,0.0,0,0,0.0,0,0,0.0,0,0,0.0,3,21,0.125,0,0,0.0,0,0,0.0,0,0,0.0,0,0,0.0,0,0,0.0,0,0,0.0,0,0,0.0,0,0,0.0,0,0,0.0,0,0,0.0,0,24,0.0,0,0,0.0,0,0,0.0,0,0,0.0,7,20,0.2593,19,43,0.3065,9,19,0.3214,0,0,0.0,0,0,0.0,0,0,0.0,0,0,0.0
2026-04-03 21:40:20,test_1360.jpg,154,63,217,0.2903,5,31,32,0,0,0.0,0,0,0.0,0,0,0.0,0,0,0.0,0,0,0.0,0,0,0.0,0,0,0.0,0,0,0.0,0,0,0.0,0,0,0.0,1,16,0.0588,0,0,0.0,0,0,0.0,0,0,0.0,0,0,0.0,0,0,0.0,0,0,0.0,0,0,0.0,0,0,0.0,0,0,0.0,0,0,0.0,1,23,0.0417,0,0,0.0,0,0,0.0,0,0,0.0,18,42,0.3,36,54,0.4,7,19,0.2692,0,0,0.0,0,0,0.0,0,0,0.0,0,0,0.0
2026-04-03 21:40:20,test_1361.jpg,117,17,134,0.1269,6,31,32,0,0,0.0,0,0,0.0,0,0,0.0,0,0,0.0,0,0,0.0,0,0,0.0,0,0,0.0,0,0,0.0,0,0,0.0,0,0,0.0,1,13,0.0714,0,0,0.0,0,0,0.0,0,0,0.0,0,0,0.0,0,0,0.0,0,0,0.0,0,0,0.0,0,0,0.0,0,0,0.0,0,0,0.0,2,14,0.125,0,0,0.0,0,0,0.0,0,0,0.0,3,28,0.0968,5,22,0.1852,4,18,0.1818,2,22,0.0833,0,0,0.0,0,0,0.0,0,0,0.0
2026-04-03 21:40:20,test_1362.jpg,295,55,350,0.1571,18,31,32,3,22,0.12,1,15,0.0625,2,13,0.1333,6,14,0.3,1,12,0.0769,3,13,0.1875,3,11,0.2143,4,21,0.16,0,0,0.0,0,0,0.0,1,7,0.125,0,0,0.0,0,0,0.0,0,0,0.0,0,0,0.0,0,0,0.0,0,0,0.0,0,0,0.0,0,0,0.0,0,0,0.0,0,0,0.0,0,28,0.0,0,0,0.0,0,0,0.0,0,0,0.0,6,22,0.2143,3,27,0.1,6,24,0.2,2,16,0.1111,0,18,0.0,12,16,0.4286,2,16,0.1111
2026-04-03 21:40:20,test_1363.jpg,162,22,184,0.1196,6,31,32,0,0,0.0,0,0,0.0,0,0,0.0,0,0,0.0,0,0,0.0,0,0,0.0,0,0,0.0,0,0,0.0,0,0,0.0,0,0,0.0,6,28,0.1765,0,0,0.0,0,0,0.0,0,0,0.0,0,0,0.0,0,0,0.0,0,0,0.0,0,0,0.0,0,0,0.0,0,0,0.0,0,0,0.0,2,24,0.0769,0,0,0.0,0,0,0.0,0,0,0.0,4,21,0.16,1,30,0.0323,6,32,0.1579,3,27,0.1,0,0,0.0,0,0,0.0,0,0,0.0
2026-04-03 21:40:20,test_1364.jpg,142,19,161,0.118,6,31,32,0,0,0.0,0,0,0.0,0,0,0.0,0,0,0.0,0,0,0.0,0,0,0.0,0,0,0.0,0,0,0.0,0,0,0.0,0,0,0.0,3,24,0.1111,0,0,0.0,0,0,0.0,0,0,0.0,0,0,0.0,0,0,0.0,0,0,0.0,0,0,0.0,0,0,0.0,0,0,0.0,0,0,0.0,9,42,0.1765,0,0,0.0,0,0,0.0,0,0,0.0,1,21,0.0455,0,17,0.0,2,24,0.0769,4,14,0.2222,0,0,0.0,0,0,0.0,0,0,0.0
2026-04-03 21:40:20,test_1365.jpg,155,19,174,0.1092,7,31,32,0,0,0.0,0,0,0.0,0,0,0.0,0,0,0.0,0,0,0.0,0,0,0.0,0,0,0.0,0,0,0.0,0,0,0.0,0,0,0.0,0,19,0.0,0,0,0.0,0,0,0.0,0,0,0.0,0,0,0.0,0,0,0.0,0,0,0.0,0,0,0.0,0,0,0.0,0,0,0.0,0,0,0.0,6,16,0.2727,0,0,0.0,0,0,0.0,0,0,0.0,0,24,0.0,3,25,0.1071,2,24,0.0769,4,27,0.129,4,20,0.1667,0,0,0.0,0,0,0.0
2026-04-03 21:40:20,test_1366.jpg,136,27,163,0.1656,7,31,32,0,0,0.0,0,0,0.0,0,0,0.0,0,0,0.0,0,0,0.0,0,0,0.0,0,0,0.0,0,0,0.0,0,0,0.0,0,0,0.0,0,22,0.0,0,0,0.0,0,0,0.0,0,0,0.0,0,0,0.0,0,0,0.0,0,0,0.0,0,0,0.0,0,0,0.0,0,0,0.0,0,0,0.0,1,20,0.0476,0,0,0.0,0,0,0.0,0,0,0.0,4,19,0.1739,2,19,0.0952,7,17,0.2917,7,20,0.2593,6,19,0.24,0,0,0.0,0,0,0.0
2026-04-03 21:40:20,test_1367.jpg,170,20,190,0.1053,8,31,32,0,0,0.0,0,0,0.0,0,0,0.0,0,0,0.0,0,0,0.0,0,0,0.0,0,0,0.0,0,0,0.0,0,0,0.0,0,0,0.0,1,10,0.0909,0,0,0.0,0,0,0.0,0,0,0.0,0,0,0.0,0,0,0.0,0,0,0.0,0,0,0.0,0,0,0.0,0,0,0.0,0,0,0.0,1,16,0.0588,0,0,0.0,0,0,0.0,0,0,0.0,5,31,0.1389,5,29,0.1471,4,25,0.1379,0,17,0.0,1,22,0.0435,3,20,0.1304,0,0,0.0
2026-04-03 21:40:20,test_1368.jpg,107,20,127,0.1575,6,31,32,0,0,0.0,0,0,0.0,0,0,0.0,0,0,0.0,0,0,0.0,0,0,0.0,0,0,0.0,0,0,0.0,0,0,0.0,0,0,0.0,0,7,0.0,0,0,0.0,0,0,0.0,0,0,0.0,0,0,0.0,0,0,0.0,0,0,0.0,0,0,0.0,0,0,0.0,0,0,0.0,0,0,0.0,2,35,0.0541,0,0,0.0,0,0,0.0,0,0,0.0,0,13,0.0,4,18,0.1818,9,19,0.3214,5,15,0.25,0,0,0.0,0,0,0.0,0,0,0.0
2026-04-03 21:40:20,test_1369.jpg,187,12,199,0.0603,7,31,32,0,0,0.0,0,0,0.0,0,0,0.0,0,0,0.0,0,0,0.0,0,0,0.0,0,0,0.0,0,0,0.0,0,0,0.0,0,0,0.0,0,11,0.0,0,0,0.0,0,0,0.0,0,0,0.0,0,0,0.0,0,0,0.0,0,0,0.0,0,0,0.0,0,0,0.0,0,0,0.0,0,0,0.0,1,40,0.0244,0,0,0.0,0,0,0.0,0,0,0.0,4,23,0.1481,2,29,0.0645,0,33,0.0,1,23,0.0417,4,28,0.125,0,0,0.0,0,0,0.0
2026-04-03 21:40:20,test_137.jpg,156,95,251,0.3785,4,31,32,0,0,0.0,0,0,0.0,0,0,0.0,0,0,0.0,0,0,0.0,0,0,0.0,0,0,0.0,0,0,0.0,0,0,0.0,0,0,0.0,3,16,0.1579,0,0,0.0,0,0,0.0,0,0,0.0,0,0,0.0,0,0,0.0,0,0,0.0,0,0,0.0,0,0,0.0,0,0,0.0,0,0,0.0,17,55,0.2361,0,0,0.0,0,0,0.0,0,0,0.0,57,53,0.5182,18,32,0.36,0,0,0.0,0,0,0.0,0,0,0.0,0,0,0.0,0,0,0.0
2026-04-03 21:40:20,test_1370.jpg,162,46,208,0.2212,10,31,32,4,5,0.4444,0,0,0.0,0,0,0.0,0,0,0.0,0,0,0.0,0,0,0.0,0,0,0.0,0,0,0.0,0,0,0.0,0,0,0.0,5,21,0.1923,0,0,0.0,0,0,0.0,0,0,0.0,0,0,0.0,0,0,0.0,0,0,0.0,0,0,0.0,0,0,0.0,0,0,0.0,0,0,0.0,0,0,0.0,0,0,0.0,0,0,0.0,0,0,0.0,3,20,0.1304,2,11,0.1538,2,13,0.1333,4,18,0.1818,3,15,0.1667,4,22,0.1538,19,37,0.3393
2026-04-03 21:40:20,test_1371.jpg,138,40,178,0.2247,7,31,32,0,0,0.0,0,0,0.0,0,0,0.0,0,0,0.0,0,0,0.0,0,0,0.0,0,0,0.0,0,0,0.0,0,0,0.0,0,0,0.0,4,21,0.16,0,0,0.0,0,0,0.0,0,0,0.0,0,0,0.0,0,0,0.0,0,0,0.0,0,0,0.0,0,0,0.0,0,0,0.0,0,0,0.0,4,20,0.1667,0,0,0.0,0,0,0.0,0,0,0.0,3,21,0.125,5,21,0.1923,6,18,0.25,8,17,0.32,10,20,0.3333,0,0,0.0,0,0,0.0
2026-04-03 21:40:20,test_1372.jpg,114,16,130,0.1231,7,31,32,0,0,0.0,0,0,0.0,0,0,0.0,0,0,0.0,0,0,0.0,0,0,0.0,0,0,0.0,0,0,0.0,0,0,0.0,0,0,0.0,3,16,0.1579,0,0,0.0,0,0,0.0,0,0,0.0,0,0,0.0,0,0,0.0,0,0,0.0,0,0,0.0,0,0,0.0,0,0,0.0,0,0,0.0,3,12,0.2,0,0,0.0,0,0,0.0,0,0,0.0,5,14,0.2632,1,13,0.0714,1,14,0.0667,1,24,0.04,2,21,0.087,0,0,0.0,0,0,0.0
2026-04-03 21:40:20,test_1373.jpg,135,13,148,0.0878,8,31,32,0,0,0.0,0,0,0.0,0,0,0.0,0,0,0.0,0,0,0.0,0,0,0.0,0,0,0.0,0,0,0.0,0,0,0.0,0,0,0.0,0,16,0.0,0,0,0.0,0,0,0.0,0,0,0.0,0,0,0.0,0,0,0.0,0,0,0.0,0,0,0.0,0,0,0.0,0,0,0.0,0,0,0.0,0,11,0.0,0,0,0.0,0,0,0.0,0,0,0.0,2,16,0.1111,2,15,0.1176,0,15,0.0,2,20,0.0909,5,26,0.1613,2,16,0.1111,0,0,0.0
2026-04-03 21:40:20,test_1374.jpg,118,8,126,0.0635,6,31,32,0,0,0.0,0,0,0.0,0,0,0.0,0,0,0.0,0,0,0.0,0,0,0.0,0,0,0.0,0,0,0.0,0,0,0.0,0,0,0.0,1,12,0.0769,0,0,0.0,0,0,0.0,0,0,0.0,0,0,0.0,0,0,0.0,0,0,0.0,0,0,0.0,0,0,0.0,0,0,0.0,0,0,0.0,0,18,0.0,0,0,0.0,0,0,0.0,0,0,0.0,3,19,0.1364,0,19,0.0,2,25,0.0741,2,25,0.0741,0,0,0.0,0,0,0.0,0,0,0.0
2026-04-03 21:40:20,test_1375.jpg,213,78,291,0.268,4,31,32,0,0,0.0,0,0,0.0,0,0,0.0,0,0,0.0,0,0,0.0,0,0,0.0,0,0,0.0,0,0,0.0,0,0,0.0,0,0,0.0,6,36,0.1429,0,0,0.0,0,0,0.0,0,0,0.0,0,0,0.0,0,0,0.0,0,0,0.0,0,0,0.0,0,0,0.0,0,0,0.0,0,0,0.0,19,82,0.1881,0,0,0.0,0,0,0.0,0,0,0.0,42,69,0.3784,11,26,0.2973,0,0,0.0,0,0,0.0,0,0,0.0,0,0,0.0,0,0,0.0
2026-04-03 21:40:20,test_1376.jpg,161,44,205,0.2146,6,31,32,0,0,0.0,0,0,0.0,0,0,0.0,0,0,0.0,0,0,0.0,0,0,0.0,0,0,0.0,0,0,0.0,0,0,0.0,0,0,0.0,0,0,0.0,0,0,0.0,0,0,0.0,0,0,0.0,0,0,0.0,0,0,0.0,0,0,0.0,0,0,0.0,0,0,0.0,0,0,0.0,0,0,0.0,6,19,0.24,0,0,0.0,0,0,0.0,0,0,0.0,0,29,0.0,0,35,0.0,21,56,0.2727,17,22,0.4359,0,0,0.0,0,0,0.0,0,0,0.0
2026-04-03 21:40:20,test_1377.jpg,153,15,168,0.0893,9,31,32,0,0,0.0,0,0,0.0,0,0,0.0,0,0,0.0,0,0,0.0,0,0,0.0,0,0,0.0,0,0,0.0,0,0,0.0,0,0,0.0,0,13,0.0,0,0,0.0,0,0,0.0,0,0,0.0,0,0,0.0,0,0,0.0,0,0,0.0,0,0,0.0,0,0,0.0,0,0,0.0,0,0,0.0,3,26,0.1034,0,0,0.0,0,0,0.0,0,0,0.0,2,22,0.0833,2,17,0.1053,2,20,0.0909,2,17,0.1053,2,12,0.1429,2,25,0.0741,0,1,0.0
2026-04-03 21:40:20,test_1378.jpg,150,116,266,0.4361,4,31,32,0,0,0.0,0,0,0.0,0,0,0.0,0,0,0.0,0,0,0.0,0,0,0.0,0,0,0.0,0,0,0.0,0,0,0.0,0,0,0.0,1,18,0.0526,0,0,0.0,0,0,0.0,0,0,0.0,0,0,0.0,0,0,0.0,0,0,0.0,0,0,0.0,0,0,0.0,0,0,0.0,0,0,0.0,6,35,0.1463,0,0,0.0,0,0,0.0,0,0,0.0,39,54,0.4194,70,43,0.6195,0,0,0.0,0,0,0.0,0,0,0.0,0,0,0.0,0,0,0.0
2026-04-03 21:40:20,test_1379.jpg,197,26,223,0.1166,6,31,32,0,0,0.0,0,0,0.0,0,0,0.0,0,0,0.0,0,0,0.0,0,0,0.0,0,0,0.0,0,0,0.0,0,0,0.0,0,0,0.0,0,0,0.0,0,0,0.0,0,0,0.0,0,0,0.0,0,0,0.0,0,0,0.0,0,0,0.0,0,0,0.0,0,0,0.0,0,0,0.0,0,0,0.0,4,45,0.0816,0,0,0.0,0,0,0.0,0,0,0.0,1,30,0.0323,9,32,0.2195,10,76,0.1163,2,14,0.125,0,0,0.0,0,0,0.0,0,0,0.0
2026-04-03 21:40:20,test_138.jpg,120,14,134,0.1045,7,31,32,0,0,0.0,0,0,0.0,0,0,0.0,0,0,0.0,0,0,0.0,0,0,0.0,0,0,0.0,0,0,0.0,0,0,0.0,0,0,0.0,4,17,0.1905,0,0,0.0,0,0,0.0,0,0,0.0,0,0,0.0,0,0,0.0,0,0,0.0,0,0,0.0,0,0,0.0,0,0,0.0,0,0,0.0,4,14,0.2222,0,0,0.0,0,0,0.0,0,0,0.0,1,18,0.0526,0,18,0.0,3,21,0.125,1,18,0.0526,1,14,0.0667,0,0,0.0,0,0,0.0
2026-04-03 21:40:20,test_1380.jpg,156,0,156,0.0,10,31,32,0,14,0.0,0,0,0.0,0,0,0.0,0,0,0.0,0,0,0.0,0,0,0.0,0,0,0.0,0,0,0.0,0,0,0.0,0,0,0.0,0,0,0.0,0,0,0.0,0,0,0.0,0,0,0.0,0,0,0.0,0,0,0.0,0,0,0.0,0,0,0.0,0,0,0.0,0,0,0.0,0,0,0.0,0,26,0.0,0,0,0.0,0,0,0.0,0,0,0.0,0,18,0.0,0,14,0.0,0,14,0.0,0,14,0.0,0,14,0.0,0,14,0.0,0,28,0.0
2026-04-03 21:40:20,test_1381.jpg,149,72,221,0.3258,5,31,32,0,0,0.0,0,0,0.0,0,0,0.0,0,0,0.0,0,0,0.0,0,0,0.0,0,0,0.0,0,0,0.0,0,0,0.0,0,0,0.0,0,20,0.0,0,0,0.0,0,0,0.0,0,0,0.0,0,0,0.0,0,0,0.0,0,0,0.0,0,0,0.0,0,0,0.0,0,0,0.0,0,0,0.0,7,20,0.2593,0,0,0.0,0,0,0.0,0,0,0.0,10,38,0.2083,36,45,0.4444,19,26,0.4222,0,0,0.0,0,0,0.0,0,0,0.0,0,0,0.0
2026-04-03 21:40:20,test_1382.jpg,111,33,144,0.2292,9,31,32,0,0,0.0,0,0,0.0,0,0,0.0,0,0,0.0,0,0,0.0,0,0,0.0,0,0,0.0,0,0,0.0,0,0,0.0,0,0,0.0,1,9,0.1,0,0,0.0,0,0,0.0,0,0,0.0,0,0,0.0,0,0,0.0,0,0,0.0,0,0,0.0,0,0,0.0,0,0,0.0,0,0,0.0,3,12,0.2,0,0,0.0,0,0,0.0,0,0,0.0,1,7,0.125,15,13,0.5357,4,10,0.2857,1,16,0.0588,0,17,0.0,4,13,0.2353,4,14,0.2222
2026-04-03 21:40:20,test_1383.jpg,129,32,161,0.1988,7,31,32,0,0,0.0,0,0,0.0,0,0,0.0,0,0,0.0,0,0,0.0,0,0,0.0,0,0,0.0,0,0,0.0,0,0,0.0,0,0,0.0,0,8,0.0,0,0,0.0,0,0,0.0,0,0,0.0,0,0,0.0,0,0,0.0,0,0,0.0,0,0,0.0,0,0,0.0,0,0,0.0,0,0,0.0,0,7,0.0,0,0,0.0,0,0,0.0,0,0,0.0,0,4,0.0,2,26,0.0714,7,35,0.1667,19,36,0.3455,4,13,0.2353,0,0,0.0,0,0,0.0
2026-04-03 21:40:20,test_1384.jpg,189,57,246,0.2317,14,31,32,3,12,0.2,6,9,0.4,7,15,0.3182,7,22,0.2414,11,20,0.3548,0,0,0.0,0,0,0.0,0,0,0.0,0,0,0.0,0,0,0.0,2,13,0.1333,0,0,0.0,0,0,0.0,0,0,0.0,0,0,0.0,0,0,0.0,0,0,0.0,0,0,0.0,0,0,0.0,0,0,0.0,0,0,0.0,0,15,0.0,0,0,0.0,0,0,0.0,0,0,0.0,0,2,0.0,2,20,0.0909,3,13,0.1875,3,13,0.1875,4,13,0.2353,4,11,0.2667,5,11,0.3125
2026-04-03 21:40:20,test_1385.jpg,294,226,520,0.4346,16,31,32,17,19,0.4722,12,18,0.4,15,27,0.3571,6,12,0.3333,4,12,0.25,8,25,0.2424,0,0,0.0,0,0,0.0,0,0,0.0,0,0,0.0,3,3,0.5,0,0,0.0,0,0,0.0,0,0,0.0,0,0,0.0,0,0,0.0,0,0,0.0,0,0,0.0,0,0,0.0,0,0,0.0,0,0,0.0,35,40,0.4667,0,0,0.0,0,0,0.0,0,0,0.0,22,18,0.55,16,20,0.4444,21,19,0.525,14,15,0.4828,14,17,0.4516,20,22,0.4762,19,27,0.413
2026-04-03 21:40:20,test_1386.jpg,118,3,121,0.0248,6,31,32,0,0,0.0,0,0,0.0,0,0,0.0,0,0,0.0,0,0,0.0,0,0,0.0,0,0,0.0,0,0,0.0,0,0,0.0,0,0,0.0,0,22,0.0,0,0,0.0,0,0,0.0,0,0,0.0,0,0,0.0,0,0,0.0,0,0,0.0,0,0,0.0,0,0,0.0,0,0,0.0,0,0,0.0,2,18,0.1,0,0,0.0,0,0,0.0,0,0,0.0,1,19,0.05,0,20,0.0,0,21,0.0,0,18,0.0,0,0,0.0,0,0,0.0,0,0,0.0
2026-04-03 21:40:20,test_1387.jpg,177,37,214,0.1729,8,31,32,0,0,0.0,0,0,0.0,0,0,0.0,0,0,0.0,0,0,0.0,0,0,0.0,0,0,0.0,0,0,0.0,0,0,0.0,0,0,0.0,1,11,0.0833,0,0,0.0,0,0,0.0,0,0,0.0,0,0,0.0,0,0,0.0,0,0,0.0,0,0,0.0,0,0,0.0,0,0,0.0,0,0,0.0,2,19,0.0952,0,0,0.0,0,0,0.0,0,0,0.0,3,21,0.125,6,41,0.1277,7,25,0.2188,8,27,0.2286,6,19,0.24,4,14,0.2222,0,0,0.0
2026-04-03 21:40:20,test_1388.jpg,196,66,262,0.2519,6,31,32,0,0,0.0,0,0,0.0,0,0,0.0,0,0,0.0,0,0,0.0,0,0,0.0,0,0,0.0,0,0,0.0,0,0,0.0,0,0,0.0,0,18,0.0,0,0,0.0,0,0,0.0,0,0,0.0,0,0,0.0,0,0,0.0,0,0,0.0,0,0,0.0,0,0,0.0,0,0,0.0,0,0,0.0,0,30,0.0,0,0,0.0,0,0,0.0,0,0,0.0,2,26,0.0714,11,42,0.2075,27,46,0.3699,26,34,0.4333,0,0,0.0,0,0,0.0,0,0,0.0
2026-04-03 21:40:20,test_1389.jpg,149,19,168,0.1131,7,31,32,0,0,0.0,0,0,0.0,0,0,0.0,0,0,0.0,0,0,0.0,0,0,0.0,0,0,0.0,0,0,0.0,0,0,0.0,0,0,0.0,9,28,0.2432,0,0,0.0,0,0,0.0,0,0,0.0,0,0,0.0,0,0,0.0,0,0,0.0,0,0,0.0,0,0,0.0,0,0,0.0,0,0,0.0,1,17,0.0556,0,0,0.0,0,0,0.0,0,0,0.0,1,17,0.0556,3,14,0.1765,0,22,0.0,1,27,0.0357,4,24,0.1429,0,0,0.0,0,0,0.0
2026-04-03 21:40:20,test_139.jpg,139,32,171,0.1871,7,31,32,0,0,0.0,0,0,0.0,0,0,0.0,0,0,0.0,0,0,0.0,0,0,0.0,0,0,0.0,0,0,0.0,0,0,0.0,0,0,0.0,3,18,0.1429,0,0,0.0,0,0,0.0,0,0,0.0,0,0,0.0,0,0,0.0,0,0,0.0,0,0,0.0,0,0,0.0,0,0,0.0,0,0,0.0,4,18,0.1818,0,0,0.0,0,0,0.0,0,0,0.0,5,16,0.2381,5,19,0.2083,3,18,0.1429,8,23,0.2581,4,27,0.129,0,0,0.0,0,0,0.0
2026-04-03 21:40:20,test_1390.jpg,158,27,185,0.1459,7,31,32,0,0,0.0,0,0,0.0,0,0,0.0,0,0,0.0,0,0,0.0,0,0,0.0,0,0,0.0,0,0,0.0,0,0,0.0,0,0,0.0,5,17,0.2273,0,0,0.0,0,0,0.0,0,0,0.0,0,0,0.0,0,0,0.0,0,0,0.0,0,0,0.0,0,0,0.0,0,0,0.0,0,0,0.0,0,16,0.0,0,0,0.0,0,0,0.0,0,0,0.0,2,17,0.1053,10,29,0.2564,0,26,0.0,6,28,0.1765,4,25,0.1379,0,0,0.0,0,0,0.0
2026-04-03 21:40:20,test_1391.jpg,252,237,489,0.4847,5,31,32,0,0,0.0,0,0,0.0,0,0,0.0,0,0,0.0,0,0,0.0,0,0,0.0,0,0,0.0,0,0,0.0,0,0,0.0,0,0,0.0,3,11,0.2143,0,0,0.0,0,0,0.0,0,0,0.0,0,0,0.0,0,0,0.0,0,0,0.0,0,0,0.0,0,0,0.0,0,0,0.0,0,0,0.0,21,58,0.2658,0,0,0.0,0,0,0.0,0,0,0.0,39,73,0.3482,145,90,0.617,29,20,0.5918,0,0,0.0,0,0,0.0,0,0,0.0,0,0,0.0
2026-04-03 21:40:20,test_1392.jpg,163,30,193,0.1554,8,31,32,0,0,0.0,0,0,0.0,0,0,0.0,0,0,0.0,0,0,0.0,0,0,0.0,0,0,0.0,0,0,0.0,0,0,0.0,0,0,0.0,7,32,0.1795,0,0,0.0,0,0,0.0,0,0,0.0,0,0,0.0,0,0,0.0,0,0,0.0,0,0,0.0,0,0,0.0,0,0,0.0,0,0,0.0,0,19,0.0,0,0,0.0,0,0,0.0,0,0,0.0,2,14,0.125,7,15,0.3182,7,20,0.2593,2,25,0.0741,3,14,0.1765,2,24,0.0769,0,0,0.0
2026-04-03 21:40:20,test_1393.jpg,149,53,202,0.2624,7,31,32,0,0,0.0,0,0,0.0,0,0,0.0,0,0,0.0,0,0,0.0,0,0,0.0,0,0,0.0,0,0,0.0,0,0,0.0,0,0,0.0,10,21,0.3226,0,0,0.0,0,0,0.0,0,0,0.0,0,0,0.0,0,0,0.0,0,0,0.0,0,0,0.0,0,0,0.0,0,0,0.0,0,0,0.0,4,16,0.2,0,0,0.0,0,0,0.0,0,0,0.0,7,18,0.28,12,18,0.4,10,32,0.2381,4,23,0.1481,6,21,0.2222,0,0,0.0,0,0,0.0
2026-04-03 21:40:20,test_1394.jpg,133,25,158,0.1582,4,31,32,0,0,0.0,0,0,0.0,0,0,0.0,0,0,0.0,0,0,0.0,0,0,0.0,0,0,0.0,0,0,0.0,0,0,0.0,0,0,0.0,8,15,0.3478,0,0,0.0,0,0,0.0,0,0,0.0,0,0,0.0,0,0,0.0,0,0,0.0,0,0,0.0,0,0,0.0,0,0,0.0,0,0,0.0,9,51,0.15,0,0,0.0,0,0,0.0,0,0,0.0,8,41,0.1633,0,26,0.0,0,0,0.0,0,0,0.0,0,0,0.0,0,0,0.0,0,0,0.0
2026-04-03 21:40:20,test_1395.jpg,114,33,147,0.2245,6,31,32,0,0,0.0,0,0,0.0,0,0,0.0,0,0,0.0,0,0,0.0,0,0,0.0,0,0,0.0,0,0,0.0,0,0,0.0,0,0,0.0,1,16,0.0588,0,0,0.0,0,0,0.0,0,0,0.0,0,0,0.0,0,0,0.0,0,0,0.0,0,0,0.0,0,0,0.0,0,0,0.0,0,0,0.0,1,20,0.0476,0,0,0.0,0,0,0.0,0,0,0.0,6,21,0.2222,14,25,0.359,8,23,0.2581,3,9,0.25,0,0,0.0,0,0,0.0,0,0,0.0
2026-04-03 21:40:20,test_1396.jpg,198,95,293,0.3242,7,31,32,0,0,0.0,0,0,0.0,0,0,0.0,0,0,0.0,0,0,0.0,0,0,0.0,0,0,0.0,0,0,0.0,0,0,0.0,0,0,0.0,5,37,0.119,0,0,0.0,0,0,0.0,0,0,0.0,0,0,0.0,0,0,0.0,0,0,0.0,0,0,0.0,0,0,0.0,0,0,0.0,0,0,0.0,0,20,0.0,0,0,0.0,0,0,0.0,0,0,0.0,7,41,0.1458,13,32,0.2889,22,22,0.5,26,23,0.5306,22,23,0.4889,0,0,0.0,0,0,0.0
2026-04-03 21:40:20,test_1397.jpg,83,38,121,0.314,5,31,32,0,0,0.0,0,0,0.0,0,0,0.0,0,0,0.0,0,0,0.0,0,0,0.0,0,0,0.0,0,0,0.0,0,0,0.0,0,0,0.0,3,18,0.1429,0,0,0.0,0,0,0.0,0,0,0.0,0,0,0.0,0,0,0.0,0,0,0.0,0,0,0.0,0,0,0.0,0,0,0.0,0,0,0.0,2,22,0.0833,0,0,0.0,0,0,0.0,0,0,0.0,8,17,0.32,19,19,0.5,6,7,0.4615,0,0,0.0,0,0,0.0,0,0,0.0,0,0,0.0
2026-04-03 21:40:20,test_1398.jpg,146,56,202,0.2772,5,31,32,0,0,0.0,0,0,0.0,0,0,0.0,0,0,0.0,0,0,0.0,0,0,0.0,0,0,0.0,0,0,0.0,0,0,0.0,0,0,0.0,2,7,0.2222,0,0,0.0,0,0,0.0,0,0,0.0,0,0,0.0,0,0,0.0,0,0,0.0,0,0,0.0,0,0,0.0,0,0,0.0,0,0,0.0,7,32,0.1795,0,0,0.0,0,0,0.0,0,0,0.0,7,24,0.2258,38,63,0.3762,2,20,0.0909,0,0,0.0,0,0,0.0,0,0,0.0,0,0,0.0
2026-04-03 21:40:20,test_1399.jpg,129,13,142,0.0915,13,31,32,2,8,0.2,0,9,0.0,0,15,0.0,0,0,0.0,0,0,0.0,0,0,0.0,0,0,0.0,0,0,0.0,0,0,0.0,0,0,0.0,1,4,0.2,0,0,0.0,0,0,0.0,0,0,0.0,0,0,0.0,0,0,0.0,0,0,0.0,0,0,0.0,0,0,0.0,0,0,0.0,0,0,0.0,0,11,0.0,0,0,0.0,0,0,0.0,0,0,0.0,0,11,0.0,0,7,0.0,0,10,0.0,7,14,0.3333,2,18,0.1,1,11,0.0833,0,11,0.0
2026-04-03 21:40:20,test_14.jpg,117,23,140,0.1643,6,31,32,0,0,0.0,0,0,0.0,0,0,0.0,0,0,0.0,0,0,0.0,0,0,0.0,0,0,0.0,0,0,0.0,0,0,0.0,0,0,0.0,14,21,0.4,0,0,0.0,0,0,0.0,0,0,0.0,0,0,0.0,0,0,0.0,0,0,0.0,0,0,0.0,0,0,0.0,0,0,0.0,0,0,0.0,4,34,0.1053,0,0,0.0,0,0,0.0,0,0,0.0,3,12,0.2,1,17,0.0556,0,18,0.0,1,15,0.0625,0,0,0.0,0,0,0.0,0,0,0.0
2026-04-03 21:40:20,test_140.jpg,161,19,180,0.1056,3,31,32,0,0,0.0,0,0,0.0,0,0,0.0,0,0,0.0,0,0,0.0,0,0,0.0,0,0,0.0,0,0,0.0,0,0,0.0,0,0,0.0,10,58,0.1471,0,0,0.0,0,0,0.0,0,0,0.0,0,0,0.0,0,0,0.0,0,0,0.0,0,0,0.0,0,0,0.0,0,0,0.0,0,0,0.0,8,66,0.1081,0,0,0.0,0,0,0.0,0,0,0.0,1,37,0.0263,0,0,0.0,0,0,0.0,0,0,0.0,0,0,0.0,0,0,0.0,0,0,0.0
2026-04-03 21:40:20,test_1400.jpg,140,64,204,0.3137,6,31,32,0,0,0.0,0,0,0.0,0,0,0.0,0,0,0.0,0,0,0.0,0,0,0.0,0,0,0.0,0,0,0.0,0,0,0.0,0,0,0.0,8,20,0.2857,0,0,0.0,0,0,0.0,0,0,0.0,0,0,0.0,0,0,0.0,0,0,0.0,0,0,0.0,0,0,0.0,0,0,0.0,0,0,0.0,19,36,0.3455,0,0,0.0,0,0,0.0,0,0,0.0,13,27,0.325,13,27,0.325,11,24,0.3143,0,6,0.0,0,0,0.0,0,0,0.0,0,0,0.0
2026-04-03 21:40:20,test_1401.jpg,97,65,162,0.4012,7,31,32,0,0,0.0,0,0,0.0,0,0,0.0,0,0,0.0,0,0,0.0,0,0,0.0,0,0,0.0,0,0,0.0,0,0,0.0,0,0,0.0,0,8,0.0,0,0,0.0,0,0,0.0,0,0,0.0,0,0,0.0,0,0,0.0,0,0,0.0,0,0,0.0,0,0,0.0,0,0,0.0,0,0,0.0,0,15,0.0,0,0,0.0,0,0,0.0,0,0,0.0,22,24,0.4783,22,17,0.5641,7,12,0.3684,6,12,0.3333,8,9,0.4706,0,0,0.0,0,0,0.0
2026-04-03 21:40:20,test_1402.jpg,300,54,354,0.1525,19,31,32,1,14,0.0667,5,20,0.2,0,20,0.0,2,15,0.1176,2,25,0.0741,15,17,0.4688,3,23,0.1154,0,0,0.0,2,23,0.08,0,6,0.0,7,12,0.3684,0,0,0.0,0,0,0.0,0,0,0.0,0,0,0.0,0,0,0.0,0,0,0.0,0,0,0.0,0,0,0.0,0,0,0.0,0,0,0.0,5,19,0.2083,0,0,0.0,0,0,0.0,0,0,0.0,0,1,0.0,0,7,0.0,4,25,0.1379,6,24,0.2,0,19,0.0,2,15,0.1176,0,15,0.0
2026-04-03 21:40:20,test_1403.jpg,187,89,276,0.3225,6,31,32,0,0,0.0,0,0,0.0,0,0,0.0,0,0,0.0,0,0,0.0,0,0,0.0,0,0,0.0,0,0,0.0,0,0,0.0,0,0,0.0,2,14,0.125,0,0,0.0,0,0,0.0,0,0,0.0,0,0,0.0,0,0,0.0,0,0,0.0,0,0,0.0,0,0,0.0,0,0,0.0,0,0,0.0,3,45,0.0625,0,0,0.0,0,0,0.0,0,0,0.0,10,29,0.2564,31,39,0.4429,35,39,0.473,8,21,0.2759,0,0,0.0,0,0,0.0,0,0,0.0
2026-04-03 21:40:20,test_1404.jpg,111,15,126,0.119,6,31,32,0,0,0.0,0,0,0.0,0,0,0.0,0,0,0.0,0,0,0.0,0,0,0.0,0,0,0.0,0,0,0.0,0,0,0.0,0,0,0.0,2,15,0.1176,0,0,0.0,0,0,0.0,0,0,0.0,0,0,0.0,0,0,0.0,0,0,0.0,0,0,0.0,0,0,0.0,0,0,0.0,0,0,0.0,2,17,0.1053,0,0,0.0,0,0,0.0,0,0,0.0,2,23,0.08,2,25,0.0741,2,12,0.1429,5,19,0.2083,0,0,0.0,0,0,0.0,0,0,0.0
2026-04-03 21:40:20,test_1405.jpg,209,17,226,0.0752,5,31,32,0,0,0.0,0,0,0.0,0,0,0.0,0,0,0.0,0,0,0.0,0,0,0.0,0,0,0.0,0,0,0.0,0,0,0.0,0,0,0.0,4,22,0.1538,0,0,0.0,0,0,0.0,0,0,0.0,0,0,0.0,0,0,0.0,0,0,0.0,0,0,0.0,0,0,0.0,0,0,0.0,0,0,0.0,4,35,0.1026,0,0,0.0,0,0,0.0,0,0,0.0,5,47,0.0962,2,81,0.0241,2,24,0.0769,0,0,0.0,0,0,0.0,0,0,0.0,0,0,0.0
2026-04-03 21:40:20,test_1406.jpg,140,16,156,0.1026,6,31,32,0,0,0.0,0,0,0.0,0,0,0.0,0,0,0.0,0,0,0.0,0,0,0.0,0,0,0.0,0,0,0.0,0,0,0.0,0,0,0.0,1,13,0.0714,0,0,0.0,0,0,0.0,0,0,0.0,0,0,0.0,0,0,0.0,0,0,0.0,0,0,0.0,0,0,0.0,0,0,0.0,0,0,0.0,0,27,0.0,0,0,0.0,0,0,0.0,0,0,0.0,3,26,0.1034,1,29,0.0333,3,24,0.1111,8,21,0.2759,0,0,0.0,0,0,0.0,0,0,0.0
2026-04-03 21:40:20,test_1407.jpg,131,28,159,0.1761,4,31,32,0,0,0.0,0,0,0.0,0,0,0.0,0,0,0.0,0,0,0.0,0,0,0.0,0,0,0.0,0,0,0.0,0,0,0.0,0,0,0.0,22,38,0.3667,0,0,0.0,0,0,0.0,0,0,0.0,0,0,0.0,0,0,0.0,0,0,0.0,0,0,0.0,0,0,0.0,0,0,0.0,0,0,0.0,1,43,0.0227,0,0,0.0,0,0,0.0,0,0,0.0,4,28,0.125,1,22,0.0435,0,0,0.0,0,0,0.0,0,0,0.0,0,0,0.0,0,0,0.0
2026-04-03 21:40:20,test_1408.jpg,185,23,208,0.1106,8,31,32,0,0,0.0,0,0,0.0,0,0,0.0,0,0,0.0,0,0,0.0,0,0,0.0,0,0,0.0,0,0,0.0,0,0,0.0,0,0,0.0,0,6,0.0,0,0,0.0,0,0,0.0,0,0,0.0,0,0,0.0,0,0,0.0,0,0,0.0,0,0,0.0,0,0,0.0,0,0,0.0,0,0,0.0,1,33,0.0294,0,0,0.0,0,0,0.0,0,0,0.0,0,10,0.0,4,27,0.129,3,33,0.0833,1,27,0.0357,14,47,0.2295,0,2,0.0,0,0,0.0
2026-04-03 21:40:20,test_1409.jpg,180,33,213,0.1549,5,31,32,0,0,0.0,0,0,0.0,0,0,0.0,0,0,0.0,0,0,0.0,0,0,0.0,0,0,0.0,0,0,0.0,0,0,0.0,0,0,0.0,8,35,0.186,0,0,0.0,0,0,0.0,0,0,0.0,0,0,0.0,0,0,0.0,0,0,0.0,0,0,0.0,0,0,0.0,0,0,0.0,0,0,0.0,3,34,0.0811,0,0,0.0,0,0,0.0,0,0,0.0,10,41,0.1961,6,36,0.1429,6,34,0.15,0,0,0.0,0,0,0.0,0,0,0.0,0,0,0.0
2026-04-03 21:40:20,test_141.jpg,168,65,233,0.279,9,31,32,0,0,0.0,0,0,0.0,0,0,0.0,0,0,0.0,0,0,0.0,0,0,0.0,0,0,0.0,0,0,0.0,0,0,0.0,0,0,0.0,5,12,0.2941,0,0,0.0,0,0,0.0,0,0,0.0,0,0,0.0,0,0,0.0,0,0,0.0,0,0,0.0,0,0,0.0,0,0,0.0,0,0,0.0,0,2,0.0,0,0,0.0,0,0,0.0,0,0,0.0,2,22,0.0833,4,23,0.1481,14,23,0.3784,4,21,0.16,22,21,0.5116,8,26,0.2353,6,18,0.25
2026-04-03 21:40:20,test_1410.jpg,128,6,134,0.0448,5,31,32,0,0,0.0,0,0,0.0,0,0,0.0,0,0,0.0,0,0,0.0,0,0,0.0,0,0,0.0,0,0,0.0,0,0,0.0,0,0,0.0,1,29,0.0333,0,0,0.0,0,0,0.0,0,0,0.0,0,0,0.0,0,0,0.0,0,0,0.0,0,0,0.0,0,0,0.0,0,0,0.0,0,0,0.0,0,26,0.0,0,0,0.0,0,0,0.0,0,0,0.0,0,26,0.0,2,33,0.0571,3,14,0.1765,0,0,0.0,0,0,0.0,0,0,0.0,0,0,0.0
2026-04-03 21:40:20,test_1411.jpg,127,27,154,0.1753,3,31,32,0,0,0.0,0,0,0.0,0,0,0.0,0,0,0.0,0,0,0.0,0,0,0.0,0,0,0.0,0,0,0.0,0,0,0.0,0,0,0.0,14,42,0.25,0,0,0.0,0,0,0.0,0,0,0.0,0,0,0.0,0,0,0.0,0,0,0.0,0,0,0.0,0,0,0.0,0,0,0.0,0,0,0.0,6,58,0.0938,0,0,0.0,0,0,0.0,0,0,0.0,7,27,0.2059,0,0,0.0,0,0,0.0,0,0,0.0,0,0,0.0,0,0,0.0,0,0,0.0
2026-04-03 21:40:20,test_1412.jpg,161,32,193,0.1658,6,31,32,0,0,0.0,0,0,0.0,0,0,0.0,0,0,0.0,0,0,0.0,0,0,0.0,0,0,0.0,0,0,0.0,0,0,0.0,0,0,0.0,2,24,0.0769,0,0,0.0,0,0,0.0,0,0,0.0,0,0,0.0,0,0,0.0,0,0,0.0,0,0,0.0,0,0,0.0,0,0,0.0,0,0,0.0,5,27,0.1562,0,0,0.0,0,0,0.0,0,0,0.0,6,36,0.1429,3,29,0.0938,16,41,0.2807,0,4,0.0,0,0,0.0,0,0,0.0,0,0,0.0
2026-04-03 21:40:20,test_1413.jpg,141,42,183,0.2295,6,31,32,0,0,0.0,0,0,0.0,0,0,0.0,0,0,0.0,0,0,0.0,0,0,0.0,0,0,0.0,0,0,0.0,0,0,0.0,0,0,0.0,7,17,0.2917,0,0,0.0,0,0,0.0,0,0,0.0,0,0,0.0,0,0,0.0,0,0,0.0,0,0,0.0,0,0,0.0,0,0,0.0,0,0,0.0,9,30,0.2308,0,0,0.0,0,0,0.0,0,0,0.0,8,34,0.1905,7,22,0.2414,10,29,0.2564,1,9,0.1,0,0,0.0,0,0,0.0,0,0,0.0
2026-04-03 21:40:20,test_1414.jpg,196,40,236,0.1695,9,31,32,0,0,0.0,0,0,0.0,0,0,0.0,0,0,0.0,0,0,0.0,0,0,0.0,0,0,0.0,0,0,0.0,0,0,0.0,0,0,0.0,1,6,0.1429,0,0,0.0,0,0,0.0,0,0,0.0,0,0,0.0,0,0,0.0,0,0,0.0,0,0,0.0,0,0,0.0,0,0,0.0,0,0,0.0,1,17,0.0556,0,0,0.0,0,0,0.0,0,0,0.0,1,23,0.0417,2,26,0.0714,2,28,0.0667,10,29,0.2564,19,24,0.4419,2,29,0.0645,2,14,0.125
2026-04-03 21:40:20,test_1415.jpg,179,40,219,0.1826,8,31,32,0,0,0.0,0,0,0.0,0,0,0.0,0,0,0.0,0,0,0.0,0,0,0.0,0,0,0.0,0,0,0.0,0,0,0.0,0,0,0.0,10,19,0.3448,0,0,0.0,0,0,0.0,0,0,0.0,0,0,0.0,0,0,0.0,0,0,0.0,0,0,0.0,0,0,0.0,0,0,0.0,0,0,0.0,5,25,0.1667,0,0,0.0,0,0,0.0,0,0,0.0,3,25,0.1071,4,22,0.1538,7,23,0.2333,3,24,0.1111,6,28,0.1765,2,13,0.1333,0,0,0.0
2026-04-03 21:40:20,test_1416.jpg,134,54,188,0.2872,8,31,32,0,0,0.0,0,0,0.0,0,0,0.0,0,0,0.0,0,0,0.0,0,0,0.0,0,0,0.0,0,0,0.0,0,0,0.0,0,0,0.0,6,23,0.2069,0,0,0.0,0,0,0.0,0,0,0.0,0,0,0.0,0,0,0.0,0,0,0.0,0,0,0.0,0,0,0.0,0,0,0.0,0,0,0.0,4,21,0.16,0,0,0.0,0,0,0.0,0,0,0.0,8,17,0.32,2,12,0.1429,11,14,0.44,7,19,0.2692,9,19,0.3214,7,9,0.4375,0,0,0.0
2026-04-03 21:40:20,test_1417.jpg,208,13,221,0.0588,16,31,32,2,11,0.1538,0,12,0.0,4,13,0.2353,2,13,0.1333,0,14,0.0,0,20,0.0,0,10,0.0,0,0,0.0,0,0,0.0,0,0,0.0,0,12,0.0,0,0,0.0,0,0,0.0,0,0,0.0,0,0,0.0,0,0,0.0,0,0,0.0,0,0,0.0,0,0,0.0,0,0,0.0,0,0,0.0,0,3,0.0,0,0,0.0,0,0,0.0,0,0,0.0,0,0,0.0,0,0,0.0,1,17,0.0556,0,0,0.0,1,29,0.0333,3,28,0.0968,0,26,0.0
2026-04-03 21:40:20,test_1418.jpg,162,21,183,0.1148,6,31,32,0,0,0.0,0,0,0.0,0,0,0.0,0,0,0.0,0,0,0.0,0,0,0.0,0,0,0.0,0,0,0.0,0,0,0.0,0,0,0.0,0,8,0.0,0,0,0.0,0,0,0.0,0,0,0.0,0,0,0.0,0,0,0.0,0,0,0.0,0,0,0.0,0,0,0.0,0,0,0.0,0,0,0.0,6,45,0.1176,0,0,0.0,0,0,0.0,0,0,0.0,1,22,0.0435,0,26,0.0,8,33,0.1951,6,28,0.1765,0,0,0.0,0,0,0.0,0,0,0.0
2026-04-03 21:40:20,test_1419.jpg,150,61,211,0.2891,8,31,32,0,0,0.0,0,0,0.0,0,0,0.0,0,0,0.0,0,0,0.0,0,0,0.0,0,0,0.0,0,0,0.0,0,0,0.0,0,0,0.0,8,24,0.25,0,0,0.0,0,0,0.0,0,0,0.0,0,0,0.0,0,0,0.0,0,0,0.0,0,0,0.0,0,0,0.0,0,0,0.0,0,0,0.0,3,21,0.125,0,0,0.0,0,0,0.0,0,0,0.0,5,16,0.2381,6,14,0.3,4,21,0.16,14,23,0.3784,17,19,0.4722,4,12,0.25,0,0,0.0
2026-04-03 21:40:20,test_142.jpg,145,72,217,0.3318,5,31,32,0,0,0.0,0,0,0.0,0,0,0.0,0,0,0.0,0,0,0.0,0,0,0.0,0,0,0.0,0,0,0.0,0,0,0.0,0,0,0.0,1,18,0.0526,0,0,0.0,0,0,0.0,0,0,0.0,0,0,0.0,0,0,0.0,0,0,0.0,0,0,0.0,0,0,0.0,0,0,0.0,0,0,0.0,7,26,0.2121,0,0,0.0,0,0,0.0,0,0,0.0,12,32,0.2727,31,47,0.3974,21,22,0.4884,0,0,0.0,0,0,0.0,0,0,0.0,0,0,0.0
2026-04-03 21:40:20,test_1420.jpg,196,18,214,0.0841,4,31,32,0,0,0.0,0,0,0.0,0,0,0.0,0,0,0.0,0,0,0.0,0,0,0.0,0,0,0.0,0,0,0.0,0,0,0.0,0,0,0.0,0,29,0.0,0,0,0.0,0,0,0.0,0,0,0.0,0,0,0.0,0,0,0.0,0,0,0.0,0,0,0.0,0,0,0.0,0,0,0.0,0,0,0.0,6,37,0.1395,0,0,0.0,0,0,0.0,0,0,0.0,8,81,0.0899,4,49,0.0755,0,0,0.0,0,0,0.0,0,0,0.0,0,0,0.0,0,0,0.0
2026-04-03 21:40:20,test_1421.jpg,133,42,175,0.24,6,31,32,0,0,0.0,0,0,0.0,0,0,0.0,0,0,0.0,0,0,0.0,0,0,0.0,0,0,0.0,0,0,0.0,0,0,0.0,0,0,0.0,3,22,0.12,0,0,0.0,0,0,0.0,0,0,0.0,0,0,0.0,0,0,0.0,0,0,0.0,0,0,0.0,0,0,0.0,0,0,0.0,0,0,0.0,4,23,0.1481,0,0,0.0,0,0,0.0,0,0,0.0,7,31,0.1842,21,38,0.3559,6,13,0.3158,1,6,0.1429,0,0,0.0,0,0,0.0,0,0,0.0
2026-04-03 21:40:20,test_1422.jpg,279,22,301,0.0731,11,31,32,0,22,0.0,2,23,0.08,0,0,0.0,0,0,0.0,0,0,0.0,0,0,0.0,0,0,0.0,0,0,0.0,0,0,0.0,0,0,0.0,0,21,0.0,0,0,0.0,0,0,0.0,0,0,0.0,0,0,0.0,0,0,0.0,0,0,0.0,0,0,0.0,0,0,0.0,0,0,0.0,0,0,0.0,1,43,0.0227,0,0,0.0,0,0,0.0,0,0,0.0,6,32,0.1579,2,35,0.0541,6,35,0.1463,0,31,0.0,3,14,0.1765,0,15,0.0,2,8,0.2
2026-04-03 21:40:20,test_1423.jpg,135,22,157,0.1401,7,31,32,0,0,0.0,0,0,0.0,0,0,0.0,0,0,0.0,0,0,0.0,0,0,0.0,0,0,0.0,0,0,0.0,0,0,0.0,0,0,0.0,1,13,0.0714,0,0,0.0,0,0,0.0,0,0,0.0,0,0,0.0,0,0,0.0,0,0,0.0,0,0,0.0,0,0,0.0,0,0,0.0,0,0,0.0,1,18,0.0526,0,0,0.0,0,0,0.0,0,0,0.0,0,14,0.0,6,20,0.2308,3,19,0.1364,4,27,0.129,7,24,0.2258,0,0,0.0,0,0,0.0
2026-04-03 21:40:20,test_1424.jpg,146,5,151,0.0331,6,31,32,0,0,0.0,0,0,0.0,0,0,0.0,0,0,0.0,0,0,0.0,0,0,0.0,0,0,0.0,0,0,0.0,0,0,0.0,0,0,0.0,0,22,0.0,0,0,0.0,0,0,0.0,0,0,0.0,0,0,0.0,0,0,0.0,0,0,0.0,0,0,0.0,0,0,0.0,0,0,0.0,0,0,0.0,1,21,0.0455,0,0,0.0,0,0,0.0,0,0,0.0,0,22,0.0,1,24,0.04,3,25,0.1071,0,32,0.0,0,0,0.0,0,0,0.0,0,0,0.0
2026-04-03 21:40:20,test_1425.jpg,129,20,149,0.1342,7,31,32,0,0,0.0,0,0,0.0,0,0,0.0,0,0,0.0,0,0,0.0,0,0,0.0,0,0,0.0,0,0,0.0,0,0,0.0,0,0,0.0,3,19,0.1364,0,0,0.0,0,0,0.0,0,0,0.0,0,0,0.0,0,0,0.0,0,0,0.0,0,0,0.0,0,0,0.0,0,0,0.0,0,0,0.0,0,20,0.0,0,0,0.0,0,0,0.0,0,0,0.0,0,19,0.0,3,16,0.1579,5,19,0.2083,6,17,0.2609,3,19,0.1364,0,0,0.0,0,0,0.0
2026-04-03 21:40:20,test_1426.jpg,153,16,169,0.0947,6,31,32,0,0,0.0,0,0,0.0,0,0,0.0,0,0,0.0,0,0,0.0,0,0,0.0,0,0,0.0,0,0,0.0,0,0,0.0,0,0,0.0,0,19,0.0,0,0,0.0,0,0,0.0,0,0,0.0,0,0,0.0,0,0,0.0,0,0,0.0,0,0,0.0,0,0,0.0,0,0,0.0,0,0,0.0,2,25,0.0741,0,0,0.0,0,0,0.0,0,0,0.0,3,25,0.1071,2,27,0.069,3,33,0.0833,6,24,0.2,0,0,0.0,0,0,0.0,0,0,0.0
2026-04-03 21:40:20,test_1427.jpg,154,19,173,0.1098,8,31,32,0,0,0.0,0,0,0.0,0,0,0.0,0,0,0.0,0,0,0.0,0,0,0.0,0,0,0.0,0,0,0.0,0,0,0.0,0,0,0.0,3,25,0.1071,0,0,0.0,0,0,0.0,0,0,0.0,0,0,0.0,0,0,0.0,0,0,0.0,0,0,0.0,0,0,0.0,0,0,0.0,0,0,0.0,3,18,0.1429,0,0,0.0,0,0,0.0,0,0,0.0,1,17,0.0556,2,20,0.0909,0,17,0.0,2,18,0.1,3,22,0.12,5,17,0.2273,0,0,0.0
2026-04-03 21:40:20,test_1428.jpg,193,37,230,0.1609,7,31,32,0,0,0.0,0,0,0.0,0,0,0.0,0,0,0.0,0,0,0.0,0,0,0.0,0,0,0.0,0,0,0.0,0,0,0.0,0,0,0.0,0,0,0.0,0,0,0.0,0,0,0.0,0,0,0.0,0,0,0.0,0,0,0.0,0,0,0.0,0,0,0.0,0,0,0.0,0,0,0.0,0,0,0.0,3,45,0.0625,0,0,0.0,0,0,0.0,0,0,0.0,0,26,0.0,4,25,0.1379,14,28,0.3333,16,69,0.1882,0,0,0.0,0,0,0.0,0,0,0.0
2026-04-03 21:40:20,test_1429.jpg,136,35,171,0.2047,6,31,32,0,0,0.0,0,0,0.0,0,0,0.0,0,0,0.0,0,0,0.0,0,0,0.0,0,0,0.0,0,0,0.0,0,0,0.0,0,0,0.0,0,18,0.0,0,0,0.0,0,0,0.0,0,0,0.0,0,0,0.0,0,0,0.0,0,0,0.0,0,0,0.0,0,0,0.0,0,0,0.0,0,0,0.0,1,17,0.0556,0,0,0.0,0,0,0.0,0,0,0.0,5,23,0.1786,2,26,0.0714,7,27,0.2059,20,25,0.4444,0,0,0.0,0,0,0.0,0,0,0.0
2026-04-03 21:40:20,test_143.jpg,142,52,194,0.268,6,31,32,0,0,0.0,0,0,0.0,0,0,0.0,0,0,0.0,0,0,0.0,0,0,0.0,0,0,0.0,0,0,0.0,0,0,0.0,0,0,0.0,10,17,0.3704,0,0,0.0,0,0,0.0,0,0,0.0,0,0,0.0,0,0,0.0,0,0,0.0,0,0,0.0,0,0,0.0,0,0,0.0,0,0,0.0,11,16,0.4074,0,0,0.0,0,0,0.0,0,0,0.0,3,24,0.1111,4,27,0.129,10,28,0.2632,14,30,0.3182,0,0,0.0,0,0,0.0,0,0,0.0
2026-04-03 21:40:20,test_1430.jpg,129,10,139,0.0719,7,31,32,0,0,0.0,0,0,0.0,0,0,0.0,0,0,0.0,0,0,0.0,0,0,0.0,0,0,0.0,0,0,0.0,0,0,0.0,0,0,0.0,4,22,0.1538,0,0,0.0,0,0,0.0,0,0,0.0,0,0,0.0,0,0,0.0,0,0,0.0,0,0,0.0,0,0,0.0,0,0,0.0,0,0,0.0,1,20,0.0476,0,0,0.0,0,0,0.0,0,0,0.0,2,28,0.0667,1,22,0.0435,0,14,0.0,0,14,0.0,2,9,0.1818,0,0,0.0,0,0,0.0
2026-04-03 21:40:20,test_1431.jpg,186,126,312,0.4038,4,31,32,0,0,0.0,0,0,0.0,0,0,0.0,0,0,0.0,0,0,0.0,0,0,0.0,0,0,0.0,0,0,0.0,0,0,0.0,0,0,0.0,1,22,0.0435,0,0,0.0,0,0,0.0,0,0,0.0,0,0,0.0,0,0,0.0,0,0,0.0,0,0,0.0,0,0,0.0,0,0,0.0,0,0,0.0,16,47,0.254,0,0,0.0,0,0,0.0,0,0,0.0,84,83,0.503,25,34,0.4237,0,0,0.0,0,0,0.0,0,0,0.0,0,0,0.0,0,0,0.0
2026-04-03 21:40:20,test_1432.jpg,138,31,169,0.1834,6,31,32,0,0,0.0,0,0,0.0,0,0,0.0,0,0,0.0,0,0,0.0,0,0,0.0,0,0,0.0,0,0,0.0,0,0,0.0,0,0,0.0,3,18,0.1429,0,0,0.0,0,0,0.0,0,0,0.0,0,0,0.0,0,0,0.0,0,0,0.0,0,0,0.0,0,0,0.0,0,0,0.0,0,0,0.0,3,20,0.1304,0,0,0.0,0,0,0.0,0,0,0.0,3,19,0.1364,4,19,0.1739,7,32,0.1795,11,30,0.2683,0,0,0.0,0,0,0.0,0,0,0.0
2026-04-03 21:40:20,test_1433.jpg,153,24,177,0.1356,8,31,32,0,0,0.0,0,0,0.0,0,0,0.0,0,0,0.0,0,0,0.0,0,0,0.0,0,0,0.0,0,0,0.0,0,0,0.0,0,0,0.0,3,14,0.1765,0,0,0.0,0,0,0.0,0,0,0.0,0,0,0.0,0,0,0.0,0,0,0.0,0,0,0.0,0,0,0.0,0,0,0.0,0,0,0.0,0,0,0.0,0,0,0.0,0,0,0.0,0,0,0.0,5,28,0.1515,2,23,0.08,0,19,0.0,1,21,0.0455,10,25,0.2857,3,23,0.1154,0,0,0.0
2026-04-03 21:40:20,test_1434.jpg,212,150,362,0.4144,5,31,32,0,0,0.0,0,0,0.0,0,0,0.0,0,0,0.0,0,0,0.0,0,0,0.0,0,0,0.0,0,0,0.0,0,0,0.0,0,0,0.0,1,16,0.0588,0,0,0.0,0,0,0.0,0,0,0.0,0,0,0.0,0,0,0.0,0,0,0.0,0,0,0.0,0,0,0.0,0,0,0.0,0,0,0.0,13,51,0.2031,0,0,0.0,0,0,0.0,0,0,0.0,14,59,0.1918,65,57,0.5328,57,29,0.6628,0,0,0.0,0,0,0.0,0,0,0.0,0,0,0.0
2026-04-03 21:40:20,test_1435.jpg,165,78,243,0.321,6,31,32,0,0,0.0,0,0,0.0,0,0,0.0,0,0,0.0,0,0,0.0,0,0,0.0,0,0,0.0,0,0,0.0,0,0,0.0,0,0,0.0,4,18,0.1818,0,0,0.0,0,0,0.0,0,0,0.0,0,0,0.0,0,0,0.0,0,0,0.0,0,0,0.0,0,0,0.0,0,0,0.0,0,0,0.0,11,26,0.2973,0,0,0.0,0,0,0.0,0,0,0.0,9,21,0.3,18,30,0.375,25,33,0.431,11,37,0.2292,0,0,0.0,0,0,0.0,0,0,0.0
2026-04-03 21:40:20,test_1436.jpg,162,38,200,0.19,12,31,32,5,10,0.3333,1,9,0.1,10,21,0.3226,0,0,0.0,0,0,0.0,0,0,0.0,0,0,0.0,0,0,0.0,0,0,0.0,0,0,0.0,5,22,0.1852,0,0,0.0,0,0,0.0,0,0,0.0,0,0,0.0,0,0,0.0,0,0,0.0,0,0,0.0,0,0,0.0,0,0,0.0,0,0,0.0,7,27,0.2059,0,0,0.0,0,0,0.0,0,0,0.0,0,15,0.0,1,10,0.0909,0,10,0.0,0,9,0.0,0,9,0.0,7,10,0.4118,2,10,0.1667
2026-04-03 21:40:20,test_1437.jpg,151,21,172,0.1221,6,31,32,0,0,0.0,0,0,0.0,0,0,0.0,0,0,0.0,0,0,0.0,0,0,0.0,0,0,0.0,0,0,0.0,0,0,0.0,0,0,0.0,1,19,0.05,0,0,0.0,0,0,0.0,0,0,0.0,0,0,0.0,0,0,0.0,0,0,0.0,0,0,0.0,0,0,0.0,0,0,0.0,0,0,0.0,3,18,0.1429,0,0,0.0,0,0,0.0,0,0,0.0,0,17,0.0,0,28,0.0,16,47,0.254,1,22,0.0435,0,0,0.0,0,0,0.0,0,0,0.0
2026-04-03 21:40:20,test_1438.jpg,138,37,175,0.2114,14,31,32,0,11,0.0,6,5,0.5455,0,12,0.0,4,8,0.3333,0,10,0.0,0,0,0.0,0,0,0.0,0,0,0.0,0,0,0.0,0,0,0.0,0,2,0.0,0,0,0.0,0,0,0.0,0,0,0.0,0,0,0.0,0,0,0.0,0,0,0.0,0,0,0.0,0,0,0.0,0,0,0.0,0,0,0.0,4,12,0.25,0,0,0.0,0,0,0.0,0,0,0.0,0,13,0.0,1,3,0.25,5,16,0.2381,4,12,0.25,2,7,0.2222,0,17,0.0,11,10,0.5238
2026-04-03 21:40:20,test_1439.jpg,147,19,166,0.1145,9,31,32,0,0,0.0,0,0,0.0,0,0,0.0,0,0,0.0,0,0,0.0,0,0,0.0,0,0,0.0,0,0,0.0,0,0,0.0,0,0,0.0,0,0,0.0,0,0,0.0,0,0,0.0,0,0,0.0,0,0,0.0,0,0,0.0,0,0,0.0,0,0,0.0,0,0,0.0,0,0,0.0,0,0,0.0,0,39,0.0,0,0,0.0,0,0,0.0,0,0,0.0,7,32,0.1795,3,10,0.2308,0,13,0.0,1,13,0.0714,3,15,0.1667,5,25,0.1667,0,0,0.0
2026-04-03 21:40:20,test_144.jpg,188,45,233,0.1931,5,31,32,0,0,0.0,0,0,0.0,0,0,0.0,0,0,0.0,0,0,0.0,0,0,0.0,0,0,0.0,0,0,0.0,0,0,0.0,0,0,0.0,1,3,0.25,0,0,0.0,0,0,0.0,0,0,0.0,0,0,0.0,0,0,0.0,0,0,0.0,0,0,0.0,0,0,0.0,0,0,0.0,0,0,0.0,13,37,0.26,0,0,0.0,0,0,0.0,0,0,0.0,3,60,0.0476,20,74,0.2128,8,14,0.3636,0,0,0.0,0,0,0.0,0,0,0.0,0,0,0.0
2026-04-03 21:40:20,test_1440.jpg,120,54,174,0.3103,8,31,32,0,0,0.0,0,0,0.0,0,0,0.0,0,0,0.0,0,0,0.0,0,0,0.0,0,0,0.0,0,0,0.0,0,0,0.0,0,0,0.0,5,12,0.2941,0,0,0.0,0,0,0.0,0,0,0.0,0,0,0.0,0,0,0.0,0,0,0.0,0,0,0.0,0,0,0.0,0,0,0.0,0,0,0.0,2,12,0.1429,0,0,0.0,0,0,0.0,0,0,0.0,0,16,0.0,1,8,0.1111,13,15,0.4643,11,14,0.44,22,33,0.4,0,10,0.0,0,0,0.0
2026-04-03 21:40:20,test_1441.jpg,132,25,157,0.1592,6,31,32,0,0,0.0,0,0,0.0,0,0,0.0,0,0,0.0,0,0,0.0,0,0,0.0,0,0,0.0,0,0,0.0,0,0,0.0,0,0,0.0,11,14,0.44,0,0,0.0,0,0,0.0,0,0,0.0,0,0,0.0,0,0,0.0,0,0,0.0,0,0,0.0,0,0,0.0,0,0,0.0,0,0,0.0,1,29,0.0333,0,0,0.0,0,0,0.0,0,0,0.0,6,16,0.2727,2,18,0.1,5,36,0.122,0,19,0.0,0,0,0.0,0,0,0.0,0,0,0.0
2026-04-03 21:40:20,test_1442.jpg,114,17,131,0.1298,6,31,32,0,0,0.0,0,0,0.0,0,0,0.0,0,0,0.0,0,0,0.0,0,0,0.0,0,0,0.0,0,0,0.0,0,0,0.0,0,0,0.0,2,14,0.125,0,0,0.0,0,0,0.0,0,0,0.0,0,0,0.0,0,0,0.0,0,0,0.0,0,0,0.0,0,0,0.0,0,0,0.0,0,0,0.0,2,8,0.2,0,0,0.0,0,0,0.0,0,0,0.0,2,24,0.0769,5,24,0.1724,2,26,0.0714,4,18,0.1818,0,0,0.0,0,0,0.0,0,0,0.0
2026-04-03 21:40:20,test_1443.jpg,190,16,206,0.0777,7,31,32,0,0,0.0,0,0,0.0,0,0,0.0,0,0,0.0,0,0,0.0,0,0,0.0,0,0,0.0,0,0,0.0,0,0,0.0,0,0,0.0,0,29,0.0,0,0,0.0,0,0,0.0,0,0,0.0,0,0,0.0,0,0,0.0,0,0,0.0,0,0,0.0,0,0,0.0,0,0,0.0,0,0,0.0,6,24,0.2,0,0,0.0,0,0,0.0,0,0,0.0,0,23,0.0,2,24,0.0769,6,29,0.1714,2,29,0.0645,0,32,0.0,0,0,0.0,0,0,0.0
2026-04-03 21:40:20,test_1444.jpg,121,31,152,0.2039,7,31,32,0,0,0.0,0,0,0.0,0,0,0.0,0,0,0.0,0,0,0.0,0,0,0.0,0,0,0.0,0,0,0.0,0,0,0.0,0,0,0.0,0,22,0.0,0,0,0.0,0,0,0.0,0,0,0.0,0,0,0.0,0,0,0.0,0,0,0.0,0,0,0.0,0,0,0.0,0,0,0.0,0,0,0.0,8,17,0.32,0,0,0.0,0,0,0.0,0,0,0.0,5,16,0.2381,1,10,0.0909,4,13,0.2353,3,17,0.15,10,26,0.2778,0,0,0.0,0,0,0.0
2026-04-03 21:40:20,test_1445.jpg,120,44,164,0.2683,5,31,32,0,0,0.0,0,0,0.0,0,0,0.0,0,0,0.0,0,0,0.0,0,0,0.0,0,0,0.0,0,0,0.0,0,0,0.0,0,0,0.0,0,16,0.0,0,0,0.0,0,0,0.0,0,0,0.0,0,0,0.0,0,0,0.0,0,0,0.0,0,0,0.0,0,0,0.0,0,0,0.0,0,0,0.0,6,28,0.1765,0,0,0.0,0,0,0.0,0,0,0.0,6,19,0.24,15,26,0.3659,17,31,0.3542,0,0,0.0,0,0,0.0,0,0,0.0,0,0,0.0
2026-04-03 21:40:20,test_1446.jpg,155,35,190,0.1842,8,31,32,0,0,0.0,0,0,0.0,0,0,0.0,0,0,0.0,0,0,0.0,0,0,0.0,0,0,0.0,0,0,0.0,0,0,0.0,0,0,0.0,2,9,0.1818,0,0,0.0,0,0,0.0,0,0,0.0,0,0,0.0,0,0,0.0,0,0,0.0,0,0,0.0,0,0,0.0,0,0,0.0,0,0,0.0,3,23,0.1154,0,0,0.0,0,0,0.0,0,0,0.0,3,36,0.0769,11,25,0.3056,9,14,0.3913,0,14,0.0,0,18,0.0,7,16,0.3043,0,0,0.0
2026-04-03 21:40:20,test_1447.jpg,134,29,163,0.1779,8,31,32,0,0,0.0,0,0,0.0,0,0,0.0,0,0,0.0,0,0,0.0,0,0,0.0,0,0,0.0,0,0,0.0,0,0,0.0,0,0,0.0,5,15,0.25,0,0,0.0,0,0,0.0,0,0,0.0,0,0,0.0,0,0,0.0,0,0,0.0,0,0,0.0,0,0,0.0,0,0,0.0,0,0,0.0,2,20,0.0909,0,0,0.0,0,0,0.0,0,0,0.0,2,16,0.1111,7,19,0.2692,2,19,0.0952,4,17,0.1905,7,17,0.2917,0,11,0.0,0,0,0.0
2026-04-03 21:40:20,test_1448.jpg,177,24,201,0.1194,6,31,32,0,0,0.0,0,0,0.0,0,0,0.0,0,0,0.0,0,0,0.0,0,0,0.0,0,0,0.0,0,0,0.0,0,0,0.0,0,0,0.0,4,28,0.125,0,0,0.0,0,0,0.0,0,0,0.0,0,0,0.0,0,0,0.0,0,0,0.0,0,0,0.0,0,0,0.0,0,0,0.0,0,0,0.0,2,31,0.0606,0,0,0.0,0,0,0.0,0,0,0.0,8,22,0.2667,6,33,0.1538,4,32,0.1111,0,31,0.0,0,0,0.0,0,0,0.0,0,0,0.0
2026-04-03 21:40:20,test_1449.jpg,128,14,142,0.0986,6,31,32,0,0,0.0,0,0,0.0,0,0,0.0,0,0,0.0,0,0,0.0,0,0,0.0,0,0,0.0,0,0,0.0,0,0,0.0,0,0,0.0,2,14,0.125,0,0,0.0,0,0,0.0,0,0,0.0,0,0,0.0,0,0,0.0,0,0,0.0,0,0,0.0,0,0,0.0,0,0,0.0,0,0,0.0,1,14,0.0667,0,0,0.0,0,0,0.0,0,0,0.0,4,28,0.125,3,27,0.1,1,25,0.0385,3,20,0.1304,0,0,0.0,0,0,0.0,0,0,0.0
2026-04-03 21:40:20,test_145.jpg,130,19,149,0.1275,7,31,32,0,0,0.0,0,0,0.0,0,0,0.0,0,0,0.0,0,0,0.0,0,0,0.0,0,0,0.0,0,0,0.0,0,0,0.0,0,0,0.0,2,19,0.0952,0,0,0.0,0,0,0.0,0,0,0.0,0,0,0.0,0,0,0.0,0,0,0.0,0,0,0.0,0,0,0.0,0,0,0.0,0,0,0.0,3,17,0.15,0,0,0.0,0,0,0.0,0,0,0.0,6,16,0.2727,2,18,0.1,0,19,0.0,3,17,0.15,3,24,0.1111,0,0,0.0,0,0,0.0
2026-04-03 21:40:20,test_1450.jpg,131,9,140,0.0643,6,31,32,0,0,0.0,0,0,0.0,0,0,0.0,0,0,0.0,0,0,0.0,0,0,0.0,0,0,0.0,0,0,0.0,0,0,0.0,0,0,0.0,6,20,0.2308,0,0,0.0,0,0,0.0,0,0,0.0,0,0,0.0,0,0,0.0,0,0,0.0,0,0,0.0,0,0,0.0,0,0,0.0,0,0,0.0,1,22,0.0435,0,0,0.0,0,0,0.0,0,0,0.0,2,21,0.087,0,23,0.0,0,23,0.0,0,22,0.0,0,0,0.0,0,0,0.0,0,0,0.0
2026-04-03 21:40:20,test_1451.jpg,142,27,169,0.1598,7,31,32,0,0,0.0,0,0,0.0,0,0,0.0,0,0,0.0,0,0,0.0,0,0,0.0,0,0,0.0,0,0,0.0,0,0,0.0,0,0,0.0,0,17,0.0,0,0,0.0,0,0,0.0,0,0,0.0,0,0,0.0,0,0,0.0,0,0,0.0,0,0,0.0,0,0,0.0,0,0,0.0,0,0,0.0,5,15,0.25,0,0,0.0,0,0,0.0,0,0,0.0,4,19,0.1739,3,17,0.15,0,17,0.0,9,26,0.2571,6,31,0.1622,0,0,0.0,0,0,0.0
2026-04-03 21:40:20,test_1452.jpg,120,15,135,0.1111,6,31,32,0,0,0.0,0,0,0.0,0,0,0.0,0,0,0.0,0,0,0.0,0,0,0.0,0,0,0.0,0,0,0.0,0,0,0.0,0,0,0.0,0,15,0.0,0,0,0.0,0,0,0.0,0,0,0.0,0,0,0.0,0,0,0.0,0,0,0.0,0,0,0.0,0,0,0.0,0,0,0.0,0,0,0.0,1,14,0.0667,0,0,0.0,0,0,0.0,0,0,0.0,0,23,0.0,7,25,0.2188,6,21,0.2222,1,22,0.0435,0,0,0.0,0,0,0.0,0,0,0.0
2026-04-03 21:40:20,test_1453.jpg,277,78,355,0.2197,4,31,32,0,0,0.0,0,0,0.0,0,0,0.0,0,0,0.0,0,0,0.0,0,0,0.0,0,0,0.0,0,0,0.0,0,0,0.0,0,0,0.0,2,37,0.0513,0,0,0.0,0,0,0.0,0,0,0.0,0,0,0.0,0,0,0.0,0,0,0.0,0,0,0.0,0,0,0.0,0,0,0.0,0,0,0.0,24,87,0.2162,0,0,0.0,0,0,0.0,0,0,0.0,33,93,0.2619,19,60,0.2405,0,0,0.0,0,0,0.0,0,0,0.0,0,0,0.0,0,0,0.0
2026-04-03 21:40:20,test_1454.jpg,125,21,146,0.1438,4,31,32,0,0,0.0,0,0,0.0,0,0,0.0,0,0,0.0,0,0,0.0,0,0,0.0,0,0,0.0,0,0,0.0,0,0,0.0,0,0,0.0,8,37,0.1778,0,0,0.0,0,0,0.0,0,0,0.0,0,0,0.0,0,0,0.0,0,0,0.0,0,0,0.0,0,0,0.0,0,0,0.0,0,0,0.0,7,28,0.2,0,0,0.0,0,0,0.0,0,0,0.0,6,36,0.1429,0,24,0.0,0,0,0.0,0,0,0.0,0,0,0.0,0,0,0.0,0,0,0.0
2026-04-03 21:40:20,test_1455.jpg,129,20,149,0.1342,9,31,32,0,0,0.0,0,0,0.0,0,0,0.0,0,0,0.0,0,0,0.0,0,0,0.0,0,0,0.0,0,0,0.0,0,0,0.0,0,0,0.0,0,9,0.0,0,0,0.0,0,0,0.0,0,0,0.0,0,0,0.0,0,0,0.0,0,0,0.0,0,0,0.0,0,0,0.0,0,0,0.0,0,0,0.0,2,11,0.1538,0,0,0.0,0,0,0.0,0,0,0.0,0,19,0.0,1,12,0.0769,2,14,0.125,1,15,0.0625,8,23,0.2581,4,16,0.2,2,10,0.1667
2026-04-03 21:40:20,test_1456.jpg,141,14,155,0.0903,6,31,32,0,0,0.0,0,0,0.0,0,0,0.0,0,0,0.0,0,0,0.0,0,0,0.0,0,0,0.0,0,0,0.0,0,0,0.0,0,0,0.0,0,8,0.0,0,0,0.0,0,0,0.0,0,0,0.0,0,0,0.0,0,0,0.0,0,0,0.0,0,0,0.0,0,0,0.0,0,0,0.0,0,0,0.0,3,25,0.1071,0,0,0.0,0,0,0.0,0,0,0.0,8,31,0.2051,1,33,0.0294,2,24,0.0769,0,20,0.0,0,0,0.0,0,0,0.0,0,0,0.0
2026-04-03 21:40:20,test_1457.jpg,143,11,154,0.0714,6,31,32,0,0,0.0,0,0,0.0,0,0,0.0,0,0,0.0,0,0,0.0,0,0,0.0,0,0,0.0,0,0,0.0,0,0,0.0,0,0,0.0,3,22,0.12,0,0,0.0,0,0,0.0,0,0,0.0,0,0,0.0,0,0,0.0,0,0,0.0,0,0,0.0,0,0,0.0,0,0,0.0,0,0,0.0,2,22,0.0833,0,0,0.0,0,0,0.0,0,0,0.0,1,18,0.0526,0,20,0.0,0,29,0.0,5,32,0.1351,0,0,0.0,0,0,0.0,0,0,0.0
2026-04-03 21:40:20,test_1458.jpg,173,36,209,0.1722,8,31,32,0,0,0.0,0,0,0.0,0,0,0.0,0,0,0.0,0,0,0.0,0,0,0.0,0,0,0.0,0,0,0.0,0,0,0.0,0,0,0.0,1,24,0.04,0,0,0.0,0,0,0.0,0,0,0.0,0,0,0.0,0,0,0.0,0,0,0.0,0,0,0.0,0,0,0.0,0,0,0.0,0,0,0.0,2,19,0.0952,0,0,0.0,0,0,0.0,0,0,0.0,7,11,0.3889,1,16,0.0588,4,19,0.1739,1,20,0.0476,6,29,0.1714,14,35,0.2857,0,0,0.0
2026-04-03 21:40:20,test_1459.jpg,121,18,139,0.1295,8,31,32,0,0,0.0,0,0,0.0,0,0,0.0,0,0,0.0,0,0,0.0,0,0,0.0,0,0,0.0,0,0,0.0,0,0,0.0,0,0,0.0,0,12,0.0,0,0,0.0,0,0,0.0,0,0,0.0,0,0,0.0,0,0,0.0,0,0,0.0,0,0,0.0,0,0,0.0,0,0,0.0,0,0,0.0,4,14,0.2222,0,0,0.0,0,0,0.0,0,0,0.0,5,12,0.2941,2,15,0.1176,2,19,0.0952,2,16,0.1111,0,17,0.0,3,16,0.1579,0,0,0.0
2026-04-03 21:40:20,test_146.jpg,162,52,214,0.243,12,31,32,6,18,0.25,16,40,0.2857,2,4,0.3333,0,0,0.0,0,0,0.0,0,0,0.0,0,0,0.0,0,0,0.0,0,0,0.0,0,0,0.0,2,15,0.1176,0,0,0.0,0,0,0.0,0,0,0.0,0,0,0.0,0,0,0.0,0,0,0.0,0,0,0.0,0,0,0.0,0,0,0.0,0,0,0.0,0,0,0.0,0,0,0.0,0,0,0.0,0,0,0.0,4,12,0.25,0,6,0.0,7,11,0.3889,2,6,0.25,5,19,0.2083,3,12,0.2,5,19,0.2083
2026-04-03 21:40:20,test_1460.jpg,140,15,155,0.0968,6,31,32,0,0,0.0,0,0,0.0,0,0,0.0,0,0,0.0,0,0,0.0,0,0,0.0,0,0,0.0,0,0,0.0,0,0,0.0,0,0,0.0,0,24,0.0,0,0,0.0,0,0,0.0,0,0,0.0,0,0,0.0,0,0,0.0,0,0,0.0,0,0,0.0,0,0,0.0,0,0,0.0,0,0,0.0,0,23,0.0,0,0,0.0,0,0,0.0,0,0,0.0,1,25,0.0385,2,23,0.08,6,22,0.2143,6,23,0.2069,0,0,0.0,0,0,0.0,0,0,0.0
2026-04-03 21:40:20,test_1461.jpg,138,41,179,0.2291,9,31,32,0,0,0.0,0,0,0.0,0,0,0.0,0,0,0.0,0,0,0.0,0,0,0.0,0,0,0.0,0,0,0.0,0,0,0.0,0,0,0.0,4,14,0.2222,0,0,0.0,0,0,0.0,0,0,0.0,0,0,0.0,0,0,0.0,0,0,0.0,0,0,0.0,0,0,0.0,0,0,0.0,0,0,0.0,2,21,0.087,0,0,0.0,0,0,0.0,0,0,0.0,5,9,0.3571,0,10,0.0,2,10,0.1667,0,10,0.0,7,20,0.2593,15,29,0.3409,6,15,0.2857
2026-04-03 21:40:20,test_1462.jpg,152,18,170,0.1059,7,31,32,0,0,0.0,0,0,0.0,0,0,0.0,0,0,0.0,0,0,0.0,0,0,0.0,0,0,0.0,0,0,0.0,0,0,0.0,0,0,0.0,0,24,0.0,0,0,0.0,0,0,0.0,0,0,0.0,0,0,0.0,0,0,0.0,0,0,0.0,0,0,0.0,0,0,0.0,0,0,0.0,0,0,0.0,0,22,0.0,0,0,0.0,0,0,0.0,0,0,0.0,2,21,0.087,0,25,0.0,0,15,0.0,8,22,0.2667,8,23,0.2581,0,0,0.0,0,0,0.0
2026-04-03 21:40:20,test_1463.jpg,145,30,175,0.1714,7,31,32,0,0,0.0,0,0,0.0,0,0,0.0,0,0,0.0,0,0,0.0,0,0,0.0,0,0,0.0,0,0,0.0,0,0,0.0,0,0,0.0,8,23,0.2581,0,0,0.0,0,0,0.0,0,0,0.0,0,0,0.0,0,0,0.0,0,0,0.0,0,0,0.0,0,0,0.0,0,0,0.0,0,0,0.0,1,19,0.05,0,0,0.0,0,0,0.0,0,0,0.0,2,13,0.1333,5,14,0.2632,1,21,0.0455,8,34,0.1905,5,21,0.1923,0,0,0.0,0,0,0.0
2026-04-03 21:40:20,test_1464.jpg,142,8,150,0.0533,8,31,32,0,0,0.0,0,0,0.0,0,0,0.0,0,0,0.0,0,0,0.0,0,0,0.0,0,0,0.0,0,0,0.0,0,0,0.0,0,0,0.0,1,16,0.0588,0,0,0.0,0,0,0.0,0,0,0.0,0,0,0.0,0,0,0.0,0,0,0.0,0,0,0.0,0,0,0.0,0,0,0.0,0,0,0.0,0,14,0.0,0,0,0.0,0,0,0.0,0,0,0.0,0,20,0.0,0,16,0.0,4,17,0.1905,1,16,0.0588,2,23,0.08,0,20,0.0,0,0,0.0
2026-04-03 21:40:20,test_1465.jpg,190,19,209,0.0909,7,31,32,0,0,0.0,0,0,0.0,0,0,0.0,0,0,0.0,0,0,0.0,0,0,0.0,0,0,0.0,0,0,0.0,0,0,0.0,0,0,0.0,0,18,0.0,0,0,0.0,0,0,0.0,0,0,0.0,0,0,0.0,0,0,0.0,0,0,0.0,0,0,0.0,0,0,0.0,0,0,0.0,0,0,0.0,5,19,0.2083,0,0,0.0,0,0,0.0,0,0,0.0,2,12,0.1429,7,32,0.1795,2,42,0.0455,0,39,0.0,3,28,0.0968,0,0,0.0,0,0,0.0
2026-04-03 21:40:20,test_1466.jpg,199,159,358,0.4441,4,31,32,0,0,0.0,0,0,0.0,0,0,0.0,0,0,0.0,0,0,0.0,0,0,0.0,0,0,0.0,0,0,0.0,0,0,0.0,0,0,0.0,7,24,0.2258,0,0,0.0,0,0,0.0,0,0,0.0,0,0,0.0,0,0,0.0,0,0,0.0,0,0,0.0,0,0,0.0,0,0,0.0,0,0,0.0,25,72,0.2577,0,0,0.0,0,0,0.0,0,0,0.0,106,81,0.5668,21,22,0.4884,0,0,0.0,0,0,0.0,0,0,0.0,0,0,0.0,0,0,0.0
2026-04-03 21:40:20,test_1467.jpg,96,25,121,0.2066,6,31,32,0,0,0.0,0,0,0.0,0,0,0.0,0,0,0.0,0,0,0.0,0,0,0.0,0,0,0.0,0,0,0.0,0,0,0.0,0,0,0.0,0,15,0.0,0,0,0.0,0,0,0.0,0,0,0.0,0,0,0.0,0,0,0.0,0,0,0.0,0,0,0.0,0,0,0.0,0,0,0.0,0,0,0.0,3,6,0.3333,0,0,0.0,0,0,0.0,0,0,0.0,1,24,0.04,6,17,0.2609,2,17,0.1053,13,17,0.4333,0,0,0.0,0,0,0.0,0,0,0.0
2026-04-03 21:40:20,test_1468.jpg,117,17,134,0.1269,6,31,32,0,0,0.0,0,0,0.0,0,0,0.0,0,0,0.0,0,0,0.0,0,0,0.0,0,0,0.0,0,0,0.0,0,0,0.0,0,0,0.0,3,15,0.1667,0,0,0.0,0,0,0.0,0,0,0.0,0,0,0.0,0,0,0.0,0,0,0.0,0,0,0.0,0,0,0.0,0,0,0.0,0,0,0.0,5,24,0.1724,0,0,0.0,0,0,0.0,0,0,0.0,1,20,0.0476,2,19,0.0952,5,21,0.1923,1,18,0.0526,0,0,0.0,0,0,0.0,0,0,0.0
2026-04-03 21:40:20,test_1469.jpg,129,2,131,0.0153,5,31,32,0,0,0.0,0,0,0.0,0,0,0.0,0,0,0.0,0,0,0.0,0,0,0.0,0,0,0.0,0,0,0.0,0,0,0.0,0,0,0.0,0,23,0.0,0,0,0.0,0,0,0.0,0,0,0.0,0,0,0.0,0,0,0.0,0,0,0.0,0,0,0.0,0,0,0.0,0,0,0.0,0,0,0.0,0,18,0.0,0,0,0.0,0,0,0.0,0,0,0.0,2,28,0.0667,0,37,0.0,0,23,0.0,0,0,0.0,0,0,0.0,0,0,0.0,0,0,0.0
2026-04-03 21:40:20,test_147.jpg,147,100,247,0.4049,5,31,32,0,0,0.0,0,0,0.0,0,0,0.0,0,0,0.0,0,0,0.0,0,0,0.0,0,0,0.0,0,0,0.0,0,0,0.0,0,0,0.0,1,31,0.0312,0,0,0.0,0,0,0.0,0,0,0.0,0,0,0.0,0,0,0.0,0,0,0.0,0,0,0.0,0,0,0.0,0,0,0.0,0,0,0.0,2,38,0.05,0,0,0.0,0,0,0.0,0,0,0.0,13,18,0.4194,36,26,0.5806,48,34,0.5854,0,0,0.0,0,0,0.0,0,0,0.0,0,0,0.0
2026-04-03 21:40:20,test_1470.jpg,135,16,151,0.106,8,31,32,0,0,0.0,0,0,0.0,0,0,0.0,0,0,0.0,0,0,0.0,0,0,0.0,0,0,0.0,0,0,0.0,0,0,0.0,0,0,0.0,1,5,0.1667,0,0,0.0,0,0,0.0,0,0,0.0,0,0,0.0,0,0,0.0,0,0,0.0,0,0,0.0,0,0,0.0,0,0,0.0,0,0,0.0,7,24,0.2258,0,0,0.0,0,0,0.0,0,0,0.0,1,26,0.037,3,20,0.1304,0,13,0.0,3,17,0.15,0,13,0.0,1,17,0.0556,0,0,0.0
2026-04-03 21:40:20,test_1471.jpg,123,24,147,0.1633,6,31,32,0,0,0.0,0,0,0.0,0,0,0.0,0,0,0.0,0,0,0.0,0,0,0.0,0,0,0.0,0,0,0.0,0,0,0.0,0,0,0.0,3,15,0.1667,0,0,0.0,0,0,0.0,0,0,0.0,0,0,0.0,0,0,0.0,0,0,0.0,0,0,0.0,0,0,0.0,0,0,0.0,0,0,0.0,3,16,0.1579,0,0,0.0,0,0,0.0,0,0,0.0,2,27,0.069,6,24,0.2,7,24,0.2258,3,17,0.15,0,0,0.0,0,0,0.0,0,0,0.0
2026-04-03 21:40:20,test_1472.jpg,121,26,147,0.1769,7,31,32,0,0,0.0,0,0,0.0,0,0,0.0,0,0,0.0,0,0,0.0,0,0,0.0,0,0,0.0,0,0,0.0,0,0,0.0,0,0,0.0,0,12,0.0,0,0,0.0,0,0,0.0,0,0,0.0,0,0,0.0,0,0,0.0,0,0,0.0,0,0,0.0,0,0,0.0,0,0,0.0,0,0,0.0,2,19,0.0952,0,0,0.0,0,0,0.0,0,0,0.0,6,17,0.2609,2,20,0.0909,4,12,0.25,8,25,0.2424,4,16,0.2,0,0,0.0,0,0,0.0
2026-04-03 21:40:20,test_1473.jpg,138,28,166,0.1687,14,31,32,1,10,0.0909,3,9,0.25,0,11,0.0,5,10,0.3333,7,12,0.3684,0,0,0.0,0,0,0.0,0,0,0.0,0,0,0.0,0,0,0.0,0,7,0.0,0,0,0.0,0,0,0.0,0,0,0.0,0,0,0.0,0,0,0.0,0,0,0.0,0,0,0.0,0,0,0.0,0,0,0.0,0,0,0.0,0,8,0.0,0,0,0.0,0,0,0.0,0,0,0.0,4,9,0.3077,0,11,0.0,2,9,0.1818,0,12,0.0,3,10,0.2308,0,11,0.0,3,9,0.25
2026-04-03 21:40:20,test_1474.jpg,155,20,175,0.1143,7,31,32,0,0,0.0,0,0,0.0,0,0,0.0,0,0,0.0,0,0,0.0,0,0,0.0,0,0,0.0,0,0,0.0,0,0,0.0,0,0,0.0,0,19,0.0,0,0,0.0,0,0,0.0,0,0,0.0,0,0,0.0,0,0,0.0,0,0,0.0,0,0,0.0,0,0,0.0,0,0,0.0,0,0,0.0,1,20,0.0476,0,0,0.0,0,0,0.0,0,0,0.0,1,23,0.0417,1,20,0.0476,9,26,0.2571,8,25,0.2424,0,22,0.0,0,0,0.0,0,0,0.0
2026-04-03 21:40:20,test_1475.jpg,194,6,200,0.03,7,31,32,0,0,0.0,0,0,0.0,0,0,0.0,0,0,0.0,0,0,0.0,0,0,0.0,0,0,0.0,0,0,0.0,0,0,0.0,0,0,0.0,1,20,0.0476,0,0,0.0,0,0,0.0,0,0,0.0,0,0,0.0,0,0,0.0,0,0,0.0,0,0,0.0,0,0,0.0,0,0,0.0,0,0,0.0,2,29,0.0645,0,0,0.0,0,0,0.0,0,0,0.0,0,29,0.0,0,29,0.0,0,29,0.0,2,52,0.037,1,6,0.1429,0,0,0.0,0,0,0.0
2026-04-03 21:40:20,test_1476.jpg,154,57,211,0.2701,6,31,32,0,0,0.0,0,0,0.0,0,0,0.0,0,0,0.0,0,0,0.0,0,0,0.0,0,0,0.0,0,0,0.0,0,0,0.0,0,0,0.0,5,13,0.2778,0,0,0.0,0,0,0.0,0,0,0.0,0,0,0.0,0,0,0.0,0,0,0.0,0,0,0.0,0,0,0.0,0,0,0.0,0,0,0.0,4,33,0.1081,0,0,0.0,0,0,0.0,0,0,0.0,15,39,0.2778,5,18,0.2174,21,32,0.3962,7,19,0.2692,0,0,0.0,0,0,0.0,0,0,0.0
2026-04-03 21:40:20,test_1477.jpg,219,40,259,0.1544,11,31,32,8,18,0.3077,4,21,0.16,0,0,0.0,0,0,0.0,0,0,0.0,0,0,0.0,0,0,0.0,0,0,0.0,0,0,0.0,0,0,0.0,0,0,0.0,0,0,0.0,0,0,0.0,0,0,0.0,0,0,0.0,0,0,0.0,0,0,0.0,0,0,0.0,0,0,0.0,0,0,0.0,0,0,0.0,0,2,0.0,0,0,0.0,0,0,0.0,0,0,0.0,7,12,0.3684,0,13,0.0,7,37,0.1591,5,36,0.122,0,38,0.0,4,22,0.1538,5,20,0.2
2026-04-03 21:40:20,test_1478.jpg,138,5,143,0.035,7,31,32,0,0,0.0,0,0,0.0,0,0,0.0,0,0,0.0,0,0,0.0,0,0,0.0,0,0,0.0,0,0,0.0,0,0,0.0,0,0,0.0,0,16,0.0,0,0,0.0,0,0,0.0,0,0,0.0,0,0,0.0,0,0,0.0,0,0,0.0,0,0,0.0,0,0,0.0,0,0,0.0,0,0,0.0,0,19,0.0,0,0,0.0,0,0,0.0,0,0,0.0,2,20,0.0909,3,22,0.12,0,22,0.0,0,16,0.0,0,23,0.0,0,0,0.0,0,0,0.0
2026-04-03 21:40:20,test_1479.jpg,134,12,146,0.0822,5,31,32,0,0,0.0,0,0,0.0,0,0,0.0,0,0,0.0,0,0,0.0,0,0,0.0,0,0,0.0,0,0,0.0,0,0,0.0,0,0,0.0,1,2,0.3333,0,0,0.0,0,0,0.0,0,0,0.0,0,0,0.0,0,0,0.0,0,0,0.0,0,0,0.0,0,0,0.0,0,0,0.0,0,0,0.0,8,67,0.1067,0,0,0.0,0,0,0.0,0,0,0.0,2,25,0.0741,1,27,0.0357,0,13,0.0,0,0,0.0,0,0,0.0,0,0,0.0,0,0,0.0
2026-04-03 21:40:20,test_148.jpg,123,34,157,0.2166,7,31,32,0,0,0.0,0,0,0.0,0,0,0.0,0,0,0.0,0,0,0.0,0,0,0.0,0,0,0.0,0,0,0.0,0,0,0.0,0,0,0.0,6,27,0.1818,0,0,0.0,0,0,0.0,0,0,0.0,0,0,0.0,0,0,0.0,0,0,0.0,0,0,0.0,0,0,0.0,0,0,0.0,0,0,0.0,0,3,0.0,0,0,0.0,0,0,0.0,0,0,0.0,11,18,0.3793,0,15,0.0,8,22,0.2667,2,21,0.087,7,17,0.2917,0,0,0.0,0,0,0.0
2026-04-03 21:40:20,test_1480.jpg,123,31,154,0.2013,8,31,32,0,0,0.0,0,0,0.0,0,0,0.0,0,0,0.0,0,0,0.0,0,0,0.0,0,0,0.0,0,0,0.0,0,0,0.0,0,0,0.0,2,10,0.1667,0,0,0.0,0,0,0.0,0,0,0.0,0,0,0.0,0,0,0.0,0,0,0.0,0,0,0.0,0,0,0.0,0,0,0.0,0,0,0.0,1,11,0.0833,0,0,0.0,0,0,0.0,0,0,0.0,2,11,0.1538,1,13,0.0714,5,9,0.3571,4,12,0.25,9,25,0.2647,7,32,0.1795,0,0,0.0
2026-04-03 21:40:20,test_1481.jpg,128,3,131,0.0229,6,31,32,0,0,0.0,0,0,0.0,0,0,0.0,0,0,0.0,0,0,0.0,0,0,0.0,0,0,0.0,0,0,0.0,0,0,0.0,0,0,0.0,0,19,0.0,0,0,0.0,0,0,0.0,0,0,0.0,0,0,0.0,0,0,0.0,0,0,0.0,0,0,0.0,0,0,0.0,0,0,0.0,0,0,0.0,0,21,0.0,0,0,0.0,0,0,0.0,0,0,0.0,3,22,0.12,0,23,0.0,0,22,0.0,0,21,0.0,0,0,0.0,0,0,0.0,0,0,0.0
2026-04-03 21:40:20,test_1482.jpg,195,18,213,0.0845,7,31,32,0,0,0.0,0,0,0.0,0,0,0.0,0,0,0.0,0,0,0.0,0,0,0.0,0,0,0.0,0,0,0.0,0,0,0.0,0,0,0.0,2,18,0.1,0,0,0.0,0,0,0.0,0,0,0.0,0,0,0.0,0,0,0.0,0,0,0.0,0,0,0.0,0,0,0.0,0,0,0.0,0,0,0.0,2,46,0.0417,0,0,0.0,0,0,0.0,0,0,0.0,0,28,0.0,0,27,0.0,9,30,0.2308,4,31,0.1143,1,15,0.0625,0,0,0.0,0,0,0.0
2026-04-03 21:40:20,test_1483.jpg,171,11,182,0.0604,6,31,32,0,0,0.0,0,0,0.0,0,0,0.0,0,0,0.0,0,0,0.0,0,0,0.0,0,0,0.0,0,0,0.0,0,0,0.0,0,0,0.0,3,53,0.0536,0,0,0.0,0,0,0.0,0,0,0.0,0,0,0.0,0,0,0.0,0,0,0.0,0,0,0.0,0,0,0.0,0,0,0.0,0,0,0.0,1,14,0.0667,0,0,0.0,0,0,0.0,0,0,0.0,0,22,0.0,3,33,0.0833,4,32,0.1111,0,17,0.0,0,0,0.0,0,0,0.0,0,0,0.0
2026-04-03 21:40:20,test_1484.jpg,204,90,294,0.3061,5,31,32,0,0,0.0,0,0,0.0,0,0,0.0,0,0,0.0,0,0,0.0,0,0,0.0,0,0,0.0,0,0,0.0,0,0,0.0,0,0,0.0,22,41,0.3492,0,0,0.0,0,0,0.0,0,0,0.0,0,0,0.0,0,0,0.0,0,0,0.0,0,0,0.0,0,0,0.0,0,0,0.0,0,0,0.0,17,38,0.3091,0,0,0.0,0,0,0.0,0,0,0.0,27,47,0.3649,21,53,0.2838,3,25,0.1071,0,0,0.0,0,0,0.0,0,0,0.0,0,0,0.0
2026-04-03 21:40:20,test_1485.jpg,193,8,201,0.0398,8,31,32,0,0,0.0,0,0,0.0,0,0,0.0,0,0,0.0,0,0,0.0,0,0,0.0,0,0,0.0,0,0,0.0,0,0,0.0,0,0,0.0,0,25,0.0,0,0,0.0,0,0,0.0,0,0,0.0,0,0,0.0,0,0,0.0,0,0,0.0,0,0,0.0,0,0,0.0,0,0,0.0,0,0,0.0,0,23,0.0,0,0,0.0,0,0,0.0,0,0,0.0,0,22,0.0,2,23,0.08,0,25,0.0,1,26,0.037,3,24,0.1111,2,25,0.0741,0,0,0.0
2026-04-03 21:40:20,test_1486.jpg,138,19,157,0.121,7,31,32,0,0,0.0,0,0,0.0,0,0,0.0,0,0,0.0,0,0,0.0,0,0,0.0,0,0,0.0,0,0,0.0,0,0,0.0,0,0,0.0,0,21,0.0,0,0,0.0,0,0,0.0,0,0,0.0,0,0,0.0,0,0,0.0,0,0,0.0,0,0,0.0,0,0,0.0,0,0,0.0,0,0,0.0,1,18,0.0526,0,0,0.0,0,0,0.0,0,0,0.0,0,15,0.0,3,19,0.1364,4,21,0.16,6,21,0.2222,5,23,0.1786,0,0,0.0,0,0,0.0
2026-04-03 21:40:20,test_1487.jpg,159,50,209,0.2392,7,31,32,0,0,0.0,0,0,0.0,0,0,0.0,0,0,0.0,0,0,0.0,0,0,0.0,0,0,0.0,0,0,0.0,0,0,0.0,0,0,0.0,12,32,0.2727,0,0,0.0,0,0,0.0,0,0,0.0,0,0,0.0,0,0,0.0,0,0,0.0,0,0,0.0,0,0,0.0,0,0,0.0,0,0,0.0,11,24,0.3143,0,0,0.0,0,0,0.0,0,0,0.0,0,23,0.0,3,21,0.125,10,22,0.3125,6,20,0.2308,8,17,0.32,0,0,0.0,0,0,0.0
2026-04-03 21:40:20,test_1488.jpg,126,24,150,0.16,7,31,32,0,0,0.0,0,0,0.0,0,0,0.0,0,0,0.0,0,0,0.0,0,0,0.0,0,0,0.0,0,0,0.0,0,0,0.0,0,0,0.0,0,17,0.0,0,0,0.0,0,0,0.0,0,0,0.0,0,0,0.0,0,0,0.0,0,0,0.0,0,0,0.0,0,0,0.0,0,0,0.0,0,0,0.0,5,25,0.1667,0,0,0.0,0,0,0.0,0,0,0.0,1,13,0.0714,3,13,0.1875,8,19,0.2963,6,25,0.1935,1,14,0.0667,0,0,0.0,0,0,0.0
2026-04-03 21:40:20,test_1489.jpg,188,56,244,0.2295,14,31,32,4,25,0.1379,9,19,0.3214,12,20,0.375,16,18,0.4706,5,15,0.25,0,0,0.0,0,0,0.0,0,0,0.0,0,0,0.0,0,0,0.0,2,5,0.2857,0,0,0.0,0,0,0.0,0,0,0.0,0,0,0.0,0,0,0.0,0,0,0.0,0,0,0.0,0,0,0.0,0,0,0.0,0,0,0.0,0,8,0.0,0,0,0.0,0,0,0.0,0,0,0.0,2,11,0.1538,0,6,0.0,3,11,0.2143,0,7,0.0,1,19,0.05,2,16,0.1111,0,8,0.0
2026-04-03 21:40:20,test_149.jpg,147,12,159,0.0755,8,31,32,0,0,0.0,0,0,0.0,0,0,0.0,0,0,0.0,0,0,0.0,0,0,0.0,0,0,0.0,0,0,0.0,0,0,0.0,0,0,0.0,2,17,0.1053,0,0,0.0,0,0,0.0,0,0,0.0,0,0,0.0,0,0,0.0,0,0,0.0,0,0,0.0,0,0,0.0,0,0,0.0,0,0,0.0,0,23,0.0,0,0,0.0,0,0,0.0,0,0,0.0,0,27,0.0,2,20,0.0909,6,19,0.24,2,19,0.0952,0,11,0.0,0,11,0.0,0,0,0.0
2026-04-03 21:40:20,test_1490.jpg,141,34,175,0.1943,7,31,32,0,0,0.0,0,0,0.0,0,0,0.0,0,0,0.0,0,0,0.0,0,0,0.0,0,0,0.0,0,0,0.0,0,0,0.0,0,0,0.0,4,7,0.3636,0,0,0.0,0,0,0.0,0,0,0.0,0,0,0.0,0,0,0.0,0,0,0.0,0,0,0.0,0,0,0.0,0,0,0.0,0,0,0.0,6,23,0.2069,0,0,0.0,0,0,0.0,0,0,0.0,10,16,0.3846,2,25,0.0741,3,27,0.1,6,24,0.2,3,19,0.1364,0,0,0.0,0,0,0.0
2026-04-03 21:40:20,test_1491.jpg,165,32,197,0.1624,6,31,32,0,0,0.0,0,0,0.0,0,0,0.0,0,0,0.0,0,0,0.0,0,0,0.0,0,0,0.0,0,0,0.0,0,0,0.0,0,0,0.0,4,23,0.1481,0,0,0.0,0,0,0.0,0,0,0.0,0,0,0.0,0,0,0.0,0,0,0.0,0,0,0.0,0,0,0.0,0,0,0.0,0,0,0.0,5,33,0.1316,0,0,0.0,0,0,0.0,0,0,0.0,5,23,0.1786,6,21,0.2222,9,38,0.1915,3,27,0.1,0,0,0.0,0,0,0.0,0,0,0.0
2026-04-03 21:40:20,test_1492.jpg,129,28,157,0.1783,6,31,32,0,0,0.0,0,0,0.0,0,0,0.0,0,0,0.0,0,0,0.0,0,0,0.0,0,0,0.0,0,0,0.0,0,0,0.0,0,0,0.0,4,16,0.2,0,0,0.0,0,0,0.0,0,0,0.0,0,0,0.0,0,0,0.0,0,0,0.0,0,0,0.0,0,0,0.0,0,0,0.0,0,0,0.0,0,19,0.0,0,0,0.0,0,0,0.0,0,0,0.0,4,30,0.1176,2,20,0.0909,11,26,0.2973,7,18,0.28,0,0,0.0,0,0,0.0,0,0,0.0
2026-04-03 21:40:20,test_1493.jpg,102,35,137,0.2555,8,31,32,0,0,0.0,0,0,0.0,0,0,0.0,0,0,0.0,0,0,0.0,0,0,0.0,0,0,0.0,0,0,0.0,0,0,0.0,0,0,0.0,9,21,0.3,0,0,0.0,0,0,0.0,0,0,0.0,0,0,0.0,0,0,0.0,0,0,0.0,0,0,0.0,0,0,0.0,0,0,0.0,0,0,0.0,4,11,0.2667,0,0,0.0,0,0,0.0,0,0,0.0,2,15,0.1176,0,16,0.0,3,6,0.3333,2,8,0.2,5,14,0.2632,10,11,0.4762,0,0,0.0
2026-04-03 21:40:20,test_1494.jpg,127,42,169,0.2485,12,31,32,4,11,0.2667,2,10,0.1667,7,17,0.2917,0,0,0.0,0,0,0.0,0,0,0.0,0,0,0.0,0,0,0.0,0,0,0.0,0,0,0.0,7,10,0.4118,0,0,0.0,0,0,0.0,0,0,0.0,0,0,0.0,0,0,0.0,0,0,0.0,0,0,0.0,0,0,0.0,0,0,0.0,0,0,0.0,0,0,0.0,0,0,0.0,0,0,0.0,0,0,0.0,0,4,0.0,8,20,0.2857,0,11,0.0,4,13,0.2353,4,14,0.2222,4,6,0.4,2,11,0.1538
2026-04-03 21:40:20,test_1495.jpg,148,44,192,0.2292,8,31,32,0,0,0.0,0,0,0.0,0,0,0.0,0,0,0.0,0,0,0.0,0,0,0.0,0,0,0.0,0,0,0.0,0,0,0.0,0,0,0.0,0,18,0.0,0,0,0.0,0,0,0.0,0,0,0.0,0,0,0.0,0,0,0.0,0,0,0.0,0,0,0.0,0,0,0.0,0,0,0.0,0,0,0.0,6,20,0.2308,0,0,0.0,0,0,0.0,0,0,0.0,2,19,0.0952,0,19,0.0,18,22,0.45,8,13,0.381,5,24,0.1724,5,13,0.2778,0,0,0.0
2026-04-03 21:40:20,test_1496.jpg,254,148,402,0.3682,14,31,32,1,9,0.1,11,18,0.3793,20,29,0.4082,35,40,0.4667,28,27,0.5091,0,0,0.0,0,0,0.0,0,0,0.0,0,0,0.0,0,0,0.0,20,25,0.4444,0,0,0.0,0,0,0.0,0,0,0.0,0,0,0.0,0,0,0.0,0,0,0.0,0,0,0.0,0,0,0.0,0,0,0.0,0,0,0.0,8,13,0.381,0,0,0.0,0,0,0.0,0,0,0.0,7,14,0.3333,11,25,0.3056,1,5,0.1667,1,14,0.0667,2,7,0.2222,3,10,0.2308,0,18,0.0
2026-04-03 21:40:20,test_1497.jpg,149,9,158,0.057,6,31,32,0,0,0.0,0,0,0.0,0,0,0.0,0,0,0.0,0,0,0.0,0,0,0.0,0,0,0.0,0,0,0.0,0,0,0.0,0,0,0.0,1,15,0.0625,0,0,0.0,0,0,0.0,0,0,0.0,0,0,0.0,0,0,0.0,0,0,0.0,0,0,0.0,0,0,0.0,0,0,0.0,0,0,0.0,2,23,0.08,0,0,0.0,0,0,0.0,0,0,0.0,0,27,0.0,2,27,0.069,1,32,0.0303,3,25,0.1071,0,0,0.0,0,0,0.0,0,0,0.0
2026-04-03 21:40:20,test_1498.jpg,108,41,149,0.2752,4,31,32,0,0,0.0,0,0,0.0,0,0,0.0,0,0,0.0,0,0,0.0,0,0,0.0,0,0,0.0,0,0,0.0,0,0,0.0,0,0,0.0,11,36,0.234,0,0,0.0,0,0,0.0,0,0,0.0,0,0,0.0,0,0,0.0,0,0,0.0,0,0,0.0,0,0,0.0,0,0,0.0,0,0,0.0,2,27,0.069,0,0,0.0,0,0,0.0,0,0,0.0,13,29,0.3095,15,16,0.4839,0,0,0.0,0,0,0.0,0,0,0.0,0,0,0.0,0,0,0.0
2026-04-03 21:40:20,test_1499.jpg,121,33,154,0.2143,9,31,32,0,0,0.0,0,0,0.0,0,0,0.0,0,0,0.0,0,0,0.0,0,0,0.0,0,0,0.0,0,0,0.0,0,0,0.0,0,0,0.0,5,22,0.1852,0,0,0.0,0,0,0.0,0,0,0.0,0,0,0.0,0,0,0.0,0,0,0.0,0,0,0.0,0,0,0.0,0,0,0.0,0,0,0.0,5,20,0.2,0,0,0.0,0,0,0.0,0,0,0.0,4,13,0.2353,2,17,0.1053,5,10,0.3333,0,11,0.0,7,4,0.6364,1,10,0.0909,4,14,0.2222
2026-04-03 21:40:20,test_15.jpg,132,46,178,0.2584,6,31,32,0,0,0.0,0,0,0.0,0,0,0.0,0,0,0.0,0,0,0.0,0,0,0.0,0,0,0.0,0,0,0.0,0,0,0.0,0,0,0.0,4,17,0.1905,0,0,0.0,0,0,0.0,0,0,0.0,0,0,0.0,0,0,0.0,0,0,0.0,0,0,0.0,0,0,0.0,0,0,0.0,0,0,0.0,11,18,0.3793,0,0,0.0,0,0,0.0,0,0,0.0,9,17,0.3462,7,23,0.2333,6,34,0.15,9,23,0.2812,0,0,0.0,0,0,0.0,0,0,0.0
2026-04-03 21:40:20,test_150.jpg,208,138,346,0.3988,5,31,32,0,0,0.0,0,0,0.0,0,0,0.0,0,0,0.0,0,0,0.0,0,0,0.0,0,0,0.0,0,0,0.0,0,0,0.0,0,0,0.0,1,26,0.037,0,0,0.0,0,0,0.0,0,0,0.0,0,0,0.0,0,0,0.0,0,0,0.0,0,0,0.0,0,0,0.0,0,0,0.0,0,0,0.0,8,37,0.1778,0,0,0.0,0,0,0.0,0,0,0.0,30,57,0.3448,76,56,0.5758,23,32,0.4182,0,0,0.0,0,0,0.0,0,0,0.0,0,0,0.0
2026-04-03 21:40:20,test_1500.jpg,116,13,129,0.1008,7,31,32,0,0,0.0,0,0,0.0,0,0,0.0,0,0,0.0,0,0,0.0,0,0,0.0,0,0,0.0,0,0,0.0,0,0,0.0,0,0,0.0,1,17,0.0556,0,0,0.0,0,0,0.0,0,0,0.0,0,0,0.0,0,0,0.0,0,0,0.0,0,0,0.0,0,0,0.0,0,0,0.0,0,0,0.0,0,20,0.0,0,0,0.0,0,0,0.0,0,0,0.0,0,13,0.0,3,7,0.3,7,13,0.35,0,24,0.0,2,22,0.0833,0,0,0.0,0,0,0.0
2026-04-03 21:40:20,test_1501.jpg,148,21,169,0.1243,8,31,32,0,0,0.0,0,0,0.0,0,0,0.0,0,0,0.0,0,0,0.0,0,0,0.0,0,0,0.0,0,0,0.0,0,0,0.0,0,0,0.0,2,26,0.0714,0,0,0.0,0,0,0.0,0,0,0.0,0,0,0.0,0,0,0.0,0,0,0.0,0,0,0.0,0,0,0.0,0,0,0.0,0,0,0.0,0,20,0.0,0,0,0.0,0,0,0.0,0,0,0.0,3,13,0.1875,0,17,0.0,1,15,0.0625,3,15,0.1667,9,22,0.2903,3,20,0.1304,0,0,0.0
2026-04-03 21:40:20,test_1502.jpg,151,50,201,0.2488,8,31,32,0,0,0.0,0,0,0.0,0,0,0.0,0,0,0.0,0,0,0.0,0,0,0.0,0,0,0.0,0,0,0.0,0,0,0.0,0,0,0.0,2,18,0.1,0,0,0.0,0,0,0.0,0,0,0.0,0,0,0.0,0,0,0.0,0,0,0.0,0,0,0.0,0,0,0.0,0,0,0.0,0,0,0.0,3,14,0.1765,0,0,0.0,0,0,0.0,0,0,0.0,3,7,0.3,9,26,0.2571,8,25,0.2424,4,24,0.1429,19,28,0.4043,2,9,0.1818,0,0,0.0
2026-04-03 21:40:20,test_1503.jpg,118,53,171,0.3099,7,31,32,0,0,0.0,0,0,0.0,0,0,0.0,0,0,0.0,0,0,0.0,0,0,0.0,0,0,0.0,0,0,0.0,0,0,0.0,0,0,0.0,4,17,0.1905,0,0,0.0,0,0,0.0,0,0,0.0,0,0,0.0,0,0,0.0,0,0,0.0,0,0,0.0,0,0,0.0,0,0,0.0,0,0,0.0,7,14,0.3333,0,0,0.0,0,0,0.0,0,0,0.0,5,13,0.2778,0,15,0.0,12,11,0.5217,24,28,0.4615,1,20,0.0476,0,0,0.0,0,0,0.0
2026-04-03 21:40:20,test_1504.jpg,297,200,497,0.4024,5,31,32,0,0,0.0,0,0,0.0,0,0,0.0,0,0,0.0,0,0,0.0,0,0,0.0,0,0,0.0,0,0,0.0,0,0,0.0,0,0,0.0,2,18,0.1,0,0,0.0,0,0,0.0,0,0,0.0,0,0,0.0,0,0,0.0,0,0,0.0,0,0,0.0,0,0,0.0,0,0,0.0,0,0,0.0,18,107,0.144,0,0,0.0,0,0,0.0,0,0,0.0,27,65,0.2935,120,85,0.5854,33,22,0.6,0,0,0.0,0,0,0.0,0,0,0.0,0,0,0.0
2026-04-03 21:40:20,test_1505.jpg,289,174,463,0.3758,10,31,32,12,19,0.3871,0,0,0.0,0,0,0.0,0,0,0.0,0,0,0.0,0,0,0.0,0,0,0.0,0,0,0.0,0,0,0.0,0,0,0.0,1,5,0.1667,0,0,0.0,0,0,0.0,0,0,0.0,0,0,0.0,0,0,0.0,0,0,0.0,0,0,0.0,0,0,0.0,0,0,0.0,0,0,0.0,0,3,0.0,0,0,0.0,0,0,0.0,0,0,0.0,17,15,0.5312,9,31,0.225,3,25,0.1071,14,37,0.2745,23,41,0.3594,32,52,0.381,63,61,0.5081
2026-04-03 21:40:20,test_1506.jpg,272,27,299,0.0903,11,31,32,0,44,0.0,0,0,0.0,0,0,0.0,0,0,0.0,0,0,0.0,0,0,0.0,0,0,0.0,0,0,0.0,0,0,0.0,0,0,0.0,3,37,0.075,0,0,0.0,0,0,0.0,0,0,0.0,0,0,0.0,0,0,0.0,0,0,0.0,0,0,0.0,0,0,0.0,0,0,0.0,0,0,0.0,0,25,0.0,0,0,0.0,0,0,0.0,0,0,0.0,3,23,0.1154,10,28,0.2632,2,27,0.069,1,28,0.0345,5,24,0.1724,2,23,0.08,1,13,0.0714
2026-04-03 21:40:20,test_1507.jpg,193,6,199,0.0302,5,31,32,0,0,0.0,0,0,0.0,0,0,0.0,0,0,0.0,0,0,0.0,0,0,0.0,0,0,0.0,0,0,0.0,0,0,0.0,0,0,0.0,0,38,0.0,0,0,0.0,0,0,0.0,0,0,0.0,0,0,0.0,0,0,0.0,0,0,0.0,0,0,0.0,0,0,0.0,0,0,0.0,0,0,0.0,0,38,0.0,0,0,0.0,0,0,0.0,0,0,0.0,0,39,0.0,4,39,0.093,2,39,0.0488,0,0,0.0,0,0,0.0,0,0,0.0,0,0,0.0
2026-04-03 21:40:20,test_1508.jpg,116,21,137,0.1533,7,31,32,0,0,0.0,0,0,0.0,0,0,0.0,0,0,0.0,0,0,0.0,0,0,0.0,0,0,0.0,0,0,0.0,0,0,0.0,0,0,0.0,0,11,0.0,0,0,0.0,0,0,0.0,0,0,0.0,0,0,0.0,0,0,0.0,0,0,0.0,0,0,0.0,0,0,0.0,0,0,0.0,0,0,0.0,0,1,0.0,0,0,0.0,0,0,0.0,0,0,0.0,0,15,0.0,1,20,0.0476,5,26,0.1613,5,23,0.1786,10,20,0.3333,0,0,0.0,0,0,0.0
2026-04-03 21:40:20,test_1509.jpg,114,38,152,0.25,9,31,32,0,0,0.0,0,0,0.0,0,0,0.0,0,0,0.0,0,0,0.0,0,0,0.0,0,0,0.0,0,0,0.0,0,0,0.0,0,0,0.0,4,9,0.3077,0,0,0.0,0,0,0.0,0,0,0.0,0,0,0.0,0,0,0.0,0,0,0.0,0,0,0.0,0,0,0.0,0,0,0.0,0,0,0.0,7,16,0.3043,0,0,0.0,0,0,0.0,0,0,0.0,3,10,0.2308,1,15,0.0625,7,14,0.3333,5,15,0.25,5,11,0.3125,1,11,0.0833,5,13,0.2778
2026-04-03 21:40:20,test_151.jpg,161,27,188,0.1436,8,31,32,0,0,0.0,0,0,0.0,0,0,0.0,0,0,0.0,0,0,0.0,0,0,0.0,0,0,0.0,0,0,0.0,0,0,0.0,0,0,0.0,2,26,0.0714,0,0,0.0,0,0,0.0,0,0,0.0,0,0,0.0,0,0,0.0,0,0,0.0,0,0,0.0,0,0,0.0,0,0,0.0,0,0,0.0,6,19,0.24,0,0,0.0,0,0,0.0,0,0,0.0,1,16,0.0588,1,18,0.0526,3,17,0.15,0,19,0.0,12,35,0.2553,2,11,0.1538,0,0,0.0
2026-04-03 21:40:20,test_1510.jpg,119,50,169,0.2959,8,31,32,0,0,0.0,0,0,0.0,0,0,0.0,0,0,0.0,0,0,0.0,0,0,0.0,0,0,0.0,0,0,0.0,0,0,0.0,0,0,0.0,4,12,0.25,0,0,0.0,0,0,0.0,0,0,0.0,0,0,0.0,0,0,0.0,0,0,0.0,0,0,0.0,0,0,0.0,0,0,0.0,0,0,0.0,1,12,0.0769,0,0,0.0,0,0,0.0,0,0,0.0,7,15,0.3182,0,21,0.0,2,20,0.0909,15,18,0.4545,10,9,0.5263,11,12,0.4783,0,0,0.0
2026-04-03 21:40:20,test_1511.jpg,131,90,221,0.4072,4,31,32,0,0,0.0,0,0,0.0,0,0,0.0,0,0,0.0,0,0,0.0,0,0,0.0,0,0,0.0,0,0,0.0,0,0,0.0,0,0,0.0,2,18,0.1,0,0,0.0,0,0,0.0,0,0,0.0,0,0,0.0,0,0,0.0,0,0,0.0,0,0,0.0,0,0,0.0,0,0,0.0,0,0,0.0,9,28,0.2432,0,0,0.0,0,0,0.0,0,0,0.0,39,45,0.4643,40,40,0.5,0,0,0.0,0,0,0.0,0,0,0.0,0,0,0.0,0,0,0.0
2026-04-03 21:40:20,test_1512.jpg,175,53,228,0.2325,8,31,32,0,0,0.0,0,0,0.0,0,0,0.0,0,0,0.0,0,0,0.0,0,0,0.0,0,0,0.0,0,0,0.0,0,0,0.0,0,0,0.0,4,13,0.2353,0,0,0.0,0,0,0.0,0,0,0.0,0,0,0.0,0,0,0.0,0,0,0.0,0,0,0.0,0,0,0.0,0,0,0.0,0,0,0.0,0,21,0.0,0,0,0.0,0,0,0.0,0,0,0.0,11,31,0.2619,10,25,0.2857,2,20,0.0909,22,27,0.449,4,21,0.16,0,17,0.0,0,0,0.0
2026-04-03 21:40:20,test_1513.jpg,295,102,397,0.2569,12,31,32,8,37,0.1778,5,25,0.1667,0,9,0.0,0,0,0.0,0,0,0.0,0,0,0.0,0,0,0.0,0,0,0.0,0,0,0.0,0,0,0.0,6,26,0.1875,0,0,0.0,0,0,0.0,0,0,0.0,0,0,0.0,0,0,0.0,0,0,0.0,0,0,0.0,0,0,0.0,0,0,0.0,0,0,0.0,5,30,0.1429,0,0,0.0,0,0,0.0,0,0,0.0,0,22,0.0,2,9,0.1818,7,27,0.2059,12,16,0.4286,12,23,0.3429,26,33,0.4407,19,38,0.3333
2026-04-03 21:40:20,test_1514.jpg,181,23,204,0.1127,9,31,32,0,0,0.0,0,0,0.0,0,0,0.0,0,0,0.0,0,0,0.0,0,0,0.0,0,0,0.0,0,0,0.0,0,0,0.0,0,0,0.0,1,16,0.0588,0,0,0.0,0,0,0.0,0,0,0.0,0,0,0.0,0,0,0.0,0,0,0.0,0,0,0.0,0,0,0.0,0,0,0.0,0,0,0.0,0,26,0.0,0,0,0.0,0,0,0.0,0,0,0.0,1,16,0.0588,4,26,0.1333,6,23,0.2069,3,13,0.1875,3,14,0.1765,1,26,0.037,4,21,0.16
2026-04-03 21:40:20,test_1515.jpg,126,30,156,0.1923,5,31,32,0,0,0.0,0,0,0.0,0,0,0.0,0,0,0.0,0,0,0.0,0,0,0.0,0,0,0.0,0,0,0.0,0,0,0.0,0,0,0.0,1,19,0.05,0,0,0.0,0,0,0.0,0,0,0.0,0,0,0.0,0,0,0.0,0,0,0.0,0,0,0.0,0,0,0.0,0,0,0.0,0,0,0.0,0,18,0.0,0,0,0.0,0,0,0.0,0,0,0.0,12,29,0.2927,5,28,0.1515,12,32,0.2727,0,0,0.0,0,0,0.0,0,0,0.0,0,0,0.0
2026-04-03 21:40:20,test_1516.jpg,118,48,166,0.2892,7,31,32,0,0,0.0,0,0,0.0,0,0,0.0,0,0,0.0,0,0,0.0,0,0,0.0,0,0,0.0,0,0,0.0,0,0,0.0,0,0,0.0,0,15,0.0,0,0,0.0,0,0,0.0,0,0,0.0,0,0,0.0,0,0,0.0,0,0,0.0,0,0,0.0,0,0,0.0,0,0,0.0,0,0,0.0,4,12,0.25,0,0,0.0,0,0,0.0,0,0,0.0,8,14,0.3636,4,14,0.2222,6,19,0.24,8,23,0.2581,18,21,0.4615,0,0,0.0,0,0,0.0
2026-04-03 21:40:20,test_1517.jpg,123,36,159,0.2264,6,31,32,0,0,0.0,0,0,0.0,0,0,0.0,0,0,0.0,0,0,0.0,0,0,0.0,0,0,0.0,0,0,0.0,0,0,0.0,0,0,0.0,3,14,0.1765,0,0,0.0,0,0,0.0,0,0,0.0,0,0,0.0,0,0,0.0,0,0,0.0,0,0,0.0,0,0,0.0,0,0,0.0,0,0,0.0,7,20,0.2593,0,0,0.0,0,0,0.0,0,0,0.0,8,15,0.3478,1,26,0.037,5,22,0.1852,12,26,0.3158,0,0,0.0,0,0,0.0,0,0,0.0
2026-04-03 21:40:20,test_1518.jpg,167,30,197,0.1523,7,31,32,0,0,0.0,0,0,0.0,0,0,0.0,0,0,0.0,0,0,0.0,0,0,0.0,0,0,0.0,0,0,0.0,0,0,0.0,0,0,0.0,3,10,0.2308,0,0,0.0,0,0,0.0,0,0,0.0,0,0,0.0,0,0,0.0,0,0,0.0,0,0,0.0,0,0,0.0,0,0,0.0,0,0,0.0,6,16,0.2727,0,0,0.0,0,0,0.0,0,0,0.0,3,32,0.0857,3,22,0.12,9,36,0.2,3,27,0.1,3,24,0.1111,0,0,0.0,0,0,0.0
2026-04-03 21:40:20,test_1519.jpg,164,38,202,0.1881,6,31,32,0,0,0.0,0,0,0.0,0,0,0.0,0,0,0.0,0,0,0.0,0,0,0.0,0,0,0.0,0,0,0.0,0,0,0.0,0,0,0.0,8,20,0.2857,0,0,0.0,0,0,0.0,0,0,0.0,0,0,0.0,0,0,0.0,0,0,0.0,0,0,0.0,0,0,0.0,0,0,0.0,0,0,0.0,0,16,0.0,0,0,0.0,0,0,0.0,0,0,0.0,10,32,0.2381,3,33,0.0833,7,36,0.1628,10,27,0.2703,0,0,0.0,0,0,0.0,0,0,0.0
2026-04-03 21:40:20,test_152.jpg,127,7,134,0.0522,6,31,32,0,0,0.0,0,0,0.0,0,0,0.0,0,0,0.0,0,0,0.0,0,0,0.0,0,0,0.0,0,0,0.0,0,0,0.0,0,0,0.0,0,12,0.0,0,0,0.0,0,0,0.0,0,0,0.0,0,0,0.0,0,0,0.0,0,0,0.0,0,0,0.0,0,0,0.0,0,0,0.0,0,0,0.0,1,12,0.0769,0,0,0.0,0,0,0.0,0,0,0.0,2,26,0.0714,1,26,0.037,3,23,0.1154,0,28,0.0,0,0,0.0,0,0,0.0,0,0,0.0
2026-04-03 21:40:20,test_1520.jpg,139,20,159,0.1258,8,31,32,0,0,0.0,0,0,0.0,0,0,0.0,0,0,0.0,0,0,0.0,0,0,0.0,0,0,0.0,0,0,0.0,0,0,0.0,0,0,0.0,0,21,0.0,0,0,0.0,0,0,0.0,0,0,0.0,0,0,0.0,0,0,0.0,0,0,0.0,0,0,0.0,0,0,0.0,0,0,0.0,0,0,0.0,2,14,0.125,0,0,0.0,0,0,0.0,0,0,0.0,1,10,0.0909,6,11,0.3529,7,28,0.2,1,25,0.0385,1,12,0.0769,2,18,0.1,0,0,0.0
2026-04-03 21:40:20,test_1521.jpg,93,19,112,0.1696,4,31,32,0,0,0.0,0,0,0.0,0,0,0.0,0,0,0.0,0,0,0.0,0,0,0.0,0,0,0.0,0,0,0.0,0,0,0.0,0,0,0.0,6,14,0.3,0,0,0.0,0,0,0.0,0,0,0.0,0,0,0.0,0,0,0.0,0,0,0.0,0,0,0.0,0,0,0.0,0,0,0.0,0,0,0.0,4,21,0.16,0,0,0.0,0,0,0.0,0,0,0.0,9,37,0.1957,0,21,0.0,0,0,0.0,0,0,0.0,0,0,0.0,0,0,0.0,0,0,0.0
2026-04-03 21:40:20,test_1522.jpg,172,54,226,0.2389,5,31,32,0,0,0.0,0,0,0.0,0,0,0.0,0,0,0.0,0,0,0.0,0,0,0.0,0,0,0.0,0,0,0.0,0,0,0.0,0,0,0.0,5,18,0.2174,0,0,0.0,0,0,0.0,0,0,0.0,0,0,0.0,0,0,0.0,0,0,0.0,0,0,0.0,0,0,0.0,0,0,0.0,0,0,0.0,2,20,0.0909,0,0,0.0,0,0,0.0,0,0,0.0,3,23,0.1154,24,67,0.2637,20,44,0.3125,0,0,0.0,0,0,0.0,0,0,0.0,0,0,0.0
2026-04-03 21:40:20,test_1523.jpg,137,18,155,0.1161,6,31,32,0,0,0.0,0,0,0.0,0,0,0.0,0,0,0.0,0,0,0.0,0,0,0.0,0,0,0.0,0,0,0.0,0,0,0.0,0,0,0.0,1,17,0.0556,0,0,0.0,0,0,0.0,0,0,0.0,0,0,0.0,0,0,0.0,0,0,0.0,0,0,0.0,0,0,0.0,0,0,0.0,0,0,0.0,2,19,0.0952,0,0,0.0,0,0,0.0,0,0,0.0,2,19,0.0952,0,19,0.0,13,35,0.2708,0,28,0.0,0,0,0.0,0,0,0.0,0,0,0.0
2026-04-03 21:40:20,test_1524.jpg,129,86,215,0.4,5,31,32,0,0,0.0,0,0,0.0,0,0,0.0,0,0,0.0,0,0,0.0,0,0,0.0,0,0,0.0,0,0,0.0,0,0,0.0,0,0,0.0,1,6,0.1429,0,0,0.0,0,0,0.0,0,0,0.0,0,0,0.0,0,0,0.0,0,0,0.0,0,0,0.0,0,0,0.0,0,0,0.0,0,0,0.0,7,27,0.2059,0,0,0.0,0,0,0.0,0,0,0.0,4,31,0.1143,74,55,0.5736,0,10,0.0,0,0,0.0,0,0,0.0,0,0,0.0,0,0,0.0
2026-04-03 21:40:20,test_1525.jpg,148,13,161,0.0807,6,31,32,0,0,0.0,0,0,0.0,0,0,0.0,0,0,0.0,0,0,0.0,0,0,0.0,0,0,0.0,0,0,0.0,0,0,0.0,0,0,0.0,0,29,0.0,0,0,0.0,0,0,0.0,0,0,0.0,0,0,0.0,0,0,0.0,0,0,0.0,0,0,0.0,0,0,0.0,0,0,0.0,0,0,0.0,7,18,0.28,0,0,0.0,0,0,0.0,0,0,0.0,4,25,0.1379,2,23,0.08,0,23,0.0,0,30,0.0,0,0,0.0,0,0,0.0,0,0,0.0
2026-04-03 21:40:20,test_1526.jpg,161,16,177,0.0904,7,31,32,0,0,0.0,0,0,0.0,0,0,0.0,0,0,0.0,0,0,0.0,0,0,0.0,0,0,0.0,0,0,0.0,0,0,0.0,0,0,0.0,2,15,0.1176,0,0,0.0,0,0,0.0,0,0,0.0,0,0,0.0,0,0,0.0,0,0,0.0,0,0,0.0,0,0,0.0,0,0,0.0,0,0,0.0,0,28,0.0,0,0,0.0,0,0,0.0,0,0,0.0,6,22,0.2143,0,14,0.0,0,15,0.0,8,35,0.186,0,32,0.0,0,0,0.0,0,0,0.0
2026-04-03 21:40:20,test_1527.jpg,203,75,278,0.2698,5,31,32,0,0,0.0,0,0,0.0,0,0,0.0,0,0,0.0,0,0,0.0,0,0,0.0,0,0,0.0,0,0,0.0,0,0,0.0,0,0,0.0,8,23,0.2581,0,0,0.0,0,0,0.0,0,0,0.0,0,0,0.0,0,0,0.0,0,0,0.0,0,0,0.0,0,0,0.0,0,0,0.0,0,0,0.0,11,42,0.2075,0,0,0.0,0,0,0.0,0,0,0.0,9,46,0.1636,23,53,0.3026,24,39,0.381,0,0,0.0,0,0,0.0,0,0,0.0,0,0,0.0
2026-04-03 21:40:20,test_1528.jpg,169,19,188,0.1011,9,31,32,0,0,0.0,0,0,0.0,0,0,0.0,0,0,0.0,0,0,0.0,0,0,0.0,0,0,0.0,0,0,0.0,0,0,0.0,0,0,0.0,0,1,0.0,0,0,0.0,0,0,0.0,0,0,0.0,0,0,0.0,0,0,0.0,0,0,0.0,0,0,0.0,0,0,0.0,0,0,0.0,0,0,0.0,1,31,0.0312,0,0,0.0,0,0,0.0,0,0,0.0,1,18,0.0526,6,27,0.1818,2,18,0.1,1,14,0.0667,2,16,0.1111,4,29,0.1212,2,15,0.1176
2026-04-03 21:40:20,test_1529.jpg,168,10,178,0.0562,4,31,32,0,0,0.0,0,0,0.0,0,0,0.0,0,0,0.0,0,0,0.0,0,0,0.0,0,0,0.0,0,0,0.0,0,0,0.0,0,0,0.0,6,23,0.2069,0,0,0.0,0,0,0.0,0,0,0.0,0,0,0.0,0,0,0.0,0,0,0.0,0,0,0.0,0,0,0.0,0,0,0.0,0,0,0.0,3,52,0.0545,0,0,0.0,0,0,0.0,0,0,0.0,1,68,0.0145,0,25,0.0,0,0,0.0,0,0,0.0,0,0,0.0,0,0,0.0,0,0,0.0
2026-04-03 21:40:20,test_153.jpg,143,28,171,0.1637,9,31,32,0,0,0.0,0,0,0.0,0,0,0.0,0,0,0.0,0,0,0.0,0,0,0.0,0,0,0.0,0,0,0.0,0,0,0.0,0,0,0.0,4,21,0.16,0,0,0.0,0,0,0.0,0,0,0.0,0,0,0.0,0,0,0.0,0,0,0.0,0,0,0.0,0,0,0.0,0,0,0.0,0,0,0.0,0,0,0.0,0,0,0.0,0,0,0.0,0,0,0.0,2,10,0.1667,4,17,0.1905,7,24,0.2258,1,14,0.0667,1,18,0.0526,3,18,0.1429,6,21,0.2222
2026-04-03 21:40:20,test_1530.jpg,120,22,142,0.1549,9,31,32,0,0,0.0,0,0,0.0,0,0,0.0,0,0,0.0,0,0,0.0,0,0,0.0,0,0,0.0,0,0,0.0,0,0,0.0,0,0,0.0,0,8,0.0,0,0,0.0,0,0,0.0,0,0,0.0,0,0,0.0,0,0,0.0,0,0,0.0,0,0,0.0,0,0,0.0,0,0,0.0,0,0,0.0,1,16,0.0588,0,0,0.0,0,0,0.0,0,0,0.0,2,14,0.125,1,12,0.0769,0,19,0.0,5,14,0.2632,2,10,0.1667,6,12,0.3333,5,15,0.25
2026-04-03 21:40:20,test_1531.jpg,125,10,135,0.0741,7,31,32,0,0,0.0,0,0,0.0,0,0,0.0,0,0,0.0,0,0,0.0,0,0,0.0,0,0,0.0,0,0,0.0,0,0,0.0,0,0,0.0,1,15,0.0625,0,0,0.0,0,0,0.0,0,0,0.0,0,0,0.0,0,0,0.0,0,0,0.0,0,0,0.0,0,0,0.0,0,0,0.0,0,0,0.0,2,19,0.0952,0,0,0.0,0,0,0.0,0,0,0.0,2,17,0.1053,2,17,0.1053,1,19,0.05,0,25,0.0,2,13,0.1333,0,0,0.0,0,0,0.0
2026-04-03 21:40:20,test_1532.jpg,124,22,146,0.1507,7,31,32,0,0,0.0,0,0,0.0,0,0,0.0,0,0,0.0,0,0,0.0,0,0,0.0,0,0,0.0,0,0,0.0,0,0,0.0,0,0,0.0,2,15,0.1176,0,0,0.0,0,0,0.0,0,0,0.0,0,0,0.0,0,0,0.0,0,0,0.0,0,0,0.0,0,0,0.0,0,0,0.0,0,0,0.0,0,20,0.0,0,0,0.0,0,0,0.0,0,0,0.0,0,22,0.0,0,16,0.0,4,17,0.1905,10,12,0.4545,6,22,0.2143,0,0,0.0,0,0,0.0
2026-04-03 21:40:20,test_1533.jpg,127,6,133,0.0451,7,31,32,0,0,0.0,0,0,0.0,0,0,0.0,0,0,0.0,0,0,0.0,0,0,0.0,0,0,0.0,0,0,0.0,0,0,0.0,0,0,0.0,0,20,0.0,0,0,0.0,0,0,0.0,0,0,0.0,0,0,0.0,0,0,0.0,0,0,0.0,0,0,0.0,0,0,0.0,0,0,0.0,0,0,0.0,1,17,0.0556,0,0,0.0,0,0,0.0,0,0,0.0,1,17,0.0556,3,17,0.15,0,19,0.0,0,20,0.0,1,17,0.0556,0,0,0.0,0,0,0.0
2026-04-03 21:40:20,test_1534.jpg,158,9,167,0.0539,3,31,32,0,0,0.0,0,0,0.0,0,0,0.0,0,0,0.0,0,0,0.0,0,0,0.0,0,0,0.0,0,0,0.0,0,0,0.0,0,0,0.0,5,57,0.0806,0,0,0.0,0,0,0.0,0,0,0.0,0,0,0.0,0,0,0.0,0,0,0.0,0,0,0.0,0,0,0.0,0,0,0.0,0,0,0.0,4,74,0.0513,0,0,0.0,0,0,0.0,0,0,0.0,0,27,0.0,0,0,0.0,0,0,0.0,0,0,0.0,0,0,0.0,0,0,0.0,0,0,0.0
2026-04-03 21:40:20,test_1535.jpg,122,40,162,0.2469,9,31,32,0,0,0.0,0,0,0.0,0,0,0.0,0,0,0.0,0,0,0.0,0,0,0.0,0,0,0.0,0,0,0.0,0,0,0.0,0,0,0.0,1,19,0.05,0,0,0.0,0,0,0.0,0,0,0.0,0,0,0.0,0,0,0.0,0,0,0.0,0,0,0.0,0,0,0.0,0,0,0.0,0,0,0.0,1,3,0.25,0,0,0.0,0,0,0.0,0,0,0.0,0,9,0.0,0,4,0.0,4,14,0.2222,0,18,0.0,12,16,0.4286,6,19,0.24,16,20,0.4444
2026-04-03 21:40:20,test_1536.jpg,153,31,184,0.1685,8,31,32,0,0,0.0,0,0,0.0,0,0,0.0,0,0,0.0,0,0,0.0,0,0,0.0,0,0,0.0,0,0,0.0,0,0,0.0,0,0,0.0,2,15,0.1176,0,0,0.0,0,0,0.0,0,0,0.0,0,0,0.0,0,0,0.0,0,0,0.0,0,0,0.0,0,0,0.0,0,0,0.0,0,0,0.0,2,16,0.1111,0,0,0.0,0,0,0.0,0,0,0.0,7,32,0.1795,1,21,0.0455,9,19,0.3214,2,19,0.0952,5,22,0.1852,3,9,0.25,0,0,0.0
2026-04-03 21:40:20,test_1537.jpg,138,24,162,0.1481,6,31,32,0,0,0.0,0,0,0.0,0,0,0.0,0,0,0.0,0,0,0.0,0,0,0.0,0,0,0.0,0,0,0.0,0,0,0.0,0,0,0.0,1,20,0.0476,0,0,0.0,0,0,0.0,0,0,0.0,0,0,0.0,0,0,0.0,0,0,0.0,0,0,0.0,0,0,0.0,0,0,0.0,0,0,0.0,3,15,0.1667,0,0,0.0,0,0,0.0,0,0,0.0,2,23,0.08,1,28,0.0345,9,43,0.1731,8,9,0.4706,0,0,0.0,0,0,0.0,0,0,0.0
2026-04-03 21:40:20,test_1538.jpg,136,20,156,0.1282,7,31,32,0,0,0.0,0,0,0.0,0,0,0.0,0,0,0.0,0,0,0.0,0,0,0.0,0,0,0.0,0,0,0.0,0,0,0.0,0,0,0.0,1,20,0.0476,0,0,0.0,0,0,0.0,0,0,0.0,0,0,0.0,0,0,0.0,0,0,0.0,0,0,0.0,0,0,0.0,0,0,0.0,0,0,0.0,0,18,0.0,0,0,0.0,0,0,0.0,0,0,0.0,0,19,0.0,3,19,0.1364,9,26,0.2571,6,21,0.2222,1,13,0.0714,0,0,0.0,0,0,0.0
2026-04-03 21:40:20,test_1539.jpg,138,34,172,0.1977,6,31,32,0,0,0.0,0,0,0.0,0,0,0.0,0,0,0.0,0,0,0.0,0,0,0.0,0,0,0.0,0,0,0.0,0,0,0.0,0,0,0.0,4,14,0.2222,0,0,0.0,0,0,0.0,0,0,0.0,0,0,0.0,0,0,0.0,0,0,0.0,0,0,0.0,0,0,0.0,0,0,0.0,0,0,0.0,3,37,0.075,0,0,0.0,0,0,0.0,0,0,0.0,5,20,0.2,1,22,0.0435,16,33,0.3265,5,12,0.2941,0,0,0.0,0,0,0.0,0,0,0.0
2026-04-03 21:40:20,test_154.jpg,128,76,204,0.3725,10,31,32,6,12,0.3333,0,0,0.0,0,0,0.0,0,0,0.0,0,0,0.0,0,0,0.0,0,0,0.0,0,0,0.0,0,0,0.0,0,0,0.0,0,1,0.0,0,0,0.0,0,0,0.0,0,0,0.0,0,0,0.0,0,0,0.0,0,0,0.0,0,0,0.0,0,0,0.0,0,0,0.0,0,0,0.0,4,10,0.2857,0,0,0.0,0,0,0.0,0,0,0.0,1,8,0.1111,1,15,0.0625,10,16,0.3846,9,20,0.3103,9,13,0.4091,24,20,0.5455,12,13,0.48
2026-04-03 21:40:20,test_1540.jpg,240,174,414,0.4203,4,31,32,0,0,0.0,0,0,0.0,0,0,0.0,0,0,0.0,0,0,0.0,0,0,0.0,0,0,0.0,0,0,0.0,0,0,0.0,0,0,0.0,6,20,0.2308,0,0,0.0,0,0,0.0,0,0,0.0,0,0,0.0,0,0,0.0,0,0,0.0,0,0,0.0,0,0,0.0,0,0,0.0,0,0,0.0,16,104,0.1333,0,0,0.0,0,0,0.0,0,0,0.0,105,79,0.5707,47,37,0.5595,0,0,0.0,0,0,0.0,0,0,0.0,0,0,0.0,0,0,0.0
2026-04-03 21:40:20,test_1541.jpg,137,31,168,0.1845,3,31,32,0,0,0.0,0,0,0.0,0,0,0.0,0,0,0.0,0,0,0.0,0,0,0.0,0,0,0.0,0,0,0.0,0,0,0.0,0,0,0.0,1,20,0.0476,0,0,0.0,0,0,0.0,0,0,0.0,0,0,0.0,0,0,0.0,0,0,0.0,0,0,0.0,0,0,0.0,0,0,0.0,0,0,0.0,17,86,0.165,0,0,0.0,0,0,0.0,0,0,0.0,13,31,0.2955,0,0,0.0,0,0,0.0,0,0,0.0,0,0,0.0,0,0,0.0,0,0,0.0
2026-04-03 21:40:20,test_1542.jpg,191,30,221,0.1357,9,31,32,0,0,0.0,0,0,0.0,0,0,0.0,0,0,0.0,0,0,0.0,0,0,0.0,0,0,0.0,0,0,0.0,0,0,0.0,0,0,0.0,8,7,0.5333,0,0,0.0,0,0,0.0,0,0,0.0,0,0,0.0,0,0,0.0,0,0,0.0,0,0,0.0,0,0,0.0,0,0,0.0,0,0,0.0,2,33,0.0571,0,0,0.0,0,0,0.0,0,0,0.0,4,21,0.16,1,18,0.0526,4,24,0.1429,0,23,0.0,7,22,0.2414,3,24,0.1111,1,19,0.05
2026-04-03 21:40:20,test_1543.jpg,174,27,201,0.1343,12,31,32,0,20,0.0,8,22,0.2667,4,26,0.1333,0,0,0.0,0,0,0.0,0,0,0.0,0,0,0.0,0,0,0.0,0,0,0.0,0,0,0.0,5,8,0.3846,0,0,0.0,0,0,0.0,0,0,0.0,0,0,0.0,0,0,0.0,0,0,0.0,0,0,0.0,0,0,0.0,0,0,0.0,0,0,0.0,0,0,0.0,0,0,0.0,0,0,0.0,0,0,0.0,0,0,0.0,6,15,0.2857,0,20,0.0,0,12,0.0,2,18,0.1,2,19,0.0952,0,14,0.0
2026-04-03 21:40:20,test_1544.jpg,183,49,232,0.2112,5,31,32,0,0,0.0,0,0,0.0,0,0,0.0,0,0,0.0,0,0,0.0,0,0,0.0,0,0,0.0,0,0,0.0,0,0,0.0,0,0,0.0,9,25,0.2647,0,0,0.0,0,0,0.0,0,0,0.0,0,0,0.0,0,0,0.0,0,0,0.0,0,0,0.0,0,0,0.0,0,0,0.0,0,0,0.0,10,60,0.1429,0,0,0.0,0,0,0.0,0,0,0.0,9,32,0.2195,17,50,0.2537,4,16,0.2,0,0,0.0,0,0,0.0,0,0,0.0,0,0,0.0
2026-04-03 21:40:20,test_1545.jpg,133,26,159,0.1635,6,31,32,0,0,0.0,0,0,0.0,0,0,0.0,0,0,0.0,0,0,0.0,0,0,0.0,0,0,0.0,0,0,0.0,0,0,0.0,0,0,0.0,3,9,0.25,0,0,0.0,0,0,0.0,0,0,0.0,0,0,0.0,0,0,0.0,0,0,0.0,0,0,0.0,0,0,0.0,0,0,0.0,0,0,0.0,0,16,0.0,0,0,0.0,0,0,0.0,0,0,0.0,10,35,0.2222,6,22,0.2143,5,25,0.1667,2,26,0.0714,0,0,0.0,0,0,0.0,0,0,0.0
2026-04-03 21:40:20,test_1546.jpg,127,34,161,0.2112,5,31,32,0,0,0.0,0,0,0.0,0,0,0.0,0,0,0.0,0,0,0.0,0,0,0.0,0,0,0.0,0,0,0.0,0,0,0.0,0,0,0.0,3,17,0.15,0,0,0.0,0,0,0.0,0,0,0.0,0,0,0.0,0,0,0.0,0,0,0.0,0,0,0.0,0,0,0.0,0,0,0.0,0,0,0.0,4,25,0.1379,0,0,0.0,0,0,0.0,0,0,0.0,10,30,0.25,17,41,0.2931,0,14,0.0,0,0,0.0,0,0,0.0,0,0,0.0,0,0,0.0
2026-04-03 21:40:20,test_1547.jpg,246,36,282,0.1277,4,31,32,0,0,0.0,0,0,0.0,0,0,0.0,0,0,0.0,0,0,0.0,0,0,0.0,0,0,0.0,0,0,0.0,0,0,0.0,0,0,0.0,13,71,0.1548,0,0,0.0,0,0,0.0,0,0,0.0,0,0,0.0,0,0,0.0,0,0,0.0,0,0,0.0,0,0,0.0,0,0,0.0,0,0,0.0,11,68,0.1392,0,0,0.0,0,0,0.0,0,0,0.0,8,68,0.1053,4,39,0.093,0,0,0.0,0,0,0.0,0,0,0.0,0,0,0.0,0,0,0.0
2026-04-03 21:40:20,test_1548.jpg,230,33,263,0.1255,6,31,32,0,0,0.0,0,0,0.0,0,0,0.0,0,0,0.0,0,0,0.0,0,0,0.0,0,0,0.0,0,0,0.0,0,0,0.0,0,0,0.0,2,17,0.1053,0,0,0.0,0,0,0.0,0,0,0.0,0,0,0.0,0,0,0.0,0,0,0.0,0,0,0.0,0,0,0.0,0,0,0.0,0,0,0.0,4,53,0.0702,0,0,0.0,0,0,0.0,0,0,0.0,4,35,0.1026,11,39,0.22,12,84,0.125,0,2,0.0,0,0,0.0,0,0,0.0,0,0,0.0
2026-04-03 21:40:20,test_1549.jpg,163,36,199,0.1809,7,31,32,0,0,0.0,0,0,0.0,0,0,0.0,0,0,0.0,0,0,0.0,0,0,0.0,0,0,0.0,0,0,0.0,0,0,0.0,0,0,0.0,6,21,0.2222,0,0,0.0,0,0,0.0,0,0,0.0,0,0,0.0,0,0,0.0,0,0,0.0,0,0,0.0,0,0,0.0,0,0,0.0,0,0,0.0,5,23,0.1786,0,0,0.0,0,0,0.0,0,0,0.0,4,23,0.1481,5,23,0.1786,5,22,0.1852,6,25,0.1935,5,26,0.1613,0,0,0.0,0,0,0.0
2026-04-03 21:40:20,test_155.jpg,133,8,141,0.0567,5,31,32,0,0,0.0,0,0,0.0,0,0,0.0,0,0,0.0,0,0,0.0,0,0,0.0,0,0,0.0,0,0,0.0,0,0,0.0,0,0,0.0,2,19,0.0952,0,0,0.0,0,0,0.0,0,0,0.0,0,0,0.0,0,0,0.0,0,0,0.0,0,0,0.0,0,0,0.0,0,0,0.0,0,0,0.0,0,33,0.0,0,0,0.0,0,0,0.0,0,0,0.0,0,28,0.0,0,27,0.0,6,26,0.1875,0,0,0.0,0,0,0.0,0,0,0.0,0,0,0.0
2026-04-03 21:40:20,test_1550.jpg,199,160,359,0.4457,4,31,32,0,0,0.0,0,0,0.0,0,0,0.0,0,0,0.0,0,0,0.0,0,0,0.0,0,0,0.0,0,0,0.0,0,0,0.0,0,0,0.0,1,27,0.0357,0,0,0.0,0,0,0.0,0,0,0.0,0,0,0.0,0,0,0.0,0,0,0.0,0,0,0.0,0,0,0.0,0,0,0.0,0,0,0.0,28,64,0.3043,0,0,0.0,0,0,0.0,0,0,0.0,91,65,0.5833,40,43,0.4819,0,0,0.0,0,0,0.0,0,0,0.0,0,0,0.0,0,0,0.0
2026-04-03 21:40:20,test_1551.jpg,219,27,246,0.1098,10,31,32,5,18,0.2174,0,0,0.0,0,0,0.0,0,0,0.0,0,0,0.0,0,0,0.0,0,0,0.0,0,0,0.0,0,0,0.0,0,0,0.0,1,23,0.0417,0,0,0.0,0,0,0.0,0,0,0.0,0,0,0.0,0,0,0.0,0,0,0.0,0,0,0.0,0,0,0.0,0,0,0.0,0,0,0.0,3,31,0.0882,0,0,0.0,0,0,0.0,0,0,0.0,4,31,0.1143,5,24,0.1724,2,25,0.0741,2,10,0.1667,0,14,0.0,3,23,0.1154,2,20,0.0909
2026-04-03 21:40:20,test_1552.jpg,131,55,186,0.2957,6,31,32,0,0,0.0,0,0,0.0,0,0,0.0,0,0,0.0,0,0,0.0,0,0,0.0,0,0,0.0,0,0,0.0,0,0,0.0,0,0,0.0,2,19,0.0952,0,0,0.0,0,0,0.0,0,0,0.0,0,0,0.0,0,0,0.0,0,0,0.0,0,0,0.0,0,0,0.0,0,0,0.0,0,0,0.0,11,27,0.2895,0,0,0.0,0,0,0.0,0,0,0.0,21,27,0.4375,5,32,0.1351,13,20,0.3939,3,6,0.3333,0,0,0.0,0,0,0.0,0,0,0.0
2026-04-03 21:40:20,test_1553.jpg,228,26,254,0.1024,8,31,32,0,0,0.0,0,0,0.0,0,0,0.0,0,0,0.0,0,0,0.0,0,0,0.0,0,0,0.0,0,0,0.0,0,0,0.0,0,0,0.0,1,17,0.0556,0,0,0.0,0,0,0.0,0,0,0.0,0,0,0.0,0,0,0.0,0,0,0.0,0,0,0.0,0,0,0.0,0,0,0.0,0,0,0.0,1,28,0.0345,0,0,0.0,0,0,0.0,0,0,0.0,0,44,0.0,8,33,0.1951,8,37,0.1778,3,24,0.1111,4,25,0.1379,1,20,0.0476,0,0,0.0
2026-04-03 21:40:20,test_1554.jpg,159,0,159,0.0,6,31,32,0,0,0.0,0,0,0.0,0,0,0.0,0,0,0.0,0,0,0.0,0,0,0.0,0,0,0.0,0,0,0.0,0,0,0.0,0,0,0.0,0,22,0.0,0,0,0.0,0,0,0.0,0,0,0.0,0,0,0.0,0,0,0.0,0,0,0.0,0,0,0.0,0,0,0.0,0,0,0.0,0,0,0.0,0,28,0.0,0,0,0.0,0,0,0.0,0,0,0.0,0,29,0.0,0,29,0.0,0,29,0.0,0,22,0.0,0,0,0.0,0,0,0.0,0,0,0.0
2026-04-03 21:40:20,test_1555.jpg,169,11,180,0.0611,6,31,32,0,0,0.0,0,0,0.0,0,0,0.0,0,0,0.0,0,0,0.0,0,0,0.0,0,0,0.0,0,0,0.0,0,0,0.0,0,0,0.0,5,33,0.1316,0,0,0.0,0,0,0.0,0,0,0.0,0,0,0.0,0,0,0.0,0,0,0.0,0,0,0.0,0,0,0.0,0,0,0.0,0,0,0.0,2,28,0.0667,0,0,0.0,0,0,0.0,0,0,0.0,0,25,0.0,2,28,0.0667,2,27,0.069,0,28,0.0,0,0,0.0,0,0,0.0,0,0,0.0
2026-04-03 21:40:20,test_1556.jpg,133,21,154,0.1364,13,31,32,1,9,0.1,0,12,0.0,0,12,0.0,4,8,0.3333,0,0,0.0,0,0,0.0,0,0,0.0,0,0,0.0,0,0,0.0,0,0,0.0,4,11,0.2667,0,0,0.0,0,0,0.0,0,0,0.0,0,0,0.0,0,0,0.0,0,0,0.0,0,0,0.0,0,0,0.0,0,0,0.0,0,0,0.0,2,10,0.1667,0,0,0.0,0,0,0.0,0,0,0.0,2,8,0.2,2,11,0.1538,0,9,0.0,0,11,0.0,4,12,0.25,0,9,0.0,2,11,0.1538
2026-04-03 21:40:20,test_1557.jpg,159,35,194,0.1804,7,31,32,0,0,0.0,0,0,0.0,0,0,0.0,0,0,0.0,0,0,0.0,0,0,0.0,0,0,0.0,0,0,0.0,0,0,0.0,0,0,0.0,6,15,0.2857,0,0,0.0,0,0,0.0,0,0,0.0,0,0,0.0,0,0,0.0,0,0,0.0,0,0,0.0,0,0,0.0,0,0,0.0,0,0,0.0,5,47,0.0962,0,0,0.0,0,0,0.0,0,0,0.0,5,26,0.1613,3,19,0.1364,6,19,0.24,6,19,0.24,4,14,0.2222,0,0,0.0,0,0,0.0
2026-04-03 21:40:20,test_1558.jpg,178,40,218,0.1835,9,31,32,0,0,0.0,0,0,0.0,0,0,0.0,0,0,0.0,0,0,0.0,0,0,0.0,0,0,0.0,0,0,0.0,0,0,0.0,0,0,0.0,2,19,0.0952,0,0,0.0,0,0,0.0,0,0,0.0,0,0,0.0,0,0,0.0,0,0,0.0,0,0,0.0,0,0,0.0,0,0,0.0,0,0,0.0,6,13,0.3158,0,0,0.0,0,0,0.0,0,0,0.0,0,17,0.0,4,18,0.1818,3,19,0.1364,2,18,0.1,8,18,0.3077,8,34,0.1905,7,22,0.2414
2026-04-03 21:40:20,test_1559.jpg,125,46,171,0.269,8,31,32,0,0,0.0,0,0,0.0,0,0,0.0,0,0,0.0,0,0,0.0,0,0,0.0,0,0,0.0,0,0,0.0,0,0,0.0,0,0,0.0,6,11,0.3529,0,0,0.0,0,0,0.0,0,0,0.0,0,0,0.0,0,0,0.0,0,0,0.0,0,0,0.0,0,0,0.0,0,0,0.0,0,0,0.0,0,14,0.0,0,0,0.0,0,0,0.0,0,0,0.0,4,10,0.2857,0,12,0.0,6,22,0.2143,9,17,0.3462,6,24,0.2,15,15,0.5,0,0,0.0
2026-04-03 21:40:20,test_156.jpg,115,19,134,0.1418,7,31,32,0,0,0.0,0,0,0.0,0,0,0.0,0,0,0.0,0,0,0.0,0,0,0.0,0,0,0.0,0,0,0.0,0,0,0.0,0,0,0.0,1,20,0.0476,0,0,0.0,0,0,0.0,0,0,0.0,0,0,0.0,0,0,0.0,0,0,0.0,0,0,0.0,0,0,0.0,0,0,0.0,0,0,0.0,5,16,0.2381,0,0,0.0,0,0,0.0,0,0,0.0,5,19,0.2083,2,17,0.1053,1,14,0.0667,3,14,0.1765,2,15,0.1176,0,0,0.0,0,0,0.0
2026-04-03 21:40:20,test_1560.jpg,129,13,142,0.0915,5,31,32,0,0,0.0,0,0,0.0,0,0,0.0,0,0,0.0,0,0,0.0,0,0,0.0,0,0,0.0,0,0,0.0,0,0,0.0,0,0,0.0,5,13,0.2778,0,0,0.0,0,0,0.0,0,0,0.0,0,0,0.0,0,0,0.0,0,0,0.0,0,0,0.0,0,0,0.0,0,0,0.0,0,0,0.0,1,13,0.0714,0,0,0.0,0,0,0.0,0,0,0.0,6,43,0.1224,1,50,0.0196,0,10,0.0,0,0,0.0,0,0,0.0,0,0,0.0,0,0,0.0
2026-04-03 21:40:20,test_1561.jpg,188,20,208,0.0962,12,31,32,0,9,0.0,2,32,0.0588,0,14,0.0,0,0,0.0,0,0,0.0,0,0,0.0,0,0,0.0,0,0,0.0,0,0,0.0,0,0,0.0,3,7,0.3,0,0,0.0,0,0,0.0,0,0,0.0,0,0,0.0,0,0,0.0,0,0,0.0,0,0,0.0,0,0,0.0,0,0,0.0,0,0,0.0,4,13,0.2353,0,0,0.0,0,0,0.0,0,0,0.0,0,12,0.0,2,22,0.0833,1,11,0.0833,2,17,0.1053,1,23,0.0417,3,18,0.1429,2,10,0.1667
2026-04-03 21:40:20,test_1562.jpg,128,8,136,0.0588,6,31,32,0,0,0.0,0,0,0.0,0,0,0.0,0,0,0.0,0,0,0.0,0,0,0.0,0,0,0.0,0,0,0.0,0,0,0.0,0,0,0.0,3,27,0.1,0,0,0.0,0,0,0.0,0,0,0.0,0,0,0.0,0,0,0.0,0,0,0.0,0,0,0.0,0,0,0.0,0,0,0.0,0,0,0.0,0,22,0.0,0,0,0.0,0,0,0.0,0,0,0.0,0,21,0.0,0,21,0.0,3,18,0.1429,2,19,0.0952,0,0,0.0,0,0,0.0,0,0,0.0
2026-04-03 21:40:20,test_1563.jpg,157,32,189,0.1693,7,31,32,0,0,0.0,0,0,0.0,0,0,0.0,0,0,0.0,0,0,0.0,0,0,0.0,0,0,0.0,0,0,0.0,0,0,0.0,0,0,0.0,0,0,0.0,0,0,0.0,0,0,0.0,0,0,0.0,0,0,0.0,0,0,0.0,0,0,0.0,0,0,0.0,0,0,0.0,0,0,0.0,0,0,0.0,4,57,0.0656,0,0,0.0,0,0,0.0,0,0,0.0,1,23,0.0417,3,24,0.1111,4,20,0.1667,15,32,0.3191,5,1,0.8333,0,0,0.0,0,0,0.0
2026-04-03 21:40:20,test_1564.jpg,103,57,160,0.3563,8,31,32,0,0,0.0,0,0,0.0,0,0,0.0,0,0,0.0,0,0,0.0,0,0,0.0,0,0,0.0,0,0,0.0,0,0,0.0,0,0,0.0,0,5,0.0,0,0,0.0,0,0,0.0,0,0,0.0,0,0,0.0,0,0,0.0,0,0,0.0,0,0,0.0,0,0,0.0,0,0,0.0,0,0,0.0,3,8,0.2727,0,0,0.0,0,0,0.0,0,0,0.0,4,17,0.1905,1,12,0.0769,13,18,0.4194,14,14,0.5,22,27,0.449,0,2,0.0,0,0,0.0
2026-04-03 21:40:20,test_1565.jpg,182,29,211,0.1374,7,31,32,0,0,0.0,0,0,0.0,0,0,0.0,0,0,0.0,0,0,0.0,0,0,0.0,0,0,0.0,0,0,0.0,0,0,0.0,0,0,0.0,6,11,0.3529,0,0,0.0,0,0,0.0,0,0,0.0,0,0,0.0,0,0,0.0,0,0,0.0,0,0,0.0,0,0,0.0,0,0,0.0,0,0,0.0,13,25,0.3421,0,0,0.0,0,0,0.0,0,0,0.0,1,33,0.0294,3,28,0.0968,3,25,0.1071,3,42,0.0667,0,18,0.0,0,0,0.0,0,0,0.0
2026-04-03 21:40:20,test_1566.jpg,154,46,200,0.23,5,31,32,0,0,0.0,0,0,0.0,0,0,0.0,0,0,0.0,0,0,0.0,0,0,0.0,0,0,0.0,0,0,0.0,0,0,0.0,0,0,0.0,2,23,0.08,0,0,0.0,0,0,0.0,0,0,0.0,0,0,0.0,0,0,0.0,0,0,0.0,0,0,0.0,0,0,0.0,0,0,0.0,0,0,0.0,1,22,0.0435,0,0,0.0,0,0,0.0,0,0,0.0,8,35,0.186,8,33,0.1951,27,41,0.3971,0,0,0.0,0,0,0.0,0,0,0.0,0,0,0.0
2026-04-03 21:40:20,test_1567.jpg,161,23,184,0.125,6,31,32,0,0,0.0,0,0,0.0,0,0,0.0,0,0,0.0,0,0,0.0,0,0,0.0,0,0,0.0,0,0,0.0,0,0,0.0,0,0,0.0,0,21,0.0,0,0,0.0,0,0,0.0,0,0,0.0,0,0,0.0,0,0,0.0,0,0,0.0,0,0,0.0,0,0,0.0,0,0,0.0,0,0,0.0,1,24,0.04,0,0,0.0,0,0,0.0,0,0,0.0,1,23,0.0417,1,27,0.0357,16,51,0.2388,4,15,0.2105,0,0,0.0,0,0,0.0,0,0,0.0
2026-04-03 21:40:20,test_1568.jpg,169,34,203,0.1675,8,31,32,0,0,0.0,0,0,0.0,0,0,0.0,0,0,0.0,0,0,0.0,0,0,0.0,0,0,0.0,0,0,0.0,0,0,0.0,0,0,0.0,2,22,0.0833,0,0,0.0,0,0,0.0,0,0,0.0,0,0,0.0,0,0,0.0,0,0,0.0,0,0,0.0,0,0,0.0,0,0,0.0,0,0,0.0,4,24,0.1429,0,0,0.0,0,0,0.0,0,0,0.0,3,17,0.15,6,23,0.2069,3,22,0.12,5,24,0.1724,11,37,0.2292,0,0,0.0,0,0,0.0
2026-04-03 21:40:20,test_1569.jpg,135,36,171,0.2105,5,31,32,0,0,0.0,0,0,0.0,0,0,0.0,0,0,0.0,0,0,0.0,0,0,0.0,0,0,0.0,0,0,0.0,0,0,0.0,0,0,0.0,4,22,0.1538,0,0,0.0,0,0,0.0,0,0,0.0,0,0,0.0,0,0,0.0,0,0,0.0,0,0,0.0,0,0,0.0,0,0,0.0,0,0,0.0,0,14,0.0,0,0,0.0,0,0,0.0,0,0,0.0,10,22,0.3125,5,41,0.1087,17,36,0.3208,0,0,0.0,0,0,0.0,0,0,0.0,0,0,0.0
2026-04-03 21:40:20,test_157.jpg,151,26,177,0.1469,6,31,32,0,0,0.0,0,0,0.0,0,0,0.0,0,0,0.0,0,0,0.0,0,0,0.0,0,0,0.0,0,0,0.0,0,0,0.0,0,0,0.0,1,21,0.0455,0,0,0.0,0,0,0.0,0,0,0.0,0,0,0.0,0,0,0.0,0,0,0.0,0,0,0.0,0,0,0.0,0,0,0.0,0,0,0.0,0,16,0.0,0,0,0.0,0,0,0.0,0,0,0.0,5,37,0.119,5,32,0.1351,9,26,0.2571,6,19,0.24,0,0,0.0,0,0,0.0,0,0,0.0
2026-04-03 21:40:20,test_1570.jpg,221,18,239,0.0753,6,31,32,0,0,0.0,0,0,0.0,0,0,0.0,0,0,0.0,0,0,0.0,0,0,0.0,0,0,0.0,0,0,0.0,0,0,0.0,0,0,0.0,0,34,0.0,0,0,0.0,0,0,0.0,0,0,0.0,0,0,0.0,0,0,0.0,0,0,0.0,0,0,0.0,0,0,0.0,0,0,0.0,0,0,0.0,2,44,0.0435,0,0,0.0,0,0,0.0,0,0,0.0,7,39,0.1522,5,41,0.1087,4,36,0.1,0,27,0.0,0,0,0.0,0,0,0.0,0,0,0.0
2026-04-03 21:40:20,test_1571.jpg,141,15,156,0.0962,7,31,32,0,0,0.0,0,0,0.0,0,0,0.0,0,0,0.0,0,0,0.0,0,0,0.0,0,0,0.0,0,0,0.0,0,0,0.0,0,0,0.0,0,1,0.0,0,0,0.0,0,0,0.0,0,0,0.0,0,0,0.0,0,0,0.0,0,0,0.0,0,0,0.0,0,0,0.0,0,0,0.0,0,0,0.0,4,39,0.093,0,0,0.0,0,0,0.0,0,0,0.0,4,15,0.2105,3,24,0.1111,2,20,0.0909,2,22,0.0833,0,20,0.0,0,0,0.0,0,0,0.0
2026-04-03 21:40:20,test_1572.jpg,145,24,169,0.142,8,31,32,0,0,0.0,0,0,0.0,0,0,0.0,0,0,0.0,0,0,0.0,0,0,0.0,0,0,0.0,0,0,0.0,0,0,0.0,0,0,0.0,1,5,0.1667,0,0,0.0,0,0,0.0,0,0,0.0,0,0,0.0,0,0,0.0,0,0,0.0,0,0,0.0,0,0,0.0,0,0,0.0,0,0,0.0,4,25,0.1379,0,0,0.0,0,0,0.0,0,0,0.0,4,17,0.1905,4,25,0.1379,3,19,0.1364,3,20,0.1304,3,16,0.1579,2,18,0.1,0,0,0.0
2026-04-03 21:40:20,test_1573.jpg,295,95,390,0.2436,7,31,32,0,0,0.0,0,0,0.0,0,0,0.0,0,0,0.0,0,0,0.0,0,0,0.0,0,0,0.0,0,0,0.0,0,0,0.0,0,0,0.0,5,12,0.2941,0,0,0.0,0,0,0.0,0,0,0.0,0,0,0.0,0,0,0.0,0,0,0.0,0,0,0.0,0,0,0.0,0,0,0.0,0,0,0.0,7,51,0.1207,0,0,0.0,0,0,0.0,0,0,0.0,10,49,0.1695,7,49,0.125,14,55,0.2029,39,67,0.3679,13,12,0.52,0,0,0.0,0,0,0.0
2026-04-03 21:40:20,test_1574.jpg,167,63,230,0.2739,8,31,32,0,0,0.0,0,0,0.0,0,0,0.0,0,0,0.0,0,0,0.0,0,0,0.0,0,0,0.0,0,0,0.0,0,0,0.0,0,0,0.0,0,17,0.0,0,0,0.0,0,0,0.0,0,0,0.0,0,0,0.0,0,0,0.0,0,0,0.0,0,0,0.0,0,0,0.0,0,0,0.0,0,0,0.0,8,24,0.25,0,0,0.0,0,0,0.0,0,0,0.0,9,21,0.3,13,19,0.4062,7,21,0.25,10,21,0.3226,9,21,0.3,7,23,0.2333,0,0,0.0
2026-04-03 21:40:20,test_1575.jpg,199,78,277,0.2816,20,31,32,10,16,0.3846,2,18,0.1,0,0,0.0,6,12,0.3333,3,9,0.25,4,8,0.3333,4,11,0.2667,5,19,0.2083,0,0,0.0,19,35,0.3519,1,5,0.1667,0,0,0.0,0,0,0.0,0,0,0.0,0,0,0.0,0,0,0.0,0,0,0.0,0,0,0.0,0,0,0.0,0,0,0.0,0,0,0.0,2,16,0.1111,0,0,0.0,0,0,0.0,0,0,0.0,4,4,0.5,3,16,0.1579,3,7,0.3,0,2,0.0,6,9,0.4,6,12,0.3333,0,0,0.0
2026-04-03 21:40:20,test_1576.jpg,167,70,237,0.2954,12,31,32,16,29,0.3556,7,20,0.2593,0,0,0.0,0,0,0.0,0,0,0.0,0,0,0.0,0,0,0.0,0,0,0.0,0,0,0.0,0,0,0.0,10,18,0.3571,0,0,0.0,0,0,0.0,0,0,0.0,0,0,0.0,0,0,0.0,0,0,0.0,0,0,0.0,0,0,0.0,0,0,0.0,0,0,0.0,5,8,0.3846,0,0,0.0,0,0,0.0,0,0,0.0,1,12,0.0769,2,9,0.1818,2,11,0.1538,12,14,0.4615,2,18,0.1,10,14,0.4167,3,14,0.1765
2026-04-03 21:40:20,test_1577.jpg,168,8,176,0.0455,11,31,32,0,16,0.0,0,9,0.0,0,0,0.0,0,0,0.0,0,0,0.0,0,0,0.0,0,0,0.0,0,0,0.0,0,0,0.0,0,0,0.0,0,21,0.0,0,0,0.0,0,0,0.0,0,0,0.0,0,0,0.0,0,0,0.0,0,0,0.0,0,0,0.0,0,0,0.0,0,0,0.0,0,0,0.0,0,80,0.0,0,0,0.0,0,0,0.0,0,0,0.0,0,7,0.0,0,4,0.0,0,5,0.0,4,5,0.4444,1,6,0.1429,0,8,0.0,3,7,0.3
2026-04-03 21:40:20,test_1578.jpg,119,31,150,0.2067,5,31,32,0,0,0.0,0,0,0.0,0,0,0.0,0,0,0.0,0,0,0.0,0,0,0.0,0,0,0.0,0,0,0.0,0,0,0.0,0,0,0.0,0,13,0.0,0,0,0.0,0,0,0.0,0,0,0.0,0,0,0.0,0,0,0.0,0,0,0.0,0,0,0.0,0,0,0.0,0,0,0.0,0,0,0.0,1,19,0.05,0,0,0.0,0,0,0.0,0,0,0.0,2,19,0.0952,10,42,0.1923,18,26,0.4091,0,0,0.0,0,0,0.0,0,0,0.0,0,0,0.0
2026-04-03 21:40:20,test_1579.jpg,149,29,178,0.1629,7,31,32,0,0,0.0,0,0,0.0,0,0,0.0,0,0,0.0,0,0,0.0,0,0,0.0,0,0,0.0,0,0,0.0,0,0,0.0,0,0,0.0,4,33,0.1081,0,0,0.0,0,0,0.0,0,0,0.0,0,0,0.0,0,0,0.0,0,0,0.0,0,0,0.0,0,0,0.0,0,0,0.0,0,0,0.0,2,18,0.1,0,0,0.0,0,0,0.0,0,0,0.0,0,19,0.0,3,15,0.1667,0,22,0.0,4,21,0.16,16,21,0.4324,0,0,0.0,0,0,0.0
2026-04-03 21:40:20,test_158.jpg,180,86,266,0.3233,5,31,32,0,0,0.0,0,0,0.0,0,0,0.0,0,0,0.0,0,0,0.0,0,0,0.0,0,0,0.0,0,0,0.0,0,0,0.0,0,0,0.0,5,19,0.2083,0,0,0.0,0,0,0.0,0,0,0.0,0,0,0.0,0,0,0.0,0,0,0.0,0,0,0.0,0,0,0.0,0,0,0.0,0,0,0.0,10,48,0.1724,0,0,0.0,0,0,0.0,0,0,0.0,25,51,0.3289,29,35,0.4531,17,27,0.3864,0,0,0.0,0,0,0.0,0,0,0.0,0,0,0.0
2026-04-03 21:40:20,test_1580.jpg,138,39,177,0.2203,7,31,32,0,0,0.0,0,0,0.0,0,0,0.0,0,0,0.0,0,0,0.0,0,0,0.0,0,0,0.0,0,0,0.0,0,0,0.0,0,0,0.0,0,12,0.0,0,0,0.0,0,0,0.0,0,0,0.0,0,0,0.0,0,0,0.0,0,0,0.0,0,0,0.0,0,0,0.0,0,0,0.0,0,0,0.0,5,17,0.2273,0,0,0.0,0,0,0.0,0,0,0.0,9,16,0.36,9,22,0.2903,3,23,0.1154,8,24,0.25,5,24,0.1724,0,0,0.0,0,0,0.0
2026-04-03 21:40:20,test_1581.jpg,130,10,140,0.0714,7,31,32,0,0,0.0,0,0,0.0,0,0,0.0,0,0,0.0,0,0,0.0,0,0,0.0,0,0,0.0,0,0,0.0,0,0,0.0,0,0,0.0,0,11,0.0,0,0,0.0,0,0,0.0,0,0,0.0,0,0,0.0,0,0,0.0,0,0,0.0,0,0,0.0,0,0,0.0,0,0,0.0,0,0,0.0,0,24,0.0,0,0,0.0,0,0,0.0,0,0,0.0,1,16,0.0588,0,23,0.0,3,17,0.15,5,25,0.1667,1,14,0.0667,0,0,0.0,0,0,0.0
2026-04-03 21:40:20,test_1582.jpg,209,53,262,0.2023,7,31,32,0,0,0.0,0,0,0.0,0,0,0.0,0,0,0.0,0,0,0.0,0,0,0.0,0,0,0.0,0,0,0.0,0,0,0.0,0,0,0.0,0,23,0.0,0,0,0.0,0,0,0.0,0,0,0.0,0,0,0.0,0,0,0.0,0,0,0.0,0,0,0.0,0,0,0.0,0,0,0.0,0,0,0.0,0,5,0.0,0,0,0.0,0,0,0.0,0,0,0.0,1,26,0.037,2,24,0.0769,4,25,0.1379,17,51,0.25,29,55,0.3452,0,0,0.0,0,0,0.0
2026-04-03 21:40:20,test_1583.jpg,180,4,184,0.0217,8,31,32,0,0,0.0,0,0,0.0,0,0,0.0,0,0,0.0,0,0,0.0,0,0,0.0,0,0,0.0,0,0,0.0,0,0,0.0,0,0,0.0,1,23,0.0417,0,0,0.0,0,0,0.0,0,0,0.0,0,0,0.0,0,0,0.0,0,0,0.0,0,0,0.0,0,0,0.0,0,0,0.0,0,0,0.0,1,22,0.0435,0,0,0.0,0,0,0.0,0,0,0.0,0,20,0.0,0,22,0.0,0,22,0.0,0,23,0.0,0,24,0.0,2,24,0.0769,0,0,0.0
2026-04-03 21:40:20,test_1584.jpg,199,117,316,0.3703,6,31,32,0,0,0.0,0,0,0.0,0,0,0.0,0,0,0.0,0,0,0.0,0,0,0.0,0,0,0.0,0,0,0.0,0,0,0.0,0,0,0.0,0,15,0.0,0,0,0.0,0,0,0.0,0,0,0.0,0,0,0.0,0,0,0.0,0,0,0.0,0,0,0.0,0,0,0.0,0,0,0.0,0,0,0.0,11,52,0.1746,0,0,0.0,0,0,0.0,0,0,0.0,29,39,0.4265,46,42,0.5227,21,39,0.35,10,12,0.4545,0,0,0.0,0,0,0.0,0,0,0.0
2026-04-03 21:40:20,test_1585.jpg,136,37,173,0.2139,6,31,32,0,0,0.0,0,0,0.0,0,0,0.0,0,0,0.0,0,0,0.0,0,0,0.0,0,0,0.0,0,0,0.0,0,0,0.0,0,0,0.0,0,10,0.0,0,0,0.0,0,0,0.0,0,0,0.0,0,0,0.0,0,0,0.0,0,0,0.0,0,0,0.0,0,0,0.0,0,0,0.0,0,0,0.0,4,18,0.1818,0,0,0.0,0,0,0.0,0,0,0.0,8,33,0.1951,7,19,0.2692,1,31,0.0312,17,25,0.4048,0,0,0.0,0,0,0.0,0,0,0.0
2026-04-03 21:40:20,test_1586.jpg,172,77,249,0.3092,5,31,32,0,0,0.0,0,0,0.0,0,0,0.0,0,0,0.0,0,0,0.0,0,0,0.0,0,0,0.0,0,0,0.0,0,0,0.0,0,0,0.0,0,14,0.0,0,0,0.0,0,0,0.0,0,0,0.0,0,0,0.0,0,0,0.0,0,0,0.0,0,0,0.0,0,0,0.0,0,0,0.0,0,0,0.0,3,53,0.0536,0,0,0.0,0,0,0.0,0,0,0.0,13,37,0.26,50,45,0.5263,11,23,0.3235,0,0,0.0,0,0,0.0,0,0,0.0,0,0,0.0
2026-04-03 21:40:20,test_1587.jpg,146,8,154,0.0519,7,31,32,0,0,0.0,0,0,0.0,0,0,0.0,0,0,0.0,0,0,0.0,0,0,0.0,0,0,0.0,0,0,0.0,0,0,0.0,0,0,0.0,1,18,0.0526,0,0,0.0,0,0,0.0,0,0,0.0,0,0,0.0,0,0,0.0,0,0,0.0,0,0,0.0,0,0,0.0,0,0,0.0,0,0,0.0,3,27,0.1,0,0,0.0,0,0,0.0,0,0,0.0,1,23,0.0417,0,17,0.0,1,20,0.0476,0,21,0.0,2,20,0.0909,0,0,0.0,0,0,0.0
2026-04-03 21:40:20,test_1588.jpg,167,3,170,0.0176,8,31,32,0,0,0.0,0,0,0.0,0,0,0.0,0,0,0.0,0,0,0.0,0,0,0.0,0,0,0.0,0,0,0.0,0,0,0.0,0,0,0.0,0,24,0.0,0,0,0.0,0,0,0.0,0,0,0.0,0,0,0.0,0,0,0.0,0,0,0.0,0,0,0.0,0,0,0.0,0,0,0.0,0,0,0.0,0,25,0.0,0,0,0.0,0,0,0.0,0,0,0.0,0,24,0.0,0,20,0.0,0,20,0.0,3,19,0.1364,0,18,0.0,0,17,0.0,0,0,0.0
2026-04-03 21:40:20,test_1589.jpg,127,35,162,0.216,12,31,32,6,13,0.3158,4,9,0.3077,1,9,0.1,0,0,0.0,0,0,0.0,0,0,0.0,0,0,0.0,0,0,0.0,0,0,0.0,0,0,0.0,7,8,0.4667,0,0,0.0,0,0,0.0,0,0,0.0,0,0,0.0,0,0,0.0,0,0,0.0,0,0,0.0,0,0,0.0,0,0,0.0,0,0,0.0,4,12,0.25,0,0,0.0,0,0,0.0,0,0,0.0,0,10,0.0,1,8,0.1111,2,8,0.2,0,9,0.0,4,13,0.2353,0,8,0.0,6,20,0.2308
2026-04-03 21:40:20,test_159.jpg,131,34,165,0.2061,7,31,32,0,0,0.0,0,0,0.0,0,0,0.0,0,0,0.0,0,0,0.0,0,0,0.0,0,0,0.0,0,0,0.0,0,0,0.0,0,0,0.0,3,16,0.1579,0,0,0.0,0,0,0.0,0,0,0.0,0,0,0.0,0,0,0.0,0,0,0.0,0,0,0.0,0,0,0.0,0,0,0.0,0,0,0.0,2,18,0.1,0,0,0.0,0,0,0.0,0,0,0.0,1,28,0.0345,4,28,0.125,13,18,0.4194,9,13,0.4091,2,10,0.1667,0,0,0.0,0,0,0.0
2026-04-03 21:40:20,test_1590.jpg,122,19,141,0.1348,9,31,32,0,0,0.0,0,0,0.0,0,0,0.0,0,0,0.0,0,0,0.0,0,0,0.0,0,0,0.0,0,0,0.0,0,0,0.0,0,0,0.0,5,11,0.3125,0,0,0.0,0,0,0.0,0,0,0.0,0,0,0.0,0,0,0.0,0,0,0.0,0,0,0.0,0,0,0.0,0,0,0.0,0,0,0.0,3,12,0.2,0,0,0.0,0,0,0.0,0,0,0.0,3,22,0.12,1,10,0.0909,2,12,0.1429,1,13,0.0714,0,11,0.0,1,16,0.0588,3,15,0.1667
2026-04-03 21:40:20,test_1591.jpg,130,52,182,0.2857,3,31,32,0,0,0.0,0,0,0.0,0,0,0.0,0,0,0.0,0,0,0.0,0,0,0.0,0,0,0.0,0,0,0.0,0,0,0.0,0,0,0.0,2,16,0.1111,0,0,0.0,0,0,0.0,0,0,0.0,0,0,0.0,0,0,0.0,0,0,0.0,0,0,0.0,0,0,0.0,0,0,0.0,0,0,0.0,28,69,0.2887,0,0,0.0,0,0,0.0,0,0,0.0,22,45,0.3284,0,0,0.0,0,0,0.0,0,0,0.0,0,0,0.0,0,0,0.0,0,0,0.0
2026-04-03 21:40:20,test_1592.jpg,160,76,236,0.322,11,31,32,14,29,0.3256,2,12,0.1429,0,0,0.0,0,0,0.0,0,0,0.0,0,0,0.0,0,0,0.0,0,0,0.0,0,0,0.0,0,0,0.0,4,3,0.5714,0,0,0.0,0,0,0.0,0,0,0.0,0,0,0.0,0,0,0.0,0,0,0.0,0,0,0.0,0,0,0.0,0,0,0.0,0,0,0.0,4,7,0.3636,0,0,0.0,0,0,0.0,0,0,0.0,4,12,0.25,5,14,0.2632,13,20,0.3939,6,12,0.3333,3,14,0.1765,4,12,0.25,17,25,0.4048
2026-04-03 21:40:20,test_1593.jpg,131,9,140,0.0643,8,31,32,0,0,0.0,0,0,0.0,0,0,0.0,0,0,0.0,0,0,0.0,0,0,0.0,0,0,0.0,0,0,0.0,0,0,0.0,0,0,0.0,1,14,0.0667,0,0,0.0,0,0,0.0,0,0,0.0,0,0,0.0,0,0,0.0,0,0,0.0,0,0,0.0,0,0,0.0,0,0,0.0,0,0,0.0,0,18,0.0,0,0,0.0,0,0,0.0,0,0,0.0,1,17,0.0556,1,20,0.0476,0,19,0.0,1,16,0.0588,2,18,0.1,3,9,0.25,0,0,0.0
2026-04-03 21:40:20,test_1594.jpg,110,15,125,0.12,7,31,32,0,0,0.0,0,0,0.0,0,0,0.0,0,0,0.0,0,0,0.0,0,0,0.0,0,0,0.0,0,0,0.0,0,0,0.0,0,0,0.0,1,15,0.0625,0,0,0.0,0,0,0.0,0,0,0.0,0,0,0.0,0,0,0.0,0,0,0.0,0,0,0.0,0,0,0.0,0,0,0.0,0,0,0.0,0,16,0.0,0,0,0.0,0,0,0.0,0,0,0.0,0,14,0.0,0,15,0.0,3,14,0.1765,2,24,0.0769,9,12,0.4286,0,0,0.0,0,0,0.0
2026-04-03 21:40:20,test_1595.jpg,177,38,215,0.1767,7,31,32,0,0,0.0,0,0,0.0,0,0,0.0,0,0,0.0,0,0,0.0,0,0,0.0,0,0,0.0,0,0,0.0,0,0,0.0,0,0,0.0,0,2,0.0,0,0,0.0,0,0,0.0,0,0,0.0,0,0,0.0,0,0,0.0,0,0,0.0,0,0,0.0,0,0,0.0,0,0,0.0,0,0,0.0,0,15,0.0,0,0,0.0,0,0,0.0,0,0,0.0,2,32,0.0588,8,30,0.2105,11,30,0.2683,12,32,0.2727,5,36,0.122,0,0,0.0,0,0,0.0
2026-04-03 21:40:20,test_1596.jpg,124,25,149,0.1678,7,31,32,0,0,0.0,0,0,0.0,0,0,0.0,0,0,0.0,0,0,0.0,0,0,0.0,0,0,0.0,0,0,0.0,0,0,0.0,0,0,0.0,0,17,0.0,0,0,0.0,0,0,0.0,0,0,0.0,0,0,0.0,0,0,0.0,0,0,0.0,0,0,0.0,0,0,0.0,0,0,0.0,0,0,0.0,4,20,0.1667,0,0,0.0,0,0,0.0,0,0,0.0,5,14,0.2632,4,10,0.2857,8,29,0.2162,2,16,0.1111,2,18,0.1,0,0,0.0,0,0,0.0
2026-04-03 21:40:20,test_1597.jpg,118,21,139,0.1511,6,31,32,0,0,0.0,0,0,0.0,0,0,0.0,0,0,0.0,0,0,0.0,0,0,0.0,0,0,0.0,0,0,0.0,0,0,0.0,0,0,0.0,1,15,0.0625,0,0,0.0,0,0,0.0,0,0,0.0,0,0,0.0,0,0,0.0,0,0,0.0,0,0,0.0,0,0,0.0,0,0,0.0,0,0,0.0,2,20,0.0909,0,0,0.0,0,0,0.0,0,0,0.0,5,33,0.1316,6,23,0.2069,4,19,0.1739,3,8,0.2727,0,0,0.0,0,0,0.0,0,0,0.0
2026-04-03 21:40:20,test_1599.jpg,115,36,151,0.2384,10,31,32,16,19,0.4571,0,0,0.0,0,0,0.0,0,0,0.0,0,0,0.0,0,0,0.0,0,0,0.0,0,0,0.0,0,0,0.0,0,0,0.0,4,7,0.3636,0,0,0.0,0,0,0.0,0,0,0.0,0,0,0.0,0,0,0.0,0,0,0.0,0,0,0.0,0,0,0.0,0,0,0.0,0,0,0.0,2,14,0.125,0,0,0.0,0,0,0.0,0,0,0.0,5,9,0.3571,0,9,0.0,1,6,0.1429,1,8,0.1111,0,16,0.0,6,17,0.2609,1,10,0.0909
2026-04-03 21:40:20,test_16.jpg,78,24,102,0.2353,4,31,32,0,0,0.0,0,0,0.0,0,0,0.0,0,0,0.0,0,0,0.0,0,0,0.0,0,0,0.0,0,0,0.0,0,0,0.0,0,0,0.0,1,22,0.0435,0,0,0.0,0,0,0.0,0,0,0.0,0,0,0.0,0,0,0.0,0,0,0.0,0,0,0.0,0,0,0.0,0,0,0.0,0,0,0.0,4,24,0.1429,0,0,0.0,0,0,0.0,0,0,0.0,13,21,0.3824,6,11,0.3529,0,0,0.0,0,0,0.0,0,0,0.0,0,0,0.0,0,0,0.0
2026-04-03 21:40:20,test_160.jpg,148,39,187,0.2086,6,31,32,0,0,0.0,0,0,0.0,0,0,0.0,0,0,0.0,0,0,0.0,0,0,0.0,0,0,0.0,0,0,0.0,0,0,0.0,0,0,0.0,4,27,0.129,0,0,0.0,0,0,0.0,0,0,0.0,0,0,0.0,0,0,0.0,0,0,0.0,0,0,0.0,0,0,0.0,0,0,0.0,0,0,0.0,6,18,0.25,0,0,0.0,0,0,0.0,0,0,0.0,1,23,0.0417,17,23,0.425,7,24,0.2258,4,33,0.1081,0,0,0.0,0,0,0.0,0,0,0.0
2026-04-03 21:40:20,test_1600.jpg,155,50,205,0.2439,7,31,32,0,0,0.0,0,0,0.0,0,0,0.0,0,0,0.0,0,0,0.0,0,0,0.0,0,0,0.0,0,0,0.0,0,0,0.0,0,0,0.0,1,8,0.1111,0,0,0.0,0,0,0.0,0,0,0.0,0,0,0.0,0,0,0.0,0,0,0.0,0,0,0.0,0,0,0.0,0,0,0.0,0,0,0.0,5,20,0.2,0,0,0.0,0,0,0.0,0,0,0.0,2,22,0.0833,11,36,0.234,17,25,0.4048,14,32,0.3043,0,12,0.0,0,0,0.0,0,0,0.0
2026-04-03 21:40:20,test_1601.jpg,162,121,283,0.4276,5,31,32,0,0,0.0,0,0,0.0,0,0,0.0,0,0,0.0,0,0,0.0,0,0,0.0,0,0,0.0,0,0,0.0,0,0,0.0,0,0,0.0,1,11,0.0833,0,0,0.0,0,0,0.0,0,0,0.0,0,0,0.0,0,0,0.0,0,0,0.0,0,0,0.0,0,0,0.0,0,0,0.0,0,0,0.0,1,11,0.0833,0,0,0.0,0,0,0.0,0,0,0.0,6,45,0.1176,92,71,0.5644,21,24,0.4667,0,0,0.0,0,0,0.0,0,0,0.0,0,0,0.0
2026-04-03 21:40:20,test_1602.jpg,164,28,192,0.1458,6,31,32,0,0,0.0,0,0,0.0,0,0,0.0,0,0,0.0,0,0,0.0,0,0,0.0,0,0,0.0,0,0,0.0,0,0,0.0,0,0,0.0,3,23,0.1154,0,0,0.0,0,0,0.0,0,0,0.0,0,0,0.0,0,0,0.0,0,0,0.0,0,0,0.0,0,0,0.0,0,0,0.0,0,0,0.0,0,19,0.0,0,0,0.0,0,0,0.0,0,0,0.0,2,21,0.087,0,27,0.0,5,28,0.1515,18,46,0.2812,0,0,0.0,0,0,0.0,0,0,0.0
2026-04-03 21:40:20,test_1603.jpg,126,32,158,0.2025,7,31,32,0,0,0.0,0,0,0.0,0,0,0.0,0,0,0.0,0,0,0.0,0,0,0.0,0,0,0.0,0,0,0.0,0,0,0.0,0,0,0.0,0,15,0.0,0,0,0.0,0,0,0.0,0,0,0.0,0,0,0.0,0,0,0.0,0,0,0.0,0,0,0.0,0,0,0.0,0,0,0.0,0,0,0.0,0,17,0.0,0,0,0.0,0,0,0.0,0,0,0.0,0,27,0.0,3,21,0.125,14,22,0.3889,12,16,0.4286,3,8,0.2727,0,0,0.0,0,0,0.0
2026-04-03 21:40:20,test_1604.jpg,133,35,168,0.2083,10,31,32,4,10,0.2857,0,0,0.0,0,0,0.0,0,0,0.0,0,0,0.0,0,0,0.0,0,0,0.0,0,0,0.0,0,0,0.0,0,0,0.0,0,14,0.0,0,0,0.0,0,0,0.0,0,0,0.0,0,0,0.0,0,0,0.0,0,0,0.0,0,0,0.0,0,0,0.0,0,0,0.0,0,0,0.0,4,21,0.16,0,0,0.0,0,0,0.0,0,0,0.0,2,18,0.1,0,0,0.0,5,13,0.2778,3,13,0.1875,5,10,0.3333,2,16,0.1111,10,18,0.3571
2026-04-03 21:40:20,test_1605.jpg,120,20,140,0.1429,6,31,32,0,0,0.0,0,0,0.0,0,0,0.0,0,0,0.0,0,0,0.0,0,0,0.0,0,0,0.0,0,0,0.0,0,0,0.0,0,0,0.0,2,12,0.1429,0,0,0.0,0,0,0.0,0,0,0.0,0,0,0.0,0,0,0.0,0,0,0.0,0,0,0.0,0,0,0.0,0,0,0.0,0,0,0.0,4,16,0.2,0,0,0.0,0,0,0.0,0,0,0.0,6,24,0.2,3,26,0.1034,2,29,0.0645,3,13,0.1875,0,0,0.0,0,0,0.0,0,0,0.0
2026-04-03 21:40:20,test_1606.jpg,125,26,151,0.1722,7,31,32,0,0,0.0,0,0,0.0,0,0,0.0,0,0,0.0,0,0,0.0,0,0,0.0,0,0,0.0,0,0,0.0,0,0,0.0,0,0,0.0,0,18,0.0,0,0,0.0,0,0,0.0,0,0,0.0,0,0,0.0,0,0,0.0,0,0,0.0,0,0,0.0,0,0,0.0,0,0,0.0,0,0,0.0,0,17,0.0,0,0,0.0,0,0,0.0,0,0,0.0,0,17,0.0,1,16,0.0588,1,12,0.0769,15,26,0.3659,9,19,0.3214,0,0,0.0,0,0,0.0
2026-04-03 21:40:20,test_1607.jpg,179,32,211,0.1517,6,31,32,0,0,0.0,0,0,0.0,0,0,0.0,0,0,0.0,0,0,0.0,0,0,0.0,0,0,0.0,0,0,0.0,0,0,0.0,0,0,0.0,0,15,0.0,0,0,0.0,0,0,0.0,0,0,0.0,0,0,0.0,0,0,0.0,0,0,0.0,0,0,0.0,0,0,0.0,0,0,0.0,0,0,0.0,9,30,0.2308,0,0,0.0,0,0,0.0,0,0,0.0,1,38,0.0256,6,24,0.2,8,44,0.1538,8,28,0.2222,0,0,0.0,0,0,0.0,0,0,0.0
2026-04-03 21:40:20,test_1608.jpg,173,6,179,0.0335,8,31,32,0,0,0.0,0,0,0.0,0,0,0.0,0,0,0.0,0,0,0.0,0,0,0.0,0,0,0.0,0,0,0.0,0,0,0.0,0,0,0.0,0,20,0.0,0,0,0.0,0,0,0.0,0,0,0.0,0,0,0.0,0,0,0.0,0,0,0.0,0,0,0.0,0,0,0.0,0,0,0.0,0,0,0.0,0,17,0.0,0,0,0.0,0,0,0.0,0,0,0.0,1,20,0.0476,0,20,0.0,1,22,0.0435,0,29,0.0,4,24,0.1429,0,21,0.0,0,0,0.0
2026-04-03 21:40:20,test_1609.jpg,119,48,167,0.2874,8,31,32,0,0,0.0,0,0,0.0,0,0,0.0,0,0,0.0,0,0,0.0,0,0,0.0,0,0,0.0,0,0,0.0,0,0,0.0,0,0,0.0,0,15,0.0,0,0,0.0,0,0,0.0,0,0,0.0,0,0,0.0,0,0,0.0,0,0,0.0,0,0,0.0,0,0,0.0,0,0,0.0,0,0,0.0,13,14,0.4815,0,0,0.0,0,0,0.0,0,0,0.0,2,15,0.1176,3,16,0.1579,15,18,0.4545,7,14,0.3333,2,14,0.125,6,13,0.3158,0,0,0.0
2026-04-03 21:40:20,test_161.jpg,118,23,141,0.1631,6,31,32,0,0,0.0,0,0,0.0,0,0,0.0,0,0,0.0,0,0,0.0,0,0,0.0,0,0,0.0,0,0,0.0,0,0,0.0,0,0,0.0,0,3,0.0,0,0,0.0,0,0,0.0,0,0,0.0,0,0,0.0,0,0,0.0,0,0,0.0,0,0,0.0,0,0,0.0,0,0,0.0,0,0,0.0,11,35,0.2391,0,0,0.0,0,0,0.0,0,0,0.0,2,21,0.087,2,23,0.08,5,24,0.1724,3,12,0.2,0,0,0.0,0,0,0.0,0,0,0.0
2026-04-03 21:40:20,test_1610.jpg,164,50,214,0.2336,12,31,32,4,16,0.2,8,19,0.2963,4,15,0.2105,0,0,0.0,0,0,0.0,0,0,0.0,0,0,0.0,0,0,0.0,0,0,0.0,0,0,0.0,1,6,0.1429,0,0,0.0,0,0,0.0,0,0,0.0,0,0,0.0,0,0,0.0,0,0,0.0,0,0,0.0,0,0,0.0,0,0,0.0,0,0,0.0,1,15,0.0625,0,0,0.0,0,0,0.0,0,0,0.0,0,1,0.0,2,25,0.0741,10,4,0.7143,6,26,0.1875,1,11,0.0833,9,19,0.3214,4,7,0.3636
2026-04-03 21:40:20,test_1611.jpg,172,45,217,0.2074,7,31,32,0,0,0.0,0,0,0.0,0,0,0.0,0,0,0.0,0,0,0.0,0,0,0.0,0,0,0.0,0,0,0.0,0,0,0.0,0,0,0.0,5,24,0.1724,0,0,0.0,0,0,0.0,0,0,0.0,0,0,0.0,0,0,0.0,0,0,0.0,0,0,0.0,0,0,0.0,0,0,0.0,0,0,0.0,5,26,0.1613,0,0,0.0,0,0,0.0,0,0,0.0,11,23,0.3235,5,27,0.1562,9,25,0.2647,9,29,0.2368,1,18,0.0526,0,0,0.0,0,0,0.0
2026-04-03 21:40:20,test_1612.jpg,121,28,149,0.1879,6,31,32,0,0,0.0,0,0,0.0,0,0,0.0,0,0,0.0,0,0,0.0,0,0,0.0,0,0,0.0,0,0,0.0,0,0,0.0,0,0,0.0,0,16,0.0,0,0,0.0,0,0,0.0,0,0,0.0,0,0,0.0,0,0,0.0,0,0,0.0,0,0,0.0,0,0,0.0,0,0,0.0,0,0,0.0,2,9,0.1818,0,0,0.0,0,0,0.0,0,0,0.0,2,22,0.0833,10,21,0.3226,1,24,0.04,13,29,0.3095,0,0,0.0,0,0,0.0,0,0,0.0
2026-04-03 21:40:20,test_1613.jpg,148,21,169,0.1243,12,31,32,0,13,0.0,1,11,0.0833,0,4,0.0,0,0,0.0,0,0,0.0,0,0,0.0,0,0,0.0,0,0,0.0,0,0,0.0,0,0,0.0,0,0,0.0,0,0,0.0,0,0,0.0,0,0,0.0,0,0,0.0,0,0,0.0,0,0,0.0,0,0,0.0,0,0,0.0,0,0,0.0,0,0,0.0,1,13,0.0714,0,0,0.0,0,0,0.0,0,0,0.0,4,12,0.25,2,11,0.1538,0,32,0.0,1,1,0.5,5,12,0.2941,2,11,0.1538,5,28,0.1515
2026-04-03 21:40:20,test_1614.jpg,143,24,167,0.1437,5,31,32,0,0,0.0,0,0,0.0,0,0,0.0,0,0,0.0,0,0,0.0,0,0,0.0,0,0,0.0,0,0,0.0,0,0,0.0,0,0,0.0,8,46,0.1481,0,0,0.0,0,0,0.0,0,0,0.0,0,0,0.0,0,0,0.0,0,0,0.0,0,0,0.0,0,0,0.0,0,0,0.0,0,0,0.0,2,27,0.069,0,0,0.0,0,0,0.0,0,0,0.0,6,20,0.2308,5,30,0.1429,3,20,0.1304,0,0,0.0,0,0,0.0,0,0,0.0,0,0,0.0
2026-04-03 21:40:20,test_1615.jpg,169,43,212,0.2028,7,31,32,0,0,0.0,0,0,0.0,0,0,0.0,0,0,0.0,0,0,0.0,0,0,0.0,0,0,0.0,0,0,0.0,0,0,0.0,0,0,0.0,0,17,0.0,0,0,0.0,0,0,0.0,0,0,0.0,0,0,0.0,0,0,0.0,0,0,0.0,0,0,0.0,0,0,0.0,0,0,0.0,0,0,0.0,0,3,0.0,0,0,0.0,0,0,0.0,0,0,0.0,1,17,0.0556,1,28,0.0345,11,29,0.275,9,24,0.2727,21,51,0.2917,0,0,0.0,0,0,0.0
2026-04-03 21:40:20,test_1616.jpg,135,14,149,0.094,7,31,32,0,0,0.0,0,0,0.0,0,0,0.0,0,0,0.0,0,0,0.0,0,0,0.0,0,0,0.0,0,0,0.0,0,0,0.0,0,0,0.0,1,18,0.0526,0,0,0.0,0,0,0.0,0,0,0.0,0,0,0.0,0,0,0.0,0,0,0.0,0,0,0.0,0,0,0.0,0,0,0.0,0,0,0.0,2,16,0.1111,0,0,0.0,0,0,0.0,0,0,0.0,2,18,0.1,3,16,0.1579,0,15,0.0,6,27,0.1818,0,25,0.0,0,0,0.0,0,0,0.0
2026-04-03 21:40:20,test_1617.jpg,138,104,242,0.4298,6,31,32,0,0,0.0,0,0,0.0,0,0,0.0,0,0,0.0,0,0,0.0,0,0,0.0,0,0,0.0,0,0,0.0,0,0,0.0,0,0,0.0,1,4,0.2,0,0,0.0,0,0,0.0,0,0,0.0,0,0,0.0,0,0,0.0,0,0,0.0,0,0,0.0,0,0,0.0,0,0,0.0,0,0,0.0,4,17,0.1905,0,0,0.0,0,0,0.0,0,0,0.0,7,21,0.25,28,28,0.5,63,61,0.5081,1,7,0.125,0,0,0.0,0,0,0.0,0,0,0.0
2026-04-03 21:40:20,test_1618.jpg,172,17,189,0.0899,4,31,32,0,0,0.0,0,0,0.0,0,0,0.0,0,0,0.0,0,0,0.0,0,0,0.0,0,0,0.0,0,0,0.0,0,0,0.0,0,0,0.0,4,40,0.0909,0,0,0.0,0,0,0.0,0,0,0.0,0,0,0.0,0,0,0.0,0,0,0.0,0,0,0.0,0,0,0.0,0,0,0.0,0,0,0.0,2,51,0.0377,0,0,0.0,0,0,0.0,0,0,0.0,7,56,0.1111,4,25,0.1379,0,0,0.0,0,0,0.0,0,0,0.0,0,0,0.0,0,0,0.0
2026-04-03 21:40:20,test_1619.jpg,111,23,134,0.1716,9,31,32,0,0,0.0,0,0,0.0,0,0,0.0,0,0,0.0,0,0,0.0,0,0,0.0,0,0,0.0,0,0,0.0,0,0,0.0,0,0,0.0,0,10,0.0,0,0,0.0,0,0,0.0,0,0,0.0,0,0,0.0,0,0,0.0,0,0,0.0,0,0,0.0,0,0,0.0,0,0,0.0,0,0,0.0,1,9,0.1,0,0,0.0,0,0,0.0,0,0,0.0,0,10,0.0,0,13,0.0,0,8,0.0,0,13,0.0,5,13,0.2778,12,27,0.3077,5,8,0.3846
2026-04-03 21:40:20,test_162.jpg,172,12,184,0.0652,10,31,32,3,18,0.1429,0,0,0.0,0,0,0.0,0,0,0.0,0,0,0.0,0,0,0.0,0,0,0.0,0,0,0.0,0,0,0.0,0,0,0.0,0,16,0.0,0,0,0.0,0,0,0.0,0,0,0.0,0,0,0.0,0,0,0.0,0,0,0.0,0,0,0.0,0,0,0.0,0,0,0.0,0,0,0.0,0,20,0.0,0,0,0.0,0,0,0.0,0,0,0.0,2,15,0.1176,2,18,0.1,0,18,0.0,0,17,0.0,1,16,0.0588,0,18,0.0,4,16,0.2
2026-04-03 21:40:20,test_1620.jpg,154,31,185,0.1676,8,31,32,0,0,0.0,0,0,0.0,0,0,0.0,0,0,0.0,0,0,0.0,0,0,0.0,0,0,0.0,0,0,0.0,0,0,0.0,0,0,0.0,4,20,0.1667,0,0,0.0,0,0,0.0,0,0,0.0,0,0,0.0,0,0,0.0,0,0,0.0,0,0,0.0,0,0,0.0,0,0,0.0,0,0,0.0,4,20,0.1667,0,0,0.0,0,0,0.0,0,0,0.0,4,21,0.16,5,20,0.2,4,19,0.1739,3,19,0.1364,4,15,0.2105,3,20,0.1304,0,0,0.0
2026-04-03 21:40:20,test_1621.jpg,145,19,164,0.1159,8,31,32,0,0,0.0,0,0,0.0,0,0,0.0,0,0,0.0,0,0,0.0,0,0,0.0,0,0,0.0,0,0,0.0,0,0,0.0,0,0,0.0,2,24,0.0769,0,0,0.0,0,0,0.0,0,0,0.0,0,0,0.0,0,0,0.0,0,0,0.0,0,0,0.0,0,0,0.0,0,0,0.0,0,0,0.0,2,21,0.087,0,0,0.0,0,0,0.0,0,0,0.0,3,14,0.1765,0,16,0.0,0,16,0.0,1,18,0.0526,6,20,0.2308,5,16,0.2381,0,0,0.0
2026-04-03 21:40:20,test_1622.jpg,221,23,244,0.0943,4,31,32,0,0,0.0,0,0,0.0,0,0,0.0,0,0,0.0,0,0,0.0,0,0,0.0,0,0,0.0,0,0,0.0,0,0,0.0,0,0,0.0,6,46,0.1154,0,0,0.0,0,0,0.0,0,0,0.0,0,0,0.0,0,0,0.0,0,0,0.0,0,0,0.0,0,0,0.0,0,0,0.0,0,0,0.0,15,59,0.2027,0,0,0.0,0,0,0.0,0,0,0.0,2,68,0.0286,0,48,0.0,0,0,0.0,0,0,0.0,0,0,0.0,0,0,0.0,0,0,0.0
2026-04-03 21:40:20,test_1623.jpg,254,40,294,0.1361,5,31,32,0,0,0.0,0,0,0.0,0,0,0.0,0,0,0.0,0,0,0.0,0,0,0.0,0,0,0.0,0,0,0.0,0,0,0.0,0,0,0.0,8,50,0.1379,0,0,0.0,0,0,0.0,0,0,0.0,0,0,0.0,0,0,0.0,0,0,0.0,0,0,0.0,0,0,0.0,0,0,0.0,0,0,0.0,10,64,0.1351,0,0,0.0,0,0,0.0,0,0,0.0,10,69,0.1266,6,42,0.125,6,29,0.1714,0,0,0.0,0,0,0.0,0,0,0.0,0,0,0.0
2026-04-03 21:40:20,test_1624.jpg,139,49,188,0.2606,5,31,32,0,0,0.0,0,0,0.0,0,0,0.0,0,0,0.0,0,0,0.0,0,0,0.0,0,0,0.0,0,0,0.0,0,0,0.0,0,0,0.0,0,11,0.0,0,0,0.0,0,0,0.0,0,0,0.0,0,0,0.0,0,0,0.0,0,0,0.0,0,0,0.0,0,0,0.0,0,0,0.0,0,0,0.0,3,15,0.1667,0,0,0.0,0,0,0.0,0,0,0.0,2,20,0.0909,29,65,0.3085,15,28,0.3488,0,0,0.0,0,0,0.0,0,0,0.0,0,0,0.0
2026-04-03 21:40:20,test_1625.jpg,144,19,163,0.1166,5,31,32,0,0,0.0,0,0,0.0,0,0,0.0,0,0,0.0,0,0,0.0,0,0,0.0,0,0,0.0,0,0,0.0,0,0,0.0,0,0,0.0,2,36,0.0526,0,0,0.0,0,0,0.0,0,0,0.0,0,0,0.0,0,0,0.0,0,0,0.0,0,0,0.0,0,0,0.0,0,0,0.0,0,0,0.0,1,32,0.0303,0,0,0.0,0,0,0.0,0,0,0.0,2,17,0.1053,10,31,0.2439,4,28,0.125,0,0,0.0,0,0,0.0,0,0,0.0,0,0,0.0
2026-04-03 21:40:20,test_1626.jpg,215,9,224,0.0402,6,31,32,0,0,0.0,0,0,0.0,0,0,0.0,0,0,0.0,0,0,0.0,0,0,0.0,0,0,0.0,0,0,0.0,0,0,0.0,0,0,0.0,0,3,0.0,0,0,0.0,0,0,0.0,0,0,0.0,0,0,0.0,0,0,0.0,0,0,0.0,0,0,0.0,0,0,0.0,0,0,0.0,0,0,0.0,5,61,0.0758,0,0,0.0,0,0,0.0,0,0,0.0,0,34,0.0,0,36,0.0,4,81,0.0471,0,0,0.0,0,0,0.0,0,0,0.0,0,0,0.0
2026-04-03 21:40:20,test_1627.jpg,147,22,169,0.1302,10,31,32,4,12,0.25,0,0,0.0,0,0,0.0,0,0,0.0,0,0,0.0,0,0,0.0,0,0,0.0,0,0,0.0,0,0,0.0,0,0,0.0,1,11,0.0833,0,0,0.0,0,0,0.0,0,0,0.0,0,0,0.0,0,0,0.0,0,0,0.0,0,0,0.0,0,0,0.0,0,0,0.0,0,0,0.0,2,13,0.1333,0,0,0.0,0,0,0.0,0,0,0.0,0,14,0.0,1,20,0.0476,2,19,0.0952,3,16,0.1579,4,16,0.2,3,14,0.1765,2,12,0.1429
2026-04-03 21:40:20,test_1628.jpg,142,34,176,0.1932,9,31,32,0,0,0.0,0,0,0.0,0,0,0.0,0,0,0.0,0,0,0.0,0,0,0.0,0,0,0.0,0,0,0.0,0,0,0.0,0,0,0.0,2,16,0.1111,0,0,0.0,0,0,0.0,0,0,0.0,0,0,0.0,0,0,0.0,0,0,0.0,0,0,0.0,0,0,0.0,0,0,0.0,0,0,0.0,6,17,0.2609,0,0,0.0,0,0,0.0,0,0,0.0,0,14,0.0,6,14,0.3,5,13,0.2778,8,16,0.3333,2,14,0.125,5,33,0.1316,0,5,0.0
2026-04-03 21:40:20,test_1629.jpg,146,16,162,0.0988,7,31,32,0,0,0.0,0,0,0.0,0,0,0.0,0,0,0.0,0,0,0.0,0,0,0.0,0,0,0.0,0,0,0.0,0,0,0.0,0,0,0.0,1,19,0.05,0,0,0.0,0,0,0.0,0,0,0.0,0,0,0.0,0,0,0.0,0,0,0.0,0,0,0.0,0,0,0.0,0,0,0.0,0,0,0.0,5,20,0.2,0,0,0.0,0,0,0.0,0,0,0.0,2,23,0.08,5,27,0.1562,0,18,0.0,0,20,0.0,3,19,0.1364,0,0,0.0,0,0,0.0
2026-04-03 21:40:20,test_163.jpg,178,50,228,0.2193,9,31,32,0,0,0.0,0,0,0.0,0,0,0.0,0,0,0.0,0,0,0.0,0,0,0.0,0,0,0.0,0,0,0.0,0,0,0.0,0,0,0.0,3,6,0.3333,0,0,0.0,0,0,0.0,0,0,0.0,0,0,0.0,0,0,0.0,0,0,0.0,0,0,0.0,0,0,0.0,0,0,0.0,0,0,0.0,7,31,0.1842,0,0,0.0,0,0,0.0,0,0,0.0,3,13,0.1875,4,18,0.1818,8,21,0.2759,3,17,0.15,10,24,0.2941,12,47,0.2034,0,1,0.0
2026-04-03 21:40:20,test_1630.jpg,164,14,178,0.0787,9,31,32,0,0,0.0,0,0,0.0,0,0,0.0,0,0,0.0,0,0,0.0,0,0,0.0,0,0,0.0,0,0,0.0,0,0,0.0,0,0,0.0,0,19,0.0,0,0,0.0,0,0,0.0,0,0,0.0,0,0,0.0,0,0,0.0,0,0,0.0,0,0,0.0,0,0,0.0,0,0,0.0,0,0,0.0,2,19,0.0952,0,0,0.0,0,0,0.0,0,0,0.0,4,21,0.16,1,20,0.0476,2,19,0.0952,2,15,0.1176,3,20,0.1304,0,21,0.0,0,10,0.0
2026-04-03 21:40:20,test_1631.jpg,124,6,130,0.0462,3,31,32,0,0,0.0,0,0,0.0,0,0,0.0,0,0,0.0,0,0,0.0,0,0,0.0,0,0,0.0,0,0,0.0,0,0,0.0,0,0,0.0,3,29,0.0938,0,0,0.0,0,0,0.0,0,0,0.0,0,0,0.0,0,0,0.0,0,0,0.0,0,0,0.0,0,0,0.0,0,0,0.0,0,0,0.0,3,68,0.0423,0,0,0.0,0,0,0.0,0,0,0.0,0,27,0.0,0,0,0.0,0,0,0.0,0,0,0.0,0,0,0.0,0,0,0.0,0,0,0.0
2026-04-03 21:40:20,test_1632.jpg,172,14,186,0.0753,8,31,32,0,0,0.0,0,0,0.0,0,0,0.0,0,0,0.0,0,0,0.0,0,0,0.0,0,0,0.0,0,0,0.0,0,0,0.0,0,0,0.0,0,18,0.0,0,0,0.0,0,0,0.0,0,0,0.0,0,0,0.0,0,0,0.0,0,0,0.0,0,0,0.0,0,0,0.0,0,0,0.0,0,0,0.0,0,19,0.0,0,0,0.0,0,0,0.0,0,0,0.0,3,20,0.1304,0,22,0.0,2,21,0.087,5,23,0.1786,3,23,0.1154,1,26,0.037,0,0,0.0
2026-04-03 21:40:20,test_1633.jpg,164,57,221,0.2579,5,31,32,0,0,0.0,0,0,0.0,0,0,0.0,0,0,0.0,0,0,0.0,0,0,0.0,0,0,0.0,0,0,0.0,0,0,0.0,0,0,0.0,2,17,0.1053,0,0,0.0,0,0,0.0,0,0,0.0,0,0,0.0,0,0,0.0,0,0,0.0,0,0,0.0,0,0,0.0,0,0,0.0,0,0,0.0,3,30,0.0909,0,0,0.0,0,0,0.0,0,0,0.0,10,28,0.2632,27,60,0.3103,15,29,0.3409,0,0,0.0,0,0,0.0,0,0,0.0,0,0,0.0
2026-04-03 21:40:20,test_1634.jpg,131,42,173,0.2428,4,31,32,0,0,0.0,0,0,0.0,0,0,0.0,0,0,0.0,0,0,0.0,0,0,0.0,0,0,0.0,0,0,0.0,0,0,0.0,0,0,0.0,3,24,0.1111,0,0,0.0,0,0,0.0,0,0,0.0,0,0,0.0,0,0,0.0,0,0,0.0,0,0,0.0,0,0,0.0,0,0,0.0,0,0,0.0,6,18,0.25,0,0,0.0,0,0,0.0,0,0,0.0,11,48,0.1864,22,41,0.3492,0,0,0.0,0,0,0.0,0,0,0.0,0,0,0.0,0,0,0.0
2026-04-03 21:40:20,test_1635.jpg,182,31,213,0.1455,11,31,32,2,10,0.1667,0,13,0.0,0,0,0.0,0,0,0.0,0,0,0.0,0,0,0.0,0,0,0.0,0,0,0.0,0,0,0.0,0,0,0.0,6,51,0.1053,0,0,0.0,0,0,0.0,0,0,0.0,0,0,0.0,0,0,0.0,0,0,0.0,0,0,0.0,0,0,0.0,0,0,0.0,0,0,0.0,1,28,0.0345,0,0,0.0,0,0,0.0,0,0,0.0,1,11,0.0833,0,11,0.0,6,12,0.3333,0,12,0.0,8,12,0.4,1,12,0.0769,6,10,0.375
2026-04-03 21:40:20,test_1636.jpg,118,15,133,0.1128,6,31,32,0,0,0.0,0,0,0.0,0,0,0.0,0,0,0.0,0,0,0.0,0,0,0.0,0,0,0.0,0,0,0.0,0,0,0.0,0,0,0.0,3,18,0.1429,0,0,0.0,0,0,0.0,0,0,0.0,0,0,0.0,0,0,0.0,0,0,0.0,0,0,0.0,0,0,0.0,0,0,0.0,0,0,0.0,2,21,0.087,0,0,0.0,0,0,0.0,0,0,0.0,2,19,0.0952,5,25,0.1667,3,30,0.0909,0,5,0.0,0,0,0.0,0,0,0.0,0,0,0.0
2026-04-03 21:40:20,test_1637.jpg,124,44,168,0.2619,9,31,32,0,0,0.0,0,0,0.0,0,0,0.0,0,0,0.0,0,0,0.0,0,0,0.0,0,0,0.0,0,0,0.0,0,0,0.0,0,0,0.0,0,17,0.0,0,0,0.0,0,0,0.0,0,0,0.0,0,0,0.0,0,0,0.0,0,0,0.0,0,0,0.0,0,0,0.0,0,0,0.0,0,0,0.0,0,0,0.0,0,0,0.0,0,0,0.0,0,0,0.0,0,0,0.0,9,13,0.4091,6,17,0.2609,4,18,0.1818,8,25,0.2424,10,23,0.303,7,11,0.3889
2026-04-03 21:40:20,test_1638.jpg,141,21,162,0.1296,6,31,32,0,0,0.0,0,0,0.0,0,0,0.0,0,0,0.0,0,0,0.0,0,0,0.0,0,0,0.0,0,0,0.0,0,0,0.0,0,0,0.0,0,21,0.0,0,0,0.0,0,0,0.0,0,0,0.0,0,0,0.0,0,0,0.0,0,0,0.0,0,0,0.0,0,0,0.0,0,0,0.0,0,0,0.0,1,19,0.05,0,0,0.0,0,0,0.0,0,0,0.0,4,22,0.1538,8,31,0.2051,7,27,0.2059,1,21,0.0455,0,0,0.0,0,0,0.0,0,0,0.0
2026-04-03 21:40:20,test_1639.jpg,136,2,138,0.0145,7,31,32,0,0,0.0,0,0,0.0,0,0,0.0,0,0,0.0,0,0,0.0,0,0,0.0,0,0,0.0,0,0,0.0,0,0,0.0,0,0,0.0,0,21,0.0,0,0,0.0,0,0,0.0,0,0,0.0,0,0,0.0,0,0,0.0,0,0,0.0,0,0,0.0,0,0,0.0,0,0,0.0,0,0,0.0,0,21,0.0,0,0,0.0,0,0,0.0,0,0,0.0,0,19,0.0,0,17,0.0,1,18,0.0526,0,21,0.0,1,19,0.05,0,0,0.0,0,0,0.0
2026-04-03 21:40:20,test_164.jpg,177,35,212,0.1651,11,31,32,1,13,0.0714,0,17,0.0,0,0,0.0,0,0,0.0,0,0,0.0,0,0,0.0,0,0,0.0,0,0,0.0,0,0,0.0,0,0,0.0,1,17,0.0556,0,0,0.0,0,0,0.0,0,0,0.0,0,0,0.0,0,0,0.0,0,0,0.0,0,0,0.0,0,0,0.0,0,0,0.0,0,0,0.0,0,1,0.0,0,0,0.0,0,0,0.0,0,0,0.0,6,18,0.25,0,23,0.0,6,17,0.2609,9,20,0.3103,1,16,0.0588,6,19,0.24,5,16,0.2381
2026-04-03 21:40:20,test_1640.jpg,115,23,138,0.1667,8,31,32,0,0,0.0,0,0,0.0,0,0,0.0,0,0,0.0,0,0,0.0,0,0,0.0,0,0,0.0,0,0,0.0,0,0,0.0,0,0,0.0,1,14,0.0667,0,0,0.0,0,0,0.0,0,0,0.0,0,0,0.0,0,0,0.0,0,0,0.0,0,0,0.0,0,0,0.0,0,0,0.0,0,0,0.0,6,16,0.2727,0,0,0.0,0,0,0.0,0,0,0.0,3,11,0.2143,2,17,0.1053,0,11,0.0,1,16,0.0588,9,18,0.3333,1,12,0.0769,0,0,0.0
2026-04-03 21:40:20,test_1641.jpg,116,10,126,0.0794,6,31,32,0,0,0.0,0,0,0.0,0,0,0.0,0,0,0.0,0,0,0.0,0,0,0.0,0,0,0.0,0,0,0.0,0,0,0.0,0,0,0.0,1,12,0.0769,0,0,0.0,0,0,0.0,0,0,0.0,0,0,0.0,0,0,0.0,0,0,0.0,0,0,0.0,0,0,0.0,0,0,0.0,0,0,0.0,0,23,0.0,0,0,0.0,0,0,0.0,0,0,0.0,0,22,0.0,3,24,0.1111,3,23,0.1154,3,12,0.2,0,0,0.0,0,0,0.0,0,0,0.0
2026-04-03 21:40:20,test_1642.jpg,300,21,321,0.0654,8,31,32,0,0,0.0,0,0,0.0,0,0,0.0,0,0,0.0,0,0,0.0,0,0,0.0,0,0,0.0,0,0,0.0,0,0,0.0,0,0,0.0,0,0,0.0,0,0,0.0,0,0,0.0,0,0,0.0,0,0,0.0,0,0,0.0,0,0,0.0,0,0,0.0,0,0,0.0,0,0,0.0,0,0,0.0,0,6,0.0,0,0,0.0,0,0,0.0,0,0,0.0,0,39,0.0,2,25,0.0741,7,45,0.1346,7,64,0.0986,5,84,0.0562,0,37,0.0,0,0,0.0
2026-04-03 21:40:20,test_1643.jpg,135,24,159,0.1509,9,31,32,0,0,0.0,0,0,0.0,0,0,0.0,0,0,0.0,0,0,0.0,0,0,0.0,0,0,0.0,0,0,0.0,0,0,0.0,0,0,0.0,6,12,0.3333,0,0,0.0,0,0,0.0,0,0,0.0,0,0,0.0,0,0,0.0,0,0,0.0,0,0,0.0,0,0,0.0,0,0,0.0,0,0,0.0,1,27,0.0357,0,0,0.0,0,0,0.0,0,0,0.0,2,16,0.1111,1,14,0.0667,4,14,0.2222,4,9,0.3077,2,9,0.1818,2,18,0.1,2,16,0.1111
2026-04-03 21:40:20,test_1644.jpg,130,49,179,0.2737,3,31,32,0,0,0.0,0,0,0.0,0,0,0.0,0,0,0.0,0,0,0.0,0,0,0.0,0,0,0.0,0,0,0.0,0,0,0.0,0,0,0.0,24,42,0.3636,0,0,0.0,0,0,0.0,0,0,0.0,0,0,0.0,0,0,0.0,0,0,0.0,0,0,0.0,0,0,0.0,0,0,0.0,0,0,0.0,24,76,0.24,0,0,0.0,0,0,0.0,0,0,0.0,1,12,0.0769,0,0,0.0,0,0,0.0,0,0,0.0,0,0,0.0,0,0,0.0,0,0,0.0
2026-04-03 21:40:20,test_1645.jpg,177,38,215,0.1767,9,31,32,0,0,0.0,0,0,0.0,0,0,0.0,0,0,0.0,0,0,0.0,0,0,0.0,0,0,0.0,0,0,0.0,0,0,0.0,0,0,0.0,1,17,0.0556,0,0,0.0,0,0,0.0,0,0,0.0,0,0,0.0,0,0,0.0,0,0,0.0,0,0,0.0,0,0,0.0,0,0,0.0,0,0,0.0,4,20,0.1667,0,0,0.0,0,0,0.0,0,0,0.0,7,15,0.3182,8,26,0.2353,2,27,0.069,0,22,0.0,3,13,0.1875,4,13,0.2353,9,24,0.2727
2026-04-03 21:40:20,test_1646.jpg,133,59,192,0.3073,5,31,32,0,0,0.0,0,0,0.0,0,0,0.0,0,0,0.0,0,0,0.0,0,0,0.0,0,0,0.0,0,0,0.0,0,0,0.0,0,0,0.0,1,18,0.0526,0,0,0.0,0,0,0.0,0,0,0.0,0,0,0.0,0,0,0.0,0,0,0.0,0,0,0.0,0,0,0.0,0,0,0.0,0,0,0.0,0,19,0.0,0,0,0.0,0,0,0.0,0,0,0.0,15,30,0.3333,29,35,0.4531,14,31,0.3111,0,0,0.0,0,0,0.0,0,0,0.0,0,0,0.0
2026-04-03 21:40:20,test_1647.jpg,155,43,198,0.2172,8,31,32,0,0,0.0,0,0,0.0,0,0,0.0,0,0,0.0,0,0,0.0,0,0,0.0,0,0,0.0,0,0,0.0,0,0,0.0,0,0,0.0,0,26,0.0,0,0,0.0,0,0,0.0,0,0,0.0,0,0,0.0,0,0,0.0,0,0,0.0,0,0,0.0,0,0,0.0,0,0,0.0,0,0,0.0,5,22,0.1852,0,0,0.0,0,0,0.0,0,0,0.0,4,15,0.2105,5,18,0.2174,3,22,0.12,5,12,0.2941,4,13,0.2353,17,27,0.3864,0,0,0.0
2026-04-03 21:40:20,test_1648.jpg,156,48,204,0.2353,10,31,32,2,17,0.1053,0,0,0.0,0,0,0.0,0,0,0.0,0,0,0.0,0,0,0.0,0,0,0.0,0,0,0.0,0,0,0.0,0,0,0.0,4,15,0.2105,0,0,0.0,0,0,0.0,0,0,0.0,0,0,0.0,0,0,0.0,0,0,0.0,0,0,0.0,0,0,0.0,0,0,0.0,0,0,0.0,0,11,0.0,0,0,0.0,0,0,0.0,0,0,0.0,3,13,0.1875,6,20,0.2308,13,18,0.4194,5,15,0.25,7,17,0.2917,7,17,0.2917,1,13,0.0714
2026-04-03 21:40:20,test_1649.jpg,132,20,152,0.1316,6,31,32,0,0,0.0,0,0,0.0,0,0,0.0,0,0,0.0,0,0,0.0,0,0,0.0,0,0,0.0,0,0,0.0,0,0,0.0,0,0,0.0,2,13,0.1333,0,0,0.0,0,0,0.0,0,0,0.0,0,0,0.0,0,0,0.0,0,0,0.0,0,0,0.0,0,0,0.0,0,0,0.0,0,0,0.0,3,33,0.0833,0,0,0.0,0,0,0.0,0,0,0.0,8,27,0.2286,0,23,0.0,3,23,0.1154,4,13,0.2353,0,0,0.0,0,0,0.0,0,0,0.0
2026-04-03 21:40:20,test_165.jpg,182,19,201,0.0945,7,31,32,0,0,0.0,0,0,0.0,0,0,0.0,0,0,0.0,0,0,0.0,0,0,0.0,0,0,0.0,0,0,0.0,0,0,0.0,0,0,0.0,3,16,0.1579,0,0,0.0,0,0,0.0,0,0,0.0,0,0,0.0,0,0,0.0,0,0,0.0,0,0,0.0,0,0,0.0,0,0,0.0,0,0,0.0,6,19,0.24,0,0,0.0,0,0,0.0,0,0,0.0,1,30,0.0323,3,26,0.1034,2,23,0.08,2,34,0.0556,2,34,0.0556,0,0,0.0,0,0,0.0
2026-04-03 21:40:20,test_1650.jpg,163,12,175,0.0686,16,31,32,0,13,0.0,7,12,0.3684,0,12,0.0,1,10,0.0909,0,11,0.0,0,13,0.0,0,0,0.0,0,0,0.0,0,0,0.0,0,0,0.0,0,3,0.0,0,0,0.0,0,0,0.0,0,0,0.0,0,0,0.0,0,0,0.0,0,0,0.0,0,0,0.0,0,0,0.0,0,0,0.0,0,0,0.0,0,4,0.0,0,0,0.0,0,0,0.0,0,0,0.0,0,14,0.0,0,14,0.0,0,10,0.0,0,11,0.0,2,11,0.1538,0,12,0.0,2,13,0.1333
2026-04-03 21:40:20,test_1651.jpg,169,63,232,0.2716,9,31,32,0,0,0.0,0,0,0.0,0,0,0.0,0,0,0.0,0,0,0.0,0,0,0.0,0,0,0.0,0,0,0.0,0,0,0.0,0,0,0.0,0,10,0.0,0,0,0.0,0,0,0.0,0,0,0.0,0,0,0.0,0,0,0.0,0,0,0.0,0,0,0.0,0,0,0.0,0,0,0.0,0,0,0.0,9,22,0.2903,0,0,0.0,0,0,0.0,0,0,0.0,18,25,0.4186,12,34,0.2609,2,19,0.0952,5,14,0.2632,5,16,0.2381,5,13,0.2778,7,16,0.3043
2026-04-03 21:40:20,test_1652.jpg,152,66,218,0.3028,7,31,32,0,0,0.0,0,0,0.0,0,0,0.0,0,0,0.0,0,0,0.0,0,0,0.0,0,0,0.0,0,0,0.0,0,0,0.0,0,0,0.0,15,30,0.3333,0,0,0.0,0,0,0.0,0,0,0.0,0,0,0.0,0,0,0.0,0,0,0.0,0,0,0.0,0,0,0.0,0,0,0.0,0,0,0.0,2,23,0.08,0,0,0.0,0,0,0.0,0,0,0.0,7,21,0.25,11,22,0.3333,4,20,0.1667,21,19,0.525,6,17,0.2609,0,0,0.0,0,0,0.0
2026-04-03 21:40:20,test_1653.jpg,149,35,184,0.1902,6,31,32,0,0,0.0,0,0,0.0,0,0,0.0,0,0,0.0,0,0,0.0,0,0,0.0,0,0,0.0,0,0,0.0,0,0,0.0,0,0,0.0,0,13,0.0,0,0,0.0,0,0,0.0,0,0,0.0,0,0,0.0,0,0,0.0,0,0,0.0,0,0,0.0,0,0,0.0,0,0,0.0,0,0,0.0,9,21,0.3,0,0,0.0,0,0,0.0,0,0,0.0,2,26,0.0714,4,24,0.1429,12,34,0.2609,8,31,0.2051,0,0,0.0,0,0,0.0,0,0,0.0
2026-04-03 21:40:20,test_1654.jpg,156,50,206,0.2427,8,31,32,0,0,0.0,0,0,0.0,0,0,0.0,0,0,0.0,0,0,0.0,0,0,0.0,0,0,0.0,0,0,0.0,0,0,0.0,0,0,0.0,0,8,0.0,0,0,0.0,0,0,0.0,0,0,0.0,0,0,0.0,0,0,0.0,0,0,0.0,0,0,0.0,0,0,0.0,0,0,0.0,0,0,0.0,0,6,0.0,0,0,0.0,0,0,0.0,0,0,0.0,1,22,0.0435,15,25,0.375,4,21,0.16,10,27,0.2703,13,33,0.2826,7,14,0.3333,0,0,0.0
2026-04-03 21:40:20,test_1656.jpg,145,14,159,0.0881,10,31,32,0,0,0.0,0,0,0.0,0,0,0.0,0,0,0.0,0,0,0.0,0,0,0.0,0,0,0.0,0,0,0.0,0,0,0.0,0,0,0.0,0,0,0.0,0,0,0.0,0,0,0.0,0,0,0.0,0,0,0.0,0,0,0.0,0,0,0.0,0,0,0.0,0,0,0.0,0,0,0.0,0,0,0.0,2,16,0.1111,0,0,0.0,0,0,0.0,0,0,0.0,5,24,0.1724,1,19,0.05,2,12,0.1429,1,14,0.0667,2,16,0.1111,1,14,0.0667,0,30,0.0
2026-04-03 21:40:20,test_1657.jpg,225,187,412,0.4539,3,31,32,0,0,0.0,0,0,0.0,0,0,0.0,0,0,0.0,0,0,0.0,0,0,0.0,0,0,0.0,0,0,0.0,0,0,0.0,0,0,0.0,18,48,0.2727,0,0,0.0,0,0,0.0,0,0,0.0,0,0,0.0,0,0,0.0,0,0,0.0,0,0,0.0,0,0,0.0,0,0,0.0,0,0,0.0,131,124,0.5137,0,0,0.0,0,0,0.0,0,0,0.0,38,53,0.4176,0,0,0.0,0,0,0.0,0,0,0.0,0,0,0.0,0,0,0.0,0,0,0.0
2026-04-03 21:40:20,test_1658.jpg,169,70,239,0.2929,6,31,32,0,0,0.0,0,0,0.0,0,0,0.0,0,0,0.0,0,0,0.0,0,0,0.0,0,0,0.0,0,0,0.0,0,0,0.0,0,0,0.0,4,11,0.2667,0,0,0.0,0,0,0.0,0,0,0.0,0,0,0.0,0,0,0.0,0,0,0.0,0,0,0.0,0,0,0.0,0,0,0.0,0,0,0.0,0,14,0.0,0,0,0.0,0,0,0.0,0,0,0.0,0,18,0.0,6,46,0.1154,42,54,0.4375,18,26,0.4091,0,0,0.0,0,0,0.0,0,0,0.0
2026-04-03 21:40:20,test_1659.jpg,131,45,176,0.2557,8,31,32,0,0,0.0,0,0,0.0,0,0,0.0,0,0,0.0,0,0,0.0,0,0,0.0,0,0,0.0,0,0,0.0,0,0,0.0,0,0,0.0,7,16,0.3043,0,0,0.0,0,0,0.0,0,0,0.0,0,0,0.0,0,0,0.0,0,0,0.0,0,0,0.0,0,0,0.0,0,0,0.0,0,0,0.0,5,18,0.2174,0,0,0.0,0,0,0.0,0,0,0.0,3,16,0.1579,3,13,0.1875,6,15,0.2857,11,15,0.4231,9,26,0.2571,1,12,0.0769,0,0,0.0
2026-04-03 21:40:20,test_166.jpg,159,89,248,0.3589,5,31,32,0,0,0.0,0,0,0.0,0,0,0.0,0,0,0.0,0,0,0.0,0,0,0.0,0,0,0.0,0,0,0.0,0,0,0.0,0,0,0.0,17,22,0.4359,0,0,0.0,0,0,0.0,0,0,0.0,0,0,0.0,0,0,0.0,0,0,0.0,0,0,0.0,0,0,0.0,0,0,0.0,0,0,0.0,16,28,0.3636,0,0,0.0,0,0,0.0,0,0,0.0,19,20,0.4872,13,28,0.3171,24,61,0.2824,0,0,0.0,0,0,0.0,0,0,0.0,0,0,0.0
2026-04-03 21:40:20,test_1660.jpg,127,32,159,0.2013,7,31,32,0,0,0.0,0,0,0.0,0,0,0.0,0,0,0.0,0,0,0.0,0,0,0.0,0,0,0.0,0,0,0.0,0,0,0.0,0,0,0.0,2,13,0.1333,0,0,0.0,0,0,0.0,0,0,0.0,0,0,0.0,0,0,0.0,0,0,0.0,0,0,0.0,0,0,0.0,0,0,0.0,0,0,0.0,1,20,0.0476,0,0,0.0,0,0,0.0,0,0,0.0,0,22,0.0,0,16,0.0,4,19,0.1739,12,14,0.4615,13,23,0.3611,0,0,0.0,0,0,0.0
2026-04-03 21:40:20,test_1661.jpg,170,69,239,0.2887,7,31,32,0,0,0.0,0,0,0.0,0,0,0.0,0,0,0.0,0,0,0.0,0,0,0.0,0,0,0.0,0,0,0.0,0,0,0.0,0,0,0.0,1,19,0.05,0,0,0.0,0,0,0.0,0,0,0.0,0,0,0.0,0,0,0.0,0,0,0.0,0,0,0.0,0,0,0.0,0,0,0.0,0,0,0.0,2,22,0.0833,0,0,0.0,0,0,0.0,0,0,0.0,2,20,0.0909,13,23,0.3611,10,19,0.3448,22,28,0.44,19,39,0.3276,0,0,0.0,0,0,0.0
2026-04-03 21:40:20,test_1662.jpg,200,36,236,0.1525,6,31,32,0,0,0.0,0,0,0.0,0,0,0.0,0,0,0.0,0,0,0.0,0,0,0.0,0,0,0.0,0,0,0.0,0,0,0.0,0,0,0.0,5,28,0.1515,0,0,0.0,0,0,0.0,0,0,0.0,0,0,0.0,0,0,0.0,0,0,0.0,0,0,0.0,0,0,0.0,0,0,0.0,0,0,0.0,6,30,0.1667,0,0,0.0,0,0,0.0,0,0,0.0,4,37,0.0976,5,47,0.0962,6,27,0.1818,10,31,0.2439,0,0,0.0,0,0,0.0,0,0,0.0
2026-04-03 21:40:20,test_1663.jpg,164,66,230,0.287,7,31,32,0,0,0.0,0,0,0.0,0,0,0.0,0,0,0.0,0,0,0.0,0,0,0.0,0,0,0.0,0,0,0.0,0,0,0.0,0,0,0.0,6,21,0.2222,0,0,0.0,0,0,0.0,0,0,0.0,0,0,0.0,0,0,0.0,0,0,0.0,0,0,0.0,0,0,0.0,0,0,0.0,0,0,0.0,7,22,0.2414,0,0,0.0,0,0,0.0,0,0,0.0,15,24,0.3846,14,28,0.3333,4,26,0.1333,17,42,0.2881,3,1,0.75,0,0,0.0,0,0,0.0
2026-04-03 21:40:20,test_1664.jpg,136,4,140,0.0286,9,31,32,0,0,0.0,0,0,0.0,0,0,0.0,0,0,0.0,0,0,0.0,0,0,0.0,0,0,0.0,0,0,0.0,0,0,0.0,0,0,0.0,1,14,0.0667,0,0,0.0,0,0,0.0,0,0,0.0,0,0,0.0,0,0,0.0,0,0,0.0,0,0,0.0,0,0,0.0,0,0,0.0,0,0,0.0,0,12,0.0,0,0,0.0,0,0,0.0,0,0,0.0,0,18,0.0,1,13,0.0714,0,15,0.0,0,21,0.0,0,14,0.0,1,15,0.0625,1,14,0.0667
2026-04-03 21:40:20,test_1665.jpg,149,36,185,0.1946,8,31,32,0,0,0.0,0,0,0.0,0,0,0.0,0,0,0.0,0,0,0.0,0,0,0.0,0,0,0.0,0,0,0.0,0,0,0.0,0,0,0.0,1,8,0.1111,0,0,0.0,0,0,0.0,0,0,0.0,0,0,0.0,0,0,0.0,0,0,0.0,0,0,0.0,0,0,0.0,0,0,0.0,0,0,0.0,5,20,0.2,0,0,0.0,0,0,0.0,0,0,0.0,5,25,0.1667,8,28,0.2222,0,23,0.0,6,16,0.2727,8,15,0.3478,3,14,0.1765,0,0,0.0
2026-04-03 21:40:20,test_1666.jpg,104,31,135,0.2296,6,31,32,0,0,0.0,0,0,0.0,0,0,0.0,0,0,0.0,0,0,0.0,0,0,0.0,0,0,0.0,0,0,0.0,0,0,0.0,0,0,0.0,3,11,0.2143,0,0,0.0,0,0,0.0,0,0,0.0,0,0,0.0,0,0,0.0,0,0,0.0,0,0,0.0,0,0,0.0,0,0,0.0,0,0,0.0,3,18,0.1429,0,0,0.0,0,0,0.0,0,0,0.0,7,17,0.2917,3,17,0.15,5,20,0.2,10,21,0.3226,0,0,0.0,0,0,0.0,0,0,0.0
2026-04-03 21:40:20,test_1667.jpg,126,7,133,0.0526,6,31,32,0,0,0.0,0,0,0.0,0,0,0.0,0,0,0.0,0,0,0.0,0,0,0.0,0,0,0.0,0,0,0.0,0,0,0.0,0,0,0.0,2,17,0.1053,0,0,0.0,0,0,0.0,0,0,0.0,0,0,0.0,0,0,0.0,0,0,0.0,0,0,0.0,0,0,0.0,0,0,0.0,0,0,0.0,2,17,0.1053,0,0,0.0,0,0,0.0,0,0,0.0,0,17,0.0,0,19,0.0,0,32,0.0,3,24,0.1111,0,0,0.0,0,0,0.0,0,0,0.0
2026-04-03 21:40:20,test_1668.jpg,157,23,180,0.1278,9,31,32,0,0,0.0,0,0,0.0,0,0,0.0,0,0,0.0,0,0,0.0,0,0,0.0,0,0,0.0,0,0,0.0,0,0,0.0,0,0,0.0,4,3,0.5714,0,0,0.0,0,0,0.0,0,0,0.0,0,0,0.0,0,0,0.0,0,0,0.0,0,0,0.0,0,0,0.0,0,0,0.0,0,0,0.0,2,36,0.0526,0,0,0.0,0,0,0.0,0,0,0.0,3,16,0.1579,0,17,0.0,6,18,0.25,1,17,0.0556,1,16,0.0588,4,18,0.1818,2,16,0.1111
2026-04-03 21:40:20,test_1669.jpg,161,51,212,0.2406,7,31,32,0,0,0.0,0,0,0.0,0,0,0.0,0,0,0.0,0,0,0.0,0,0,0.0,0,0,0.0,0,0,0.0,0,0,0.0,0,0,0.0,4,19,0.1739,0,0,0.0,0,0,0.0,0,0,0.0,0,0,0.0,0,0,0.0,0,0,0.0,0,0,0.0,0,0,0.0,0,0,0.0,0,0,0.0,2,19,0.0952,0,0,0.0,0,0,0.0,0,0,0.0,3,18,0.1429,2,18,0.1,8,32,0.2,15,29,0.3409,17,26,0.3953,0,0,0.0,0,0,0.0
2026-04-03 21:40:20,test_167.jpg,230,92,322,0.2857,10,31,32,14,21,0.4,0,0,0.0,0,0,0.0,0,0,0.0,0,0,0.0,0,0,0.0,0,0,0.0,0,0,0.0,0,0,0.0,0,0,0.0,2,14,0.125,0,0,0.0,0,0,0.0,0,0,0.0,0,0,0.0,0,0,0.0,0,0,0.0,0,0,0.0,0,0,0.0,0,0,0.0,0,0,0.0,0,27,0.0,0,0,0.0,0,0,0.0,0,0,0.0,1,29,0.0333,8,26,0.2353,9,28,0.2432,10,26,0.2778,15,20,0.4286,14,18,0.4375,19,21,0.475
2026-04-03 21:40:20,test_1670.jpg,118,27,145,0.1862,8,31,32,0,0,0.0,0,0,0.0,0,0,0.0,0,0,0.0,0,0,0.0,0,0,0.0,0,0,0.0,0,0,0.0,0,0,0.0,0,0,0.0,0,13,0.0,0,0,0.0,0,0,0.0,0,0,0.0,0,0,0.0,0,0,0.0,0,0,0.0,0,0,0.0,0,0,0.0,0,0,0.0,0,0,0.0,2,12,0.1429,0,0,0.0,0,0,0.0,0,0,0.0,4,13,0.2353,1,14,0.0667,2,8,0.2,0,19,0.0,8,19,0.2963,10,20,0.3333,0,0,0.0
2026-04-03 21:40:20,test_1671.jpg,123,32,155,0.2065,7,31,32,0,0,0.0,0,0,0.0,0,0,0.0,0,0,0.0,0,0,0.0,0,0,0.0,0,0,0.0,0,0,0.0,0,0,0.0,0,0,0.0,5,16,0.2381,0,0,0.0,0,0,0.0,0,0,0.0,0,0,0.0,0,0,0.0,0,0,0.0,0,0,0.0,0,0,0.0,0,0,0.0,0,0,0.0,4,14,0.2222,0,0,0.0,0,0,0.0,0,0,0.0,0,19,0.0,3,19,0.1364,5,14,0.2632,2,16,0.1111,13,25,0.3421,0,0,0.0,0,0,0.0
2026-04-03 21:40:20,test_1672.jpg,118,48,166,0.2892,4,31,32,0,0,0.0,0,0,0.0,0,0,0.0,0,0,0.0,0,0,0.0,0,0,0.0,0,0,0.0,0,0,0.0,0,0,0.0,0,0,0.0,0,32,0.0,0,0,0.0,0,0,0.0,0,0,0.0,0,0,0.0,0,0,0.0,0,0,0.0,0,0,0.0,0,0,0.0,0,0,0.0,0,0,0.0,19,46,0.2923,0,0,0.0,0,0,0.0,0,0,0.0,23,26,0.4694,6,14,0.3,0,0,0.0,0,0,0.0,0,0,0.0,0,0,0.0,0,0,0.0
2026-04-03 21:40:20,test_1673.jpg,161,73,234,0.312,7,31,32,0,0,0.0,0,0,0.0,0,0,0.0,0,0,0.0,0,0,0.0,0,0,0.0,0,0,0.0,0,0,0.0,0,0,0.0,0,0,0.0,9,18,0.3333,0,0,0.0,0,0,0.0,0,0,0.0,0,0,0.0,0,0,0.0,0,0,0.0,0,0,0.0,0,0,0.0,0,0,0.0,0,0,0.0,5,26,0.1613,0,0,0.0,0,0,0.0,0,0,0.0,7,23,0.2333,0,26,0.0,8,27,0.2286,18,20,0.4737,26,21,0.5532,0,0,0.0,0,0,0.0
2026-04-03 21:40:20,test_1674.jpg,180,58,238,0.2437,6,31,32,0,0,0.0,0,0,0.0,0,0,0.0,0,0,0.0,0,0,0.0,0,0,0.0,0,0,0.0,0,0,0.0,0,0,0.0,0,0,0.0,9,23,0.2812,0,0,0.0,0,0,0.0,0,0,0.0,0,0,0.0,0,0,0.0,0,0,0.0,0,0,0.0,0,0,0.0,0,0,0.0,0,0,0.0,9,23,0.2812,0,0,0.0,0,0,0.0,0,0,0.0,12,37,0.2449,11,27,0.2895,11,48,0.1864,6,22,0.2143,0,0,0.0,0,0,0.0,0,0,0.0
2026-04-03 21:40:20,test_1675.jpg,133,5,138,0.0362,7,31,32,0,0,0.0,0,0,0.0,0,0,0.0,0,0,0.0,0,0,0.0,0,0,0.0,0,0,0.0,0,0,0.0,0,0,0.0,0,0,0.0,0,14,0.0,0,0,0.0,0,0,0.0,0,0,0.0,0,0,0.0,0,0,0.0,0,0,0.0,0,0,0.0,0,0,0.0,0,0,0.0,0,0,0.0,1,23,0.0417,0,0,0.0,0,0,0.0,0,0,0.0,0,17,0.0,0,19,0.0,1,26,0.037,2,20,0.0909,1,14,0.0667,0,0,0.0,0,0,0.0
2026-04-03 21:40:20,test_1676.jpg,193,57,250,0.228,4,31,32,0,0,0.0,0,0,0.0,0,0,0.0,0,0,0.0,0,0,0.0,0,0,0.0,0,0,0.0,0,0,0.0,0,0,0.0,0,0,0.0,1,12,0.0769,0,0,0.0,0,0,0.0,0,0,0.0,0,0,0.0,0,0,0.0,0,0,0.0,0,0,0.0,0,0,0.0,0,0,0.0,0,0,0.0,6,80,0.0698,0,0,0.0,0,0,0.0,0,0,0.0,24,67,0.2637,26,34,0.4333,0,0,0.0,0,0,0.0,0,0,0.0,0,0,0.0,0,0,0.0
2026-04-03 21:40:20,test_1677.jpg,290,30,320,0.0938,4,31,32,0,0,0.0,0,0,0.0,0,0,0.0,0,0,0.0,0,0,0.0,0,0,0.0,0,0,0.0,0,0,0.0,0,0,0.0,0,0,0.0,3,39,0.0714,0,0,0.0,0,0,0.0,0,0,0.0,0,0,0.0,0,0,0.0,0,0,0.0,0,0,0.0,0,0,0.0,0,0,0.0,0,0,0.0,13,79,0.1413,0,0,0.0,0,0,0.0,0,0,0.0,9,117,0.0714,5,55,0.0833,0,0,0.0,0,0,0.0,0,0,0.0,0,0,0.0,0,0,0.0
2026-04-03 21:40:20,test_1678.jpg,149,15,164,0.0915,7,31,32,0,0,0.0,0,0,0.0,0,0,0.0,0,0,0.0,0,0,0.0,0,0,0.0,0,0,0.0,0,0,0.0,0,0,0.0,0,0,0.0,5,37,0.119,0,0,0.0,0,0,0.0,0,0,0.0,0,0,0.0,0,0,0.0,0,0,0.0,0,0,0.0,0,0,0.0,0,0,0.0,0,0,0.0,1,15,0.0625,0,0,0.0,0,0,0.0,0,0,0.0,0,16,0.0,0,17,0.0,0,23,0.0,7,20,0.2593,2,21,0.087,0,0,0.0,0,0,0.0
2026-04-03 21:40:20,test_1679.jpg,144,33,177,0.1864,7,31,32,0,0,0.0,0,0,0.0,0,0,0.0,0,0,0.0,0,0,0.0,0,0,0.0,0,0,0.0,0,0,0.0,0,0,0.0,0,0,0.0,6,16,0.2727,0,0,0.0,0,0,0.0,0,0,0.0,0,0,0.0,0,0,0.0,0,0,0.0,0,0,0.0,0,0,0.0,0,0,0.0,0,0,0.0,4,19,0.1739,0,0,0.0,0,0,0.0,0,0,0.0,3,20,0.1304,5,18,0.2174,4,20,0.1667,4,27,0.129,7,24,0.2258,0,0,0.0,0,0,0.0
2026-04-03 21:40:20,test_168.jpg,185,94,279,0.3369,4,31,32,0,0,0.0,0,0,0.0,0,0,0.0,0,0,0.0,0,0,0.0,0,0,0.0,0,0,0.0,0,0,0.0,0,0,0.0,0,0,0.0,9,23,0.2812,0,0,0.0,0,0,0.0,0,0,0.0,0,0,0.0,0,0,0.0,0,0,0.0,0,0,0.0,0,0,0.0,0,0,0.0,0,0,0.0,19,26,0.4222,0,0,0.0,0,0,0.0,0,0,0.0,32,99,0.2443,34,37,0.4789,0,0,0.0,0,0,0.0,0,0,0.0,0,0,0.0,0,0,0.0
2026-04-03 21:40:20,test_1680.jpg,172,18,190,0.0947,6,31,32,0,0,0.0,0,0,0.0,0,0,0.0,0,0,0.0,0,0,0.0,0,0,0.0,0,0,0.0,0,0,0.0,0,0,0.0,0,0,0.0,0,41,0.0,0,0,0.0,0,0,0.0,0,0,0.0,0,0,0.0,0,0,0.0,0,0,0.0,0,0,0.0,0,0,0.0,0,0,0.0,0,0,0.0,4,25,0.1379,0,0,0.0,0,0,0.0,0,0,0.0,0,27,0.0,3,30,0.0909,0,25,0.0,11,24,0.3143,0,0,0.0,0,0,0.0,0,0,0.0
2026-04-03 21:40:20,test_1681.jpg,193,32,225,0.1422,5,31,32,0,0,0.0,0,0,0.0,0,0,0.0,0,0,0.0,0,0,0.0,0,0,0.0,0,0,0.0,0,0,0.0,0,0,0.0,0,0,0.0,0,5,0.0,0,0,0.0,0,0,0.0,0,0,0.0,0,0,0.0,0,0,0.0,0,0,0.0,0,0,0.0,0,0,0.0,0,0,0.0,0,0,0.0,4,63,0.0597,0,0,0.0,0,0,0.0,0,0,0.0,4,36,0.1,22,70,0.2391,2,19,0.0952,0,0,0.0,0,0,0.0,0,0,0.0,0,0,0.0
2026-04-03 21:40:20,test_1682.jpg,225,33,258,0.1279,7,31,32,0,0,0.0,0,0,0.0,0,0,0.0,0,0,0.0,0,0,0.0,0,0,0.0,0,0,0.0,0,0,0.0,0,0,0.0,0,0,0.0,1,24,0.04,0,0,0.0,0,0,0.0,0,0,0.0,0,0,0.0,0,0,0.0,0,0,0.0,0,0,0.0,0,0,0.0,0,0,0.0,0,0,0.0,3,29,0.0938,0,0,0.0,0,0,0.0,0,0,0.0,6,24,0.2,6,30,0.1667,4,36,0.1,13,82,0.1368,0,0,0.0,0,0,0.0,0,0,0.0
2026-04-03 21:40:20,test_1683.jpg,184,52,236,0.2203,13,31,32,1,14,0.0667,4,19,0.1739,16,14,0.5333,7,13,0.35,0,0,0.0,0,0,0.0,0,0,0.0,0,0,0.0,0,0,0.0,0,0,0.0,4,13,0.2353,0,0,0.0,0,0,0.0,0,0,0.0,0,0,0.0,0,0,0.0,0,0,0.0,0,0,0.0,0,0,0.0,0,0,0.0,0,0,0.0,0,15,0.0,0,0,0.0,0,0,0.0,0,0,0.0,1,13,0.0714,1,14,0.0667,2,16,0.1111,0,14,0.0,9,14,0.3913,0,13,0.0,7,12,0.3684
2026-04-03 21:40:20,test_1684.jpg,237,83,320,0.2594,5,31,32,0,0,0.0,0,0,0.0,0,0,0.0,0,0,0.0,0,0,0.0,0,0,0.0,0,0,0.0,0,0,0.0,0,0,0.0,0,0,0.0,2,23,0.08,0,0,0.0,0,0,0.0,0,0,0.0,0,0,0.0,0,0,0.0,0,0,0.0,0,0,0.0,0,0,0.0,0,0,0.0,0,0,0.0,11,44,0.2,0,0,0.0,0,0,0.0,0,0,0.0,8,68,0.1053,38,68,0.3585,24,34,0.4138,0,0,0.0,0,0,0.0,0,0,0.0,0,0,0.0
2026-04-03 21:40:20,test_1685.jpg,150,22,172,0.1279,7,31,32,0,0,0.0,0,0,0.0,0,0,0.0,0,0,0.0,0,0,0.0,0,0,0.0,0,0,0.0,0,0,0.0,0,0,0.0,0,0,0.0,0,18,0.0,0,0,0.0,0,0,0.0,0,0,0.0,0,0,0.0,0,0,0.0,0,0,0.0,0,0,0.0,0,0,0.0,0,0,0.0,0,0,0.0,8,12,0.4,0,0,0.0,0,0,0.0,0,0,0.0,2,23,0.08,4,19,0.1739,5,26,0.1613,1,27,0.0357,2,25,0.0741,0,0,0.0,0,0,0.0
2026-04-03 21:40:20,test_1686.jpg,137,36,173,0.2081,9,31,32,0,0,0.0,0,0,0.0,0,0,0.0,0,0,0.0,0,0,0.0,0,0,0.0,0,0,0.0,0,0,0.0,0,0,0.0,0,0,0.0,6,22,0.2143,0,0,0.0,0,0,0.0,0,0,0.0,0,0,0.0,0,0,0.0,0,0,0.0,0,0,0.0,0,0,0.0,0,0,0.0,0,0,0.0,0,18,0.0,0,0,0.0,0,0,0.0,0,0,0.0,2,7,0.2222,1,10,0.0909,14,13,0.5185,5,12,0.2941,3,20,0.1304,2,21,0.087,3,14,0.1765
2026-04-03 21:40:20,test_1687.jpg,145,7,152,0.0461,6,31,32,0,0,0.0,0,0,0.0,0,0,0.0,0,0,0.0,0,0,0.0,0,0,0.0,0,0,0.0,0,0,0.0,0,0,0.0,0,0,0.0,0,24,0.0,0,0,0.0,0,0,0.0,0,0,0.0,0,0,0.0,0,0,0.0,0,0,0.0,0,0,0.0,0,0,0.0,0,0,0.0,0,0,0.0,3,25,0.1071,0,0,0.0,0,0,0.0,0,0,0.0,0,26,0.0,0,25,0.0,4,24,0.1429,0,21,0.0,0,0,0.0,0,0,0.0,0,0,0.0
2026-04-03 21:40:20,test_1688.jpg,157,4,161,0.0248,7,31,32,0,0,0.0,0,0,0.0,0,0,0.0,0,0,0.0,0,0,0.0,0,0,0.0,0,0,0.0,0,0,0.0,0,0,0.0,0,0,0.0,4,22,0.1538,0,0,0.0,0,0,0.0,0,0,0.0,0,0,0.0,0,0,0.0,0,0,0.0,0,0,0.0,0,0,0.0,0,0,0.0,0,0,0.0,0,17,0.0,0,0,0.0,0,0,0.0,0,0,0.0,0,23,0.0,0,23,0.0,0,24,0.0,0,24,0.0,0,24,0.0,0,0,0.0,0,0,0.0
2026-04-03 21:40:20,test_1689.jpg,128,25,153,0.1634,6,31,32,0,0,0.0,0,0,0.0,0,0,0.0,0,0,0.0,0,0,0.0,0,0,0.0,0,0,0.0,0,0,0.0,0,0,0.0,0,0,0.0,0,3,0.0,0,0,0.0,0,0,0.0,0,0,0.0,0,0,0.0,0,0,0.0,0,0,0.0,0,0,0.0,0,0,0.0,0,0,0.0,0,0,0.0,8,33,0.1951,0,0,0.0,0,0,0.0,0,0,0.0,0,30,0.0,9,22,0.2903,6,29,0.1714,2,11,0.1538,0,0,0.0,0,0,0.0,0,0,0.0
2026-04-03 21:40:20,test_169.jpg,220,115,335,0.3433,5,31,32,0,0,0.0,0,0,0.0,0,0,0.0,0,0,0.0,0,0,0.0,0,0,0.0,0,0,0.0,0,0,0.0,0,0,0.0,0,0,0.0,8,46,0.1481,0,0,0.0,0,0,0.0,0,0,0.0,0,0,0.0,0,0,0.0,0,0,0.0,0,0,0.0,0,0,0.0,0,0,0.0,0,0,0.0,2,25,0.0741,0,0,0.0,0,0,0.0,0,0,0.0,7,61,0.1029,77,61,0.558,21,27,0.4375,0,0,0.0,0,0,0.0,0,0,0.0,0,0,0.0
2026-04-03 21:40:20,test_1690.jpg,158,8,166,0.0482,9,31,32,0,0,0.0,0,0,0.0,0,0,0.0,0,0,0.0,0,0,0.0,0,0,0.0,0,0,0.0,0,0,0.0,0,0,0.0,0,0,0.0,1,16,0.0588,0,0,0.0,0,0,0.0,0,0,0.0,0,0,0.0,0,0,0.0,0,0,0.0,0,0,0.0,0,0,0.0,0,0,0.0,0,0,0.0,1,16,0.0588,0,0,0.0,0,0,0.0,0,0,0.0,0,19,0.0,0,17,0.0,0,18,0.0,3,19,0.1364,1,19,0.05,2,28,0.0667,0,6,0.0
2026-04-03 21:40:20,test_1691.jpg,160,15,175,0.0857,7,31,32,0,0,0.0,0,0,0.0,0,0,0.0,0,0,0.0,0,0,0.0,0,0,0.0,0,0,0.0,0,0,0.0,0,0,0.0,0,0,0.0,7,37,0.1591,0,0,0.0,0,0,0.0,0,0,0.0,0,0,0.0,0,0,0.0,0,0,0.0,0,0,0.0,0,0,0.0,0,0,0.0,0,0,0.0,3,22,0.12,0,0,0.0,0,0,0.0,0,0,0.0,4,25,0.1379,0,21,0.0,0,16,0.0,0,21,0.0,1,18,0.0526,0,0,0.0,0,0,0.0
2026-04-03 21:40:20,test_1692.jpg,241,26,267,0.0974,10,31,32,0,30,0.0,0,0,0.0,0,0,0.0,0,0,0.0,0,0,0.0,0,0,0.0,0,0,0.0,0,0,0.0,0,0,0.0,0,0,0.0,2,20,0.0909,0,0,0.0,0,0,0.0,0,0,0.0,0,0,0.0,0,0,0.0,0,0,0.0,0,0,0.0,0,0,0.0,0,0,0.0,0,0,0.0,0,6,0.0,0,0,0.0,0,0,0.0,0,0,0.0,0,27,0.0,1,35,0.0278,1,29,0.0333,1,25,0.0385,4,24,0.1429,5,22,0.1852,12,23,0.3429
2026-04-03 21:40:20,test_1693.jpg,159,56,215,0.2605,7,31,32,0,0,0.0,0,0,0.0,0,0,0.0,0,0,0.0,0,0,0.0,0,0,0.0,0,0,0.0,0,0,0.0,0,0,0.0,0,0,0.0,1,11,0.0833,0,0,0.0,0,0,0.0,0,0,0.0,0,0,0.0,0,0,0.0,0,0,0.0,0,0,0.0,0,0,0.0,0,0,0.0,0,0,0.0,0,9,0.0,0,0,0.0,0,0,0.0,0,0,0.0,0,19,0.0,0,15,0.0,4,23,0.1481,15,42,0.2632,36,40,0.4737,0,0,0.0,0,0,0.0
2026-04-03 21:40:20,test_1694.jpg,231,48,279,0.172,6,31,32,0,0,0.0,0,0,0.0,0,0,0.0,0,0,0.0,0,0,0.0,0,0,0.0,0,0,0.0,0,0,0.0,0,0,0.0,0,0,0.0,8,30,0.2105,0,0,0.0,0,0,0.0,0,0,0.0,0,0,0.0,0,0,0.0,0,0,0.0,0,0,0.0,0,0,0.0,0,0,0.0,0,0,0.0,8,36,0.1818,0,0,0.0,0,0,0.0,0,0,0.0,8,44,0.1538,13,54,0.194,7,48,0.1273,4,19,0.1739,0,0,0.0,0,0,0.0,0,0,0.0
2026-04-03 21:40:20,test_1695.jpg,123,27,150,0.18,5,31,32,0,0,0.0,0,0,0.0,0,0,0.0,0,0,0.0,0,0,0.0,0,0,0.0,0,0,0.0,0,0,0.0,0,0,0.0,0,0,0.0,1,24,0.04,0,0,0.0,0,0,0.0,0,0,0.0,0,0,0.0,0,0,0.0,0,0,0.0,0,0,0.0,0,0,0.0,0,0,0.0,0,0,0.0,4,26,0.1333,0,0,0.0,0,0,0.0,0,0,0.0,3,29,0.0938,9,24,0.2727,10,20,0.3333,0,0,0.0,0,0,0.0,0,0,0.0,0,0,0.0
2026-04-03 21:40:20,test_1696.jpg,150,50,200,0.25,7,31,32,0,0,0.0,0,0,0.0,0,0,0.0,0,0,0.0,0,0,0.0,0,0,0.0,0,0,0.0,0,0,0.0,0,0,0.0,0,0,0.0,6,21,0.2222,0,0,0.0,0,0,0.0,0,0,0.0,0,0,0.0,0,0,0.0,0,0,0.0,0,0,0.0,0,0,0.0,0,0,0.0,0,0,0.0,5,22,0.1852,0,0,0.0,0,0,0.0,0,0,0.0,6,16,0.2727,10,29,0.2564,14,33,0.2979,5,18,0.2174,4,11,0.2667,0,0,0.0,0,0,0.0
2026-04-03 21:40:20,test_1697.jpg,151,23,174,0.1322,8,31,32,0,0,0.0,0,0,0.0,0,0,0.0,0,0,0.0,0,0,0.0,0,0,0.0,0,0,0.0,0,0,0.0,0,0,0.0,0,0,0.0,2,27,0.069,0,0,0.0,0,0,0.0,0,0,0.0,0,0,0.0,0,0,0.0,0,0,0.0,0,0,0.0,0,0,0.0,0,0,0.0,0,0,0.0,2,18,0.1,0,0,0.0,0,0,0.0,0,0,0.0,3,16,0.1579,0,14,0.0,1,17,0.0556,1,17,0.0556,7,21,0.25,7,21,0.25,0,0,0.0
2026-04-03 21:40:20,test_1698.jpg,294,107,401,0.2668,12,31,32,1,18,0.0526,5,25,0.1667,7,24,0.2258,0,0,0.0,0,0,0.0,0,0,0.0,0,0,0.0,0,0,0.0,0,0,0.0,0,0,0.0,11,19,0.3667,0,0,0.0,0,0,0.0,0,0,0.0,0,0,0.0,0,0,0.0,0,0,0.0,0,0,0.0,0,0,0.0,0,0,0.0,0,0,0.0,29,44,0.3973,0,0,0.0,0,0,0.0,0,0,0.0,8,29,0.2162,3,30,0.0909,13,27,0.325,9,22,0.2903,5,19,0.2083,12,19,0.3871,4,18,0.1818
2026-04-03 21:40:20,test_1699.jpg,117,42,159,0.2642,4,31,32,0,0,0.0,0,0,0.0,0,0,0.0,0,0,0.0,0,0,0.0,0,0,0.0,0,0,0.0,0,0,0.0,0,0,0.0,0,0,0.0,8,26,0.2353,0,0,0.0,0,0,0.0,0,0,0.0,0,0,0.0,0,0,0.0,0,0,0.0,0,0,0.0,0,0,0.0,0,0,0.0,0,0,0.0,6,25,0.1935,0,0,0.0,0,0,0.0,0,0,0.0,22,36,0.3793,6,30,0.1667,0,0,0.0,0,0,0.0,0,0,0.0,0,0,0.0,0,0,0.0
2026-04-03 21:40:20,test_17.jpg,207,43,250,0.172,11,31,32,4,19,0.1739,6,16,0.2727,0,0,0.0,0,0,0.0,0,0,0.0,0,0,0.0,0,0,0.0,0,0,0.0,0,0,0.0,0,0,0.0,1,6,0.1429,0,0,0.0,0,0,0.0,0,0,0.0,0,0,0.0,0,0,0.0,0,0,0.0,0,0,0.0,0,0,0.0,0,0,0.0,0,0,0.0,0,22,0.0,0,0,0.0,0,0,0.0,0,0,0.0,4,26,0.1333,8,23,0.2581,7,20,0.2593,6,26,0.1875,3,24,0.1111,3,13,0.1875,1,12,0.0769
2026-04-03 21:40:20,test_170.jpg,200,139,339,0.41,4,31,32,0,0,0.0,0,0,0.0,0,0,0.0,0,0,0.0,0,0,0.0,0,0,0.0,0,0,0.0,0,0,0.0,0,0,0.0,0,0,0.0,0,23,0.0,0,0,0.0,0,0,0.0,0,0,0.0,0,0,0.0,0,0,0.0,0,0,0.0,0,0,0.0,0,0,0.0,0,0,0.0,0,0,0.0,2,25,0.0741,0,0,0.0,0,0,0.0,0,0,0.0,15,74,0.1685,122,78,0.61,0,0,0.0,0,0,0.0,0,0,0.0,0,0,0.0,0,0,0.0
2026-04-03 21:40:20,test_1700.jpg,143,40,183,0.2186,7,31,32,0,0,0.0,0,0,0.0,0,0,0.0,0,0,0.0,0,0,0.0,0,0,0.0,0,0,0.0,0,0,0.0,0,0,0.0,0,0,0.0,5,15,0.25,0,0,0.0,0,0,0.0,0,0,0.0,0,0,0.0,0,0,0.0,0,0,0.0,0,0,0.0,0,0,0.0,0,0,0.0,0,0,0.0,5,16,0.2381,0,0,0.0,0,0,0.0,0,0,0.0,6,22,0.2143,0,22,0.0,5,16,0.2381,12,29,0.2927,7,23,0.2333,0,0,0.0,0,0,0.0
2026-04-03 21:40:20,test_1701.jpg,136,35,171,0.2047,10,31,32,2,14,0.125,0,0,0.0,0,0,0.0,0,0,0.0,0,0,0.0,0,0,0.0,0,0,0.0,0,0,0.0,0,0,0.0,0,0,0.0,0,17,0.0,0,0,0.0,0,0,0.0,0,0,0.0,0,0,0.0,0,0,0.0,0,0,0.0,0,0,0.0,0,0,0.0,0,0,0.0,0,0,0.0,6,8,0.4286,0,0,0.0,0,0,0.0,0,0,0.0,2,15,0.1176,3,12,0.2,8,13,0.381,3,14,0.1765,1,15,0.0625,6,13,0.3158,4,15,0.2105
2026-04-03 21:40:20,test_1702.jpg,76,20,96,0.2083,4,31,32,0,0,0.0,0,0,0.0,0,0,0.0,0,0,0.0,0,0,0.0,0,0,0.0,0,0,0.0,0,0,0.0,0,0,0.0,0,0,0.0,1,17,0.0556,0,0,0.0,0,0,0.0,0,0,0.0,0,0,0.0,0,0,0.0,0,0,0.0,0,0,0.0,0,0,0.0,0,0,0.0,0,0,0.0,6,18,0.25,0,0,0.0,0,0,0.0,0,0,0.0,8,25,0.2424,5,16,0.2381,0,0,0.0,0,0,0.0,0,0,0.0,0,0,0.0,0,0,0.0
2026-04-03 21:40:20,test_1703.jpg,118,10,128,0.0781,6,31,32,0,0,0.0,0,0,0.0,0,0,0.0,0,0,0.0,0,0,0.0,0,0,0.0,0,0,0.0,0,0,0.0,0,0,0.0,0,0,0.0,3,12,0.2,0,0,0.0,0,0,0.0,0,0,0.0,0,0,0.0,0,0,0.0,0,0,0.0,0,0,0.0,0,0,0.0,0,0,0.0,0,0,0.0,1,14,0.0667,0,0,0.0,0,0,0.0,0,0,0.0,3,15,0.1667,2,24,0.0769,1,24,0.04,0,29,0.0,0,0,0.0,0,0,0.0,0,0,0.0
2026-04-03 21:40:20,test_1704.jpg,140,32,172,0.186,14,31,32,0,12,0.0,6,10,0.375,1,11,0.0833,11,8,0.5789,0,13,0.0,0,0,0.0,0,0,0.0,0,0,0.0,0,0,0.0,0,0,0.0,1,7,0.125,0,0,0.0,0,0,0.0,0,0,0.0,0,0,0.0,0,0,0.0,0,0,0.0,0,0,0.0,0,0,0.0,0,0,0.0,0,0,0.0,0,9,0.0,0,0,0.0,0,0,0.0,0,0,0.0,2,9,0.1818,0,11,0.0,1,11,0.0833,0,12,0.0,4,9,0.3077,0,12,0.0,6,6,0.5
2026-04-03 21:40:20,test_1705.jpg,141,52,193,0.2694,6,31,32,0,0,0.0,0,0,0.0,0,0,0.0,0,0,0.0,0,0,0.0,0,0,0.0,0,0,0.0,0,0,0.0,0,0,0.0,0,0,0.0,8,27,0.2286,0,0,0.0,0,0,0.0,0,0,0.0,0,0,0.0,0,0,0.0,0,0,0.0,0,0,0.0,0,0,0.0,0,0,0.0,0,0,0.0,9,21,0.3,0,0,0.0,0,0,0.0,0,0,0.0,7,25,0.2188,6,18,0.25,15,27,0.3571,7,23,0.2333,0,0,0.0,0,0,0.0,0,0,0.0
2026-04-03 21:40:20,test_1706.jpg,163,2,165,0.0121,12,31,32,0,15,0.0,0,30,0.0,0,0,0.0,0,0,0.0,0,0,0.0,0,0,0.0,0,0,0.0,0,0,0.0,0,0,0.0,0,0,0.0,0,10,0.0,0,0,0.0,0,0,0.0,0,0,0.0,0,0,0.0,0,0,0.0,0,0,0.0,0,0,0.0,0,0,0.0,0,0,0.0,0,0,0.0,0,6,0.0,0,0,0.0,0,0,0.0,0,0,0.0,0,20,0.0,0,35,0.0,0,1,0.0,2,13,0.1333,0,15,0.0,0,15,0.0,0,3,0.0
2026-04-03 21:40:20,test_1707.jpg,156,50,206,0.2427,8,31,32,0,0,0.0,0,0,0.0,0,0,0.0,0,0,0.0,0,0,0.0,0,0,0.0,0,0,0.0,0,0,0.0,0,0,0.0,0,0,0.0,2,14,0.125,0,0,0.0,0,0,0.0,0,0,0.0,0,0,0.0,0,0,0.0,0,0,0.0,0,0,0.0,0,0,0.0,0,0,0.0,0,0,0.0,5,23,0.1786,0,0,0.0,0,0,0.0,0,0,0.0,0,21,0.0,5,14,0.2632,7,16,0.3043,10,20,0.3333,11,22,0.3333,10,26,0.2778,0,0,0.0
2026-04-03 21:40:20,test_1708.jpg,188,13,201,0.0647,8,31,32,0,0,0.0,0,0,0.0,0,0,0.0,0,0,0.0,0,0,0.0,0,0,0.0,0,0,0.0,0,0,0.0,0,0,0.0,0,0,0.0,0,21,0.0,0,0,0.0,0,0,0.0,0,0,0.0,0,0,0.0,0,0,0.0,0,0,0.0,0,0,0.0,0,0,0.0,0,0,0.0,0,0,0.0,1,14,0.0667,0,0,0.0,0,0,0.0,0,0,0.0,4,29,0.1212,4,29,0.1212,4,28,0.125,0,24,0.0,0,22,0.0,0,21,0.0,0,0,0.0
2026-04-03 21:40:20,test_1709.jpg,130,9,139,0.0647,3,31,32,0,0,0.0,0,0,0.0,0,0,0.0,0,0,0.0,0,0,0.0,0,0,0.0,0,0,0.0,0,0,0.0,0,0,0.0,0,0,0.0,6,25,0.1935,0,0,0.0,0,0,0.0,0,0,0.0,0,0,0.0,0,0,0.0,0,0,0.0,0,0,0.0,0,0,0.0,0,0,0.0,0,0,0.0,2,65,0.0299,0,0,0.0,0,0,0.0,0,0,0.0,1,40,0.0244,0,0,0.0,0,0,0.0,0,0,0.0,0,0,0.0,0,0,0.0,0,0,0.0
2026-04-03 21:40:20,test_171.jpg,233,150,383,0.3916,7,31,32,0,0,0.0,0,0,0.0,0,0,0.0,0,0,0.0,0,0,0.0,0,0,0.0,0,0,0.0,0,0,0.0,0,0,0.0,0,0,0.0,6,12,0.3333,0,0,0.0,0,0,0.0,0,0,0.0,0,0,0.0,0,0,0.0,0,0,0.0,0,0,0.0,0,0,0.0,0,0,0.0,0,0,0.0,40,46,0.4651,0,0,0.0,0,0,0.0,0,0,0.0,4,28,0.125,4,33,0.1081,20,44,0.3125,64,53,0.547,12,17,0.4138,0,0,0.0,0,0,0.0
2026-04-03 21:40:20,test_1710.jpg,298,123,421,0.2922,14,31,32,3,14,0.1765,7,12,0.3684,6,18,0.25,33,62,0.3474,22,57,0.2785,0,0,0.0,0,0,0.0,0,0,0.0,0,0,0.0,0,0,0.0,7,24,0.2258,0,0,0.0,0,0,0.0,0,0,0.0,0,0,0.0,0,0,0.0,0,0,0.0,0,0,0.0,0,0,0.0,0,0,0.0,0,0,0.0,5,13,0.2778,0,0,0.0,0,0,0.0,0,0,0.0,9,15,0.375,3,11,0.2143,5,13,0.2778,6,12,0.3333,3,12,0.2,9,22,0.2903,5,13,0.2778
2026-04-03 21:40:20,test_1711.jpg,126,46,172,0.2674,6,31,32,0,0,0.0,0,0,0.0,0,0,0.0,0,0,0.0,0,0,0.0,0,0,0.0,0,0,0.0,0,0,0.0,0,0,0.0,0,0,0.0,3,17,0.15,0,0,0.0,0,0,0.0,0,0,0.0,0,0,0.0,0,0,0.0,0,0,0.0,0,0,0.0,0,0,0.0,0,0,0.0,0,0,0.0,1,17,0.0556,0,0,0.0,0,0,0.0,0,0,0.0,5,17,0.2273,7,20,0.2593,21,33,0.3889,9,22,0.2903,0,0,0.0,0,0,0.0,0,0,0.0
2026-04-03 21:40:20,test_1712.jpg,169,104,273,0.381,5,31,32,0,0,0.0,0,0,0.0,0,0,0.0,0,0,0.0,0,0,0.0,0,0,0.0,0,0,0.0,0,0,0.0,0,0,0.0,0,0,0.0,1,11,0.0833,0,0,0.0,0,0,0.0,0,0,0.0,0,0,0.0,0,0,0.0,0,0,0.0,0,0,0.0,0,0,0.0,0,0,0.0,0,0,0.0,0,21,0.0,0,0,0.0,0,0,0.0,0,0,0.0,3,37,0.075,44,63,0.4112,56,37,0.6022,0,0,0.0,0,0,0.0,0,0,0.0,0,0,0.0
2026-04-03 21:40:20,test_1713.jpg,113,39,152,0.2566,6,31,32,0,0,0.0,0,0,0.0,0,0,0.0,0,0,0.0,0,0,0.0,0,0,0.0,0,0,0.0,0,0,0.0,0,0,0.0,0,0,0.0,0,15,0.0,0,0,0.0,0,0,0.0,0,0,0.0,0,0,0.0,0,0,0.0,0,0,0.0,0,0,0.0,0,0,0.0,0,0,0.0,0,0,0.0,1,11,0.0833,0,0,0.0,0,0,0.0,0,0,0.0,1,19,0.05,5,17,0.2273,5,19,0.2083,27,32,0.4576,0,0,0.0,0,0,0.0,0,0,0.0
2026-04-03 21:40:20,test_1714.jpg,128,9,137,0.0657,6,31,32,0,0,0.0,0,0,0.0,0,0,0.0,0,0,0.0,0,0,0.0,0,0,0.0,0,0,0.0,0,0,0.0,0,0,0.0,0,0,0.0,3,22,0.12,0,0,0.0,0,0,0.0,0,0,0.0,0,0,0.0,0,0,0.0,0,0,0.0,0,0,0.0,0,0,0.0,0,0,0.0,0,0,0.0,1,21,0.0455,0,0,0.0,0,0,0.0,0,0,0.0,0,23,0.0,1,20,0.0476,4,21,0.16,0,21,0.0,0,0,0.0,0,0,0.0,0,0,0.0
2026-04-03 21:40:20,test_1715.jpg,148,39,187,0.2086,9,31,32,0,0,0.0,0,0,0.0,0,0,0.0,0,0,0.0,0,0,0.0,0,0,0.0,0,0,0.0,0,0,0.0,0,0,0.0,0,0,0.0,1,16,0.0588,0,0,0.0,0,0,0.0,0,0,0.0,0,0,0.0,0,0,0.0,0,0,0.0,0,0,0.0,0,0,0.0,0,0,0.0,0,0,0.0,0,15,0.0,0,0,0.0,0,0,0.0,0,0,0.0,2,12,0.1429,9,24,0.2727,6,16,0.2727,5,18,0.2174,5,14,0.2632,5,16,0.2381,6,17,0.2609
2026-04-03 21:40:20,test_1716.jpg,202,88,290,0.3034,5,31,32,0,0,0.0,0,0,0.0,0,0,0.0,0,0,0.0,0,0,0.0,0,0,0.0,0,0,0.0,0,0,0.0,0,0,0.0,0,0,0.0,4,40,0.0909,0,0,0.0,0,0,0.0,0,0,0.0,0,0,0.0,0,0,0.0,0,0,0.0,0,0,0.0,0,0,0.0,0,0,0.0,0,0,0.0,3,36,0.0769,0,0,0.0,0,0,0.0,0,0,0.0,16,65,0.1975,47,41,0.5341,18,20,0.4737,0,0,0.0,0,0,0.0,0,0,0.0,0,0,0.0
2026-04-03 21:40:20,test_1717.jpg,156,37,193,0.1917,8,31,32,0,0,0.0,0,0,0.0,0,0,0.0,0,0,0.0,0,0,0.0,0,0,0.0,0,0,0.0,0,0,0.0,0,0,0.0,0,0,0.0,7,24,0.2258,0,0,0.0,0,0,0.0,0,0,0.0,0,0,0.0,0,0,0.0,0,0,0.0,0,0,0.0,0,0,0.0,0,0,0.0,0,0,0.0,7,28,0.2,0,0,0.0,0,0,0.0,0,0,0.0,1,14,0.0667,2,15,0.1176,1,15,0.0625,0,20,0.0,14,20,0.4118,5,20,0.2,0,0,0.0
2026-04-03 21:40:20,test_1718.jpg,166,71,237,0.2996,6,31,32,0,0,0.0,0,0,0.0,0,0,0.0,0,0,0.0,0,0,0.0,0,0,0.0,0,0,0.0,0,0,0.0,0,0,0.0,0,0,0.0,2,22,0.0833,0,0,0.0,0,0,0.0,0,0,0.0,0,0,0.0,0,0,0.0,0,0,0.0,0,0,0.0,0,0,0.0,0,0,0.0,0,0,0.0,8,28,0.2222,0,0,0.0,0,0,0.0,0,0,0.0,20,31,0.3922,17,29,0.3696,10,26,0.2778,14,30,0.3182,0,0,0.0,0,0,0.0,0,0,0.0
2026-04-03 21:40:20,test_1719.jpg,138,34,172,0.1977,8,31,32,0,0,0.0,0,0,0.0,0,0,0.0,0,0,0.0,0,0,0.0,0,0,0.0,0,0,0.0,0,0,0.0,0,0,0.0,0,0,0.0,10,23,0.303,0,0,0.0,0,0,0.0,0,0,0.0,0,0,0.0,0,0,0.0,0,0,0.0,0,0,0.0,0,0,0.0,0,0,0.0,0,0,0.0,2,15,0.1176,0,0,0.0,0,0,0.0,0,0,0.0,4,14,0.2222,1,16,0.0588,2,19,0.0952,4,21,0.16,9,14,0.3913,2,16,0.1111,0,0,0.0
2026-04-03 21:40:20,test_172.jpg,186,11,197,0.0558,7,31,32,0,0,0.0,0,0,0.0,0,0,0.0,0,0,0.0,0,0,0.0,0,0,0.0,0,0,0.0,0,0,0.0,0,0,0.0,0,0,0.0,4,22,0.1538,0,0,0.0,0,0,0.0,0,0,0.0,0,0,0.0,0,0,0.0,0,0,0.0,0,0,0.0,0,0,0.0,0,0,0.0,0,0,0.0,2,21,0.087,0,0,0.0,0,0,0.0,0,0,0.0,0,25,0.0,1,35,0.0278,1,24,0.04,3,31,0.0882,0,28,0.0,0,0,0.0,0,0,0.0
2026-04-03 21:40:20,test_1720.jpg,101,14,115,0.1217,6,31,32,0,0,0.0,0,0,0.0,0,0,0.0,0,0,0.0,0,0,0.0,0,0,0.0,0,0,0.0,0,0,0.0,0,0,0.0,0,0,0.0,0,6,0.0,0,0,0.0,0,0,0.0,0,0,0.0,0,0,0.0,0,0,0.0,0,0,0.0,0,0,0.0,0,0,0.0,0,0,0.0,0,0,0.0,1,19,0.05,0,0,0.0,0,0,0.0,0,0,0.0,5,13,0.2778,3,16,0.1579,2,23,0.08,3,24,0.1111,0,0,0.0,0,0,0.0,0,0,0.0
2026-04-03 21:40:20,test_1721.jpg,168,30,198,0.1515,9,31,32,0,0,0.0,0,0,0.0,0,0,0.0,0,0,0.0,0,0,0.0,0,0,0.0,0,0,0.0,0,0,0.0,0,0,0.0,0,0,0.0,1,24,0.04,0,0,0.0,0,0,0.0,0,0,0.0,0,0,0.0,0,0,0.0,0,0,0.0,0,0,0.0,0,0,0.0,0,0,0.0,0,0,0.0,6,13,0.3158,0,0,0.0,0,0,0.0,0,0,0.0,8,20,0.2857,2,21,0.087,5,17,0.2273,1,20,0.0476,6,17,0.2609,1,20,0.0476,0,16,0.0
2026-04-03 21:40:20,test_1722.jpg,119,3,122,0.0246,6,31,32,0,0,0.0,0,0,0.0,0,0,0.0,0,0,0.0,0,0,0.0,0,0,0.0,0,0,0.0,0,0,0.0,0,0,0.0,0,0,0.0,0,24,0.0,0,0,0.0,0,0,0.0,0,0,0.0,0,0,0.0,0,0,0.0,0,0,0.0,0,0,0.0,0,0,0.0,0,0,0.0,0,0,0.0,1,20,0.0476,0,0,0.0,0,0,0.0,0,0,0.0,0,21,0.0,0,20,0.0,1,21,0.0455,1,13,0.0714,0,0,0.0,0,0,0.0,0,0,0.0
2026-04-03 21:40:20,test_1723.jpg,120,19,139,0.1367,7,31,32,0,0,0.0,0,0,0.0,0,0,0.0,0,0,0.0,0,0,0.0,0,0,0.0,0,0,0.0,0,0,0.0,0,0,0.0,0,0,0.0,1,17,0.0556,0,0,0.0,0,0,0.0,0,0,0.0,0,0,0.0,0,0,0.0,0,0,0.0,0,0,0.0,0,0,0.0,0,0,0.0,0,0,0.0,0,13,0.0,0,0,0.0,0,0,0.0,0,0,0.0,0,15,0.0,4,17,0.1905,3,16,0.1579,8,18,0.3077,3,24,0.1111,0,0,0.0,0,0,0.0
2026-04-03 21:40:20,test_1724.jpg,138,18,156,0.1154,12,31,32,4,21,0.16,0,4,0.0,5,17,0.2273,0,0,0.0,0,0,0.0,0,0,0.0,0,0,0.0,0,0,0.0,0,0,0.0,0,0,0.0,1,10,0.0909,0,0,0.0,0,0,0.0,0,0,0.0,0,0,0.0,0,0,0.0,0,0,0.0,0,0,0.0,0,0,0.0,0,0,0.0,0,0,0.0,1,9,0.1,0,0,0.0,0,0,0.0,0,0,0.0,1,9,0.1,1,9,0.1,0,9,0.0,0,9,0.0,0,11,0.0,0,11,0.0,5,19,0.2083
2026-04-03 21:40:20,test_1725.jpg,88,32,120,0.2667,5,31,32,0,0,0.0,0,0,0.0,0,0,0.0,0,0,0.0,0,0,0.0,0,0,0.0,0,0,0.0,0,0,0.0,0,0,0.0,0,0,0.0,0,10,0.0,0,0,0.0,0,0,0.0,0,0,0.0,0,0,0.0,0,0,0.0,0,0,0.0,0,0,0.0,0,0,0.0,0,0,0.0,0,0,0.0,5,15,0.25,0,0,0.0,0,0,0.0,0,0,0.0,6,26,0.1875,13,23,0.3611,8,14,0.3636,0,0,0.0,0,0,0.0,0,0,0.0,0,0,0.0
2026-04-03 21:40:20,test_1726.jpg,180,40,220,0.1818,9,31,32,0,0,0.0,0,0,0.0,0,0,0.0,0,0,0.0,0,0,0.0,0,0,0.0,0,0,0.0,0,0,0.0,0,0,0.0,0,0,0.0,0,18,0.0,0,0,0.0,0,0,0.0,0,0,0.0,0,0,0.0,0,0,0.0,0,0,0.0,0,0,0.0,0,0,0.0,0,0,0.0,0,0,0.0,3,23,0.1154,0,0,0.0,0,0,0.0,0,0,0.0,1,18,0.0526,4,21,0.16,7,28,0.2,4,16,0.2,2,13,0.1333,8,22,0.2667,11,21,0.3438
2026-04-03 21:40:20,test_1727.jpg,118,34,152,0.2237,7,31,32,0,0,0.0,0,0,0.0,0,0,0.0,0,0,0.0,0,0,0.0,0,0,0.0,0,0,0.0,0,0,0.0,0,0,0.0,0,0,0.0,1,14,0.0667,0,0,0.0,0,0,0.0,0,0,0.0,0,0,0.0,0,0,0.0,0,0,0.0,0,0,0.0,0,0,0.0,0,0,0.0,0,0,0.0,11,20,0.3548,0,0,0.0,0,0,0.0,0,0,0.0,1,18,0.0526,3,19,0.1364,7,17,0.2917,4,16,0.2,7,14,0.3333,0,0,0.0,0,0,0.0
2026-04-03 21:40:20,test_1728.jpg,179,2,181,0.011,8,31,32,0,0,0.0,0,0,0.0,0,0,0.0,0,0,0.0,0,0,0.0,0,0,0.0,0,0,0.0,0,0,0.0,0,0,0.0,0,0,0.0,0,22,0.0,0,0,0.0,0,0,0.0,0,0,0.0,0,0,0.0,0,0,0.0,0,0,0.0,0,0,0.0,0,0,0.0,0,0,0.0,0,0,0.0,0,21,0.0,0,0,0.0,0,0,0.0,0,0,0.0,0,21,0.0,0,23,0.0,1,22,0.0435,0,24,0.0,0,23,0.0,1,23,0.0417,0,0,0.0
2026-04-03 21:40:20,test_1729.jpg,300,21,321,0.0654,5,31,32,0,0,0.0,0,0,0.0,0,0,0.0,0,0,0.0,0,0,0.0,0,0,0.0,0,0,0.0,0,0,0.0,0,0,0.0,0,0,0.0,0,0,0.0,0,0,0.0,0,0,0.0,0,0,0.0,0,0,0.0,0,0,0.0,0,0,0.0,0,0,0.0,0,0,0.0,0,0,0.0,0,0,0.0,5,109,0.0439,0,0,0.0,0,0,0.0,0,0,0.0,6,61,0.0896,10,130,0.0714,0,0,0.0,0,0,0.0,0,0,0.0,0,0,0.0,0,0,0.0
2026-04-03 21:40:20,test_173.jpg,123,16,139,0.1151,6,31,32,0,0,0.0,0,0,0.0,0,0,0.0,0,0,0.0,0,0,0.0,0,0,0.0,0,0,0.0,0,0,0.0,0,0,0.0,0,0,0.0,2,19,0.0952,0,0,0.0,0,0,0.0,0,0,0.0,0,0,0.0,0,0,0.0,0,0,0.0,0,0,0.0,0,0,0.0,0,0,0.0,0,0,0.0,6,17,0.2609,0,0,0.0,0,0,0.0,0,0,0.0,1,26,0.037,0,20,0.0,1,21,0.0455,6,20,0.2308,0,0,0.0,0,0,0.0,0,0,0.0
2026-04-03 21:40:20,test_1730.jpg,128,15,143,0.1049,7,31,32,0,0,0.0,0,0,0.0,0,0,0.0,0,0,0.0,0,0,0.0,0,0,0.0,0,0,0.0,0,0,0.0,0,0,0.0,0,0,0.0,2,21,0.087,0,0,0.0,0,0,0.0,0,0,0.0,0,0,0.0,0,0,0.0,0,0,0.0,0,0,0.0,0,0,0.0,0,0,0.0,0,0,0.0,0,17,0.0,0,0,0.0,0,0,0.0,0,0,0.0,0,18,0.0,2,15,0.1176,0,12,0.0,2,15,0.1176,9,30,0.2308,0,0,0.0,0,0,0.0
2026-04-03 21:40:20,test_1731.jpg,149,103,252,0.4087,8,31,32,0,0,0.0,0,0,0.0,0,0,0.0,0,0,0.0,0,0,0.0,0,0,0.0,0,0,0.0,0,0,0.0,0,0,0.0,0,0,0.0,15,24,0.3846,0,0,0.0,0,0,0.0,0,0,0.0,0,0,0.0,0,0,0.0,0,0,0.0,0,0,0.0,0,0,0.0,0,0,0.0,0,0,0.0,17,22,0.4359,0,0,0.0,0,0,0.0,0,0,0.0,16,20,0.4444,12,20,0.375,16,23,0.4103,13,12,0.52,14,28,0.3333,0,0,0.0,0,0,0.0
2026-04-03 21:40:20,test_1732.jpg,112,12,124,0.0968,5,31,32,0,0,0.0,0,0,0.0,0,0,0.0,0,0,0.0,0,0,0.0,0,0,0.0,0,0,0.0,0,0,0.0,0,0,0.0,0,0,0.0,0,10,0.0,0,0,0.0,0,0,0.0,0,0,0.0,0,0,0.0,0,0,0.0,0,0,0.0,0,0,0.0,0,0,0.0,0,0,0.0,0,0,0.0,6,31,0.1622,0,0,0.0,0,0,0.0,0,0,0.0,2,23,0.08,2,27,0.069,2,21,0.087,0,0,0.0,0,0,0.0,0,0,0.0,0,0,0.0
2026-04-03 21:40:20,test_1733.jpg,130,12,142,0.0845,14,31,32,4,15,0.2105,4,8,0.3333,1,8,0.1111,0,8,0.0,0,8,0.0,0,0,0.0,0,0,0.0,0,0,0.0,0,0,0.0,0,0,0.0,0,3,0.0,0,0,0.0,0,0,0.0,0,0,0.0,0,0,0.0,0,0,0.0,0,0,0.0,0,0,0.0,0,0,0.0,0,0,0.0,0,0,0.0,0,3,0.0,0,0,0.0,0,0,0.0,0,0,0.0,1,10,0.0909,0,11,0.0,1,19,0.05,0,8,0.0,0,9,0.0,1,10,0.0909,0,10,0.0
2026-04-03 21:40:20,test_1734.jpg,113,41,154,0.2662,7,31,32,0,0,0.0,0,0,0.0,0,0,0.0,0,0,0.0,0,0,0.0,0,0,0.0,0,0,0.0,0,0,0.0,0,0,0.0,0,0,0.0,0,10,0.0,0,0,0.0,0,0,0.0,0,0,0.0,0,0,0.0,0,0,0.0,0,0,0.0,0,0,0.0,0,0,0.0,0,0,0.0,0,0,0.0,13,12,0.52,0,0,0.0,0,0,0.0,0,0,0.0,3,14,0.1765,7,15,0.3182,7,19,0.2692,10,27,0.2703,1,16,0.0588,0,0,0.0,0,0,0.0
2026-04-03 21:40:20,test_1735.jpg,131,34,165,0.2061,8,31,32,0,0,0.0,0,0,0.0,0,0,0.0,0,0,0.0,0,0,0.0,0,0,0.0,0,0,0.0,0,0,0.0,0,0,0.0,0,0,0.0,5,15,0.25,0,0,0.0,0,0,0.0,0,0,0.0,0,0,0.0,0,0,0.0,0,0,0.0,0,0,0.0,0,0,0.0,0,0,0.0,0,0,0.0,6,16,0.2727,0,0,0.0,0,0,0.0,0,0,0.0,7,16,0.3043,2,17,0.1053,2,13,0.1333,2,17,0.1053,5,19,0.2083,5,18,0.2174,0,0,0.0
2026-04-03 21:40:20,test_1736.jpg,266,40,306,0.1307,6,31,32,0,0,0.0,0,0,0.0,0,0,0.0,0,0,0.0,0,0,0.0,0,0,0.0,0,0,0.0,0,0,0.0,0,0,0.0,0,0,0.0,6,7,0.4615,0,0,0.0,0,0,0.0,0,0,0.0,0,0,0.0,0,0,0.0,0,0,0.0,0,0,0.0,0,0,0.0,0,0,0.0,0,0,0.0,7,14,0.3333,0,0,0.0,0,0,0.0,0,0,0.0,3,61,0.0469,5,71,0.0658,10,79,0.1124,9,34,0.2093,0,0,0.0,0,0,0.0,0,0,0.0
2026-04-03 21:40:20,test_1737.jpg,127,37,164,0.2256,8,31,32,0,0,0.0,0,0,0.0,0,0,0.0,0,0,0.0,0,0,0.0,0,0,0.0,0,0,0.0,0,0,0.0,0,0,0.0,0,0,0.0,1,11,0.0833,0,0,0.0,0,0,0.0,0,0,0.0,0,0,0.0,0,0,0.0,0,0,0.0,0,0,0.0,0,0,0.0,0,0,0.0,0,0,0.0,6,19,0.24,0,0,0.0,0,0,0.0,0,0,0.0,2,15,0.1176,3,16,0.1579,3,18,0.1429,6,19,0.24,9,11,0.45,7,18,0.28,0,0,0.0
2026-04-03 21:40:20,test_1738.jpg,128,32,160,0.2,7,31,32,0,0,0.0,0,0,0.0,0,0,0.0,0,0,0.0,0,0,0.0,0,0,0.0,0,0,0.0,0,0,0.0,0,0,0.0,0,0,0.0,9,16,0.36,0,0,0.0,0,0,0.0,0,0,0.0,0,0,0.0,0,0,0.0,0,0,0.0,0,0,0.0,0,0,0.0,0,0,0.0,0,0,0.0,1,18,0.0526,0,0,0.0,0,0,0.0,0,0,0.0,0,20,0.0,3,18,0.1429,9,24,0.2727,6,16,0.2727,4,16,0.2,0,0,0.0,0,0,0.0
2026-04-03 21:40:20,test_1739.jpg,141,30,171,0.1754,7,31,32,0,0,0.0,0,0,0.0,0,0,0.0,0,0,0.0,0,0,0.0,0,0,0.0,0,0,0.0,0,0,0.0,0,0,0.0,0,0,0.0,5,34,0.1282,0,0,0.0,0,0,0.0,0,0,0.0,0,0,0.0,0,0,0.0,0,0,0.0,0,0,0.0,0,0,0.0,0,0,0.0,0,0,0.0,10,24,0.2941,0,0,0.0,0,0,0.0,0,0,0.0,2,19,0.0952,1,21,0.0455,1,13,0.0714,10,15,0.4,1,15,0.0625,0,0,0.0,0,0,0.0
2026-04-03 21:40:20,test_174.jpg,125,2,127,0.0157,7,31,32,0,0,0.0,0,0,0.0,0,0,0.0,0,0,0.0,0,0,0.0,0,0,0.0,0,0,0.0,0,0,0.0,0,0,0.0,0,0,0.0,1,14,0.0667,0,0,0.0,0,0,0.0,0,0,0.0,0,0,0.0,0,0,0.0,0,0,0.0,0,0,0.0,0,0,0.0,0,0,0.0,0,0,0.0,1,15,0.0625,0,0,0.0,0,0,0.0,0,0,0.0,0,22,0.0,0,16,0.0,0,17,0.0,0,18,0.0,0,23,0.0,0,0,0.0,0,0,0.0
2026-04-03 21:40:20,test_1740.jpg,120,18,138,0.1304,7,31,32,0,0,0.0,0,0,0.0,0,0,0.0,0,0,0.0,0,0,0.0,0,0,0.0,0,0,0.0,0,0,0.0,0,0,0.0,0,0,0.0,5,16,0.2381,0,0,0.0,0,0,0.0,0,0,0.0,0,0,0.0,0,0,0.0,0,0,0.0,0,0,0.0,0,0,0.0,0,0,0.0,0,0,0.0,0,16,0.0,0,0,0.0,0,0,0.0,0,0,0.0,2,14,0.125,0,16,0.0,2,23,0.08,4,18,0.1818,5,17,0.2273,0,0,0.0,0,0,0.0
2026-04-03 21:40:20,test_1741.jpg,175,30,205,0.1463,7,31,32,0,0,0.0,0,0,0.0,0,0,0.0,0,0,0.0,0,0,0.0,0,0,0.0,0,0,0.0,0,0,0.0,0,0,0.0,0,0,0.0,3,26,0.1034,0,0,0.0,0,0,0.0,0,0,0.0,0,0,0.0,0,0,0.0,0,0,0.0,0,0,0.0,0,0,0.0,0,0,0.0,0,0,0.0,1,15,0.0625,0,0,0.0,0,0,0.0,0,0,0.0,4,22,0.1538,2,23,0.08,4,24,0.1429,14,39,0.2642,2,26,0.0714,0,0,0.0,0,0,0.0
2026-04-03 21:40:20,test_1742.jpg,135,46,181,0.2541,7,31,32,0,0,0.0,0,0,0.0,0,0,0.0,0,0,0.0,0,0,0.0,0,0,0.0,0,0,0.0,0,0,0.0,0,0,0.0,0,0,0.0,3,19,0.1364,0,0,0.0,0,0,0.0,0,0,0.0,0,0,0.0,0,0,0.0,0,0,0.0,0,0,0.0,0,0,0.0,0,0,0.0,0,0,0.0,3,22,0.12,0,0,0.0,0,0,0.0,0,0,0.0,5,19,0.2083,1,18,0.0526,2,19,0.0952,12,21,0.3636,20,17,0.5405,0,0,0.0,0,0,0.0
2026-04-03 21:40:20,test_1743.jpg,201,81,282,0.2872,14,31,32,3,13,0.1875,10,23,0.303,14,17,0.4516,12,19,0.3871,6,16,0.2727,0,0,0.0,0,0,0.0,0,0,0.0,0,0,0.0,0,0,0.0,0,5,0.0,0,0,0.0,0,0,0.0,0,0,0.0,0,0,0.0,0,0,0.0,0,0,0.0,0,0,0.0,0,0,0.0,0,0,0.0,0,0,0.0,16,12,0.5714,0,0,0.0,0,0,0.0,0,0,0.0,3,18,0.1429,7,12,0.3684,0,12,0.0,7,15,0.3182,0,13,0.0,2,13,0.1333,1,13,0.0714
2026-04-03 21:40:20,test_1744.jpg,133,32,165,0.1939,7,31,32,0,0,0.0,0,0,0.0,0,0,0.0,0,0,0.0,0,0,0.0,0,0,0.0,0,0,0.0,0,0,0.0,0,0,0.0,0,0,0.0,3,17,0.15,0,0,0.0,0,0,0.0,0,0,0.0,0,0,0.0,0,0,0.0,0,0,0.0,0,0,0.0,0,0,0.0,0,0,0.0,0,0,0.0,2,25,0.0741,0,0,0.0,0,0,0.0,0,0,0.0,3,20,0.1304,5,19,0.2083,1,15,0.0625,10,18,0.3571,8,19,0.2963,0,0,0.0,0,0,0.0
2026-04-03 21:40:20,test_1745.jpg,163,47,210,0.2238,8,31,32,0,0,0.0,0,0,0.0,0,0,0.0,0,0,0.0,0,0,0.0,0,0,0.0,0,0,0.0,0,0,0.0,0,0,0.0,0,0,0.0,1,15,0.0625,0,0,0.0,0,0,0.0,0,0,0.0,0,0,0.0,0,0,0.0,0,0,0.0,0,0,0.0,0,0,0.0,0,0,0.0,0,0,0.0,5,21,0.1923,0,0,0.0,0,0,0.0,0,0,0.0,3,6,0.3333,3,23,0.1154,8,17,0.32,6,12,0.3333,13,25,0.3421,8,44,0.1538,0,0,0.0
2026-04-03 21:40:20,test_1746.jpg,111,53,164,0.3232,6,31,32,0,0,0.0,0,0,0.0,0,0,0.0,0,0,0.0,0,0,0.0,0,0,0.0,0,0,0.0,0,0,0.0,0,0,0.0,0,0,0.0,0,10,0.0,0,0,0.0,0,0,0.0,0,0,0.0,0,0,0.0,0,0,0.0,0,0,0.0,0,0,0.0,0,0,0.0,0,0,0.0,0,0,0.0,5,23,0.1786,0,0,0.0,0,0,0.0,0,0,0.0,17,29,0.3696,7,25,0.2188,8,8,0.5,16,16,0.5,0,0,0.0,0,0,0.0,0,0,0.0
2026-04-03 21:40:20,test_1747.jpg,150,52,202,0.2574,5,31,32,0,0,0.0,0,0,0.0,0,0,0.0,0,0,0.0,0,0,0.0,0,0,0.0,0,0,0.0,0,0,0.0,0,0,0.0,0,0,0.0,3,24,0.1111,0,0,0.0,0,0,0.0,0,0,0.0,0,0,0.0,0,0,0.0,0,0,0.0,0,0,0.0,0,0,0.0,0,0,0.0,0,0,0.0,4,20,0.1667,0,0,0.0,0,0,0.0,0,0,0.0,8,32,0.2,21,36,0.3684,16,38,0.2963,0,0,0.0,0,0,0.0,0,0,0.0,0,0,0.0
2026-04-03 21:40:20,test_1748.jpg,129,16,145,0.1103,7,31,32,0,0,0.0,0,0,0.0,0,0,0.0,0,0,0.0,0,0,0.0,0,0,0.0,0,0,0.0,0,0,0.0,0,0,0.0,0,0,0.0,1,20,0.0476,0,0,0.0,0,0,0.0,0,0,0.0,0,0,0.0,0,0,0.0,0,0,0.0,0,0,0.0,0,0,0.0,0,0,0.0,0,0,0.0,0,20,0.0,0,0,0.0,0,0,0.0,0,0,0.0,2,17,0.1053,4,18,0.1818,4,20,0.1667,1,20,0.0476,4,14,0.2222,0,0,0.0,0,0,0.0
2026-04-03 21:40:20,test_1749.jpg,190,76,266,0.2857,7,31,32,0,0,0.0,0,0,0.0,0,0,0.0,0,0,0.0,0,0,0.0,0,0,0.0,0,0,0.0,0,0,0.0,0,0,0.0,0,0,0.0,12,16,0.4286,0,0,0.0,0,0,0.0,0,0,0.0,0,0,0.0,0,0,0.0,0,0,0.0,0,0,0.0,0,0,0.0,0,0,0.0,0,0,0.0,4,21,0.16,0,0,0.0,0,0,0.0,0,0,0.0,3,26,0.1034,6,46,0.1154,18,46,0.2812,30,27,0.5263,3,8,0.2727,0,0,0.0,0,0,0.0
2026-04-03 21:40:20,test_175.jpg,200,38,238,0.1597,7,31,32,0,0,0.0,0,0,0.0,0,0,0.0,0,0,0.0,0,0,0.0,0,0,0.0,0,0,0.0,0,0,0.0,0,0,0.0,0,0,0.0,0,0,0.0,0,0,0.0,0,0,0.0,0,0,0.0,0,0,0.0,0,0,0.0,0,0,0.0,0,0,0.0,0,0,0.0,0,0,0.0,0,0,0.0,9,54,0.1429,0,0,0.0,0,0,0.0,0,0,0.0,2,27,0.069,6,30,0.1667,8,35,0.186,13,54,0.194,0,0,0.0,0,0,0.0,0,0,0.0
2026-04-03 21:40:20,test_1750.jpg,116,25,141,0.1773,8,31,32,0,0,0.0,0,0,0.0,0,0,0.0,0,0,0.0,0,0,0.0,0,0,0.0,0,0,0.0,0,0,0.0,0,0,0.0,0,0,0.0,4,9,0.3077,0,0,0.0,0,0,0.0,0,0,0.0,0,0,0.0,0,0,0.0,0,0,0.0,0,0,0.0,0,0,0.0,0,0,0.0,0,0,0.0,1,14,0.0667,0,0,0.0,0,0,0.0,0,0,0.0,10,25,0.2857,1,14,0.0667,0,9,0.0,4,14,0.2222,3,14,0.1765,2,17,0.1053,0,0,0.0
2026-04-03 21:40:20,test_1751.jpg,115,45,160,0.2812,6,31,32,0,0,0.0,0,0,0.0,0,0,0.0,0,0,0.0,0,0,0.0,0,0,0.0,0,0,0.0,0,0,0.0,0,0,0.0,0,0,0.0,0,16,0.0,0,0,0.0,0,0,0.0,0,0,0.0,0,0,0.0,0,0,0.0,0,0,0.0,0,0,0.0,0,0,0.0,0,0,0.0,0,0,0.0,6,20,0.2308,0,0,0.0,0,0,0.0,0,0,0.0,16,23,0.4103,4,22,0.1538,13,23,0.3611,6,11,0.3529,0,0,0.0,0,0,0.0,0,0,0.0
2026-04-03 21:40:20,test_1752.jpg,126,12,138,0.087,13,31,32,4,9,0.3077,2,9,0.1818,1,9,0.1,1,18,0.0526,0,0,0.0,0,0,0.0,0,0,0.0,0,0,0.0,0,0,0.0,0,0,0.0,0,9,0.0,0,0,0.0,0,0,0.0,0,0,0.0,0,0,0.0,0,0,0.0,0,0,0.0,0,0,0.0,0,0,0.0,0,0,0.0,0,0,0.0,0,9,0.0,0,0,0.0,0,0,0.0,0,0,0.0,0,9,0.0,0,9,0.0,0,9,0.0,1,9,0.1,1,9,0.1,1,9,0.1,1,9,0.1
2026-04-03 21:40:20,test_1753.jpg,155,37,192,0.1927,8,31,32,0,0,0.0,0,0,0.0,0,0,0.0,0,0,0.0,0,0,0.0,0,0,0.0,0,0,0.0,0,0,0.0,0,0,0.0,0,0,0.0,13,34,0.2766,0,0,0.0,0,0,0.0,0,0,0.0,0,0,0.0,0,0,0.0,0,0,0.0,0,0,0.0,0,0,0.0,0,0,0.0,0,0,0.0,3,22,0.12,0,0,0.0,0,0,0.0,0,0,0.0,2,16,0.1111,1,15,0.0625,5,14,0.2632,5,18,0.2174,2,21,0.087,6,15,0.2857,0,0,0.0
2026-04-03 21:40:20,test_1754.jpg,129,157,286,0.549,5,31,32,0,0,0.0,0,0,0.0,0,0,0.0,0,0,0.0,0,0,0.0,0,0,0.0,0,0,0.0,0,0,0.0,0,0,0.0,0,0,0.0,9,16,0.36,0,0,0.0,0,0,0.0,0,0,0.0,0,0,0.0,0,0,0.0,0,0,0.0,0,0,0.0,0,0,0.0,0,0,0.0,0,0,0.0,4,22,0.1538,0,0,0.0,0,0,0.0,0,0,0.0,44,36,0.55,76,35,0.6847,24,20,0.5455,0,0,0.0,0,0,0.0,0,0,0.0,0,0,0.0
2026-04-03 21:40:20,test_1755.jpg,229,96,325,0.2954,14,31,32,11,16,0.4074,1,14,0.0667,1,8,0.1111,14,21,0.4,0,6,0.0,0,0,0.0,0,0,0.0,0,0,0.0,0,0,0.0,0,0,0.0,0,0,0.0,0,0,0.0,0,0,0.0,0,0,0.0,0,0,0.0,0,0,0.0,0,0,0.0,0,0,0.0,0,0,0.0,0,0,0.0,0,0,0.0,12,21,0.3636,0,0,0.0,0,0,0.0,0,0,0.0,1,11,0.0833,16,29,0.3556,7,15,0.3182,5,14,0.2632,6,23,0.2069,10,26,0.2778,12,25,0.3243
2026-04-03 21:40:20,test_1756.jpg,136,36,172,0.2093,6,31,32,0,0,0.0,0,0,0.0,0,0,0.0,0,0,0.0,0,0,0.0,0,0,0.0,0,0,0.0,0,0,0.0,0,0,0.0,0,0,0.0,4,17,0.1905,0,0,0.0,0,0,0.0,0,0,0.0,0,0,0.0,0,0,0.0,0,0,0.0,0,0,0.0,0,0,0.0,0,0,0.0,0,0,0.0,7,21,0.25,0,0,0.0,0,0,0.0,0,0,0.0,4,17,0.1905,7,23,0.2333,8,35,0.186,6,23,0.2069,0,0,0.0,0,0,0.0,0,0,0.0
2026-04-03 21:40:20,test_1757.jpg,138,13,151,0.0861,7,31,32,0,0,0.0,0,0,0.0,0,0,0.0,0,0,0.0,0,0,0.0,0,0,0.0,0,0,0.0,0,0,0.0,0,0,0.0,0,0,0.0,2,20,0.0909,0,0,0.0,0,0,0.0,0,0,0.0,0,0,0.0,0,0,0.0,0,0,0.0,0,0,0.0,0,0,0.0,0,0,0.0,0,0,0.0,2,18,0.1,0,0,0.0,0,0,0.0,0,0,0.0,1,20,0.0476,2,20,0.0909,2,18,0.1,2,20,0.0909,2,22,0.0833,0,0,0.0,0,0,0.0
2026-04-03 21:40:20,test_1758.jpg,253,26,279,0.0932,9,31,32,0,0,0.0,0,0,0.0,0,0,0.0,0,0,0.0,0,0,0.0,0,0,0.0,0,0,0.0,0,0,0.0,0,0,0.0,0,0,0.0,0,26,0.0,0,0,0.0,0,0,0.0,0,0,0.0,0,0,0.0,0,0,0.0,0,0,0.0,0,0,0.0,0,0,0.0,0,0,0.0,0,0,0.0,1,23,0.0417,0,0,0.0,0,0,0.0,0,0,0.0,1,28,0.0345,3,24,0.1111,2,27,0.069,5,31,0.1389,5,25,0.1667,5,37,0.119,4,32,0.1111
2026-04-03 21:40:20,test_1759.jpg,179,41,220,0.1864,11,31,32,3,22,0.12,9,29,0.2368,0,0,0.0,0,0,0.0,0,0,0.0,0,0,0.0,0,0,0.0,0,0,0.0,0,0,0.0,0,0,0.0,5,9,0.3571,0,0,0.0,0,0,0.0,0,0,0.0,0,0,0.0,0,0,0.0,0,0,0.0,0,0,0.0,0,0,0.0,0,0,0.0,0,0,0.0,0,14,0.0,0,0,0.0,0,0,0.0,0,0,0.0,4,15,0.2105,0,17,0.0,8,12,0.4,0,13,0.0,6,12,0.3333,2,12,0.1429,4,24,0.1429
2026-04-03 21:40:20,test_176.jpg,296,60,356,0.1685,5,31,32,0,0,0.0,0,0,0.0,0,0,0.0,0,0,0.0,0,0,0.0,0,0,0.0,0,0,0.0,0,0,0.0,0,0,0.0,0,0,0.0,3,35,0.0789,0,0,0.0,0,0,0.0,0,0,0.0,0,0,0.0,0,0,0.0,0,0,0.0,0,0,0.0,0,0,0.0,0,0,0.0,0,0,0.0,15,59,0.2027,0,0,0.0,0,0,0.0,0,0,0.0,14,57,0.1972,20,105,0.16,8,40,0.1667,0,0,0.0,0,0,0.0,0,0,0.0,0,0,0.0
2026-04-03 21:40:20,test_1760.jpg,122,7,129,0.0543,7,31,32,0,0,0.0,0,0,0.0,0,0,0.0,0,0,0.0,0,0,0.0,0,0,0.0,0,0,0.0,0,0,0.0,0,0,0.0,0,0,0.0,1,12,0.0769,0,0,0.0,0,0,0.0,0,0,0.0,0,0,0.0,0,0,0.0,0,0,0.0,0,0,0.0,0,0,0.0,0,0,0.0,0,0,0.0,1,19,0.05,0,0,0.0,0,0,0.0,0,0,0.0,1,15,0.0625,0,18,0.0,1,20,0.0476,2,20,0.0909,1,18,0.0526,0,0,0.0,0,0,0.0
2026-04-03 21:40:20,test_1761.jpg,121,13,134,0.097,6,31,32,0,0,0.0,0,0,0.0,0,0,0.0,0,0,0.0,0,0,0.0,0,0,0.0,0,0,0.0,0,0,0.0,0,0,0.0,0,0,0.0,1,13,0.0714,0,0,0.0,0,0,0.0,0,0,0.0,0,0,0.0,0,0,0.0,0,0,0.0,0,0,0.0,0,0,0.0,0,0,0.0,0,0,0.0,0,14,0.0,0,0,0.0,0,0,0.0,0,0,0.0,0,25,0.0,1,21,0.0455,10,27,0.2703,1,21,0.0455,0,0,0.0,0,0,0.0,0,0,0.0
2026-04-03 21:40:20,test_1762.jpg,103,28,131,0.2137,4,31,32,0,0,0.0,0,0,0.0,0,0,0.0,0,0,0.0,0,0,0.0,0,0,0.0,0,0,0.0,0,0,0.0,0,0,0.0,0,0,0.0,1,23,0.0417,0,0,0.0,0,0,0.0,0,0,0.0,0,0,0.0,0,0,0.0,0,0,0.0,0,0,0.0,0,0,0.0,0,0,0.0,0,0,0.0,0,19,0.0,0,0,0.0,0,0,0.0,0,0,0.0,13,38,0.2549,14,23,0.3784,0,0,0.0,0,0,0.0,0,0,0.0,0,0,0.0,0,0,0.0
2026-04-03 21:40:20,test_1763.jpg,137,13,150,0.0867,7,31,32,0,0,0.0,0,0,0.0,0,0,0.0,0,0,0.0,0,0,0.0,0,0,0.0,0,0,0.0,0,0,0.0,0,0,0.0,0,0,0.0,4,6,0.4,0,0,0.0,0,0,0.0,0,0,0.0,0,0,0.0,0,0,0.0,0,0,0.0,0,0,0.0,0,0,0.0,0,0,0.0,0,0,0.0,2,28,0.0667,0,0,0.0,0,0,0.0,0,0,0.0,1,19,0.05,2,22,0.0833,3,25,0.1071,1,27,0.0357,0,10,0.0,0,0,0.0,0,0,0.0
2026-04-03 21:40:20,test_1764.jpg,121,46,167,0.2754,9,31,32,0,0,0.0,0,0,0.0,0,0,0.0,0,0,0.0,0,0,0.0,0,0,0.0,0,0,0.0,0,0,0.0,0,0,0.0,0,0,0.0,7,18,0.28,0,0,0.0,0,0,0.0,0,0,0.0,0,0,0.0,0,0,0.0,0,0,0.0,0,0,0.0,0,0,0.0,0,0,0.0,0,0,0.0,1,5,0.1667,0,0,0.0,0,0,0.0,0,0,0.0,0,14,0.0,4,12,0.25,1,11,0.0833,0,11,0.0,13,16,0.4483,14,24,0.3684,6,10,0.375
2026-04-03 21:40:20,test_1765.jpg,173,70,243,0.2881,6,31,32,0,0,0.0,0,0,0.0,0,0,0.0,0,0,0.0,0,0,0.0,0,0,0.0,0,0,0.0,0,0,0.0,0,0,0.0,0,0,0.0,8,20,0.2857,0,0,0.0,0,0,0.0,0,0,0.0,0,0,0.0,0,0,0.0,0,0,0.0,0,0,0.0,0,0,0.0,0,0,0.0,0,0,0.0,4,28,0.125,0,0,0.0,0,0,0.0,0,0,0.0,5,31,0.1389,17,28,0.3778,16,38,0.2963,20,28,0.4167,0,0,0.0,0,0,0.0,0,0,0.0
2026-04-03 21:40:20,test_1766.jpg,160,10,170,0.0588,7,31,32,0,0,0.0,0,0,0.0,0,0,0.0,0,0,0.0,0,0,0.0,0,0,0.0,0,0,0.0,0,0,0.0,0,0,0.0,0,0,0.0,0,24,0.0,0,0,0.0,0,0,0.0,0,0,0.0,0,0,0.0,0,0,0.0,0,0,0.0,0,0,0.0,0,0,0.0,0,0,0.0,0,0,0.0,6,19,0.24,0,0,0.0,0,0,0.0,0,0,0.0,0,23,0.0,0,23,0.0,0,24,0.0,3,24,0.1111,1,23,0.0417,0,0,0.0,0,0,0.0
2026-04-03 21:40:20,test_1767.jpg,120,9,129,0.0698,6,31,32,0,0,0.0,0,0,0.0,0,0,0.0,0,0,0.0,0,0,0.0,0,0,0.0,0,0,0.0,0,0,0.0,0,0,0.0,0,0,0.0,1,14,0.0667,0,0,0.0,0,0,0.0,0,0,0.0,0,0,0.0,0,0,0.0,0,0,0.0,0,0,0.0,0,0,0.0,0,0,0.0,0,0,0.0,0,17,0.0,0,0,0.0,0,0,0.0,0,0,0.0,2,22,0.0833,1,21,0.0455,5,30,0.1429,0,16,0.0,0,0,0.0,0,0,0.0,0,0,0.0
2026-04-03 21:40:20,test_1768.jpg,211,26,237,0.1097,4,31,32,0,0,0.0,0,0,0.0,0,0,0.0,0,0,0.0,0,0,0.0,0,0,0.0,0,0,0.0,0,0,0.0,0,0,0.0,0,0,0.0,8,39,0.1702,0,0,0.0,0,0,0.0,0,0,0.0,0,0,0.0,0,0,0.0,0,0,0.0,0,0,0.0,0,0,0.0,0,0,0.0,0,0,0.0,12,53,0.1846,0,0,0.0,0,0,0.0,0,0,0.0,3,65,0.0441,3,54,0.0526,0,0,0.0,0,0,0.0,0,0,0.0,0,0,0.0,0,0,0.0
2026-04-03 21:40:20,test_1769.jpg,151,28,179,0.1564,8,31,32,0,0,0.0,0,0,0.0,0,0,0.0,0,0,0.0,0,0,0.0,0,0,0.0,0,0,0.0,0,0,0.0,0,0,0.0,0,0,0.0,7,29,0.1944,0,0,0.0,0,0,0.0,0,0,0.0,0,0,0.0,0,0,0.0,0,0,0.0,0,0,0.0,0,0,0.0,0,0,0.0,0,0,0.0,1,15,0.0625,0,0,0.0,0,0,0.0,0,0,0.0,2,16,0.1111,2,19,0.0952,6,19,0.24,1,21,0.0455,1,14,0.0667,8,18,0.3077,0,0,0.0
2026-04-03 21:40:20,test_177.jpg,128,7,135,0.0519,6,31,32,0,0,0.0,0,0,0.0,0,0,0.0,0,0,0.0,0,0,0.0,0,0,0.0,0,0,0.0,0,0,0.0,0,0,0.0,0,0,0.0,1,25,0.0385,0,0,0.0,0,0,0.0,0,0,0.0,0,0,0.0,0,0,0.0,0,0,0.0,0,0,0.0,0,0,0.0,0,0,0.0,0,0,0.0,0,21,0.0,0,0,0.0,0,0,0.0,0,0,0.0,1,21,0.0455,0,20,0.0,1,20,0.0476,4,21,0.16,0,0,0.0,0,0,0.0,0,0,0.0
2026-04-03 21:40:20,test_1770.jpg,170,75,245,0.3061,7,31,32,0,0,0.0,0,0,0.0,0,0,0.0,0,0,0.0,0,0,0.0,0,0,0.0,0,0,0.0,0,0,0.0,0,0,0.0,0,0,0.0,0,14,0.0,0,0,0.0,0,0,0.0,0,0,0.0,0,0,0.0,0,0,0.0,0,0,0.0,0,0,0.0,0,0,0.0,0,0,0.0,0,0,0.0,6,31,0.1622,0,0,0.0,0,0,0.0,0,0,0.0,9,16,0.36,16,21,0.4324,9,28,0.2432,18,37,0.3273,17,23,0.425,0,0,0.0,0,0,0.0
2026-04-03 21:40:20,test_1771.jpg,56,25,81,0.3086,4,31,32,0,0,0.0,0,0,0.0,0,0,0.0,0,0,0.0,0,0,0.0,0,0,0.0,0,0,0.0,0,0,0.0,0,0,0.0,0,0,0.0,0,10,0.0,0,0,0.0,0,0,0.0,0,0,0.0,0,0,0.0,0,0,0.0,0,0,0.0,0,0,0.0,0,0,0.0,0,0,0.0,0,0,0.0,3,8,0.2727,0,0,0.0,0,0,0.0,0,0,0.0,6,17,0.2609,16,21,0.4324,0,0,0.0,0,0,0.0,0,0,0.0,0,0,0.0,0,0,0.0
2026-04-03 21:40:20,test_1772.jpg,84,45,129,0.3488,5,31,32,0,0,0.0,0,0,0.0,0,0,0.0,0,0,0.0,0,0,0.0,0,0,0.0,0,0,0.0,0,0,0.0,0,0,0.0,0,0,0.0,0,5,0.0,0,0,0.0,0,0,0.0,0,0,0.0,0,0,0.0,0,0,0.0,0,0,0.0,0,0,0.0,0,0,0.0,0,0,0.0,0,0,0.0,2,16,0.1111,0,0,0.0,0,0,0.0,0,0,0.0,18,34,0.3462,13,14,0.4815,12,15,0.4444,0,0,0.0,0,0,0.0,0,0,0.0,0,0,0.0
2026-04-03 21:40:20,test_1773.jpg,138,29,167,0.1737,10,31,32,5,15,0.25,0,0,0.0,0,0,0.0,0,0,0.0,0,0,0.0,0,0,0.0,0,0,0.0,0,0,0.0,0,0,0.0,0,0,0.0,1,8,0.1111,0,0,0.0,0,0,0.0,0,0,0.0,0,0,0.0,0,0,0.0,0,0,0.0,0,0,0.0,0,0,0.0,0,0,0.0,0,0,0.0,2,16,0.1111,0,0,0.0,0,0,0.0,0,0,0.0,3,15,0.1667,0,9,0.0,3,13,0.1875,8,12,0.4,5,17,0.2273,1,19,0.05,1,14,0.0667
2026-04-03 21:40:20,test_1774.jpg,112,22,134,0.1642,5,31,32,0,0,0.0,0,0,0.0,0,0,0.0,0,0,0.0,0,0,0.0,0,0,0.0,0,0,0.0,0,0,0.0,0,0,0.0,0,0,0.0,0,14,0.0,0,0,0.0,0,0,0.0,0,0,0.0,0,0,0.0,0,0,0.0,0,0,0.0,0,0,0.0,0,0,0.0,0,0,0.0,0,0,0.0,0,16,0.0,0,0,0.0,0,0,0.0,0,0,0.0,0,13,0.0,13,49,0.2097,9,20,0.3103,0,0,0.0,0,0,0.0,0,0,0.0,0,0,0.0
2026-04-03 21:40:20,test_1775.jpg,134,31,165,0.1879,8,31,32,0,0,0.0,0,0,0.0,0,0,0.0,0,0,0.0,0,0,0.0,0,0,0.0,0,0,0.0,0,0,0.0,0,0,0.0,0,0,0.0,3,8,0.2727,0,0,0.0,0,0,0.0,0,0,0.0,0,0,0.0,0,0,0.0,0,0,0.0,0,0,0.0,0,0,0.0,0,0,0.0,0,0,0.0,16,42,0.2759,0,0,0.0,0,0,0.0,0,0,0.0,3,14,0.1765,0,10,0.0,0,14,0.0,0,17,0.0,9,29,0.2368,0,0,0.0,0,0,0.0
2026-04-03 21:40:20,test_1776.jpg,245,38,283,0.1343,3,31,32,0,0,0.0,0,0,0.0,0,0,0.0,0,0,0.0,0,0,0.0,0,0,0.0,0,0,0.0,0,0,0.0,0,0,0.0,0,0,0.0,12,71,0.1446,0,0,0.0,0,0,0.0,0,0,0.0,0,0,0.0,0,0,0.0,0,0,0.0,0,0,0.0,0,0,0.0,0,0,0.0,0,0,0.0,26,109,0.1926,0,0,0.0,0,0,0.0,0,0,0.0,0,65,0.0,0,0,0.0,0,0,0.0,0,0,0.0,0,0,0.0,0,0,0.0,0,0,0.0
2026-04-03 21:40:20,test_1777.jpg,173,100,273,0.3663,3,31,32,0,0,0.0,0,0,0.0,0,0,0.0,0,0,0.0,0,0,0.0,0,0,0.0,0,0,0.0,0,0,0.0,0,0,0.0,0,0,0.0,0,22,0.0,0,0,0.0,0,0,0.0,0,0,0.0,0,0,0.0,0,0,0.0,0,0,0.0,0,0,0.0,0,0,0.0,0,0,0.0,0,0,0.0,47,98,0.3241,0,0,0.0,0,0,0.0,0,0,0.0,53,53,0.5,0,0,0.0,0,0,0.0,0,0,0.0,0,0,0.0,0,0,0.0,0,0,0.0
2026-04-03 21:40:20,test_1778.jpg,110,9,119,0.0756,11,31,32,4,15,0.2105,0,10,0.0,0,0,0.0,0,0,0.0,0,0,0.0,0,0,0.0,0,0,0.0,0,0,0.0,0,0,0.0,0,0,0.0,0,3,0.0,0,0,0.0,0,0,0.0,0,0,0.0,0,0,0.0,0,0,0.0,0,0,0.0,0,0,0.0,0,0,0.0,0,0,0.0,0,0,0.0,0,22,0.0,0,0,0.0,0,0,0.0,0,0,0.0,0,12,0.0,0,12,0.0,0,0,0.0,2,9,0.1818,0,12,0.0,2,7,0.2222,1,8,0.1111
2026-04-03 21:40:20,test_1779.jpg,163,35,198,0.1768,8,31,32,0,0,0.0,0,0,0.0,0,0,0.0,0,0,0.0,0,0,0.0,0,0,0.0,0,0,0.0,0,0,0.0,0,0,0.0,0,0,0.0,5,21,0.1923,0,0,0.0,0,0,0.0,0,0,0.0,0,0,0.0,0,0,0.0,0,0,0.0,0,0,0.0,0,0,0.0,0,0,0.0,0,0,0.0,0,18,0.0,0,0,0.0,0,0,0.0,0,0,0.0,4,16,0.2,2,23,0.08,3,23,0.1154,1,14,0.0667,3,19,0.1364,17,29,0.3696,0,0,0.0
2026-04-03 21:40:20,test_1780.jpg,246,68,314,0.2166,10,31,32,0,0,0.0,0,0,0.0,0,0,0.0,0,0,0.0,0,0,0.0,0,0,0.0,0,0,0.0,0,0,0.0,0,0,0.0,0,0,0.0,14,26,0.35,0,0,0.0,0,0,0.0,0,0,0.0,0,0,0.0,0,0,0.0,0,0,0.0,0,0,0.0,0,0,0.0,0,0,0.0,0,0,0.0,2,16,0.1111,0,0,0.0,0,0,0.0,0,0,0.0,0,22,0.0,3,30,0.0909,6,30,0.1667,13,35,0.2708,14,34,0.2917,9,34,0.2093,7,19,0.2692
2026-04-03 21:40:20,test_1781.jpg,138,22,160,0.1375,7,31,32,0,0,0.0,0,0,0.0,0,0,0.0,0,0,0.0,0,0,0.0,0,0,0.0,0,0,0.0,0,0,0.0,0,0,0.0,0,0,0.0,4,14,0.2222,0,0,0.0,0,0,0.0,0,0,0.0,0,0,0.0,0,0,0.0,0,0,0.0,0,0,0.0,0,0,0.0,0,0,0.0,0,0,0.0,1,13,0.0714,0,0,0.0,0,0,0.0,0,0,0.0,3,18,0.1429,6,22,0.2143,5,31,0.1389,3,25,0.1071,0,15,0.0,0,0,0.0,0,0,0.0
2026-04-03 21:40:20,test_1782.jpg,148,26,174,0.1494,6,31,32,0,0,0.0,0,0,0.0,0,0,0.0,0,0,0.0,0,0,0.0,0,0,0.0,0,0,0.0,0,0,0.0,0,0,0.0,0,0,0.0,10,41,0.1961,0,0,0.0,0,0,0.0,0,0,0.0,0,0,0.0,0,0,0.0,0,0,0.0,0,0,0.0,0,0,0.0,0,0,0.0,0,0,0.0,3,21,0.125,0,0,0.0,0,0,0.0,0,0,0.0,2,19,0.0952,2,20,0.0909,1,25,0.0385,8,22,0.2667,0,0,0.0,0,0,0.0,0,0,0.0
2026-04-03 21:40:20,test_1783.jpg,151,25,176,0.142,7,31,32,0,0,0.0,0,0,0.0,0,0,0.0,0,0,0.0,0,0,0.0,0,0,0.0,0,0,0.0,0,0,0.0,0,0,0.0,0,0,0.0,2,17,0.1053,0,0,0.0,0,0,0.0,0,0,0.0,0,0,0.0,0,0,0.0,0,0,0.0,0,0,0.0,0,0,0.0,0,0,0.0,0,0,0.0,9,27,0.25,0,0,0.0,0,0,0.0,0,0,0.0,3,18,0.1429,3,20,0.1304,3,25,0.1071,3,26,0.1034,2,18,0.1,0,0,0.0,0,0,0.0
2026-04-03 21:40:20,test_1784.jpg,133,38,171,0.2222,8,31,32,0,0,0.0,0,0,0.0,0,0,0.0,0,0,0.0,0,0,0.0,0,0,0.0,0,0,0.0,0,0,0.0,0,0,0.0,0,0,0.0,3,16,0.1579,0,0,0.0,0,0,0.0,0,0,0.0,0,0,0.0,0,0,0.0,0,0,0.0,0,0,0.0,0,0,0.0,0,0,0.0,0,0,0.0,6,13,0.3158,0,0,0.0,0,0,0.0,0,0,0.0,5,16,0.2381,11,22,0.3333,3,15,0.1667,3,15,0.1667,2,17,0.1053,5,19,0.2083,0,0,0.0
2026-04-03 21:40:20,test_1785.jpg,121,14,135,0.1037,6,31,32,0,0,0.0,0,0,0.0,0,0,0.0,0,0,0.0,0,0,0.0,0,0,0.0,0,0,0.0,0,0,0.0,0,0,0.0,0,0,0.0,3,18,0.1429,0,0,0.0,0,0,0.0,0,0,0.0,0,0,0.0,0,0,0.0,0,0,0.0,0,0,0.0,0,0,0.0,0,0,0.0,0,0,0.0,0,15,0.0,0,0,0.0,0,0,0.0,0,0,0.0,1,18,0.0526,1,22,0.0435,0,21,0.0,9,27,0.25,0,0,0.0,0,0,0.0,0,0,0.0
2026-04-03 21:40:20,test_1786.jpg,239,50,289,0.173,5,31,32,0,0,0.0,0,0,0.0,0,0,0.0,0,0,0.0,0,0,0.0,0,0,0.0,0,0,0.0,0,0,0.0,0,0,0.0,0,0,0.0,0,32,0.0,0,0,0.0,0,0,0.0,0,0,0.0,0,0,0.0,0,0,0.0,0,0,0.0,0,0,0.0,0,0,0.0,0,0,0.0,0,0,0.0,1,33,0.0294,0,0,0.0,0,0,0.0,0,0,0.0,6,72,0.0769,15,71,0.1744,28,31,0.4746,0,0,0.0,0,0,0.0,0,0,0.0,0,0,0.0
2026-04-03 21:40:20,test_1787.jpg,142,34,176,0.1932,8,31,32,0,0,0.0,0,0,0.0,0,0,0.0,0,0,0.0,0,0,0.0,0,0,0.0,0,0,0.0,0,0,0.0,0,0,0.0,0,0,0.0,3,13,0.1875,0,0,0.0,0,0,0.0,0,0,0.0,0,0,0.0,0,0,0.0,0,0,0.0,0,0,0.0,0,0,0.0,0,0,0.0,0,0,0.0,3,17,0.15,0,0,0.0,0,0,0.0,0,0,0.0,6,16,0.2727,6,19,0.24,5,14,0.2632,1,18,0.0526,5,35,0.125,5,10,0.3333,0,0,0.0
2026-04-03 21:40:20,test_1788.jpg,129,30,159,0.1887,5,31,32,0,0,0.0,0,0,0.0,0,0,0.0,0,0,0.0,0,0,0.0,0,0,0.0,0,0,0.0,0,0,0.0,0,0,0.0,0,0,0.0,14,31,0.3111,0,0,0.0,0,0,0.0,0,0,0.0,0,0,0.0,0,0,0.0,0,0,0.0,0,0,0.0,0,0,0.0,0,0,0.0,0,0,0.0,3,29,0.0938,0,0,0.0,0,0,0.0,0,0,0.0,5,21,0.1923,5,31,0.1389,3,17,0.15,0,0,0.0,0,0,0.0,0,0,0.0,0,0,0.0
2026-04-03 21:40:20,test_1789.jpg,154,30,184,0.163,9,31,32,0,0,0.0,0,0,0.0,0,0,0.0,0,0,0.0,0,0,0.0,0,0,0.0,0,0,0.0,0,0,0.0,0,0,0.0,0,0,0.0,5,13,0.2778,0,0,0.0,0,0,0.0,0,0,0.0,0,0,0.0,0,0,0.0,0,0,0.0,0,0,0.0,0,0,0.0,0,0,0.0,0,0,0.0,6,16,0.2727,0,0,0.0,0,0,0.0,0,0,0.0,4,19,0.1739,1,17,0.0556,1,11,0.0833,4,22,0.1538,5,21,0.1923,4,20,0.1667,0,15,0.0
2026-04-03 21:40:20,test_179.jpg,150,102,252,0.4048,4,31,32,0,0,0.0,0,0,0.0,0,0,0.0,0,0,0.0,0,0,0.0,0,0,0.0,0,0,0.0,0,0,0.0,0,0,0.0,0,0,0.0,3,28,0.0968,0,0,0.0,0,0,0.0,0,0,0.0,0,0,0.0,0,0,0.0,0,0,0.0,0,0,0.0,0,0,0.0,0,0,0.0,0,0,0.0,18,48,0.2727,0,0,0.0,0,0,0.0,0,0,0.0,62,50,0.5536,19,24,0.4419,0,0,0.0,0,0,0.0,0,0,0.0,0,0,0.0,0,0,0.0
2026-04-03 21:40:20,test_1790.jpg,153,58,211,0.2749,7,31,32,0,0,0.0,0,0,0.0,0,0,0.0,0,0,0.0,0,0,0.0,0,0,0.0,0,0,0.0,0,0,0.0,0,0,0.0,0,0,0.0,7,13,0.35,0,0,0.0,0,0,0.0,0,0,0.0,0,0,0.0,0,0,0.0,0,0,0.0,0,0,0.0,0,0,0.0,0,0,0.0,0,0,0.0,8,28,0.2222,0,0,0.0,0,0,0.0,0,0,0.0,7,20,0.2593,9,17,0.3462,10,29,0.2564,14,31,0.3111,3,15,0.1667,0,0,0.0,0,0,0.0
2026-04-03 21:40:20,test_1791.jpg,165,148,313,0.4728,8,31,32,0,0,0.0,0,0,0.0,0,0,0.0,0,0,0.0,0,0,0.0,0,0,0.0,0,0,0.0,0,0,0.0,0,0,0.0,0,0,0.0,8,29,0.2162,0,0,0.0,0,0,0.0,0,0,0.0,0,0,0.0,0,0,0.0,0,0,0.0,0,0,0.0,0,0,0.0,0,0,0.0,0,0,0.0,20,27,0.4255,0,0,0.0,0,0,0.0,0,0,0.0,13,23,0.3611,19,22,0.4634,22,14,0.6111,19,17,0.5278,25,17,0.5952,22,16,0.5789,0,0,0.0
2026-04-03 21:40:20,test_1792.jpg,122,32,154,0.2078,6,31,32,0,0,0.0,0,0,0.0,0,0,0.0,0,0,0.0,0,0,0.0,0,0,0.0,0,0,0.0,0,0,0.0,0,0,0.0,0,0,0.0,6,17,0.2609,0,0,0.0,0,0,0.0,0,0,0.0,0,0,0.0,0,0,0.0,0,0,0.0,0,0,0.0,0,0,0.0,0,0,0.0,0,0,0.0,3,25,0.1071,0,0,0.0,0,0,0.0,0,0,0.0,8,31,0.2051,5,14,0.2632,2,18,0.1,8,17,0.32,0,0,0.0,0,0,0.0,0,0,0.0
2026-04-03 21:40:20,test_1793.jpg,146,16,162,0.0988,7,31,32,0,0,0.0,0,0,0.0,0,0,0.0,0,0,0.0,0,0,0.0,0,0,0.0,0,0,0.0,0,0,0.0,0,0,0.0,0,0,0.0,3,22,0.12,0,0,0.0,0,0,0.0,0,0,0.0,0,0,0.0,0,0,0.0,0,0,0.0,0,0,0.0,0,0,0.0,0,0,0.0,0,0,0.0,1,17,0.0556,0,0,0.0,0,0,0.0,0,0,0.0,3,20,0.1304,1,23,0.0417,4,23,0.1481,4,26,0.1333,0,15,0.0,0,0,0.0,0,0,0.0
2026-04-03 21:40:20,test_1794.jpg,146,31,177,0.1751,7,31,32,0,0,0.0,0,0,0.0,0,0,0.0,0,0,0.0,0,0,0.0,0,0,0.0,0,0,0.0,0,0,0.0,0,0,0.0,0,0,0.0,5,19,0.2083,0,0,0.0,0,0,0.0,0,0,0.0,0,0,0.0,0,0,0.0,0,0,0.0,0,0,0.0,0,0,0.0,0,0,0.0,0,0,0.0,4,27,0.129,0,0,0.0,0,0,0.0,0,0,0.0,3,15,0.1667,2,19,0.0952,1,19,0.05,6,23,0.2069,10,24,0.2941,0,0,0.0,0,0,0.0
2026-04-03 21:40:20,test_1795.jpg,153,7,160,0.0437,6,31,32,0,0,0.0,0,0,0.0,0,0,0.0,0,0,0.0,0,0,0.0,0,0,0.0,0,0,0.0,0,0,0.0,0,0,0.0,0,0,0.0,1,26,0.037,0,0,0.0,0,0,0.0,0,0,0.0,0,0,0.0,0,0,0.0,0,0,0.0,0,0,0.0,0,0,0.0,0,0,0.0,0,0,0.0,3,23,0.1154,0,0,0.0,0,0,0.0,0,0,0.0,0,24,0.0,0,26,0.0,0,26,0.0,3,28,0.0968,0,0,0.0,0,0,0.0,0,0,0.0
2026-04-03 21:40:20,test_1797.jpg,130,5,135,0.037,9,31,32,0,0,0.0,0,0,0.0,0,0,0.0,0,0,0.0,0,0,0.0,0,0,0.0,0,0,0.0,0,0,0.0,0,0,0.0,0,0,0.0,1,13,0.0714,0,0,0.0,0,0,0.0,0,0,0.0,0,0,0.0,0,0,0.0,0,0,0.0,0,0,0.0,0,0,0.0,0,0,0.0,0,0,0.0,0,16,0.0,0,0,0.0,0,0,0.0,0,0,0.0,2,16,0.1111,0,17,0.0,1,18,0.0526,1,15,0.0625,0,18,0.0,0,15,0.0,0,2,0.0
2026-04-03 21:40:20,test_1798.jpg,169,39,208,0.1875,5,31,32,0,0,0.0,0,0,0.0,0,0,0.0,0,0,0.0,0,0,0.0,0,0,0.0,0,0,0.0,0,0,0.0,0,0,0.0,0,0,0.0,5,23,0.1786,0,0,0.0,0,0,0.0,0,0,0.0,0,0,0.0,0,0,0.0,0,0,0.0,0,0,0.0,0,0,0.0,0,0,0.0,0,0,0.0,10,48,0.1724,0,0,0.0,0,0,0.0,0,0,0.0,7,26,0.2121,9,42,0.1765,8,30,0.2105,0,0,0.0,0,0,0.0,0,0,0.0,0,0,0.0
2026-04-03 21:40:20,test_1799.jpg,130,41,171,0.2398,7,31,32,0,0,0.0,0,0,0.0,0,0,0.0,0,0,0.0,0,0,0.0,0,0,0.0,0,0,0.0,0,0,0.0,0,0,0.0,0,0,0.0,0,1,0.0,0,0,0.0,0,0,0.0,0,0,0.0,0,0,0.0,0,0,0.0,0,0,0.0,0,0,0.0,0,0,0.0,0,0,0.0,0,0,0.0,6,30,0.1667,0,0,0.0,0,0,0.0,0,0,0.0,0,21,0.0,3,12,0.2,8,19,0.2963,13,24,0.3514,11,23,0.3235,0,0,0.0,0,0,0.0
2026-04-03 21:40:20,test_18.jpg,121,41,162,0.2531,8,31,32,0,0,0.0,0,0,0.0,0,0,0.0,0,0,0.0,0,0,0.0,0,0,0.0,0,0,0.0,0,0,0.0,0,0,0.0,0,0,0.0,4,19,0.1739,0,0,0.0,0,0,0.0,0,0,0.0,0,0,0.0,0,0,0.0,0,0,0.0,0,0,0.0,0,0,0.0,0,0,0.0,0,0,0.0,1,16,0.0588,0,0,0.0,0,0,0.0,0,0,0.0,0,10,0.0,0,14,0.0,2,17,0.1053,20,21,0.4878,6,11,0.3529,8,13,0.381,0,0,0.0
2026-04-03 21:40:20,test_180.jpg,97,14,111,0.1261,6,31,32,0,0,0.0,0,0,0.0,0,0,0.0,0,0,0.0,0,0,0.0,0,0,0.0,0,0,0.0,0,0,0.0,0,0,0.0,0,0,0.0,0,16,0.0,0,0,0.0,0,0,0.0,0,0,0.0,0,0,0.0,0,0,0.0,0,0,0.0,0,0,0.0,0,0,0.0,0,0,0.0,0,0,0.0,3,13,0.1875,0,0,0.0,0,0,0.0,0,0,0.0,1,10,0.0909,2,21,0.087,3,20,0.1304,5,17,0.2273,0,0,0.0,0,0,0.0,0,0,0.0
2026-04-03 21:40:20,test_1800.jpg,112,24,136,0.1765,6,31,32,0,0,0.0,0,0,0.0,0,0,0.0,0,0,0.0,0,0,0.0,0,0,0.0,0,0,0.0,0,0,0.0,0,0,0.0,0,0,0.0,0,15,0.0,0,0,0.0,0,0,0.0,0,0,0.0,0,0,0.0,0,0,0.0,0,0,0.0,0,0,0.0,0,0,0.0,0,0,0.0,0,0,0.0,1,11,0.0833,0,0,0.0,0,0,0.0,0,0,0.0,3,21,0.125,8,24,0.25,7,25,0.2188,5,16,0.2381,0,0,0.0,0,0,0.0,0,0,0.0
2026-04-03 21:40:20,test_1801.jpg,144,29,173,0.1676,4,31,32,0,0,0.0,0,0,0.0,0,0,0.0,0,0,0.0,0,0,0.0,0,0,0.0,0,0,0.0,0,0,0.0,0,0,0.0,0,0,0.0,2,29,0.0645,0,0,0.0,0,0,0.0,0,0,0.0,0,0,0.0,0,0,0.0,0,0,0.0,0,0,0.0,0,0,0.0,0,0,0.0,0,0,0.0,6,39,0.1333,0,0,0.0,0,0,0.0,0,0,0.0,8,50,0.1379,13,26,0.3333,0,0,0.0,0,0,0.0,0,0,0.0,0,0,0.0,0,0,0.0
2026-04-03 21:40:20,test_1802.jpg,232,49,281,0.1744,15,31,32,0,10,0.0,2,12,0.1429,3,9,0.25,1,13,0.0714,2,15,0.1176,8,21,0.2759,0,0,0.0,0,0,0.0,0,0,0.0,0,0,0.0,7,16,0.3043,0,0,0.0,0,0,0.0,0,0,0.0,0,0,0.0,0,0,0.0,0,0,0.0,0,0,0.0,0,0,0.0,0,0,0.0,0,0,0.0,6,21,0.2222,0,0,0.0,0,0,0.0,0,0,0.0,5,20,0.2,3,12,0.2,3,18,0.1429,4,19,0.1739,2,15,0.1176,1,18,0.0526,2,13,0.1333
2026-04-03 21:40:20,test_1803.jpg,172,50,222,0.2252,9,31,32,0,0,0.0,0,0,0.0,0,0,0.0,0,0,0.0,0,0,0.0,0,0,0.0,0,0,0.0,0,0,0.0,0,0,0.0,0,0,0.0,4,10,0.2857,0,0,0.0,0,0,0.0,0,0,0.0,0,0,0.0,0,0,0.0,0,0,0.0,0,0,0.0,0,0,0.0,0,0,0.0,0,0,0.0,2,5,0.2857,0,0,0.0,0,0,0.0,0,0,0.0,5,25,0.1667,4,47,0.0784,13,29,0.3095,9,15,0.375,4,16,0.2,4,12,0.25,5,13,0.2778
2026-04-03 21:40:20,test_1804.jpg,108,45,153,0.2941,4,31,32,0,0,0.0,0,0,0.0,0,0,0.0,0,0,0.0,0,0,0.0,0,0,0.0,0,0,0.0,0,0,0.0,0,0,0.0,0,0,0.0,1,9,0.1,0,0,0.0,0,0,0.0,0,0,0.0,0,0,0.0,0,0,0.0,0,0,0.0,0,0,0.0,0,0,0.0,0,0,0.0,0,0,0.0,16,42,0.2759,0,0,0.0,0,0,0.0,0,0,0.0,15,37,0.2885,13,20,0.3939,0,0,0.0,0,0,0.0,0,0,0.0,0,0,0.0,0,0,0.0
2026-04-03 21:40:20,test_1805.jpg,164,70,234,0.2991,12,31,32,6,23,0.2069,12,11,0.5217,3,16,0.1579,0,0,0.0,0,0,0.0,0,0,0.0,0,0,0.0,0,0,0.0,0,0,0.0,0,0,0.0,7,16,0.3043,0,0,0.0,0,0,0.0,0,0,0.0,0,0,0.0,0,0,0.0,0,0,0.0,0,0,0.0,0,0,0.0,0,0,0.0,0,0,0.0,4,7,0.3636,0,0,0.0,0,0,0.0,0,0,0.0,2,13,0.1333,5,12,0.2941,0,11,0.0,10,20,0.3333,5,9,0.3571,6,10,0.375,10,16,0.3846
2026-04-03 21:40:20,test_1806.jpg,119,35,154,0.2273,4,31,32,0,0,0.0,0,0,0.0,0,0,0.0,0,0,0.0,0,0,0.0,0,0,0.0,0,0,0.0,0,0,0.0,0,0,0.0,0,0,0.0,12,26,0.3158,0,0,0.0,0,0,0.0,0,0,0.0,0,0,0.0,0,0,0.0,0,0,0.0,0,0,0.0,0,0,0.0,0,0,0.0,0,0,0.0,3,35,0.0789,0,0,0.0,0,0,0.0,0,0,0.0,8,32,0.2,12,26,0.3158,0,0,0.0,0,0,0.0,0,0,0.0,0,0,0.0,0,0,0.0
2026-04-03 21:40:20,test_1807.jpg,137,55,192,0.2865,7,31,32,0,0,0.0,0,0,0.0,0,0,0.0,0,0,0.0,0,0,0.0,0,0,0.0,0,0,0.0,0,0,0.0,0,0,0.0,0,0,0.0,0,0,0.0,0,0,0.0,0,0,0.0,0,0,0.0,0,0,0.0,0,0,0.0,0,0,0.0,0,0,0.0,0,0,0.0,0,0,0.0,0,0,0.0,2,16,0.1111,0,0,0.0,0,0,0.0,0,0,0.0,3,11,0.2143,3,28,0.0968,8,26,0.2353,39,56,0.4105,0,0,0.0,0,0,0.0,0,0,0.0
2026-04-03 21:40:20,test_1808.jpg,202,38,240,0.1583,8,31,32,0,0,0.0,0,0,0.0,0,0,0.0,0,0,0.0,0,0,0.0,0,0,0.0,0,0,0.0,0,0,0.0,0,0,0.0,0,0,0.0,1,5,0.1667,0,0,0.0,0,0,0.0,0,0,0.0,0,0,0.0,0,0,0.0,0,0,0.0,0,0,0.0,0,0,0.0,0,0,0.0,0,0,0.0,2,33,0.0571,0,0,0.0,0,0,0.0,0,0,0.0,6,31,0.1622,2,21,0.087,2,29,0.0645,14,45,0.2373,11,31,0.2619,0,7,0.0,0,0,0.0
2026-04-03 21:40:20,test_1809.jpg,170,83,253,0.3281,5,31,32,0,0,0.0,0,0,0.0,0,0,0.0,0,0,0.0,0,0,0.0,0,0,0.0,0,0,0.0,0,0,0.0,0,0,0.0,0,0,0.0,1,22,0.0435,0,0,0.0,0,0,0.0,0,0,0.0,0,0,0.0,0,0,0.0,0,0,0.0,0,0,0.0,0,0,0.0,0,0,0.0,0,0,0.0,14,42,0.25,0,0,0.0,0,0,0.0,0,0,0.0,21,36,0.3684,28,36,0.4375,19,34,0.3585,0,0,0.0,0,0,0.0,0,0,0.0,0,0,0.0
2026-04-03 21:40:20,test_181.jpg,138,19,157,0.121,6,31,32,0,0,0.0,0,0,0.0,0,0,0.0,0,0,0.0,0,0,0.0,0,0,0.0,0,0,0.0,0,0,0.0,0,0,0.0,0,0,0.0,2,19,0.0952,0,0,0.0,0,0,0.0,0,0,0.0,0,0,0.0,0,0,0.0,0,0,0.0,0,0,0.0,0,0,0.0,0,0,0.0,0,0,0.0,0,19,0.0,0,0,0.0,0,0,0.0,0,0,0.0,5,19,0.2083,4,18,0.1818,6,32,0.1579,2,31,0.0606,0,0,0.0,0,0,0.0,0,0,0.0
2026-04-03 21:40:20,test_1810.jpg,133,22,155,0.1419,12,31,32,0,10,0.0,2,21,0.087,0,0,0.0,0,0,0.0,0,0,0.0,0,0,0.0,0,0,0.0,0,0,0.0,0,0,0.0,0,0,0.0,1,2,0.3333,0,0,0.0,0,0,0.0,0,0,0.0,0,0,0.0,0,0,0.0,0,0,0.0,0,0,0.0,0,0,0.0,0,0,0.0,0,0,0.0,6,22,0.2143,0,0,0.0,0,0,0.0,0,0,0.0,0,10,0.0,3,12,0.2,3,9,0.25,0,11,0.0,2,14,0.125,5,14,0.2632,0,8,0.0
2026-04-03 21:40:20,test_1811.jpg,149,42,191,0.2199,7,31,32,0,0,0.0,0,0,0.0,0,0,0.0,0,0,0.0,0,0,0.0,0,0,0.0,0,0,0.0,0,0,0.0,0,0,0.0,0,0,0.0,4,20,0.1667,0,0,0.0,0,0,0.0,0,0,0.0,0,0,0.0,0,0,0.0,0,0,0.0,0,0,0.0,0,0,0.0,0,0,0.0,0,0,0.0,13,23,0.3611,0,0,0.0,0,0,0.0,0,0,0.0,1,16,0.0588,1,18,0.0526,1,16,0.0588,14,37,0.2745,8,19,0.2963,0,0,0.0,0,0,0.0
2026-04-03 21:40:20,test_1812.jpg,183,124,307,0.4039,5,31,32,0,0,0.0,0,0,0.0,0,0,0.0,0,0,0.0,0,0,0.0,0,0,0.0,0,0,0.0,0,0,0.0,0,0,0.0,0,0,0.0,1,16,0.0588,0,0,0.0,0,0,0.0,0,0,0.0,0,0,0.0,0,0,0.0,0,0,0.0,0,0,0.0,0,0,0.0,0,0,0.0,0,0,0.0,1,33,0.0294,0,0,0.0,0,0,0.0,0,0,0.0,12,51,0.1905,67,56,0.5447,43,27,0.6143,0,0,0.0,0,0,0.0,0,0,0.0,0,0,0.0
2026-04-03 21:40:20,test_1813.jpg,127,18,145,0.1241,5,31,32,0,0,0.0,0,0,0.0,0,0,0.0,0,0,0.0,0,0,0.0,0,0,0.0,0,0,0.0,0,0,0.0,0,0,0.0,0,0,0.0,1,24,0.04,0,0,0.0,0,0,0.0,0,0,0.0,0,0,0.0,0,0,0.0,0,0,0.0,0,0,0.0,0,0,0.0,0,0,0.0,0,0,0.0,0,22,0.0,0,0,0.0,0,0,0.0,0,0,0.0,2,25,0.0741,9,35,0.2045,6,21,0.2222,0,0,0.0,0,0,0.0,0,0,0.0,0,0,0.0
2026-04-03 21:40:20,test_1814.jpg,134,20,154,0.1299,7,31,32,0,0,0.0,0,0,0.0,0,0,0.0,0,0,0.0,0,0,0.0,0,0,0.0,0,0,0.0,0,0,0.0,0,0,0.0,0,0,0.0,0,1,0.0,0,0,0.0,0,0,0.0,0,0,0.0,0,0,0.0,0,0,0.0,0,0,0.0,0,0,0.0,0,0,0.0,0,0,0.0,0,0,0.0,3,35,0.0789,0,0,0.0,0,0,0.0,0,0,0.0,0,24,0.0,3,18,0.1429,11,18,0.3793,2,29,0.0645,1,9,0.1,0,0,0.0,0,0,0.0
2026-04-03 21:40:20,test_1815.jpg,136,52,188,0.2766,7,31,32,0,0,0.0,0,0,0.0,0,0,0.0,0,0,0.0,0,0,0.0,0,0,0.0,0,0,0.0,0,0,0.0,0,0,0.0,0,0,0.0,0,13,0.0,0,0,0.0,0,0,0.0,0,0,0.0,0,0,0.0,0,0,0.0,0,0,0.0,0,0,0.0,0,0,0.0,0,0,0.0,0,0,0.0,6,20,0.2308,0,0,0.0,0,0,0.0,0,0,0.0,3,25,0.1071,5,24,0.1724,11,17,0.3929,18,17,0.5143,9,20,0.3103,0,0,0.0,0,0,0.0
2026-04-03 21:40:20,test_1816.jpg,113,41,154,0.2662,7,31,32,0,0,0.0,0,0,0.0,0,0,0.0,0,0,0.0,0,0,0.0,0,0,0.0,0,0,0.0,0,0,0.0,0,0,0.0,0,0,0.0,7,15,0.3182,0,0,0.0,0,0,0.0,0,0,0.0,0,0,0.0,0,0,0.0,0,0,0.0,0,0,0.0,0,0,0.0,0,0,0.0,0,0,0.0,2,21,0.087,0,0,0.0,0,0,0.0,0,0,0.0,1,16,0.0588,4,14,0.2222,7,16,0.3043,11,17,0.3929,9,14,0.3913,0,0,0.0,0,0,0.0
2026-04-03 21:40:20,test_1817.jpg,158,9,167,0.0539,11,31,32,4,28,0.125,0,4,0.0,0,0,0.0,0,0,0.0,0,0,0.0,0,0,0.0,0,0,0.0,0,0,0.0,0,0,0.0,0,0,0.0,0,7,0.0,0,0,0.0,0,0,0.0,0,0,0.0,0,0,0.0,0,0,0.0,0,0,0.0,0,0,0.0,0,0,0.0,0,0,0.0,0,0,0.0,1,31,0.0312,0,0,0.0,0,0,0.0,0,0,0.0,1,16,0.0588,1,13,0.0714,0,10,0.0,1,18,0.0526,1,17,0.0556,0,7,0.0,0,7,0.0
2026-04-03 21:40:20,test_1818.jpg,177,25,202,0.1238,8,31,32,0,0,0.0,0,0,0.0,0,0,0.0,0,0,0.0,0,0,0.0,0,0,0.0,0,0,0.0,0,0,0.0,0,0,0.0,0,0,0.0,3,16,0.1579,0,0,0.0,0,0,0.0,0,0,0.0,0,0,0.0,0,0,0.0,0,0,0.0,0,0,0.0,0,0,0.0,0,0,0.0,0,0,0.0,0,23,0.0,0,0,0.0,0,0,0.0,0,0,0.0,2,20,0.0909,5,38,0.1163,5,16,0.2381,8,27,0.2286,2,33,0.0571,0,4,0.0,0,0,0.0
2026-04-03 21:40:20,test_1819.jpg,111,3,114,0.0263,8,31,32,0,0,0.0,0,0,0.0,0,0,0.0,0,0,0.0,0,0,0.0,0,0,0.0,0,0,0.0,0,0,0.0,0,0,0.0,0,0,0.0,1,10,0.0909,0,0,0.0,0,0,0.0,0,0,0.0,0,0,0.0,0,0,0.0,0,0,0.0,0,0,0.0,0,0,0.0,0,0,0.0,0,0,0.0,2,7,0.2222,0,0,0.0,0,0,0.0,0,0,0.0,0,21,0.0,0,16,0.0,0,14,0.0,0,14,0.0,0,14,0.0,0,15,0.0,0,0,0.0
2026-04-03 21:40:20,test_182.jpg,136,3,139,0.0216,6,31,32,0,0,0.0,0,0,0.0,0,0,0.0,0,0,0.0,0,0,0.0,0,0,0.0,0,0,0.0,0,0,0.0,0,0,0.0,0,0,0.0,0,22,0.0,0,0,0.0,0,0,0.0,0,0,0.0,0,0,0.0,0,0,0.0,0,0,0.0,0,0,0.0,0,0,0.0,0,0,0.0,0,0,0.0,1,26,0.037,0,0,0.0,0,0,0.0,0,0,0.0,1,23,0.0417,0,23,0.0,0,23,0.0,1,19,0.05,0,0,0.0,0,0,0.0,0,0,0.0
2026-04-03 21:40:20,test_1820.jpg,143,15,158,0.0949,7,31,32,0,0,0.0,0,0,0.0,0,0,0.0,0,0,0.0,0,0,0.0,0,0,0.0,0,0,0.0,0,0,0.0,0,0,0.0,0,0,0.0,3,18,0.1429,0,0,0.0,0,0,0.0,0,0,0.0,0,0,0.0,0,0,0.0,0,0,0.0,0,0,0.0,0,0,0.0,0,0,0.0,0,0,0.0,3,20,0.1304,0,0,0.0,0,0,0.0,0,0,0.0,1,20,0.0476,3,26,0.1034,1,16,0.0588,0,18,0.0,4,25,0.1379,0,0,0.0,0,0,0.0
2026-04-03 21:40:20,test_1821.jpg,126,41,167,0.2455,9,31,32,0,0,0.0,0,0,0.0,0,0,0.0,0,0,0.0,0,0,0.0,0,0,0.0,0,0,0.0,0,0,0.0,0,0,0.0,0,0,0.0,3,20,0.1304,0,0,0.0,0,0,0.0,0,0,0.0,0,0,0.0,0,0,0.0,0,0,0.0,0,0,0.0,0,0,0.0,0,0,0.0,0,0,0.0,6,18,0.25,0,0,0.0,0,0,0.0,0,0,0.0,1,17,0.0556,6,12,0.3333,1,11,0.0833,9,15,0.375,5,10,0.3333,6,11,0.3529,4,12,0.25
2026-04-03 21:40:20,test_1822.jpg,180,28,208,0.1346,6,31,32,0,0,0.0,0,0,0.0,0,0,0.0,0,0,0.0,0,0,0.0,0,0,0.0,0,0,0.0,0,0,0.0,0,0,0.0,0,0,0.0,1,23,0.0417,0,0,0.0,0,0,0.0,0,0,0.0,0,0,0.0,0,0,0.0,0,0,0.0,0,0,0.0,0,0,0.0,0,0,0.0,0,0,0.0,3,30,0.0909,0,0,0.0,0,0,0.0,0,0,0.0,5,32,0.1351,5,37,0.119,6,30,0.1667,8,28,0.2222,0,0,0.0,0,0,0.0,0,0,0.0
2026-04-03 21:40:20,test_1823.jpg,123,29,152,0.1908,7,31,32,0,0,0.0,0,0,0.0,0,0,0.0,0,0,0.0,0,0,0.0,0,0,0.0,0,0,0.0,0,0,0.0,0,0,0.0,0,0,0.0,4,13,0.2353,0,0,0.0,0,0,0.0,0,0,0.0,0,0,0.0,0,0,0.0,0,0,0.0,0,0,0.0,0,0,0.0,0,0,0.0,0,0,0.0,5,24,0.1724,0,0,0.0,0,0,0.0,0,0,0.0,0,19,0.0,9,17,0.3462,2,23,0.08,5,16,0.2381,4,11,0.2667,0,0,0.0,0,0,0.0
2026-04-03 21:40:20,test_1824.jpg,138,15,153,0.098,6,31,32,0,0,0.0,0,0,0.0,0,0,0.0,0,0,0.0,0,0,0.0,0,0,0.0,0,0,0.0,0,0,0.0,0,0,0.0,0,0,0.0,0,21,0.0,0,0,0.0,0,0,0.0,0,0,0.0,0,0,0.0,0,0,0.0,0,0,0.0,0,0,0.0,0,0,0.0,0,0,0.0,0,0,0.0,3,21,0.125,0,0,0.0,0,0,0.0,0,0,0.0,1,23,0.0417,2,25,0.0741,1,22,0.0435,8,26,0.2353,0,0,0.0,0,0,0.0,0,0,0.0
2026-04-03 21:40:20,test_1825.jpg,137,15,152,0.0987,8,31,32,0,0,0.0,0,0,0.0,0,0,0.0,0,0,0.0,0,0,0.0,0,0,0.0,0,0,0.0,0,0,0.0,0,0,0.0,0,0,0.0,3,14,0.1765,0,0,0.0,0,0,0.0,0,0,0.0,0,0,0.0,0,0,0.0,0,0,0.0,0,0,0.0,0,0,0.0,0,0,0.0,0,0,0.0,0,16,0.0,0,0,0.0,0,0,0.0,0,0,0.0,2,16,0.1111,3,21,0.125,7,20,0.2593,0,18,0.0,0,14,0.0,0,18,0.0,0,0,0.0
2026-04-03 21:40:20,test_1826.jpg,162,75,237,0.3165,6,31,32,0,0,0.0,0,0,0.0,0,0,0.0,0,0,0.0,0,0,0.0,0,0,0.0,0,0,0.0,0,0,0.0,0,0,0.0,0,0,0.0,15,30,0.3333,0,0,0.0,0,0,0.0,0,0,0.0,0,0,0.0,0,0,0.0,0,0,0.0,0,0,0.0,0,0,0.0,0,0,0.0,0,0,0.0,8,22,0.2667,0,0,0.0,0,0,0.0,0,0,0.0,12,29,0.2927,11,28,0.2821,12,26,0.3158,17,27,0.3864,0,0,0.0,0,0,0.0,0,0,0.0
2026-04-03 21:40:20,test_1827.jpg,154,27,181,0.1492,8,31,32,0,0,0.0,0,0,0.0,0,0,0.0,0,0,0.0,0,0,0.0,0,0,0.0,0,0,0.0,0,0,0.0,0,0,0.0,0,0,0.0,2,22,0.0833,0,0,0.0,0,0,0.0,0,0,0.0,0,0,0.0,0,0,0.0,0,0,0.0,0,0,0.0,0,0,0.0,0,0,0.0,0,0,0.0,2,24,0.0769,0,0,0.0,0,0,0.0,0,0,0.0,5,24,0.1724,7,22,0.2414,3,22,0.12,2,16,0.1111,6,24,0.2,0,0,0.0,0,0,0.0
2026-04-03 21:40:20,test_1828.jpg,124,16,140,0.1143,7,31,32,0,0,0.0,0,0,0.0,0,0,0.0,0,0,0.0,0,0,0.0,0,0,0.0,0,0,0.0,0,0,0.0,0,0,0.0,0,0,0.0,0,3,0.0,0,0,0.0,0,0,0.0,0,0,0.0,0,0,0.0,0,0,0.0,0,0,0.0,0,0,0.0,0,0,0.0,0,0,0.0,0,0,0.0,4,35,0.1026,0,0,0.0,0,0,0.0,0,0,0.0,0,19,0.0,3,20,0.1304,3,14,0.1765,4,19,0.1739,2,14,0.125,0,0,0.0,0,0,0.0
2026-04-03 21:40:20,test_1829.jpg,125,11,136,0.0809,8,31,32,0,0,0.0,0,0,0.0,0,0,0.0,0,0,0.0,0,0,0.0,0,0,0.0,0,0,0.0,0,0,0.0,0,0,0.0,0,0,0.0,0,21,0.0,0,0,0.0,0,0,0.0,0,0,0.0,0,0,0.0,0,0,0.0,0,0,0.0,0,0,0.0,0,0,0.0,0,0,0.0,0,0,0.0,0,13,0.0,0,0,0.0,0,0,0.0,0,0,0.0,0,12,0.0,0,15,0.0,0,23,0.0,6,9,0.4,3,16,0.1579,2,16,0.1111,0,0,0.0
2026-04-03 21:40:20,test_183.jpg,167,23,190,0.1211,7,31,32,0,0,0.0,0,0,0.0,0,0,0.0,0,0,0.0,0,0,0.0,0,0,0.0,0,0,0.0,0,0,0.0,0,0,0.0,0,0,0.0,3,16,0.1579,0,0,0.0,0,0,0.0,0,0,0.0,0,0,0.0,0,0,0.0,0,0,0.0,0,0,0.0,0,0,0.0,0,0,0.0,0,0,0.0,0,24,0.0,0,0,0.0,0,0,0.0,0,0,0.0,1,20,0.0476,3,26,0.1034,13,30,0.3023,2,31,0.0606,1,20,0.0476,0,0,0.0,0,0,0.0
2026-04-03 21:40:20,test_1830.jpg,128,25,153,0.1634,8,31,32,0,0,0.0,0,0,0.0,0,0,0.0,0,0,0.0,0,0,0.0,0,0,0.0,0,0,0.0,0,0,0.0,0,0,0.0,0,0,0.0,2,18,0.1,0,0,0.0,0,0,0.0,0,0,0.0,0,0,0.0,0,0,0.0,0,0,0.0,0,0,0.0,0,0,0.0,0,0,0.0,0,0,0.0,6,16,0.2727,0,0,0.0,0,0,0.0,0,0,0.0,0,12,0.0,6,18,0.25,3,20,0.1304,3,14,0.1765,1,17,0.0556,4,13,0.2353,0,0,0.0
2026-04-03 21:40:20,test_1831.jpg,119,12,131,0.0916,8,31,32,0,0,0.0,0,0,0.0,0,0,0.0,0,0,0.0,0,0,0.0,0,0,0.0,0,0,0.0,0,0,0.0,0,0,0.0,0,0,0.0,0,2,0.0,0,0,0.0,0,0,0.0,0,0,0.0,0,0,0.0,0,0,0.0,0,0,0.0,0,0,0.0,0,0,0.0,0,0,0.0,0,0,0.0,0,24,0.0,0,0,0.0,0,0,0.0,0,0,0.0,0,14,0.0,4,10,0.2857,0,10,0.0,3,20,0.1304,1,17,0.0556,4,22,0.1538,0,0,0.0
2026-04-03 21:40:20,test_1832.jpg,127,63,190,0.3316,9,31,32,0,0,0.0,0,0,0.0,0,0,0.0,0,0,0.0,0,0,0.0,0,0,0.0,0,0,0.0,0,0,0.0,0,0,0.0,0,0,0.0,2,11,0.1538,0,0,0.0,0,0,0.0,0,0,0.0,0,0,0.0,0,0,0.0,0,0,0.0,0,0,0.0,0,0,0.0,0,0,0.0,0,0,0.0,0,1,0.0,0,0,0.0,0,0,0.0,0,0,0.0,5,15,0.25,11,22,0.3333,7,16,0.3043,9,18,0.3333,6,14,0.3,18,17,0.5143,5,13,0.2778
2026-04-03 21:40:20,test_1833.jpg,111,45,156,0.2885,5,31,32,0,0,0.0,0,0,0.0,0,0,0.0,0,0,0.0,0,0,0.0,0,0,0.0,0,0,0.0,0,0,0.0,0,0,0.0,0,0,0.0,9,21,0.3,0,0,0.0,0,0,0.0,0,0,0.0,0,0,0.0,0,0,0.0,0,0,0.0,0,0,0.0,0,0,0.0,0,0,0.0,0,0,0.0,9,27,0.25,0,0,0.0,0,0,0.0,0,0,0.0,7,16,0.3043,14,26,0.35,6,21,0.2222,0,0,0.0,0,0,0.0,0,0,0.0,0,0,0.0
2026-04-03 21:40:20,test_1834.jpg,210,45,255,0.1765,12,31,32,3,17,0.15,4,28,0.125,0,2,0.0,0,0,0.0,0,0,0.0,0,0,0.0,0,0,0.0,0,0,0.0,0,0,0.0,0,0,0.0,4,10,0.2857,0,0,0.0,0,0,0.0,0,0,0.0,0,0,0.0,0,0,0.0,0,0,0.0,0,0,0.0,0,0,0.0,0,0,0.0,0,0,0.0,1,23,0.0417,0,0,0.0,0,0,0.0,0,0,0.0,6,20,0.2308,1,17,0.0556,4,12,0.25,3,28,0.0968,6,15,0.2857,5,23,0.1786,8,15,0.3478
2026-04-03 21:40:20,test_1835.jpg,133,45,178,0.2528,6,31,32,0,0,0.0,0,0,0.0,0,0,0.0,0,0,0.0,0,0,0.0,0,0,0.0,0,0,0.0,0,0,0.0,0,0,0.0,0,0,0.0,0,16,0.0,0,0,0.0,0,0,0.0,0,0,0.0,0,0,0.0,0,0,0.0,0,0,0.0,0,0,0.0,0,0,0.0,0,0,0.0,0,0,0.0,3,18,0.1429,0,0,0.0,0,0,0.0,0,0,0.0,4,25,0.1379,1,17,0.0556,10,14,0.4167,27,43,0.3857,0,0,0.0,0,0,0.0,0,0,0.0
2026-04-03 21:40:20,test_1836.jpg,130,22,152,0.1447,6,31,32,0,0,0.0,0,0,0.0,0,0,0.0,0,0,0.0,0,0,0.0,0,0,0.0,0,0,0.0,0,0,0.0,0,0,0.0,0,0,0.0,2,20,0.0909,0,0,0.0,0,0,0.0,0,0,0.0,0,0,0.0,0,0,0.0,0,0,0.0,0,0,0.0,0,0,0.0,0,0,0.0,0,0,0.0,1,20,0.0476,0,0,0.0,0,0,0.0,0,0,0.0,3,21,0.125,4,25,0.1379,5,30,0.1429,7,14,0.3333,0,0,0.0,0,0,0.0,0,0,0.0
2026-04-03 21:40:20,test_1837.jpg,150,51,201,0.2537,9,31,32,0,0,0.0,0,0,0.0,0,0,0.0,0,0,0.0,0,0,0.0,0,0,0.0,0,0,0.0,0,0,0.0,0,0,0.0,0,0,0.0,12,21,0.3636,0,0,0.0,0,0,0.0,0,0,0.0,0,0,0.0,0,0,0.0,0,0,0.0,0,0,0.0,0,0,0.0,0,0,0.0,0,0,0.0,0,13,0.0,0,0,0.0,0,0,0.0,0,0,0.0,3,22,0.12,1,12,0.0769,8,18,0.3077,2,15,0.1176,5,24,0.1724,18,17,0.5143,2,8,0.2
2026-04-03 21:40:20,test_1838.jpg,132,12,144,0.0833,7,31,32,0,0,0.0,0,0,0.0,0,0,0.0,0,0,0.0,0,0,0.0,0,0,0.0,0,0,0.0,0,0,0.0,0,0,0.0,0,0,0.0,9,29,0.2368,0,0,0.0,0,0,0.0,0,0,0.0,0,0,0.0,0,0,0.0,0,0,0.0,0,0,0.0,0,0,0.0,0,0,0.0,0,0,0.0,1,18,0.0526,0,0,0.0,0,0,0.0,0,0,0.0,0,16,0.0,1,15,0.0625,1,20,0.0476,0,19,0.0,0,15,0.0,0,0,0.0,0,0,0.0
2026-04-03 21:40:20,test_1839.jpg,123,25,148,0.1689,8,31,32,0,0,0.0,0,0,0.0,0,0,0.0,0,0,0.0,0,0,0.0,0,0,0.0,0,0,0.0,0,0,0.0,0,0,0.0,0,0,0.0,6,17,0.2609,0,0,0.0,0,0,0.0,0,0,0.0,0,0,0.0,0,0,0.0,0,0,0.0,0,0,0.0,0,0,0.0,0,0,0.0,0,0,0.0,1,19,0.05,0,0,0.0,0,0,0.0,0,0,0.0,2,17,0.1053,1,6,0.1429,3,18,0.1429,2,12,0.1429,5,13,0.2778,5,21,0.1923,0,0,0.0
2026-04-03 21:40:20,test_184.jpg,69,3,72,0.0417,3,31,32,0,0,0.0,0,0,0.0,0,0,0.0,0,0,0.0,0,0,0.0,0,0,0.0,0,0,0.0,0,0,0.0,0,0,0.0,0,0,0.0,0,20,0.0,0,0,0.0,0,0,0.0,0,0,0.0,0,0,0.0,0,0,0.0,0,0,0.0,0,0,0.0,0,0,0.0,0,0,0.0,0,0,0.0,3,36,0.0769,0,0,0.0,0,0,0.0,0,0,0.0,0,13,0.0,0,0,0.0,0,0,0.0,0,0,0.0,0,0,0.0,0,0,0.0,0,0,0.0
2026-04-03 21:40:20,test_1840.jpg,123,14,137,0.1022,7,31,32,0,0,0.0,0,0,0.0,0,0,0.0,0,0,0.0,0,0,0.0,0,0,0.0,0,0,0.0,0,0,0.0,0,0,0.0,0,0,0.0,1,17,0.0556,0,0,0.0,0,0,0.0,0,0,0.0,0,0,0.0,0,0,0.0,0,0,0.0,0,0,0.0,0,0,0.0,0,0,0.0,0,0,0.0,1,13,0.0714,0,0,0.0,0,0,0.0,0,0,0.0,2,15,0.1176,3,28,0.0968,0,19,0.0,3,17,0.15,4,14,0.2222,0,0,0.0,0,0,0.0
2026-04-03 21:40:20,test_1841.jpg,156,39,195,0.2,11,31,32,12,24,0.3333,1,15,0.0625,0,0,0.0,0,0,0.0,0,0,0.0,0,0,0.0,0,0,0.0,0,0,0.0,0,0,0.0,0,0,0.0,2,8,0.2,0,0,0.0,0,0,0.0,0,0,0.0,0,0,0.0,0,0,0.0,0,0,0.0,0,0,0.0,0,0,0.0,0,0,0.0,0,0,0.0,3,10,0.2308,0,0,0.0,0,0,0.0,0,0,0.0,3,9,0.25,2,9,0.1818,6,16,0.2727,0,16,0.0,4,11,0.2667,1,16,0.0588,5,22,0.1852
2026-04-03 21:40:20,test_1842.jpg,143,10,153,0.0654,6,31,32,0,0,0.0,0,0,0.0,0,0,0.0,0,0,0.0,0,0,0.0,0,0,0.0,0,0,0.0,0,0,0.0,0,0,0.0,0,0,0.0,3,28,0.0968,0,0,0.0,0,0,0.0,0,0,0.0,0,0,0.0,0,0,0.0,0,0,0.0,0,0,0.0,0,0,0.0,0,0,0.0,0,0,0.0,0,22,0.0,0,0,0.0,0,0,0.0,0,0,0.0,0,25,0.0,4,24,0.1429,0,23,0.0,3,21,0.125,0,0,0.0,0,0,0.0,0,0,0.0
2026-04-03 21:40:20,test_1843.jpg,116,15,131,0.1145,7,31,32,0,0,0.0,0,0,0.0,0,0,0.0,0,0,0.0,0,0,0.0,0,0,0.0,0,0,0.0,0,0,0.0,0,0,0.0,0,0,0.0,2,17,0.1053,0,0,0.0,0,0,0.0,0,0,0.0,0,0,0.0,0,0,0.0,0,0,0.0,0,0,0.0,0,0,0.0,0,0,0.0,0,0,0.0,0,19,0.0,0,0,0.0,0,0,0.0,0,0,0.0,3,19,0.1364,0,13,0.0,0,12,0.0,0,14,0.0,10,22,0.3125,0,0,0.0,0,0,0.0
2026-04-03 21:40:20,test_1844.jpg,127,3,130,0.0231,11,31,32,0,10,0.0,0,32,0.0,0,0,0.0,0,0,0.0,0,0,0.0,0,0,0.0,0,0,0.0,0,0,0.0,0,0,0.0,0,0,0.0,0,9,0.0,0,0,0.0,0,0,0.0,0,0,0.0,0,0,0.0,0,0,0.0,0,0,0.0,0,0,0.0,0,0,0.0,0,0,0.0,0,0,0.0,0,9,0.0,0,0,0.0,0,0,0.0,0,0,0.0,0,9,0.0,0,9,0.0,0,9,0.0,0,9,0.0,3,13,0.1875,0,9,0.0,0,9,0.0
2026-04-03 21:40:20,test_1845.jpg,112,26,138,0.1884,6,31,32,0,0,0.0,0,0,0.0,0,0,0.0,0,0,0.0,0,0,0.0,0,0,0.0,0,0,0.0,0,0,0.0,0,0,0.0,0,0,0.0,0,19,0.0,0,0,0.0,0,0,0.0,0,0,0.0,0,0,0.0,0,0,0.0,0,0,0.0,0,0,0.0,0,0,0.0,0,0,0.0,0,0,0.0,1,17,0.0556,0,0,0.0,0,0,0.0,0,0,0.0,1,15,0.0625,17,32,0.3469,2,17,0.1053,5,12,0.2941,0,0,0.0,0,0,0.0,0,0,0.0
2026-04-03 21:40:20,test_1846.jpg,141,27,168,0.1607,6,31,32,0,0,0.0,0,0,0.0,0,0,0.0,0,0,0.0,0,0,0.0,0,0,0.0,0,0,0.0,0,0,0.0,0,0,0.0,0,0,0.0,8,21,0.2759,0,0,0.0,0,0,0.0,0,0,0.0,0,0,0.0,0,0,0.0,0,0,0.0,0,0,0.0,0,0,0.0,0,0,0.0,0,0,0.0,7,21,0.25,0,0,0.0,0,0,0.0,0,0,0.0,8,22,0.2667,4,22,0.1538,0,27,0.0,0,28,0.0,0,0,0.0,0,0,0.0,0,0,0.0
2026-04-03 21:40:20,test_1847.jpg,142,5,147,0.034,11,31,32,1,28,0.0345,0,20,0.0,0,0,0.0,0,0,0.0,0,0,0.0,0,0,0.0,0,0,0.0,0,0,0.0,0,0,0.0,0,0,0.0,0,10,0.0,0,0,0.0,0,0,0.0,0,0,0.0,0,0,0.0,0,0,0.0,0,0,0.0,0,0,0.0,0,0,0.0,0,0,0.0,0,0,0.0,0,9,0.0,0,0,0.0,0,0,0.0,0,0,0.0,4,17,0.1905,0,9,0.0,0,9,0.0,0,9,0.0,0,9,0.0,0,10,0.0,0,12,0.0
2026-04-03 21:40:20,test_1848.jpg,208,61,269,0.2268,16,31,32,6,23,0.2069,1,9,0.1,2,13,0.1333,8,18,0.3077,4,7,0.3636,3,19,0.1364,6,22,0.2143,0,0,0.0,0,0,0.0,0,0,0.0,2,5,0.2857,0,0,0.0,0,0,0.0,0,0,0.0,0,0,0.0,0,0,0.0,0,0,0.0,0,0,0.0,0,0,0.0,0,0,0.0,0,0,0.0,6,16,0.2727,0,0,0.0,0,0,0.0,0,0,0.0,2,6,0.25,7,12,0.3684,7,10,0.4118,3,12,0.2,0,10,0.0,0,7,0.0,4,19,0.1739
2026-04-03 21:40:20,test_1849.jpg,147,42,189,0.2222,5,31,32,0,0,0.0,0,0,0.0,0,0,0.0,0,0,0.0,0,0,0.0,0,0,0.0,0,0,0.0,0,0,0.0,0,0,0.0,0,0,0.0,3,21,0.125,0,0,0.0,0,0,0.0,0,0,0.0,0,0,0.0,0,0,0.0,0,0,0.0,0,0,0.0,0,0,0.0,0,0,0.0,0,0,0.0,6,27,0.1818,0,0,0.0,0,0,0.0,0,0,0.0,4,30,0.1176,13,42,0.2364,16,27,0.3721,0,0,0.0,0,0,0.0,0,0,0.0,0,0,0.0
2026-04-03 21:40:20,test_185.jpg,145,11,156,0.0705,7,31,32,0,0,0.0,0,0,0.0,0,0,0.0,0,0,0.0,0,0,0.0,0,0,0.0,0,0,0.0,0,0,0.0,0,0,0.0,0,0,0.0,1,18,0.0526,0,0,0.0,0,0,0.0,0,0,0.0,0,0,0.0,0,0,0.0,0,0,0.0,0,0,0.0,0,0,0.0,0,0,0.0,0,0,0.0,0,22,0.0,0,0,0.0,0,0,0.0,0,0,0.0,1,21,0.0455,1,20,0.0476,5,21,0.1923,3,22,0.12,0,21,0.0,0,0,0.0,0,0,0.0
2026-04-03 21:40:20,test_1850.jpg,153,5,158,0.0316,4,31,32,0,0,0.0,0,0,0.0,0,0,0.0,0,0,0.0,0,0,0.0,0,0,0.0,0,0,0.0,0,0,0.0,0,0,0.0,0,0,0.0,0,30,0.0,0,0,0.0,0,0,0.0,0,0,0.0,0,0,0.0,0,0,0.0,0,0,0.0,0,0,0.0,0,0,0.0,0,0,0.0,0,0,0.0,0,35,0.0,0,0,0.0,0,0,0.0,0,0,0.0,4,56,0.0667,1,32,0.0303,0,0,0.0,0,0,0.0,0,0,0.0,0,0,0.0,0,0,0.0
2026-04-03 21:40:20,test_1851.jpg,124,23,147,0.1565,6,31,32,0,0,0.0,0,0,0.0,0,0,0.0,0,0,0.0,0,0,0.0,0,0,0.0,0,0,0.0,0,0,0.0,0,0,0.0,0,0,0.0,2,20,0.0909,0,0,0.0,0,0,0.0,0,0,0.0,0,0,0.0,0,0,0.0,0,0,0.0,0,0,0.0,0,0,0.0,0,0,0.0,0,0,0.0,1,26,0.037,0,0,0.0,0,0,0.0,0,0,0.0,3,23,0.1154,10,21,0.3226,4,28,0.125,3,6,0.3333,0,0,0.0,0,0,0.0,0,0,0.0
2026-04-03 21:40:20,test_1852.jpg,165,59,224,0.2634,7,31,32,0,0,0.0,0,0,0.0,0,0,0.0,0,0,0.0,0,0,0.0,0,0,0.0,0,0,0.0,0,0,0.0,0,0,0.0,0,0,0.0,1,17,0.0556,0,0,0.0,0,0,0.0,0,0,0.0,0,0,0.0,0,0,0.0,0,0,0.0,0,0,0.0,0,0,0.0,0,0,0.0,0,0,0.0,4,18,0.1818,0,0,0.0,0,0,0.0,0,0,0.0,9,16,0.36,9,21,0.3,16,32,0.3333,16,38,0.2963,4,23,0.1481,0,0,0.0,0,0,0.0
2026-04-03 21:40:20,test_1853.jpg,132,53,185,0.2865,9,31,32,0,0,0.0,0,0,0.0,0,0,0.0,0,0,0.0,0,0,0.0,0,0,0.0,0,0,0.0,0,0,0.0,0,0,0.0,0,0,0.0,2,12,0.1429,0,0,0.0,0,0,0.0,0,0,0.0,0,0,0.0,0,0,0.0,0,0,0.0,0,0,0.0,0,0,0.0,0,0,0.0,0,0,0.0,3,15,0.1667,0,0,0.0,0,0,0.0,0,0,0.0,5,17,0.2273,4,13,0.2353,0,15,0.0,9,13,0.4091,5,16,0.2381,8,21,0.2759,17,10,0.6296
2026-04-03 21:40:20,test_1854.jpg,125,46,171,0.269,12,31,32,9,8,0.5294,2,9,0.1818,3,12,0.2,0,0,0.0,0,0,0.0,0,0,0.0,0,0,0.0,0,0,0.0,0,0,0.0,0,0,0.0,3,15,0.1667,0,0,0.0,0,0,0.0,0,0,0.0,0,0,0.0,0,0,0.0,0,0,0.0,0,0,0.0,0,0,0.0,0,0,0.0,0,0,0.0,2,12,0.1429,0,0,0.0,0,0,0.0,0,0,0.0,3,8,0.2727,7,14,0.3333,0,9,0.0,5,8,0.3846,0,8,0.0,7,12,0.3684,5,10,0.3333
2026-04-03 21:40:20,test_1855.jpg,132,58,190,0.3053,3,31,32,0,0,0.0,0,0,0.0,0,0,0.0,0,0,0.0,0,0,0.0,0,0,0.0,0,0,0.0,0,0,0.0,0,0,0.0,0,0,0.0,10,23,0.303,0,0,0.0,0,0,0.0,0,0,0.0,0,0,0.0,0,0,0.0,0,0,0.0,0,0,0.0,0,0,0.0,0,0,0.0,0,0,0.0,47,87,0.3507,0,0,0.0,0,0,0.0,0,0,0.0,1,22,0.0435,0,0,0.0,0,0,0.0,0,0,0.0,0,0,0.0,0,0,0.0,0,0,0.0
2026-04-03 21:40:20,test_1856.jpg,120,23,143,0.1608,6,31,32,0,0,0.0,0,0,0.0,0,0,0.0,0,0,0.0,0,0,0.0,0,0,0.0,0,0,0.0,0,0,0.0,0,0,0.0,0,0,0.0,6,18,0.25,0,0,0.0,0,0,0.0,0,0,0.0,0,0,0.0,0,0,0.0,0,0,0.0,0,0,0.0,0,0,0.0,0,0,0.0,0,0,0.0,1,15,0.0625,0,0,0.0,0,0,0.0,0,0,0.0,2,21,0.087,3,25,0.1071,5,19,0.2083,6,22,0.2143,0,0,0.0,0,0,0.0,0,0,0.0
2026-04-03 21:40:20,test_1857.jpg,120,12,132,0.0909,6,31,32,0,0,0.0,0,0,0.0,0,0,0.0,0,0,0.0,0,0,0.0,0,0,0.0,0,0,0.0,0,0,0.0,0,0,0.0,0,0,0.0,1,21,0.0455,0,0,0.0,0,0,0.0,0,0,0.0,0,0,0.0,0,0,0.0,0,0,0.0,0,0,0.0,0,0,0.0,0,0,0.0,0,0,0.0,0,22,0.0,0,0,0.0,0,0,0.0,0,0,0.0,8,25,0.2424,2,17,0.1053,0,15,0.0,1,20,0.0476,0,0,0.0,0,0,0.0,0,0,0.0
2026-04-03 21:40:20,test_1858.jpg,248,179,427,0.4192,4,31,32,0,0,0.0,0,0,0.0,0,0,0.0,0,0,0.0,0,0,0.0,0,0,0.0,0,0,0.0,0,0,0.0,0,0,0.0,0,0,0.0,10,33,0.2326,0,0,0.0,0,0,0.0,0,0,0.0,0,0,0.0,0,0,0.0,0,0,0.0,0,0,0.0,0,0,0.0,0,0,0.0,0,0,0.0,13,69,0.1585,0,0,0.0,0,0,0.0,0,0,0.0,125,126,0.498,31,20,0.6078,0,0,0.0,0,0,0.0,0,0,0.0,0,0,0.0,0,0,0.0
2026-04-03 21:40:20,test_1859.jpg,142,52,194,0.268,9,31,32,0,0,0.0,0,0,0.0,0,0,0.0,0,0,0.0,0,0,0.0,0,0,0.0,0,0,0.0,0,0,0.0,0,0,0.0,0,0,0.0,4,10,0.2857,0,0,0.0,0,0,0.0,0,0,0.0,0,0,0.0,0,0,0.0,0,0,0.0,0,0,0.0,0,0,0.0,0,0,0.0,0,0,0.0,2,16,0.1111,0,0,0.0,0,0,0.0,0,0,0.0,4,17,0.1905,0,14,0.0,5,13,0.2778,10,20,0.3333,11,17,0.3929,7,20,0.2593,9,15,0.375
2026-04-03 21:40:20,test_186.jpg,298,77,375,0.2053,27,31,32,11,12,0.4783,2,7,0.2222,10,22,0.3125,5,6,0.4545,1,11,0.0833,1,11,0.0833,0,0,0.0,5,8,0.3846,2,8,0.2,2,7,0.2222,0,0,0.0,5,21,0.1923,2,12,0.1429,3,7,0.3,5,10,0.3333,0,11,0.0,0,0,0.0,9,25,0.2647,0,5,0.0,0,0,0.0,0,0,0.0,5,31,0.1389,0,0,0.0,0,0,0.0,0,0,0.0,1,11,0.0833,4,16,0.2,0,10,0.0,1,10,0.0909,0,11,0.0,2,20,0.0909,1,6,0.1429
2026-04-03 21:40:20,test_1860.jpg,132,31,163,0.1902,7,31,32,0,0,0.0,0,0,0.0,0,0,0.0,0,0,0.0,0,0,0.0,0,0,0.0,0,0,0.0,0,0,0.0,0,0,0.0,0,0,0.0,0,6,0.0,0,0,0.0,0,0,0.0,0,0,0.0,0,0,0.0,0,0,0.0,0,0,0.0,0,0,0.0,0,0,0.0,0,0,0.0,0,0,0.0,10,34,0.2273,0,0,0.0,0,0,0.0,0,0,0.0,2,22,0.0833,5,15,0.25,3,12,0.2,8,24,0.25,3,19,0.1364,0,0,0.0,0,0,0.0
2026-04-03 21:40:20,test_1861.jpg,211,120,331,0.3625,6,31,32,0,0,0.0,0,0,0.0,0,0,0.0,0,0,0.0,0,0,0.0,0,0,0.0,0,0,0.0,0,0,0.0,0,0,0.0,0,0,0.0,13,23,0.3611,0,0,0.0,0,0,0.0,0,0,0.0,0,0,0.0,0,0,0.0,0,0,0.0,0,0,0.0,0,0,0.0,0,0,0.0,0,0,0.0,17,33,0.34,0,0,0.0,0,0,0.0,0,0,0.0,20,35,0.3636,22,33,0.4,33,46,0.4177,15,41,0.2679,0,0,0.0,0,0,0.0,0,0,0.0
2026-04-03 21:40:20,test_1862.jpg,176,33,209,0.1579,9,31,32,0,0,0.0,0,0,0.0,0,0,0.0,0,0,0.0,0,0,0.0,0,0,0.0,0,0,0.0,0,0,0.0,0,0,0.0,0,0,0.0,2,20,0.0909,0,0,0.0,0,0,0.0,0,0,0.0,0,0,0.0,0,0,0.0,0,0,0.0,0,0,0.0,0,0,0.0,0,0,0.0,0,0,0.0,0,15,0.0,0,0,0.0,0,0,0.0,0,0,0.0,4,16,0.2,0,23,0.0,3,21,0.125,4,15,0.2105,4,20,0.1667,10,23,0.303,6,23,0.2069
2026-04-03 21:40:20,test_1863.jpg,211,59,270,0.2185,8,31,32,0,0,0.0,0,0,0.0,0,0,0.0,0,0,0.0,0,0,0.0,0,0,0.0,0,0,0.0,0,0,0.0,0,0,0.0,0,0,0.0,3,29,0.0938,0,0,0.0,0,0,0.0,0,0,0.0,0,0,0.0,0,0,0.0,0,0,0.0,0,0,0.0,0,0,0.0,0,0,0.0,0,0,0.0,6,26,0.1875,0,0,0.0,0,0,0.0,0,0,0.0,4,30,0.1176,7,15,0.3182,2,15,0.1176,13,37,0.26,12,29,0.2927,12,30,0.2857,0,0,0.0
2026-04-03 21:40:20,test_1864.jpg,118,22,140,0.1571,7,31,32,0,0,0.0,0,0,0.0,0,0,0.0,0,0,0.0,0,0,0.0,0,0,0.0,0,0,0.0,0,0,0.0,0,0,0.0,0,0,0.0,0,4,0.0,0,0,0.0,0,0,0.0,0,0,0.0,0,0,0.0,0,0,0.0,0,0,0.0,0,0,0.0,0,0,0.0,0,0,0.0,0,0,0.0,3,23,0.1154,0,0,0.0,0,0,0.0,0,0,0.0,5,17,0.2273,8,23,0.2581,3,24,0.1111,2,14,0.125,1,13,0.0714,0,0,0.0,0,0,0.0
2026-04-03 21:40:20,test_1865.jpg,100,27,127,0.2126,5,31,32,0,0,0.0,0,0,0.0,0,0,0.0,0,0,0.0,0,0,0.0,0,0,0.0,0,0,0.0,0,0,0.0,0,0,0.0,0,0,0.0,4,16,0.2,0,0,0.0,0,0,0.0,0,0,0.0,0,0,0.0,0,0,0.0,0,0,0.0,0,0,0.0,0,0,0.0,0,0,0.0,0,0,0.0,4,18,0.1818,0,0,0.0,0,0,0.0,0,0,0.0,0,19,0.0,6,20,0.2308,13,27,0.325,0,0,0.0,0,0,0.0,0,0,0.0,0,0,0.0
2026-04-03 21:40:20,test_1866.jpg,126,2,128,0.0156,6,31,32,0,0,0.0,0,0,0.0,0,0,0.0,0,0,0.0,0,0,0.0,0,0,0.0,0,0,0.0,0,0,0.0,0,0,0.0,0,0,0.0,1,21,0.0455,0,0,0.0,0,0,0.0,0,0,0.0,0,0,0.0,0,0,0.0,0,0,0.0,0,0,0.0,0,0,0.0,0,0,0.0,0,0,0.0,0,21,0.0,0,0,0.0,0,0,0.0,0,0,0.0,1,19,0.05,0,21,0.0,0,22,0.0,0,22,0.0,0,0,0.0,0,0,0.0,0,0,0.0
2026-04-03 21:40:20,test_1867.jpg,218,98,316,0.3101,12,31,32,13,24,0.3514,13,23,0.3611,3,15,0.1667,0,0,0.0,0,0,0.0,0,0,0.0,0,0,0.0,0,0,0.0,0,0,0.0,0,0,0.0,2,3,0.4,0,0,0.0,0,0,0.0,0,0,0.0,0,0,0.0,0,0,0.0,0,0,0.0,0,0,0.0,0,0,0.0,0,0,0.0,0,0,0.0,15,24,0.3846,0,0,0.0,0,0,0.0,0,0,0.0,11,22,0.3333,8,18,0.3077,0,9,0.0,9,24,0.2727,11,31,0.2619,7,15,0.3182,6,10,0.375
2026-04-03 21:40:20,test_1868.jpg,281,109,390,0.2795,13,31,32,5,15,0.25,7,18,0.28,17,22,0.4359,2,10,0.1667,0,0,0.0,0,0,0.0,0,0,0.0,0,0,0.0,0,0,0.0,0,0,0.0,1,12,0.0769,0,0,0.0,0,0,0.0,0,0,0.0,0,0,0.0,0,0,0.0,0,0,0.0,0,0,0.0,0,0,0.0,0,0,0.0,0,0,0.0,1,20,0.0476,0,0,0.0,0,0,0.0,0,0,0.0,7,27,0.2059,0,30,0.0,16,35,0.3137,23,28,0.451,6,18,0.25,5,16,0.2381,19,30,0.3878
2026-04-03 21:40:20,test_1869.jpg,129,10,139,0.0719,5,31,32,0,0,0.0,0,0,0.0,0,0,0.0,0,0,0.0,0,0,0.0,0,0,0.0,0,0,0.0,0,0,0.0,0,0,0.0,0,0,0.0,1,18,0.0526,0,0,0.0,0,0,0.0,0,0,0.0,0,0,0.0,0,0,0.0,0,0,0.0,0,0,0.0,0,0,0.0,0,0,0.0,0,0,0.0,2,21,0.087,0,0,0.0,0,0,0.0,0,0,0.0,3,27,0.1,2,25,0.0741,2,38,0.05,0,0,0.0,0,0,0.0,0,0,0.0,0,0,0.0
2026-04-03 21:40:20,test_187.jpg,266,154,420,0.3667,3,31,32,0,0,0.0,0,0,0.0,0,0,0.0,0,0,0.0,0,0,0.0,0,0,0.0,0,0,0.0,0,0,0.0,0,0,0.0,0,0,0.0,3,29,0.0938,0,0,0.0,0,0,0.0,0,0,0.0,0,0,0.0,0,0,0.0,0,0,0.0,0,0,0.0,0,0,0.0,0,0,0.0,0,0,0.0,115,201,0.3639,0,0,0.0,0,0,0.0,0,0,0.0,36,36,0.5,0,0,0.0,0,0,0.0,0,0,0.0,0,0,0.0,0,0,0.0,0,0,0.0
2026-04-03 21:40:20,test_1870.jpg,135,34,169,0.2012,6,31,32,0,0,0.0,0,0,0.0,0,0,0.0,0,0,0.0,0,0,0.0,0,0,0.0,0,0,0.0,0,0,0.0,0,0,0.0,0,0,0.0,7,21,0.25,0,0,0.0,0,0,0.0,0,0,0.0,0,0,0.0,0,0,0.0,0,0,0.0,0,0,0.0,0,0,0.0,0,0,0.0,0,0,0.0,0,24,0.0,0,0,0.0,0,0,0.0,0,0,0.0,2,25,0.0741,13,20,0.3939,7,28,0.2,5,17,0.2273,0,0,0.0,0,0,0.0,0,0,0.0
2026-04-03 21:40:20,test_1871.jpg,179,38,217,0.1751,6,31,32,0,0,0.0,0,0,0.0,0,0,0.0,0,0,0.0,0,0,0.0,0,0,0.0,0,0,0.0,0,0,0.0,0,0,0.0,0,0,0.0,3,15,0.1667,0,0,0.0,0,0,0.0,0,0,0.0,0,0,0.0,0,0,0.0,0,0,0.0,0,0,0.0,0,0,0.0,0,0,0.0,0,0,0.0,0,41,0.0,0,0,0.0,0,0,0.0,0,0,0.0,12,45,0.2105,4,25,0.1379,13,27,0.325,6,26,0.1875,0,0,0.0,0,0,0.0,0,0,0.0
2026-04-03 21:40:20,test_1872.jpg,133,31,164,0.189,7,31,32,0,0,0.0,0,0,0.0,0,0,0.0,0,0,0.0,0,0,0.0,0,0,0.0,0,0,0.0,0,0,0.0,0,0,0.0,0,0,0.0,4,15,0.2105,0,0,0.0,0,0,0.0,0,0,0.0,0,0,0.0,0,0,0.0,0,0,0.0,0,0,0.0,0,0,0.0,0,0,0.0,0,0,0.0,2,20,0.0909,0,0,0.0,0,0,0.0,0,0,0.0,2,15,0.1176,5,18,0.2174,6,23,0.2069,9,24,0.2727,3,18,0.1429,0,0,0.0,0,0,0.0
2026-04-03 21:40:20,test_1873.jpg,146,35,181,0.1934,9,31,32,0,0,0.0,0,0,0.0,0,0,0.0,0,0,0.0,0,0,0.0,0,0,0.0,0,0,0.0,0,0,0.0,0,0,0.0,0,0,0.0,9,19,0.3214,0,0,0.0,0,0,0.0,0,0,0.0,0,0,0.0,0,0,0.0,0,0,0.0,0,0,0.0,0,0,0.0,0,0,0.0,0,0,0.0,12,22,0.3529,0,0,0.0,0,0,0.0,0,0,0.0,5,20,0.2,2,10,0.1667,2,11,0.1538,0,13,0.0,1,19,0.05,1,14,0.0667,3,18,0.1429
2026-04-03 21:40:20,test_1874.jpg,220,108,328,0.3293,6,31,32,0,0,0.0,0,0,0.0,0,0,0.0,0,0,0.0,0,0,0.0,0,0,0.0,0,0,0.0,0,0,0.0,0,0,0.0,0,0,0.0,7,12,0.3684,0,0,0.0,0,0,0.0,0,0,0.0,0,0,0.0,0,0,0.0,0,0,0.0,0,0,0.0,0,0,0.0,0,0,0.0,0,0,0.0,3,29,0.0938,0,0,0.0,0,0,0.0,0,0,0.0,21,57,0.2692,15,45,0.25,49,52,0.4851,13,25,0.3421,0,0,0.0,0,0,0.0,0,0,0.0
2026-04-03 21:40:20,test_1875.jpg,121,22,143,0.1538,7,31,32,0,0,0.0,0,0,0.0,0,0,0.0,0,0,0.0,0,0,0.0,0,0,0.0,0,0,0.0,0,0,0.0,0,0,0.0,0,0,0.0,0,10,0.0,0,0,0.0,0,0,0.0,0,0,0.0,0,0,0.0,0,0,0.0,0,0,0.0,0,0,0.0,0,0,0.0,0,0,0.0,0,0,0.0,1,12,0.0769,0,0,0.0,0,0,0.0,0,0,0.0,1,17,0.0556,1,14,0.0667,3,18,0.1429,5,20,0.2,11,30,0.2683,0,0,0.0,0,0,0.0
2026-04-03 21:40:20,test_1876.jpg,157,68,225,0.3022,5,31,32,0,0,0.0,0,0,0.0,0,0,0.0,0,0,0.0,0,0,0.0,0,0,0.0,0,0,0.0,0,0,0.0,0,0,0.0,0,0,0.0,1,22,0.0435,0,0,0.0,0,0,0.0,0,0,0.0,0,0,0.0,0,0,0.0,0,0,0.0,0,0,0.0,0,0,0.0,0,0,0.0,0,0,0.0,15,44,0.2542,0,0,0.0,0,0,0.0,0,0,0.0,12,26,0.3158,29,46,0.3867,11,19,0.3667,0,0,0.0,0,0,0.0,0,0,0.0,0,0,0.0
2026-04-03 21:40:20,test_1877.jpg,205,131,336,0.3899,6,31,32,0,0,0.0,0,0,0.0,0,0,0.0,0,0,0.0,0,0,0.0,0,0,0.0,0,0,0.0,0,0,0.0,0,0,0.0,0,0,0.0,2,5,0.2857,0,0,0.0,0,0,0.0,0,0,0.0,0,0,0.0,0,0,0.0,0,0,0.0,0,0,0.0,0,0,0.0,0,0,0.0,0,0,0.0,2,57,0.0339,0,0,0.0,0,0,0.0,0,0,0.0,16,37,0.3019,47,43,0.5222,60,57,0.5128,4,6,0.4,0,0,0.0,0,0,0.0,0,0,0.0
2026-04-03 21:40:20,test_1878.jpg,114,24,138,0.1739,7,31,32,0,0,0.0,0,0,0.0,0,0,0.0,0,0,0.0,0,0,0.0,0,0,0.0,0,0,0.0,0,0,0.0,0,0,0.0,0,0,0.0,3,18,0.1429,0,0,0.0,0,0,0.0,0,0,0.0,0,0,0.0,0,0,0.0,0,0,0.0,0,0,0.0,0,0,0.0,0,0,0.0,0,0,0.0,0,20,0.0,0,0,0.0,0,0,0.0,0,0,0.0,4,18,0.1818,6,15,0.2857,0,13,0.0,2,15,0.1176,9,15,0.375,0,0,0.0,0,0,0.0
2026-04-03 21:40:20,test_1879.jpg,168,18,186,0.0968,7,31,32,0,0,0.0,0,0,0.0,0,0,0.0,0,0,0.0,0,0,0.0,0,0,0.0,0,0,0.0,0,0,0.0,0,0,0.0,0,0,0.0,4,24,0.1429,0,0,0.0,0,0,0.0,0,0,0.0,0,0,0.0,0,0,0.0,0,0,0.0,0,0,0.0,0,0,0.0,0,0,0.0,0,0,0.0,1,26,0.037,0,0,0.0,0,0,0.0,0,0,0.0,5,22,0.1852,4,23,0.1481,2,22,0.0833,1,25,0.0385,1,26,0.037,0,0,0.0,0,0,0.0
2026-04-03 21:40:20,test_188.jpg,143,47,190,0.2474,7,31,32,0,0,0.0,0,0,0.0,0,0,0.0,0,0,0.0,0,0,0.0,0,0,0.0,0,0,0.0,0,0,0.0,0,0,0.0,0,0,0.0,2,21,0.087,0,0,0.0,0,0,0.0,0,0,0.0,0,0,0.0,0,0,0.0,0,0,0.0,0,0,0.0,0,0,0.0,0,0,0.0,0,0,0.0,3,18,0.1429,0,0,0.0,0,0,0.0,0,0,0.0,4,20,0.1667,3,21,0.125,16,20,0.4444,12,25,0.3243,7,18,0.28,0,0,0.0,0,0,0.0
2026-04-03 21:40:20,test_1880.jpg,106,30,136,0.2206,7,31,32,0,0,0.0,0,0,0.0,0,0,0.0,0,0,0.0,0,0,0.0,0,0,0.0,0,0,0.0,0,0,0.0,0,0,0.0,0,0,0.0,12,25,0.3243,0,0,0.0,0,0,0.0,0,0,0.0,0,0,0.0,0,0,0.0,0,0,0.0,0,0,0.0,0,0,0.0,0,0,0.0,0,0,0.0,2,15,0.1176,0,0,0.0,0,0,0.0,0,0,0.0,1,14,0.0667,0,13,0.0,3,15,0.1667,4,13,0.2353,8,11,0.4211,0,0,0.0,0,0,0.0
2026-04-03 21:40:20,test_1881.jpg,124,27,151,0.1788,5,31,32,0,0,0.0,0,0,0.0,0,0,0.0,0,0,0.0,0,0,0.0,0,0,0.0,0,0,0.0,0,0,0.0,0,0,0.0,0,0,0.0,2,18,0.1,0,0,0.0,0,0,0.0,0,0,0.0,0,0,0.0,0,0,0.0,0,0,0.0,0,0,0.0,0,0,0.0,0,0,0.0,0,0,0.0,2,34,0.0556,0,0,0.0,0,0,0.0,0,0,0.0,13,26,0.3333,5,17,0.2273,5,29,0.1471,0,0,0.0,0,0,0.0,0,0,0.0,0,0,0.0
2026-04-03 21:40:20,test_1882.jpg,202,46,248,0.1855,10,31,32,0,6,0.0,0,0,0.0,0,0,0.0,0,0,0.0,0,0,0.0,0,0,0.0,0,0,0.0,0,0,0.0,0,0,0.0,0,0,0.0,2,10,0.1667,0,0,0.0,0,0,0.0,0,0,0.0,0,0,0.0,0,0,0.0,0,0,0.0,0,0,0.0,0,0,0.0,0,0,0.0,0,0,0.0,0,0,0.0,0,0,0.0,0,0,0.0,0,0,0.0,0,0,0.0,0,3,0.0,11,32,0.2558,5,37,0.119,3,27,0.1,11,38,0.2245,14,49,0.2222
2026-04-03 21:40:20,test_1883.jpg,125,47,172,0.2733,6,31,32,0,0,0.0,0,0,0.0,0,0,0.0,0,0,0.0,0,0,0.0,0,0,0.0,0,0,0.0,0,0,0.0,0,0,0.0,0,0,0.0,0,4,0.0,0,0,0.0,0,0,0.0,0,0,0.0,0,0,0.0,0,0,0.0,0,0,0.0,0,0,0.0,0,0,0.0,0,0,0.0,0,0,0.0,14,39,0.2642,0,0,0.0,0,0,0.0,0,0,0.0,4,30,0.1176,3,19,0.1364,26,28,0.4815,0,5,0.0,0,0,0.0,0,0,0.0,0,0,0.0
2026-04-03 21:40:20,test_1884.jpg,147,56,203,0.2759,7,31,32,0,0,0.0,0,0,0.0,0,0,0.0,0,0,0.0,0,0,0.0,0,0,0.0,0,0,0.0,0,0,0.0,0,0,0.0,0,0,0.0,0,20,0.0,0,0,0.0,0,0,0.0,0,0,0.0,0,0,0.0,0,0,0.0,0,0,0.0,0,0,0.0,0,0,0.0,0,0,0.0,0,0,0.0,1,19,0.05,0,0,0.0,0,0,0.0,0,0,0.0,4,20,0.1667,21,23,0.4773,19,25,0.4318,8,27,0.2286,3,13,0.1875,0,0,0.0,0,0,0.0
2026-04-03 21:40:20,test_1885.jpg,124,15,139,0.1079,9,31,32,0,0,0.0,0,0,0.0,0,0,0.0,0,0,0.0,0,0,0.0,0,0,0.0,0,0,0.0,0,0,0.0,0,0,0.0,0,0,0.0,2,5,0.2857,0,0,0.0,0,0,0.0,0,0,0.0,0,0,0.0,0,0,0.0,0,0,0.0,0,0,0.0,0,0,0.0,0,0,0.0,0,0,0.0,0,0,0.0,0,0,0.0,0,0,0.0,0,0,0.0,1,15,0.0625,1,16,0.0588,4,15,0.2105,1,18,0.0526,0,18,0.0,4,18,0.1818,2,19,0.0952
2026-04-03 21:40:20,test_1886.jpg,143,43,186,0.2312,5,31,32,0,0,0.0,0,0,0.0,0,0,0.0,0,0,0.0,0,0,0.0,0,0,0.0,0,0,0.0,0,0,0.0,0,0,0.0,0,0,0.0,1,13,0.0714,0,0,0.0,0,0,0.0,0,0,0.0,0,0,0.0,0,0,0.0,0,0,0.0,0,0,0.0,0,0,0.0,0,0,0.0,0,0,0.0,1,19,0.05,0,0,0.0,0,0,0.0,0,0,0.0,7,47,0.1296,10,30,0.25,24,34,0.4138,0,0,0.0,0,0,0.0,0,0,0.0,0,0,0.0
2026-04-03 21:40:20,test_1887.jpg,205,37,242,0.1529,12,31,32,8,15,0.3478,1,31,0.0312,13,33,0.2826,0,0,0.0,0,0,0.0,0,0,0.0,0,0,0.0,0,0,0.0,0,0,0.0,0,0,0.0,0,7,0.0,0,0,0.0,0,0,0.0,0,0,0.0,0,0,0.0,0,0,0.0,0,0,0.0,0,0,0.0,0,0,0.0,0,0,0.0,0,0,0.0,1,14,0.0667,0,0,0.0,0,0,0.0,0,0,0.0,1,11,0.0833,0,15,0.0,3,20,0.1304,4,8,0.3333,0,17,0.0,6,12,0.3333,0,22,0.0
2026-04-03 21:40:20,test_1888.jpg,133,18,151,0.1192,8,31,32,0,0,0.0,0,0,0.0,0,0,0.0,0,0,0.0,0,0,0.0,0,0,0.0,0,0,0.0,0,0,0.0,0,0,0.0,0,0,0.0,0,8,0.0,0,0,0.0,0,0,0.0,0,0,0.0,0,0,0.0,0,0,0.0,0,0,0.0,0,0,0.0,0,0,0.0,0,0,0.0,0,0,0.0,0,18,0.0,0,0,0.0,0,0,0.0,0,0,0.0,0,18,0.0,0,15,0.0,3,12,0.2,2,20,0.0909,4,22,0.1538,9,20,0.3103,0,0,0.0
2026-04-03 21:40:20,test_1889.jpg,195,5,200,0.025,13,31,32,0,9,0.0,1,18,0.0526,2,17,0.1053,0,8,0.0,0,0,0.0,0,0,0.0,0,0,0.0,0,0,0.0,0,0,0.0,0,0,0.0,0,13,0.0,0,0,0.0,0,0,0.0,0,0,0.0,0,0,0.0,0,0,0.0,0,0,0.0,0,0,0.0,0,0,0.0,0,0,0.0,0,0,0.0,0,25,0.0,0,0,0.0,0,0,0.0,0,0,0.0,0,18,0.0,0,18,0.0,0,15,0.0,2,9,0.1818,0,18,0.0,0,9,0.0,0,18,0.0
2026-04-03 21:40:20,test_189.jpg,125,40,165,0.2424,9,31,32,0,0,0.0,0,0,0.0,0,0,0.0,0,0,0.0,0,0,0.0,0,0,0.0,0,0,0.0,0,0,0.0,0,0,0.0,0,0,0.0,0,6,0.0,0,0,0.0,0,0,0.0,0,0,0.0,0,0,0.0,0,0,0.0,0,0,0.0,0,0,0.0,0,0,0.0,0,0,0.0,0,0,0.0,0,0,0.0,0,0,0.0,0,0,0.0,0,0,0.0,0,0,0.0,6,16,0.2727,3,21,0.125,6,23,0.2069,12,25,0.3243,7,22,0.2414,6,12,0.3333
2026-04-03 21:40:20,test_1890.jpg,177,107,284,0.3768,5,31,32,0,0,0.0,0,0,0.0,0,0,0.0,0,0,0.0,0,0,0.0,0,0,0.0,0,0,0.0,0,0,0.0,0,0,0.0,0,0,0.0,4,23,0.1481,0,0,0.0,0,0,0.0,0,0,0.0,0,0,0.0,0,0,0.0,0,0,0.0,0,0,0.0,0,0,0.0,0,0,0.0,0,0,0.0,11,48,0.1864,0,0,0.0,0,0,0.0,0,0,0.0,51,54,0.4857,33,37,0.4714,8,15,0.3478,0,0,0.0,0,0,0.0,0,0,0.0,0,0,0.0
2026-04-03 21:40:20,test_1891.jpg,171,120,291,0.4124,8,31,32,0,0,0.0,0,0,0.0,0,0,0.0,0,0,0.0,0,0,0.0,0,0,0.0,0,0,0.0,0,0,0.0,0,0,0.0,0,0,0.0,0,12,0.0,0,0,0.0,0,0,0.0,0,0,0.0,0,0,0.0,0,0,0.0,0,0,0.0,0,0,0.0,0,0,0.0,0,0,0.0,0,0,0.0,0,13,0.0,0,0,0.0,0,0,0.0,0,0,0.0,0,25,0.0,7,20,0.2593,21,23,0.4773,29,28,0.5088,43,32,0.5733,20,18,0.5263,0,0,0.0
2026-04-03 21:40:20,test_1892.jpg,138,41,179,0.2291,10,31,32,3,13,0.1875,0,0,0.0,0,0,0.0,0,0,0.0,0,0,0.0,0,0,0.0,0,0,0.0,0,0,0.0,0,0,0.0,0,0,0.0,0,1,0.0,0,0,0.0,0,0,0.0,0,0,0.0,0,0,0.0,0,0,0.0,0,0,0.0,0,0,0.0,0,0,0.0,0,0,0.0,0,0,0.0,1,18,0.0526,0,0,0.0,0,0,0.0,0,0,0.0,4,10,0.2857,7,13,0.35,4,21,0.16,3,14,0.1765,5,12,0.2941,3,13,0.1875,11,23,0.3235
2026-04-03 21:40:20,test_1893.jpg,277,59,336,0.1756,5,31,32,0,0,0.0,0,0,0.0,0,0,0.0,0,0,0.0,0,0,0.0,0,0,0.0,0,0,0.0,0,0,0.0,0,0,0.0,0,0,0.0,0,1,0.0,0,0,0.0,0,0,0.0,0,0,0.0,0,0,0.0,0,0,0.0,0,0,0.0,0,0,0.0,0,0,0.0,0,0,0.0,0,0,0.0,29,124,0.1895,0,0,0.0,0,0,0.0,0,0,0.0,3,49,0.0577,27,95,0.2213,0,8,0.0,0,0,0.0,0,0,0.0,0,0,0.0,0,0,0.0
2026-04-03 21:40:20,test_1894.jpg,153,18,171,0.1053,8,31,32,0,0,0.0,0,0,0.0,0,0,0.0,0,0,0.0,0,0,0.0,0,0,0.0,0,0,0.0,0,0,0.0,0,0,0.0,0,0,0.0,0,18,0.0,0,0,0.0,0,0,0.0,0,0,0.0,0,0,0.0,0,0,0.0,0,0,0.0,0,0,0.0,0,0,0.0,0,0,0.0,0,0,0.0,0,17,0.0,0,0,0.0,0,0,0.0,0,0,0.0,1,18,0.0526,4,15,0.2105,5,20,0.2,1,25,0.0385,6,15,0.2857,1,25,0.0385,0,0,0.0
2026-04-03 21:40:20,test_1895.jpg,156,131,287,0.4564,6,31,32,0,0,0.0,0,0,0.0,0,0,0.0,0,0,0.0,0,0,0.0,0,0,0.0,0,0,0.0,0,0,0.0,0,0,0.0,0,0,0.0,16,21,0.4324,0,0,0.0,0,0,0.0,0,0,0.0,0,0,0.0,0,0,0.0,0,0,0.0,0,0,0.0,0,0,0.0,0,0,0.0,0,0,0.0,34,28,0.5484,0,0,0.0,0,0,0.0,0,0,0.0,26,23,0.5306,27,30,0.4737,22,30,0.4231,6,24,0.2,0,0,0.0,0,0,0.0,0,0,0.0
2026-04-03 21:40:20,test_1896.jpg,209,39,248,0.1573,5,31,32,0,0,0.0,0,0,0.0,0,0,0.0,0,0,0.0,0,0,0.0,0,0,0.0,0,0,0.0,0,0,0.0,0,0,0.0,0,0,0.0,4,37,0.0976,0,0,0.0,0,0,0.0,0,0,0.0,0,0,0.0,0,0,0.0,0,0,0.0,0,0,0.0,0,0,0.0,0,0,0.0,0,0,0.0,10,40,0.2,0,0,0.0,0,0,0.0,0,0,0.0,5,65,0.0714,19,52,0.2676,1,15,0.0625,0,0,0.0,0,0,0.0,0,0,0.0,0,0,0.0
2026-04-03 21:40:20,test_1897.jpg,142,20,162,0.1235,3,31,32,0,0,0.0,0,0,0.0,0,0,0.0,0,0,0.0,0,0,0.0,0,0,0.0,0,0,0.0,0,0,0.0,0,0,0.0,0,0,0.0,3,40,0.0698,0,0,0.0,0,0,0.0,0,0,0.0,0,0,0.0,0,0,0.0,0,0,0.0,0,0,0.0,0,0,0.0,0,0,0.0,0,0,0.0,14,78,0.1522,0,0,0.0,0,0,0.0,0,0,0.0,3,24,0.1111,0,0,0.0,0,0,0.0,0,0,0.0,0,0,0.0,0,0,0.0,0,0,0.0
2026-04-03 21:40:20,test_1898.jpg,144,19,163,0.1166,7,31,32,0,0,0.0,0,0,0.0,0,0,0.0,0,0,0.0,0,0,0.0,0,0,0.0,0,0,0.0,0,0,0.0,0,0,0.0,0,0,0.0,1,21,0.0455,0,0,0.0,0,0,0.0,0,0,0.0,0,0,0.0,0,0,0.0,0,0,0.0,0,0,0.0,0,0,0.0,0,0,0.0,0,0,0.0,6,14,0.3,0,0,0.0,0,0,0.0,0,0,0.0,4,17,0.1905,5,20,0.2,2,26,0.0714,1,21,0.0455,0,25,0.0,0,0,0.0,0,0,0.0
2026-04-03 21:40:20,test_1899.jpg,162,21,183,0.1148,9,31,32,0,0,0.0,0,0,0.0,0,0,0.0,0,0,0.0,0,0,0.0,0,0,0.0,0,0,0.0,0,0,0.0,0,0,0.0,0,0,0.0,1,16,0.0588,0,0,0.0,0,0,0.0,0,0,0.0,0,0,0.0,0,0,0.0,0,0,0.0,0,0,0.0,0,0,0.0,0,0,0.0,0,0,0.0,4,18,0.1818,0,0,0.0,0,0,0.0,0,0,0.0,3,18,0.1429,0,19,0.0,1,21,0.0455,3,19,0.1364,3,13,0.1875,1,16,0.0588,5,22,0.1852
2026-04-03 21:40:20,test_19.jpg,152,12,164,0.0732,15,31,32,0,3,0.0,0,0,0.0,2,9,0.1818,1,10,0.0909,2,22,0.0833,0,0,0.0,0,0,0.0,0,0,0.0,0,0,0.0,0,0,0.0,0,10,0.0,0,0,0.0,0,0,0.0,0,0,0.0,0,0,0.0,0,0,0.0,0,0,0.0,0,0,0.0,0,0,0.0,0,0,0.0,0,0,0.0,0,10,0.0,0,0,0.0,0,0,0.0,0,0,0.0,0,10,0.0,3,10,0.2308,0,10,0.0,0,10,0.0,0,10,0.0,2,20,0.0909,2,18,0.1
2026-04-03 21:40:20,test_190.jpg,268,59,327,0.1804,8,31,32,0,0,0.0,0,0,0.0,0,0,0.0,0,0,0.0,0,0,0.0,0,0,0.0,0,0,0.0,0,0,0.0,0,0,0.0,0,0,0.0,3,17,0.15,0,0,0.0,0,0,0.0,0,0,0.0,0,0,0.0,0,0,0.0,0,0,0.0,0,0,0.0,0,0,0.0,0,0,0.0,0,0,0.0,8,32,0.2,0,0,0.0,0,0,0.0,0,0,0.0,12,33,0.2667,0,25,0.0,8,34,0.1905,15,60,0.2,6,40,0.1304,7,27,0.2059,0,0,0.0
2026-04-03 21:40:20,test_1900.jpg,164,34,198,0.1717,9,31,32,0,0,0.0,0,0,0.0,0,0,0.0,0,0,0.0,0,0,0.0,0,0,0.0,0,0,0.0,0,0,0.0,0,0,0.0,0,0,0.0,0,2,0.0,0,0,0.0,0,0,0.0,0,0,0.0,0,0,0.0,0,0,0.0,0,0,0.0,0,0,0.0,0,0,0.0,0,0,0.0,0,0,0.0,0,23,0.0,0,0,0.0,0,0,0.0,0,0,0.0,0,9,0.0,0,4,0.0,0,21,0.0,7,25,0.2188,25,63,0.2841,2,16,0.1111,0,1,0.0
2026-04-03 21:40:20,test_1901.jpg,118,20,138,0.1449,7,31,32,0,0,0.0,0,0,0.0,0,0,0.0,0,0,0.0,0,0,0.0,0,0,0.0,0,0,0.0,0,0,0.0,0,0,0.0,0,0,0.0,0,13,0.0,0,0,0.0,0,0,0.0,0,0,0.0,0,0,0.0,0,0,0.0,0,0,0.0,0,0,0.0,0,0,0.0,0,0,0.0,0,0,0.0,2,19,0.0952,0,0,0.0,0,0,0.0,0,0,0.0,7,15,0.3182,2,13,0.1333,1,20,0.0476,4,21,0.16,4,17,0.1905,0,0,0.0,0,0,0.0
2026-04-03 21:40:20,test_1902.jpg,133,37,170,0.2176,6,31,32,0,0,0.0,0,0,0.0,0,0,0.0,0,0,0.0,0,0,0.0,0,0,0.0,0,0,0.0,0,0,0.0,0,0,0.0,0,0,0.0,6,21,0.2222,0,0,0.0,0,0,0.0,0,0,0.0,0,0,0.0,0,0,0.0,0,0,0.0,0,0,0.0,0,0,0.0,0,0,0.0,0,0,0.0,3,23,0.1154,0,0,0.0,0,0,0.0,0,0,0.0,8,28,0.2222,2,25,0.0741,9,19,0.3214,9,17,0.3462,0,0,0.0,0,0,0.0,0,0,0.0
2026-04-03 21:40:20,test_1903.jpg,134,37,171,0.2164,7,31,32,0,0,0.0,0,0,0.0,0,0,0.0,0,0,0.0,0,0,0.0,0,0,0.0,0,0,0.0,0,0,0.0,0,0,0.0,0,0,0.0,3,14,0.1765,0,0,0.0,0,0,0.0,0,0,0.0,0,0,0.0,0,0,0.0,0,0,0.0,0,0,0.0,0,0,0.0,0,0,0.0,0,0,0.0,4,15,0.2105,0,0,0.0,0,0,0.0,0,0,0.0,5,20,0.2,4,18,0.1818,8,21,0.2759,8,23,0.2581,5,23,0.1786,0,0,0.0,0,0,0.0
2026-04-03 21:40:20,test_1904.jpg,136,8,144,0.0556,6,31,32,0,0,0.0,0,0,0.0,0,0,0.0,0,0,0.0,0,0,0.0,0,0,0.0,0,0,0.0,0,0,0.0,0,0,0.0,0,0,0.0,4,24,0.1429,0,0,0.0,0,0,0.0,0,0,0.0,0,0,0.0,0,0,0.0,0,0,0.0,0,0,0.0,0,0,0.0,0,0,0.0,0,0,0.0,0,19,0.0,0,0,0.0,0,0,0.0,0,0,0.0,0,23,0.0,0,21,0.0,4,21,0.16,0,28,0.0,0,0,0.0,0,0,0.0,0,0,0.0
2026-04-03 21:40:20,test_1905.jpg,135,34,169,0.2012,8,31,32,0,0,0.0,0,0,0.0,0,0,0.0,0,0,0.0,0,0,0.0,0,0,0.0,0,0,0.0,0,0,0.0,0,0,0.0,0,0,0.0,0,17,0.0,0,0,0.0,0,0,0.0,0,0,0.0,0,0,0.0,0,0,0.0,0,0,0.0,0,0,0.0,0,0,0.0,0,0,0.0,0,0,0.0,1,13,0.0714,0,0,0.0,0,0,0.0,0,0,0.0,3,14,0.1765,1,20,0.0476,0,20,0.0,2,13,0.1333,7,17,0.2917,20,21,0.4878,0,0,0.0
2026-04-03 21:40:20,test_1906.jpg,137,30,167,0.1796,11,31,32,5,26,0.1613,6,20,0.2308,0,0,0.0,0,0,0.0,0,0,0.0,0,0,0.0,0,0,0.0,0,0,0.0,0,0,0.0,0,0,0.0,0,5,0.0,0,0,0.0,0,0,0.0,0,0,0.0,0,0,0.0,0,0,0.0,0,0,0.0,0,0,0.0,0,0,0.0,0,0,0.0,0,0,0.0,2,10,0.1667,0,0,0.0,0,0,0.0,0,0,0.0,0,10,0.0,1,4,0.2,1,11,0.0833,5,4,0.5556,5,12,0.2941,1,13,0.0714,4,22,0.1538
2026-04-03 21:40:20,test_1907.jpg,160,52,212,0.2453,9,31,32,0,0,0.0,0,0,0.0,0,0,0.0,0,0,0.0,0,0,0.0,0,0,0.0,0,0,0.0,0,0,0.0,0,0,0.0,0,0,0.0,1,11,0.0833,0,0,0.0,0,0,0.0,0,0,0.0,0,0,0.0,0,0,0.0,0,0,0.0,0,0,0.0,0,0,0.0,0,0,0.0,0,0,0.0,2,9,0.1818,0,0,0.0,0,0,0.0,0,0,0.0,9,25,0.2647,3,24,0.1111,9,22,0.2903,9,19,0.3214,10,20,0.3333,5,19,0.2083,4,11,0.2667
2026-04-03 21:40:20,test_1908.jpg,122,3,125,0.024,8,31,32,0,0,0.0,0,0,0.0,0,0,0.0,0,0,0.0,0,0,0.0,0,0,0.0,0,0,0.0,0,0,0.0,0,0,0.0,0,0,0.0,0,1,0.0,0,0,0.0,0,0,0.0,0,0,0.0,0,0,0.0,0,0,0.0,0,0,0.0,0,0,0.0,0,0,0.0,0,0,0.0,0,0,0.0,3,18,0.1429,0,0,0.0,0,0,0.0,0,0,0.0,0,15,0.0,0,21,0.0,0,24,0.0,0,12,0.0,0,14,0.0,0,17,0.0,0,0,0.0
2026-04-03 21:40:20,test_1909.jpg,161,32,193,0.1658,8,31,32,0,0,0.0,0,0,0.0,0,0,0.0,0,0,0.0,0,0,0.0,0,0,0.0,0,0,0.0,0,0,0.0,0,0,0.0,0,0,0.0,0,23,0.0,0,0,0.0,0,0,0.0,0,0,0.0,0,0,0.0,0,0,0.0,0,0,0.0,0,0,0.0,0,0,0.0,0,0,0.0,0,0,0.0,0,16,0.0,0,0,0.0,0,0,0.0,0,0,0.0,2,16,0.1111,7,21,0.25,3,26,0.1034,12,27,0.3077,3,16,0.1579,5,16,0.2381,0,0,0.0
2026-04-03 21:40:20,test_191.jpg,130,49,179,0.2737,8,31,32,0,0,0.0,0,0,0.0,0,0,0.0,0,0,0.0,0,0,0.0,0,0,0.0,0,0,0.0,0,0,0.0,0,0,0.0,0,0,0.0,0,0,0.0,0,0,0.0,0,0,0.0,0,0,0.0,0,0,0.0,0,0,0.0,0,0,0.0,0,0,0.0,0,0,0.0,0,0,0.0,0,0,0.0,12,33,0.2667,0,0,0.0,0,0,0.0,0,0,0.0,6,18,0.25,4,17,0.1905,5,14,0.2632,10,14,0.4167,3,18,0.1429,9,16,0.36,0,0,0.0
2026-04-03 21:40:20,test_1910.jpg,123,25,148,0.1689,6,31,32,0,0,0.0,0,0,0.0,0,0,0.0,0,0,0.0,0,0,0.0,0,0,0.0,0,0,0.0,0,0,0.0,0,0,0.0,0,0,0.0,0,15,0.0,0,0,0.0,0,0,0.0,0,0,0.0,0,0,0.0,0,0,0.0,0,0,0.0,0,0,0.0,0,0,0.0,0,0,0.0,0,0,0.0,5,23,0.1786,0,0,0.0,0,0,0.0,0,0,0.0,6,21,0.2222,3,20,0.1304,4,22,0.1538,7,22,0.2414,0,0,0.0,0,0,0.0,0,0,0.0
2026-04-03 21:40:20,test_1911.jpg,132,37,169,0.2189,5,31,32,0,0,0.0,0,0,0.0,0,0,0.0,0,0,0.0,0,0,0.0,0,0,0.0,0,0,0.0,0,0,0.0,0,0,0.0,0,0,0.0,1,30,0.0323,0,0,0.0,0,0,0.0,0,0,0.0,0,0,0.0,0,0,0.0,0,0,0.0,0,0,0.0,0,0,0.0,0,0,0.0,0,0,0.0,4,21,0.16,0,0,0.0,0,0,0.0,0,0,0.0,7,24,0.2258,8,29,0.2162,17,28,0.3778,0,0,0.0,0,0,0.0,0,0,0.0,0,0,0.0
2026-04-03 21:40:20,test_1912.jpg,113,19,132,0.1439,6,31,32,0,0,0.0,0,0,0.0,0,0,0.0,0,0,0.0,0,0,0.0,0,0,0.0,0,0,0.0,0,0,0.0,0,0,0.0,0,0,0.0,1,16,0.0588,0,0,0.0,0,0,0.0,0,0,0.0,0,0,0.0,0,0,0.0,0,0,0.0,0,0,0.0,0,0,0.0,0,0,0.0,0,0,0.0,12,20,0.375,0,0,0.0,0,0,0.0,0,0,0.0,1,19,0.05,1,19,0.05,4,22,0.1538,0,17,0.0,0,0,0.0,0,0,0.0,0,0,0.0
2026-04-03 21:40:20,test_1913.jpg,139,19,158,0.1203,8,31,32,0,0,0.0,0,0,0.0,0,0,0.0,0,0,0.0,0,0,0.0,0,0,0.0,0,0,0.0,0,0,0.0,0,0,0.0,0,0,0.0,0,19,0.0,0,0,0.0,0,0,0.0,0,0,0.0,0,0,0.0,0,0,0.0,0,0,0.0,0,0,0.0,0,0,0.0,0,0,0.0,0,0,0.0,2,11,0.1538,0,0,0.0,0,0,0.0,0,0,0.0,0,20,0.0,0,21,0.0,2,16,0.1111,0,15,0.0,1,18,0.0526,14,19,0.4242,0,0,0.0
2026-04-03 21:40:20,test_1914.jpg,144,38,182,0.2088,12,31,32,0,13,0.0,9,15,0.375,9,11,0.45,0,0,0.0,0,0,0.0,0,0,0.0,0,0,0.0,0,0,0.0,0,0,0.0,0,0,0.0,0,1,0.0,0,0,0.0,0,0,0.0,0,0,0.0,0,0,0.0,0,0,0.0,0,0,0.0,0,0,0.0,0,0,0.0,0,0,0.0,0,0,0.0,3,26,0.1034,0,0,0.0,0,0,0.0,0,0,0.0,0,10,0.0,1,12,0.0769,0,12,0.0,0,3,0.0,12,17,0.4138,0,12,0.0,4,12,0.25
2026-04-03 21:40:20,test_1915.jpg,150,30,180,0.1667,12,31,32,0,25,0.0,9,12,0.4286,3,13,0.1875,0,0,0.0,0,0,0.0,0,0,0.0,0,0,0.0,0,0,0.0,0,0,0.0,0,0,0.0,3,9,0.25,0,0,0.0,0,0,0.0,0,0,0.0,0,0,0.0,0,0,0.0,0,0,0.0,0,0,0.0,0,0,0.0,0,0,0.0,0,0,0.0,3,12,0.2,0,0,0.0,0,0,0.0,0,0,0.0,2,10,0.1667,0,10,0.0,0,10,0.0,0,10,0.0,5,12,0.2941,3,9,0.25,2,18,0.1
2026-04-03 21:40:20,test_1916.jpg,162,48,210,0.2286,4,31,32,0,0,0.0,0,0,0.0,0,0,0.0,0,0,0.0,0,0,0.0,0,0,0.0,0,0,0.0,0,0,0.0,0,0,0.0,0,0,0.0,1,33,0.0294,0,0,0.0,0,0,0.0,0,0,0.0,0,0,0.0,0,0,0.0,0,0,0.0,0,0,0.0,0,0,0.0,0,0,0.0,0,0,0.0,16,48,0.25,0,0,0.0,0,0,0.0,0,0,0.0,18,59,0.2338,13,22,0.3714,0,0,0.0,0,0,0.0,0,0,0.0,0,0,0.0,0,0,0.0
2026-04-03 21:40:20,test_1917.jpg,157,31,188,0.1649,7,31,32,0,0,0.0,0,0,0.0,0,0,0.0,0,0,0.0,0,0,0.0,0,0,0.0,0,0,0.0,0,0,0.0,0,0,0.0,0,0,0.0,4,16,0.2,0,0,0.0,0,0,0.0,0,0,0.0,0,0,0.0,0,0,0.0,0,0,0.0,0,0,0.0,0,0,0.0,0,0,0.0,0,0,0.0,3,20,0.1304,0,0,0.0,0,0,0.0,0,0,0.0,2,28,0.0667,6,24,0.2,6,22,0.2143,5,28,0.1515,5,19,0.2083,0,0,0.0,0,0,0.0
2026-04-03 21:40:20,test_1918.jpg,153,21,174,0.1207,5,31,32,0,0,0.0,0,0,0.0,0,0,0.0,0,0,0.0,0,0,0.0,0,0,0.0,0,0,0.0,0,0,0.0,0,0,0.0,0,0,0.0,0,0,0.0,0,0,0.0,0,0,0.0,0,0,0.0,0,0,0.0,0,0,0.0,0,0,0.0,0,0,0.0,0,0,0.0,0,0,0.0,0,0,0.0,0,38,0.0,0,0,0.0,0,0,0.0,0,0,0.0,2,41,0.0465,19,74,0.2043,0,0,0.0,0,0,0.0,0,0,0.0,0,0,0.0,0,0,0.0
2026-04-03 21:40:20,test_1919.jpg,131,12,143,0.0839,6,31,32,0,0,0.0,0,0,0.0,0,0,0.0,0,0,0.0,0,0,0.0,0,0,0.0,0,0,0.0,0,0,0.0,0,0,0.0,0,0,0.0,0,19,0.0,0,0,0.0,0,0,0.0,0,0,0.0,0,0,0.0,0,0,0.0,0,0,0.0,0,0,0.0,0,0,0.0,0,0,0.0,0,0,0.0,0,26,0.0,0,0,0.0,0,0,0.0,0,0,0.0,2,24,0.0769,2,21,0.087,4,21,0.16,4,20,0.1667,0,0,0.0,0,0,0.0,0,0,0.0
2026-04-03 21:40:20,test_192.jpg,125,29,154,0.1883,6,31,32,0,0,0.0,0,0,0.0,0,0,0.0,0,0,0.0,0,0,0.0,0,0,0.0,0,0,0.0,0,0,0.0,0,0,0.0,0,0,0.0,0,14,0.0,0,0,0.0,0,0,0.0,0,0,0.0,0,0,0.0,0,0,0.0,0,0,0.0,0,0,0.0,0,0,0.0,0,0,0.0,0,0,0.0,0,15,0.0,0,0,0.0,0,0,0.0,0,0,0.0,0,19,0.0,6,18,0.25,17,33,0.34,6,26,0.1875,0,0,0.0,0,0,0.0,0,0,0.0
2026-04-03 21:40:20,test_1920.jpg,135,2,137,0.0146,8,31,32,0,0,0.0,0,0,0.0,0,0,0.0,0,0,0.0,0,0,0.0,0,0,0.0,0,0,0.0,0,0,0.0,0,0,0.0,0,0,0.0,0,19,0.0,0,0,0.0,0,0,0.0,0,0,0.0,0,0,0.0,0,0,0.0,0,0,0.0,0,0,0.0,0,0,0.0,0,0,0.0,0,0,0.0,0,18,0.0,0,0,0.0,0,0,0.0,0,0,0.0,0,18,0.0,0,17,0.0,0,17,0.0,1,15,0.0625,0,16,0.0,1,15,0.0625,0,0,0.0
2026-04-03 21:40:20,test_1921.jpg,188,40,228,0.1754,10,31,32,0,9,0.0,0,0,0.0,0,0,0.0,0,0,0.0,0,0,0.0,0,0,0.0,0,0,0.0,0,0,0.0,0,0,0.0,0,0,0.0,1,2,0.3333,0,0,0.0,0,0,0.0,0,0,0.0,0,0,0.0,0,0,0.0,0,0,0.0,0,0,0.0,0,0,0.0,0,0,0.0,0,0,0.0,7,20,0.2593,0,0,0.0,0,0,0.0,0,0,0.0,3,24,0.1111,1,18,0.0526,0,21,0.0,14,29,0.3256,0,20,0.0,3,14,0.1765,11,31,0.2619
2026-04-03 21:40:20,test_1922.jpg,155,52,207,0.2512,6,31,32,0,0,0.0,0,0,0.0,0,0,0.0,0,0,0.0,0,0,0.0,0,0,0.0,0,0,0.0,0,0,0.0,0,0,0.0,0,0,0.0,16,46,0.2581,0,0,0.0,0,0,0.0,0,0,0.0,0,0,0.0,0,0,0.0,0,0,0.0,0,0,0.0,0,0,0.0,0,0,0.0,0,0,0.0,12,24,0.3333,0,0,0.0,0,0,0.0,0,0,0.0,6,32,0.1579,4,14,0.2222,6,19,0.24,8,20,0.2857,0,0,0.0,0,0,0.0,0,0,0.0
2026-04-03 21:40:20,test_1923.jpg,128,12,140,0.0857,8,31,32,0,0,0.0,0,0,0.0,0,0,0.0,0,0,0.0,0,0,0.0,0,0,0.0,0,0,0.0,0,0,0.0,0,0,0.0,0,0,0.0,0,17,0.0,0,0,0.0,0,0,0.0,0,0,0.0,0,0,0.0,0,0,0.0,0,0,0.0,0,0,0.0,0,0,0.0,0,0,0.0,0,0,0.0,0,15,0.0,0,0,0.0,0,0,0.0,0,0,0.0,3,16,0.1579,3,14,0.1765,1,18,0.0526,0,16,0.0,4,18,0.1818,1,14,0.0667,0,0,0.0
2026-04-03 21:40:20,test_1924.jpg,151,58,209,0.2775,10,31,32,6,7,0.4615,0,0,0.0,0,0,0.0,0,0,0.0,0,0,0.0,0,0,0.0,0,0,0.0,0,0,0.0,0,0,0.0,0,0,0.0,2,7,0.2222,0,0,0.0,0,0,0.0,0,0,0.0,0,0,0.0,0,0,0.0,0,0,0.0,0,0,0.0,0,0,0.0,0,0,0.0,0,0,0.0,0,18,0.0,0,0,0.0,0,0,0.0,0,0,0.0,13,28,0.3171,6,10,0.375,3,17,0.15,4,8,0.3333,0,14,0.0,17,24,0.4146,7,18,0.28
2026-04-03 21:40:20,test_1925.jpg,139,62,201,0.3085,8,31,32,0,0,0.0,0,0,0.0,0,0,0.0,0,0,0.0,0,0,0.0,0,0,0.0,0,0,0.0,0,0,0.0,0,0,0.0,0,0,0.0,4,11,0.2667,0,0,0.0,0,0,0.0,0,0,0.0,0,0,0.0,0,0,0.0,0,0,0.0,0,0,0.0,0,0,0.0,0,0,0.0,0,0,0.0,1,20,0.0476,0,0,0.0,0,0,0.0,0,0,0.0,0,10,0.0,4,20,0.1667,14,20,0.4118,15,19,0.4412,15,21,0.4167,9,18,0.3333,0,0,0.0
2026-04-03 21:40:20,test_1926.jpg,195,108,303,0.3564,5,31,32,0,0,0.0,0,0,0.0,0,0,0.0,0,0,0.0,0,0,0.0,0,0,0.0,0,0,0.0,0,0,0.0,0,0,0.0,0,0,0.0,3,16,0.1579,0,0,0.0,0,0,0.0,0,0,0.0,0,0,0.0,0,0,0.0,0,0,0.0,0,0,0.0,0,0,0.0,0,0,0.0,0,0,0.0,10,41,0.1961,0,0,0.0,0,0,0.0,0,0,0.0,8,58,0.1212,63,50,0.5575,24,30,0.4444,0,0,0.0,0,0,0.0,0,0,0.0,0,0,0.0
2026-04-03 21:40:20,test_1927.jpg,163,27,190,0.1421,8,31,32,0,0,0.0,0,0,0.0,0,0,0.0,0,0,0.0,0,0,0.0,0,0,0.0,0,0,0.0,0,0,0.0,0,0,0.0,0,0,0.0,4,21,0.16,0,0,0.0,0,0,0.0,0,0,0.0,0,0,0.0,0,0,0.0,0,0,0.0,0,0,0.0,0,0,0.0,0,0,0.0,0,0,0.0,0,21,0.0,0,0,0.0,0,0,0.0,0,0,0.0,2,21,0.087,3,19,0.1364,2,22,0.0833,3,17,0.15,4,25,0.1379,9,17,0.3462,0,0,0.0
2026-04-03 21:40:20,test_1928.jpg,208,213,421,0.5059,9,31,32,0,0,0.0,0,0,0.0,0,0,0.0,0,0,0.0,0,0,0.0,0,0,0.0,0,0,0.0,0,0,0.0,0,0,0.0,0,0,0.0,5,26,0.1613,0,0,0.0,0,0,0.0,0,0,0.0,0,0,0.0,0,0,0.0,0,0,0.0,0,0,0.0,0,0,0.0,0,0,0.0,0,0,0.0,24,28,0.4615,0,0,0.0,0,0,0.0,0,0,0.0,13,17,0.4333,29,23,0.5577,41,31,0.5694,46,30,0.6053,30,25,0.5455,17,16,0.5152,8,12,0.4
2026-04-03 21:40:20,test_1929.jpg,127,21,148,0.1419,6,31,32,0,0,0.0,0,0,0.0,0,0,0.0,0,0,0.0,0,0,0.0,0,0,0.0,0,0,0.0,0,0,0.0,0,0,0.0,0,0,0.0,1,12,0.0769,0,0,0.0,0,0,0.0,0,0,0.0,0,0,0.0,0,0,0.0,0,0,0.0,0,0,0.0,0,0,0.0,0,0,0.0,0,0,0.0,6,19,0.24,0,0,0.0,0,0,0.0,0,0,0.0,3,24,0.1111,0,25,0.0,5,27,0.1562,6,20,0.2308,0,0,0.0,0,0,0.0,0,0,0.0
2026-04-03 21:40:20,test_193.jpg,48,16,64,0.25,9,31,32,0,0,0.0,0,0,0.0,0,0,0.0,0,0,0.0,0,0,0.0,0,0,0.0,0,0,0.0,0,0,0.0,0,0,0.0,0,0,0.0,4,6,0.4,0,0,0.0,0,0,0.0,0,0,0.0,0,0,0.0,0,0,0.0,0,0,0.0,0,0,0.0,0,0,0.0,0,0,0.0,0,0,0.0,0,12,0.0,0,0,0.0,0,0,0.0,0,0,0.0,5,6,0.4545,1,5,0.1667,3,10,0.2308,0,1,0.0,0,0,0.0,2,6,0.25,1,2,0.3333
2026-04-03 21:40:20,test_1930.jpg,139,11,150,0.0733,6,31,32,0,0,0.0,0,0,0.0,0,0,0.0,0,0,0.0,0,0,0.0,0,0,0.0,0,0,0.0,0,0,0.0,0,0,0.0,0,0,0.0,2,22,0.0833,0,0,0.0,0,0,0.0,0,0,0.0,0,0,0.0,0,0,0.0,0,0,0.0,0,0,0.0,0,0,0.0,0,0,0.0,0,0,0.0,2,17,0.1053,0,0,0.0,0,0,0.0,0,0,0.0,5,20,0.2,0,21,0.0,2,23,0.08,0,36,0.0,0,0,0.0,0,0,0.0,0,0,0.0
2026-04-03 21:40:20,test_1931.jpg,230,62,292,0.2123,13,31,32,5,37,0.119,6,15,0.2857,2,15,0.1176,19,23,0.4524,0,0,0.0,0,0,0.0,0,0,0.0,0,0,0.0,0,0,0.0,0,0,0.0,1,6,0.1429,0,0,0.0,0,0,0.0,0,0,0.0,0,0,0.0,0,0,0.0,0,0,0.0,0,0,0.0,0,0,0.0,0,0,0.0,0,0,0.0,4,22,0.1538,0,0,0.0,0,0,0.0,0,0,0.0,5,15,0.25,1,25,0.0385,3,5,0.375,6,17,0.2609,4,27,0.129,4,14,0.2222,2,9,0.1818
2026-04-03 21:40:20,test_1932.jpg,137,11,148,0.0743,14,31,32,0,8,0.0,0,8,0.0,4,17,0.1905,1,20,0.0476,0,2,0.0,0,0,0.0,0,0,0.0,0,0,0.0,0,0,0.0,0,0,0.0,0,7,0.0,0,0,0.0,0,0,0.0,0,0,0.0,0,0,0.0,0,0,0.0,0,0,0.0,0,0,0.0,0,0,0.0,0,0,0.0,0,0,0.0,0,7,0.0,0,0,0.0,0,0,0.0,0,0,0.0,0,6,0.0,0,7,0.0,4,16,0.2,1,10,0.0909,0,10,0.0,1,9,0.1,0,10,0.0
2026-04-03 21:40:20,test_1933.jpg,127,6,133,0.0451,5,31,32,0,0,0.0,0,0,0.0,0,0,0.0,0,0,0.0,0,0,0.0,0,0,0.0,0,0,0.0,0,0,0.0,0,0,0.0,0,0,0.0,2,29,0.0645,0,0,0.0,0,0,0.0,0,0,0.0,0,0,0.0,0,0,0.0,0,0,0.0,0,0,0.0,0,0,0.0,0,0,0.0,0,0,0.0,1,29,0.0333,0,0,0.0,0,0,0.0,0,0,0.0,1,22,0.0435,1,27,0.0357,1,20,0.0476,0,0,0.0,0,0,0.0,0,0,0.0,0,0,0.0
2026-04-03 21:40:20,test_1934.jpg,155,77,232,0.3319,7,31,32,0,0,0.0,0,0,0.0,0,0,0.0,0,0,0.0,0,0,0.0,0,0,0.0,0,0,0.0,0,0,0.0,0,0,0.0,0,0,0.0,6,16,0.2727,0,0,0.0,0,0,0.0,0,0,0.0,0,0,0.0,0,0,0.0,0,0,0.0,0,0,0.0,0,0,0.0,0,0,0.0,0,0,0.0,10,5,0.6667,0,0,0.0,0,0,0.0,0,0,0.0,4,19,0.1739,2,18,0.1,4,23,0.1481,31,49,0.3875,20,25,0.4444,0,0,0.0,0,0,0.0
2026-04-03 21:40:20,test_1935.jpg,137,25,162,0.1543,6,31,32,0,0,0.0,0,0,0.0,0,0,0.0,0,0,0.0,0,0,0.0,0,0,0.0,0,0,0.0,0,0,0.0,0,0,0.0,0,0,0.0,1,18,0.0526,0,0,0.0,0,0,0.0,0,0,0.0,0,0,0.0,0,0,0.0,0,0,0.0,0,0,0.0,0,0,0.0,0,0,0.0,0,0,0.0,9,28,0.2432,0,0,0.0,0,0,0.0,0,0,0.0,10,32,0.2381,2,18,0.1,2,22,0.0833,1,19,0.05,0,0,0.0,0,0,0.0,0,0,0.0
2026-04-03 21:40:20,test_1936.jpg,151,6,157,0.0382,6,31,32,0,0,0.0,0,0,0.0,0,0,0.0,0,0,0.0,0,0,0.0,0,0,0.0,0,0,0.0,0,0,0.0,0,0,0.0,0,0,0.0,2,23,0.08,0,0,0.0,0,0,0.0,0,0,0.0,0,0,0.0,0,0,0.0,0,0,0.0,0,0,0.0,0,0,0.0,0,0,0.0,0,0,0.0,4,23,0.1481,0,0,0.0,0,0,0.0,0,0,0.0,0,24,0.0,0,26,0.0,0,27,0.0,0,28,0.0,0,0,0.0,0,0,0.0,0,0,0.0
2026-04-03 21:40:20,test_1937.jpg,121,39,160,0.2437,7,31,32,0,0,0.0,0,0,0.0,0,0,0.0,0,0,0.0,0,0,0.0,0,0,0.0,0,0,0.0,0,0,0.0,0,0,0.0,0,0,0.0,0,12,0.0,0,0,0.0,0,0,0.0,0,0,0.0,0,0,0.0,0,0,0.0,0,0,0.0,0,0,0.0,0,0,0.0,0,0,0.0,0,0,0.0,14,24,0.3684,0,0,0.0,0,0,0.0,0,0,0.0,4,17,0.1905,6,11,0.3529,4,18,0.1818,7,20,0.2593,4,19,0.1739,0,0,0.0,0,0,0.0
2026-04-03 21:40:20,test_1938.jpg,155,68,223,0.3049,7,31,32,0,0,0.0,0,0,0.0,0,0,0.0,0,0,0.0,0,0,0.0,0,0,0.0,0,0,0.0,0,0,0.0,0,0,0.0,0,0,0.0,1,10,0.0909,0,0,0.0,0,0,0.0,0,0,0.0,0,0,0.0,0,0,0.0,0,0,0.0,0,0,0.0,0,0,0.0,0,0,0.0,0,0,0.0,21,47,0.3088,0,0,0.0,0,0,0.0,0,0,0.0,3,21,0.125,2,13,0.1333,13,22,0.3714,16,27,0.3721,12,15,0.4444,0,0,0.0,0,0,0.0
2026-04-03 21:40:20,test_1939.jpg,143,14,157,0.0892,7,31,32,0,0,0.0,0,0,0.0,0,0,0.0,0,0,0.0,0,0,0.0,0,0,0.0,0,0,0.0,0,0,0.0,0,0,0.0,0,0,0.0,0,6,0.0,0,0,0.0,0,0,0.0,0,0,0.0,0,0,0.0,0,0,0.0,0,0,0.0,0,0,0.0,0,0,0.0,0,0,0.0,0,0,0.0,3,40,0.0698,0,0,0.0,0,0,0.0,0,0,0.0,0,21,0.0,2,23,0.08,4,18,0.1818,5,21,0.1923,0,14,0.0,0,0,0.0,0,0,0.0
2026-04-03 21:40:20,test_194.jpg,126,11,137,0.0803,7,31,32,0,0,0.0,0,0,0.0,0,0,0.0,0,0,0.0,0,0,0.0,0,0,0.0,0,0,0.0,0,0,0.0,0,0,0.0,0,0,0.0,3,9,0.25,0,0,0.0,0,0,0.0,0,0,0.0,0,0,0.0,0,0,0.0,0,0,0.0,0,0,0.0,0,0,0.0,0,0,0.0,0,0,0.0,4,16,0.2,0,0,0.0,0,0,0.0,0,0,0.0,4,19,0.1739,0,18,0.0,0,19,0.0,0,28,0.0,0,17,0.0,0,0,0.0,0,0,0.0
2026-04-03 21:40:20,test_1940.jpg,161,5,166,0.0301,8,31,32,0,0,0.0,0,0,0.0,0,0,0.0,0,0,0.0,0,0,0.0,0,0,0.0,0,0,0.0,0,0,0.0,0,0,0.0,0,0,0.0,1,23,0.0417,0,0,0.0,0,0,0.0,0,0,0.0,0,0,0.0,0,0,0.0,0,0,0.0,0,0,0.0,0,0,0.0,0,0,0.0,0,0,0.0,1,18,0.0526,0,0,0.0,0,0,0.0,0,0,0.0,2,18,0.1,0,22,0.0,1,19,0.05,0,20,0.0,0,21,0.0,0,20,0.0,0,0,0.0
2026-04-03 21:40:20,test_1941.jpg,297,44,341,0.129,15,31,32,6,17,0.2609,2,20,0.0909,3,19,0.1364,0,19,0.0,7,17,0.2917,6,8,0.4286,0,0,0.0,0,0,0.0,0,0,0.0,0,0,0.0,2,6,0.25,0,0,0.0,0,0,0.0,0,0,0.0,0,0,0.0,0,0,0.0,0,0,0.0,0,0,0.0,0,0,0.0,0,0,0.0,0,0,0.0,0,7,0.0,0,0,0.0,0,0,0.0,0,0,0.0,4,31,0.1143,6,31,0.1622,2,31,0.0606,1,35,0.0278,1,16,0.0588,0,18,0.0,4,22,0.1538
2026-04-03 21:40:20,test_1942.jpg,131,31,162,0.1914,7,31,32,0,0,0.0,0,0,0.0,0,0,0.0,0,0,0.0,0,0,0.0,0,0,0.0,0,0,0.0,0,0,0.0,0,0,0.0,0,0,0.0,3,19,0.1364,0,0,0.0,0,0,0.0,0,0,0.0,0,0,0.0,0,0,0.0,0,0,0.0,0,0,0.0,0,0,0.0,0,0,0.0,0,0,0.0,3,20,0.1304,0,0,0.0,0,0,0.0,0,0,0.0,2,14,0.125,4,16,0.2,12,22,0.3529,1,19,0.05,6,21,0.2222,0,0,0.0,0,0,0.0
2026-04-03 21:40:20,test_1943.jpg,245,194,439,0.4419,5,31,32,0,0,0.0,0,0,0.0,0,0,0.0,0,0,0.0,0,0,0.0,0,0,0.0,0,0,0.0,0,0,0.0,0,0,0.0,0,0,0.0,10,28,0.2632,0,0,0.0,0,0,0.0,0,0,0.0,0,0,0.0,0,0,0.0,0,0,0.0,0,0,0.0,0,0,0.0,0,0,0.0,0,0,0.0,19,52,0.2676,0,0,0.0,0,0,0.0,0,0,0.0,71,86,0.4522,64,48,0.5714,30,31,0.4918,0,0,0.0,0,0,0.0,0,0,0.0,0,0,0.0
2026-04-03 21:40:20,test_1944.jpg,187,36,223,0.1614,31,31,32,0,3,0.0,6,8,0.4286,2,10,0.1667,0,1,0.0,0,6,0.0,3,9,0.25,0,0,0.0,2,6,0.25,2,11,0.1538,1,5,0.1667,0,3,0.0,3,9,0.25,4,8,0.3333,0,7,0.0,3,6,0.3333,0,6,0.0,0,6,0.0,0,10,0.0,0,7,0.0,0,7,0.0,1,8,0.1111,1,1,0.5,3,13,0.1875,0,0,0.0,0,0,0.0,0,0,0.0,0,1,0.0,2,6,0.25,1,6,0.1429,0,6,0.0,2,8,0.2,0,10,0.0
2026-04-03 21:40:20,test_1945.jpg,162,22,184,0.1196,9,31,32,0,0,0.0,0,0,0.0,0,0,0.0,0,0,0.0,0,0,0.0,0,0,0.0,0,0,0.0,0,0,0.0,0,0,0.0,0,0,0.0,6,28,0.1765,0,0,0.0,0,0,0.0,0,0,0.0,0,0,0.0,0,0,0.0,0,0,0.0,0,0,0.0,0,0,0.0,0,0,0.0,0,0,0.0,0,19,0.0,0,0,0.0,0,0,0.0,0,0,0.0,0,10,0.0,1,10,0.0909,1,8,0.1111,1,21,0.0455,4,22,0.1538,5,20,0.2,4,24,0.1429
2026-04-03 21:40:20,test_1946.jpg,151,38,189,0.2011,22,31,32,0,6,0.0,1,3,0.25,1,9,0.1,1,8,0.1111,7,14,0.3333,2,8,0.2,0,6,0.0,6,10,0.375,6,10,0.375,2,14,0.125,0,1,0.0,0,0,0.0,4,11,0.2667,1,6,0.1429,0,0,0.0,0,0,0.0,0,0,0.0,0,0,0.0,0,0,0.0,0,0,0.0,0,0,0.0,2,4,0.3333,0,0,0.0,0,0,0.0,0,0,0.0,0,6,0.0,0,6,0.0,1,6,0.1429,0,7,0.0,3,8,0.2727,1,3,0.25,0,5,0.0
2026-04-03 21:40:20,test_1947.jpg,98,27,125,0.216,6,31,32,0,0,0.0,0,0,0.0,0,0,0.0,0,0,0.0,0,0,0.0,0,0,0.0,0,0,0.0,0,0,0.0,0,0,0.0,0,0,0.0,3,15,0.1667,0,0,0.0,0,0,0.0,0,0,0.0,0,0,0.0,0,0,0.0,0,0,0.0,0,0,0.0,0,0,0.0,0,0,0.0,0,0,0.0,0,15,0.0,0,0,0.0,0,0,0.0,0,0,0.0,0,15,0.0,9,19,0.3214,0,16,0.0,15,18,0.4545,0,0,0.0,0,0,0.0,0,0,0.0
2026-04-03 21:40:20,test_1948.jpg,138,24,162,0.1481,8,31,32,0,0,0.0,0,0,0.0,0,0,0.0,0,0,0.0,0,0,0.0,0,0,0.0,0,0,0.0,0,0,0.0,0,0,0.0,0,0,0.0,12,23,0.3429,0,0,0.0,0,0,0.0,0,0,0.0,0,0,0.0,0,0,0.0,0,0,0.0,0,0,0.0,0,0,0.0,0,0,0.0,0,0,0.0,6,25,0.1935,0,0,0.0,0,0,0.0,0,0,0.0,2,13,0.1333,4,24,0.1429,0,13,0.0,0,14,0.0,0,14,0.0,0,12,0.0,0,0,0.0
2026-04-03 21:40:20,test_1949.jpg,124,6,130,0.0462,6,31,32,0,0,0.0,0,0,0.0,0,0,0.0,0,0,0.0,0,0,0.0,0,0,0.0,0,0,0.0,0,0,0.0,0,0,0.0,0,0,0.0,0,22,0.0,0,0,0.0,0,0,0.0,0,0,0.0,0,0,0.0,0,0,0.0,0,0,0.0,0,0,0.0,0,0,0.0,0,0,0.0,0,0,0.0,1,25,0.0385,0,0,0.0,0,0,0.0,0,0,0.0,2,21,0.087,3,20,0.1304,0,20,0.0,0,16,0.0,0,0,0.0,0,0,0.0,0,0,0.0
2026-04-03 21:40:20,test_195.jpg,160,11,171,0.0643,8,31,32,0,0,0.0,0,0,0.0,0,0,0.0,0,0,0.0,0,0,0.0,0,0,0.0,0,0,0.0,0,0,0.0,0,0,0.0,0,0,0.0,2,19,0.0952,0,0,0.0,0,0,0.0,0,0,0.0,0,0,0.0,0,0,0.0,0,0,0.0,0,0,0.0,0,0,0.0,0,0,0.0,0,0,0.0,1,19,0.05,0,0,0.0,0,0,0.0,0,0,0.0,0,15,0.0,0,20,0.0,0,20,0.0,3,22,0.12,1,20,0.0476,4,25,0.1379,0,0,0.0
2026-04-03 21:40:20,test_1950.jpg,207,77,284,0.2711,6,31,32,0,0,0.0,0,0,0.0,0,0,0.0,0,0,0.0,0,0,0.0,0,0,0.0,0,0,0.0,0,0,0.0,0,0,0.0,0,0,0.0,0,25,0.0,0,0,0.0,0,0,0.0,0,0,0.0,0,0,0.0,0,0,0.0,0,0,0.0,0,0,0.0,0,0,0.0,0,0,0.0,0,0,0.0,3,45,0.0625,0,0,0.0,0,0,0.0,0,0,0.0,0,28,0.0,2,34,0.0556,24,37,0.3934,48,38,0.5581,0,0,0.0,0,0,0.0,0,0,0.0
2026-04-03 21:40:20,test_1951.jpg,118,21,139,0.1511,6,31,32,0,0,0.0,0,0,0.0,0,0,0.0,0,0,0.0,0,0,0.0,0,0,0.0,0,0,0.0,0,0,0.0,0,0,0.0,0,0,0.0,0,8,0.0,0,0,0.0,0,0,0.0,0,0,0.0,0,0,0.0,0,0,0.0,0,0,0.0,0,0,0.0,0,0,0.0,0,0,0.0,0,0,0.0,5,21,0.1923,0,0,0.0,0,0,0.0,0,0,0.0,2,26,0.0714,3,21,0.125,11,24,0.3143,0,18,0.0,0,0,0.0,0,0,0.0,0,0,0.0
2026-04-03 21:40:20,test_1952.jpg,173,97,270,0.3593,4,31,32,0,0,0.0,0,0,0.0,0,0,0.0,0,0,0.0,0,0,0.0,0,0,0.0,0,0,0.0,0,0,0.0,0,0,0.0,0,0,0.0,46,63,0.422,0,0,0.0,0,0,0.0,0,0,0.0,0,0,0.0,0,0,0.0,0,0,0.0,0,0,0.0,0,0,0.0,0,0,0.0,0,0,0.0,18,35,0.3396,0,0,0.0,0,0,0.0,0,0,0.0,24,44,0.3529,9,31,0.225,0,0,0.0,0,0,0.0,0,0,0.0,0,0,0.0,0,0,0.0
2026-04-03 21:40:20,test_1953.jpg,173,28,201,0.1393,5,31,32,0,0,0.0,0,0,0.0,0,0,0.0,0,0,0.0,0,0,0.0,0,0,0.0,0,0,0.0,0,0,0.0,0,0,0.0,0,0,0.0,2,10,0.1667,0,0,0.0,0,0,0.0,0,0,0.0,0,0,0.0,0,0,0.0,0,0,0.0,0,0,0.0,0,0,0.0,0,0,0.0,0,0,0.0,10,37,0.2128,0,0,0.0,0,0,0.0,0,0,0.0,3,29,0.0938,8,61,0.1159,5,36,0.122,0,0,0.0,0,0,0.0,0,0,0.0,0,0,0.0
2026-04-03 21:40:20,test_1954.jpg,193,40,233,0.1717,10,31,32,2,15,0.1176,0,0,0.0,0,0,0.0,0,0,0.0,0,0,0.0,0,0,0.0,0,0,0.0,0,0,0.0,0,0,0.0,0,0,0.0,5,13,0.2778,0,0,0.0,0,0,0.0,0,0,0.0,0,0,0.0,0,0,0.0,0,0,0.0,0,0,0.0,0,0,0.0,0,0,0.0,0,0,0.0,7,23,0.2333,0,0,0.0,0,0,0.0,0,0,0.0,2,16,0.1111,0,15,0.0,4,14,0.2222,1,15,0.0625,11,42,0.2075,6,11,0.3529,2,29,0.0645
2026-04-03 21:40:20,test_1955.jpg,129,8,137,0.0584,6,31,32,0,0,0.0,0,0,0.0,0,0,0.0,0,0,0.0,0,0,0.0,0,0,0.0,0,0,0.0,0,0,0.0,0,0,0.0,0,0,0.0,1,21,0.0455,0,0,0.0,0,0,0.0,0,0,0.0,0,0,0.0,0,0,0.0,0,0,0.0,0,0,0.0,0,0,0.0,0,0,0.0,0,0,0.0,1,19,0.05,0,0,0.0,0,0,0.0,0,0,0.0,0,22,0.0,0,23,0.0,3,22,0.12,3,22,0.12,0,0,0.0,0,0,0.0,0,0,0.0
2026-04-03 21:40:20,test_1956.jpg,237,98,335,0.2925,15,31,32,0,13,0.0,1,14,0.0667,0,13,0.0,2,12,0.1429,2,9,0.1818,4,13,0.2353,0,0,0.0,0,0,0.0,0,0,0.0,0,0,0.0,16,14,0.5333,0,0,0.0,0,0,0.0,0,0,0.0,0,0,0.0,0,0,0.0,0,0,0.0,0,0,0.0,0,0,0.0,0,0,0.0,0,0,0.0,19,24,0.4419,0,0,0.0,0,0,0.0,0,0,0.0,13,19,0.4062,11,17,0.3929,20,22,0.4762,1,23,0.0417,0,18,0.0,1,13,0.0714,8,13,0.381
2026-04-03 21:40:20,test_1957.jpg,107,21,128,0.1641,12,31,32,0,0,0.0,0,2,0.0,0,0,0.0,0,0,0.0,0,0,0.0,0,0,0.0,0,0,0.0,0,0,0.0,0,0,0.0,0,0,0.0,1,5,0.1667,0,0,0.0,0,0,0.0,0,0,0.0,0,0,0.0,0,0,0.0,0,0,0.0,0,0,0.0,0,0,0.0,0,0,0.0,0,0,0.0,3,15,0.1667,0,0,0.0,0,0,0.0,0,0,0.0,1,16,0.0588,2,12,0.1429,5,23,0.1786,0,13,0.0,7,9,0.4375,2,12,0.1429,0,0,0.0
2026-04-03 21:40:20,test_1958.jpg,148,26,174,0.1494,9,31,32,0,0,0.0,0,0,0.0,0,0,0.0,0,0,0.0,0,0,0.0,0,0,0.0,0,0,0.0,0,0,0.0,0,0,0.0,0,0,0.0,0,14,0.0,0,0,0.0,0,0,0.0,0,0,0.0,0,0,0.0,0,0,0.0,0,0,0.0,0,0,0.0,0,0,0.0,0,0,0.0,0,0,0.0,0,0,0.0,0,0,0.0,0,0,0.0,0,0,0.0,6,15,0.2857,6,17,0.2609,2,22,0.0833,6,18,0.25,3,19,0.1364,0,26,0.0,3,17,0.15
2026-04-03 21:40:20,test_1959.jpg,205,32,237,0.135,9,31,32,0,0,0.0,0,0,0.0,0,0,0.0,0,0,0.0,0,0,0.0,0,0,0.0,0,0,0.0,0,0,0.0,0,0,0.0,0,0,0.0,9,39,0.1875,0,0,0.0,0,0,0.0,0,0,0.0,0,0,0.0,0,0,0.0,0,0,0.0,0,0,0.0,0,0,0.0,0,0,0.0,0,0,0.0,2,54,0.0357,0,0,0.0,0,0,0.0,0,0,0.0,2,15,0.1176,0,16,0.0,6,23,0.2069,5,19,0.2083,4,11,0.2667,0,13,0.0,4,15,0.2105
2026-04-03 21:40:20,test_196.jpg,240,54,294,0.1837,6,31,32,0,0,0.0,0,0,0.0,0,0,0.0,0,0,0.0,0,0,0.0,0,0,0.0,0,0,0.0,0,0,0.0,0,0,0.0,0,0,0.0,7,26,0.2121,0,0,0.0,0,0,0.0,0,0,0.0,0,0,0.0,0,0,0.0,0,0,0.0,0,0,0.0,0,0,0.0,0,0,0.0,0,0,0.0,10,44,0.1852,0,0,0.0,0,0,0.0,0,0,0.0,6,37,0.1395,14,36,0.28,10,53,0.1587,7,44,0.1373,0,0,0.0,0,0,0.0,0,0,0.0
2026-04-03 21:40:20,test_1960.jpg,148,36,184,0.1957,7,31,32,0,0,0.0,0,0,0.0,0,0,0.0,0,0,0.0,0,0,0.0,0,0,0.0,0,0,0.0,0,0,0.0,0,0,0.0,0,0,0.0,1,16,0.0588,0,0,0.0,0,0,0.0,0,0,0.0,0,0,0.0,0,0,0.0,0,0,0.0,0,0,0.0,0,0,0.0,0,0,0.0,0,0,0.0,2,22,0.0833,0,0,0.0,0,0,0.0,0,0,0.0,4,24,0.1429,3,22,0.12,11,22,0.3333,7,22,0.2414,8,20,0.2857,0,0,0.0,0,0,0.0
2026-04-03 21:40:20,test_1961.jpg,117,10,127,0.0787,5,31,32,0,0,0.0,0,0,0.0,0,0,0.0,0,0,0.0,0,0,0.0,0,0,0.0,0,0,0.0,0,0,0.0,0,0,0.0,0,0,0.0,0,21,0.0,0,0,0.0,0,0,0.0,0,0,0.0,0,0,0.0,0,0,0.0,0,0,0.0,0,0,0.0,0,0,0.0,0,0,0.0,0,0,0.0,0,24,0.0,0,0,0.0,0,0,0.0,0,0,0.0,2,23,0.08,6,23,0.2069,2,26,0.0714,0,0,0.0,0,0,0.0,0,0,0.0,0,0,0.0
2026-04-03 21:40:20,test_1962.jpg,259,50,309,0.1618,11,31,32,7,25,0.2188,3,17,0.15,0,0,0.0,0,0,0.0,0,0,0.0,0,0,0.0,0,0,0.0,0,0,0.0,0,0,0.0,0,0,0.0,0,7,0.0,0,0,0.0,0,0,0.0,0,0,0.0,0,0,0.0,0,0,0.0,0,0,0.0,0,0,0.0,0,0,0.0,0,0,0.0,0,0,0.0,0,16,0.0,0,0,0.0,0,0,0.0,0,0,0.0,4,27,0.129,6,31,0.1622,7,31,0.1842,5,32,0.1351,5,27,0.1562,9,26,0.2571,4,20,0.1667
2026-04-03 21:40:20,test_1963.jpg,142,18,160,0.1125,11,31,32,8,27,0.2286,0,4,0.0,0,0,0.0,0,0,0.0,0,0,0.0,0,0,0.0,0,0,0.0,0,0,0.0,0,0,0.0,0,0,0.0,0,5,0.0,0,0,0.0,0,0,0.0,0,0,0.0,0,0,0.0,0,0,0.0,0,0,0.0,0,0,0.0,0,0,0.0,0,0,0.0,0,0,0.0,1,10,0.0909,0,0,0.0,0,0,0.0,0,0,0.0,0,11,0.0,0,2,0.0,3,21,0.125,1,13,0.0714,0,14,0.0,1,26,0.037,4,9,0.3077
2026-04-03 21:40:20,test_1964.jpg,136,46,182,0.2527,7,31,32,0,0,0.0,0,0,0.0,0,0,0.0,0,0,0.0,0,0,0.0,0,0,0.0,0,0,0.0,0,0,0.0,0,0,0.0,0,0,0.0,2,6,0.25,0,0,0.0,0,0,0.0,0,0,0.0,0,0,0.0,0,0,0.0,0,0,0.0,0,0,0.0,0,0,0.0,0,0,0.0,0,0,0.0,2,10,0.1667,0,0,0.0,0,0,0.0,0,0,0.0,9,22,0.2903,3,26,0.1034,2,20,0.0909,5,19,0.2083,23,33,0.4107,0,0,0.0,0,0,0.0
2026-04-03 21:40:20,test_1965.jpg,92,40,132,0.303,10,31,32,9,11,0.45,0,0,0.0,0,0,0.0,0,0,0.0,0,0,0.0,0,0,0.0,0,0,0.0,0,0,0.0,0,0,0.0,0,0,0.0,6,16,0.2727,0,0,0.0,0,0,0.0,0,0,0.0,0,0,0.0,0,0,0.0,0,0,0.0,0,0,0.0,0,0,0.0,0,0,0.0,0,0,0.0,0,0,0.0,0,0,0.0,0,0,0.0,0,0,0.0,3,12,0.2,6,12,0.3333,2,6,0.25,2,10,0.1667,4,6,0.4,4,7,0.3636,4,12,0.25
2026-04-03 21:40:20,test_1966.jpg,278,56,334,0.1677,11,31,32,20,24,0.4545,0,2,0.0,0,0,0.0,0,0,0.0,0,0,0.0,0,0,0.0,0,0,0.0,0,0,0.0,0,0,0.0,0,0,0.0,2,10,0.1667,0,0,0.0,0,0,0.0,0,0,0.0,0,0,0.0,0,0,0.0,0,0,0.0,0,0,0.0,0,0,0.0,0,0,0.0,0,0,0.0,9,36,0.2,0,0,0.0,0,0,0.0,0,0,0.0,0,23,0.0,0,31,0.0,2,32,0.0588,9,30,0.2308,7,38,0.1556,3,32,0.0857,4,20,0.1667
2026-04-03 21:40:20,test_1967.jpg,142,28,170,0.1647,7,31,32,0,0,0.0,0,0,0.0,0,0,0.0,0,0,0.0,0,0,0.0,0,0,0.0,0,0,0.0,0,0,0.0,0,0,0.0,0,0,0.0,14,30,0.3182,0,0,0.0,0,0,0.0,0,0,0.0,0,0,0.0,0,0,0.0,0,0,0.0,0,0,0.0,0,0,0.0,0,0,0.0,0,0,0.0,3,14,0.1765,0,0,0.0,0,0,0.0,0,0,0.0,0,17,0.0,1,16,0.0588,0,15,0.0,1,20,0.0476,9,30,0.2308,0,0,0.0,0,0,0.0
2026-04-03 21:40:20,test_1968.jpg,138,26,164,0.1585,8,31,32,0,0,0.0,0,0,0.0,0,0,0.0,0,0,0.0,0,0,0.0,0,0,0.0,0,0,0.0,0,0,0.0,0,0,0.0,0,0,0.0,0,22,0.0,0,0,0.0,0,0,0.0,0,0,0.0,0,0,0.0,0,0,0.0,0,0,0.0,0,0,0.0,0,0,0.0,0,0,0.0,0,0,0.0,0,15,0.0,0,0,0.0,0,0,0.0,0,0,0.0,2,14,0.125,7,11,0.3889,9,18,0.3333,7,20,0.2593,1,20,0.0476,0,18,0.0,0,0,0.0
2026-04-03 21:40:20,test_1969.jpg,187,25,212,0.1179,13,31,32,6,14,0.3,1,14,0.0667,6,36,0.1429,2,10,0.1667,0,0,0.0,0,0,0.0,0,0,0.0,0,0,0.0,0,0,0.0,0,0,0.0,0,7,0.0,0,0,0.0,0,0,0.0,0,0,0.0,0,0,0.0,0,0,0.0,0,0,0.0,0,0,0.0,0,0,0.0,0,0,0.0,0,0,0.0,0,0,0.0,0,0,0.0,0,0,0.0,0,0,0.0,1,24,0.04,3,12,0.2,0,13,0.0,0,13,0.0,0,12,0.0,5,16,0.2381,1,16,0.0588
2026-04-03 21:40:20,test_197.jpg,126,83,209,0.3971,4,31,32,0,0,0.0,0,0,0.0,0,0,0.0,0,0,0.0,0,0,0.0,0,0,0.0,0,0,0.0,0,0,0.0,0,0,0.0,0,0,0.0,7,15,0.3182,0,0,0.0,0,0,0.0,0,0,0.0,0,0,0.0,0,0,0.0,0,0,0.0,0,0,0.0,0,0,0.0,0,0,0.0,0,0,0.0,13,35,0.2708,0,0,0.0,0,0,0.0,0,0,0.0,42,55,0.433,21,21,0.5,0,0,0.0,0,0,0.0,0,0,0.0,0,0,0.0,0,0,0.0
2026-04-03 21:40:20,test_1970.jpg,183,27,210,0.1286,12,31,32,0,21,0.0,1,24,0.04,5,17,0.2273,0,0,0.0,0,0,0.0,0,0,0.0,0,0,0.0,0,0,0.0,0,0,0.0,0,0,0.0,4,7,0.3636,0,0,0.0,0,0,0.0,0,0,0.0,0,0,0.0,0,0,0.0,0,0,0.0,0,0,0.0,0,0,0.0,0,0,0.0,0,0,0.0,0,0,0.0,0,0,0.0,0,0,0.0,0,0,0.0,5,13,0.2778,0,16,0.0,4,16,0.2,0,19,0.0,3,15,0.1667,0,16,0.0,5,19,0.2083
2026-04-03 21:40:20,test_1971.jpg,179,58,237,0.2447,7,31,32,0,0,0.0,0,0,0.0,0,0,0.0,0,0,0.0,0,0,0.0,0,0,0.0,0,0,0.0,0,0,0.0,0,0,0.0,0,0,0.0,2,30,0.0625,0,0,0.0,0,0,0.0,0,0,0.0,0,0,0.0,0,0,0.0,0,0,0.0,0,0,0.0,0,0,0.0,0,0,0.0,0,0,0.0,2,19,0.0952,0,0,0.0,0,0,0.0,0,0,0.0,1,16,0.0588,6,27,0.1818,22,29,0.4314,25,40,0.3846,0,18,0.0,0,0,0.0,0,0,0.0
2026-04-03 21:40:20,test_1973.jpg,126,5,131,0.0382,5,31,32,0,0,0.0,0,0,0.0,0,0,0.0,0,0,0.0,0,0,0.0,0,0,0.0,0,0,0.0,0,0,0.0,0,0,0.0,0,0,0.0,0,23,0.0,0,0,0.0,0,0,0.0,0,0,0.0,0,0,0.0,0,0,0.0,0,0,0.0,0,0,0.0,0,0,0.0,0,0,0.0,0,0,0.0,0,24,0.0,0,0,0.0,0,0,0.0,0,0,0.0,2,25,0.0741,0,27,0.0,3,27,0.1,0,0,0.0,0,0,0.0,0,0,0.0,0,0,0.0
2026-04-03 21:40:20,test_1974.jpg,175,11,186,0.0591,8,31,32,0,0,0.0,0,0,0.0,0,0,0.0,0,0,0.0,0,0,0.0,0,0,0.0,0,0,0.0,0,0,0.0,0,0,0.0,0,0,0.0,1,18,0.0526,0,0,0.0,0,0,0.0,0,0,0.0,0,0,0.0,0,0,0.0,0,0,0.0,0,0,0.0,0,0,0.0,0,0,0.0,0,0,0.0,0,21,0.0,0,0,0.0,0,0,0.0,0,0,0.0,4,21,0.16,0,21,0.0,2,21,0.087,1,23,0.0417,0,25,0.0,3,25,0.1071,0,0,0.0
2026-04-03 21:40:20,test_1975.jpg,177,31,208,0.149,7,31,32,0,0,0.0,0,0,0.0,0,0,0.0,0,0,0.0,0,0,0.0,0,0,0.0,0,0,0.0,0,0,0.0,0,0,0.0,0,0,0.0,1,19,0.05,0,0,0.0,0,0,0.0,0,0,0.0,0,0,0.0,0,0,0.0,0,0,0.0,0,0,0.0,0,0,0.0,0,0,0.0,0,0,0.0,3,18,0.1429,0,0,0.0,0,0,0.0,0,0,0.0,8,44,0.1538,5,25,0.1667,5,30,0.1429,4,31,0.1143,5,10,0.3333,0,0,0.0,0,0,0.0
2026-04-03 21:40:20,test_1976.jpg,221,34,255,0.1333,16,31,32,1,12,0.0769,8,14,0.3636,3,10,0.2308,9,18,0.3333,0,17,0.0,0,14,0.0,0,13,0.0,0,0,0.0,0,0,0.0,0,0,0.0,0,11,0.0,0,0,0.0,0,0,0.0,0,0,0.0,0,0,0.0,0,0,0.0,0,0,0.0,0,0,0.0,0,0,0.0,0,0,0.0,0,0,0.0,6,11,0.3529,0,0,0.0,0,0,0.0,0,0,0.0,0,11,0.0,2,11,0.1538,0,15,0.0,5,28,0.1515,0,11,0.0,0,11,0.0,0,14,0.0
2026-04-03 21:40:20,test_1977.jpg,193,65,258,0.2519,7,31,32,0,0,0.0,0,0,0.0,0,0,0.0,0,0,0.0,0,0,0.0,0,0,0.0,0,0,0.0,0,0,0.0,0,0,0.0,0,0,0.0,0,21,0.0,0,0,0.0,0,0,0.0,0,0,0.0,0,0,0.0,0,0,0.0,0,0,0.0,0,0,0.0,0,0,0.0,0,0,0.0,0,0,0.0,4,31,0.1143,0,0,0.0,0,0,0.0,0,0,0.0,4,20,0.1667,5,25,0.1667,8,32,0.2,32,49,0.3951,12,15,0.4444,0,0,0.0,0,0,0.0
2026-04-03 21:40:20,test_1978.jpg,160,28,188,0.1489,8,31,32,0,0,0.0,0,0,0.0,0,0,0.0,0,0,0.0,0,0,0.0,0,0,0.0,0,0,0.0,0,0,0.0,0,0,0.0,0,0,0.0,20,34,0.3704,0,0,0.0,0,0,0.0,0,0,0.0,0,0,0.0,0,0,0.0,0,0,0.0,0,0,0.0,0,0,0.0,0,0,0.0,0,0,0.0,4,18,0.1818,0,0,0.0,0,0,0.0,0,0,0.0,2,14,0.125,0,14,0.0,0,26,0.0,0,23,0.0,0,13,0.0,2,18,0.1,0,0,0.0
2026-04-03 21:40:20,test_1979.jpg,223,43,266,0.1617,8,31,32,0,0,0.0,0,0,0.0,0,0,0.0,0,0,0.0,0,0,0.0,0,0,0.0,0,0,0.0,0,0,0.0,0,0,0.0,0,0,0.0,0,16,0.0,0,0,0.0,0,0,0.0,0,0,0.0,0,0,0.0,0,0,0.0,0,0,0.0,0,0,0.0,0,0,0.0,0,0,0.0,0,0,0.0,0,18,0.0,0,0,0.0,0,0,0.0,0,0,0.0,0,20,0.0,11,47,0.1897,9,32,0.2195,0,44,0.0,3,15,0.1667,20,31,0.3922,0,0,0.0
2026-04-03 21:40:20,test_198.jpg,137,32,169,0.1893,6,31,32,0,0,0.0,0,0,0.0,0,0,0.0,0,0,0.0,0,0,0.0,0,0,0.0,0,0,0.0,0,0,0.0,0,0,0.0,0,0,0.0,0,15,0.0,0,0,0.0,0,0,0.0,0,0,0.0,0,0,0.0,0,0,0.0,0,0,0.0,0,0,0.0,0,0,0.0,0,0,0.0,0,0,0.0,1,19,0.05,0,0,0.0,0,0,0.0,0,0,0.0,4,32,0.1111,5,26,0.1613,5,24,0.1724,17,21,0.4474,0,0,0.0,0,0,0.0,0,0,0.0
2026-04-03 21:40:20,test_1980.jpg,146,45,191,0.2356,5,31,32,0,0,0.0,0,0,0.0,0,0,0.0,0,0,0.0,0,0,0.0,0,0,0.0,0,0,0.0,0,0,0.0,0,0,0.0,0,0,0.0,12,23,0.3429,0,0,0.0,0,0,0.0,0,0,0.0,0,0,0.0,0,0,0.0,0,0,0.0,0,0,0.0,0,0,0.0,0,0,0.0,0,0,0.0,3,23,0.1154,0,0,0.0,0,0,0.0,0,0,0.0,16,32,0.3333,13,41,0.2407,1,27,0.0357,0,0,0.0,0,0,0.0,0,0,0.0,0,0,0.0
2026-04-03 21:40:20,test_1981.jpg,132,32,164,0.1951,6,31,32,0,0,0.0,0,0,0.0,0,0,0.0,0,0,0.0,0,0,0.0,0,0,0.0,0,0,0.0,0,0,0.0,0,0,0.0,0,0,0.0,0,10,0.0,0,0,0.0,0,0,0.0,0,0,0.0,0,0,0.0,0,0,0.0,0,0,0.0,0,0,0.0,0,0,0.0,0,0,0.0,0,0,0.0,5,25,0.1667,0,0,0.0,0,0,0.0,0,0,0.0,0,22,0.0,2,27,0.069,17,33,0.34,8,15,0.3478,0,0,0.0,0,0,0.0,0,0,0.0
2026-04-03 21:40:20,test_1982.jpg,146,7,153,0.0458,5,31,32,0,0,0.0,0,0,0.0,0,0,0.0,0,0,0.0,0,0,0.0,0,0,0.0,0,0,0.0,0,0,0.0,0,0,0.0,0,0,0.0,0,28,0.0,0,0,0.0,0,0,0.0,0,0,0.0,0,0,0.0,0,0,0.0,0,0,0.0,0,0,0.0,0,0,0.0,0,0,0.0,0,0,0.0,0,28,0.0,0,0,0.0,0,0,0.0,0,0,0.0,4,29,0.1212,2,29,0.0645,1,32,0.0303,0,0,0.0,0,0,0.0,0,0,0.0,0,0,0.0
2026-04-03 21:40:20,test_1983.jpg,144,26,170,0.1529,8,31,32,0,0,0.0,0,0,0.0,0,0,0.0,0,0,0.0,0,0,0.0,0,0,0.0,0,0,0.0,0,0,0.0,0,0,0.0,0,0,0.0,1,17,0.0556,0,0,0.0,0,0,0.0,0,0,0.0,0,0,0.0,0,0,0.0,0,0,0.0,0,0,0.0,0,0,0.0,0,0,0.0,0,0,0.0,4,18,0.1818,0,0,0.0,0,0,0.0,0,0,0.0,3,17,0.15,2,22,0.0833,1,17,0.0556,5,19,0.2083,6,18,0.25,4,16,0.2,0,0,0.0
2026-04-03 21:40:20,test_1984.jpg,141,17,158,0.1076,6,31,32,0,0,0.0,0,0,0.0,0,0,0.0,0,0,0.0,0,0,0.0,0,0,0.0,0,0,0.0,0,0,0.0,0,0,0.0,0,0,0.0,2,25,0.0741,0,0,0.0,0,0,0.0,0,0,0.0,0,0,0.0,0,0,0.0,0,0,0.0,0,0,0.0,0,0,0.0,0,0,0.0,0,0,0.0,1,22,0.0435,0,0,0.0,0,0,0.0,0,0,0.0,4,23,0.1481,5,22,0.1852,5,25,0.1667,0,24,0.0,0,0,0.0,0,0,0.0,0,0,0.0
2026-04-03 21:40:20,test_1985.jpg,140,9,149,0.0604,7,31,32,0,0,0.0,0,0,0.0,0,0,0.0,0,0,0.0,0,0,0.0,0,0,0.0,0,0,0.0,0,0,0.0,0,0,0.0,0,0,0.0,3,20,0.1304,0,0,0.0,0,0,0.0,0,0,0.0,0,0,0.0,0,0,0.0,0,0,0.0,0,0,0.0,0,0,0.0,0,0,0.0,0,0,0.0,3,23,0.1154,0,0,0.0,0,0,0.0,0,0,0.0,1,20,0.0476,0,19,0.0,1,22,0.0435,1,27,0.0357,0,9,0.0,0,0,0.0,0,0,0.0
2026-04-03 21:40:20,test_1986.jpg,131,15,146,0.1027,8,31,32,0,0,0.0,0,0,0.0,0,0,0.0,0,0,0.0,0,0,0.0,0,0,0.0,0,0,0.0,0,0,0.0,0,0,0.0,0,0,0.0,0,18,0.0,0,0,0.0,0,0,0.0,0,0,0.0,0,0,0.0,0,0,0.0,0,0,0.0,0,0,0.0,0,0,0.0,0,0,0.0,0,0,0.0,1,19,0.05,0,0,0.0,0,0,0.0,0,0,0.0,2,13,0.1333,2,15,0.1176,2,14,0.125,2,21,0.087,1,15,0.0625,5,16,0.2381,0,0,0.0
2026-04-03 21:40:20,test_1987.jpg,147,4,151,0.0265,8,31,32,0,0,0.0,0,0,0.0,0,0,0.0,0,0,0.0,0,0,0.0,0,0,0.0,0,0,0.0,0,0,0.0,0,0,0.0,0,0,0.0,2,15,0.1176,0,0,0.0,0,0,0.0,0,0,0.0,0,0,0.0,0,0,0.0,0,0,0.0,0,0,0.0,0,0,0.0,0,0,0.0,0,0,0.0,0,18,0.0,0,0,0.0,0,0,0.0,0,0,0.0,0,20,0.0,0,22,0.0,0,23,0.0,0,14,0.0,0,16,0.0,2,19,0.0952,0,0,0.0
2026-04-03 21:40:20,test_1988.jpg,139,26,165,0.1576,5,31,32,0,0,0.0,0,0,0.0,0,0,0.0,0,0,0.0,0,0,0.0,0,0,0.0,0,0,0.0,0,0,0.0,0,0,0.0,0,0,0.0,0,12,0.0,0,0,0.0,0,0,0.0,0,0,0.0,0,0,0.0,0,0,0.0,0,0,0.0,0,0,0.0,0,0,0.0,0,0,0.0,0,0,0.0,10,16,0.3846,0,0,0.0,0,0,0.0,0,0,0.0,3,35,0.0789,9,52,0.1475,4,24,0.1429,0,0,0.0,0,0,0.0,0,0,0.0,0,0,0.0
2026-04-03 21:40:20,test_1989.jpg,117,12,129,0.093,7,31,32,0,0,0.0,0,0,0.0,0,0,0.0,0,0,0.0,0,0,0.0,0,0,0.0,0,0,0.0,0,0,0.0,0,0,0.0,0,0,0.0,0,1,0.0,0,0,0.0,0,0,0.0,0,0,0.0,0,0,0.0,0,0,0.0,0,0,0.0,0,0,0.0,0,0,0.0,0,0,0.0,0,0,0.0,4,34,0.1053,0,0,0.0,0,0,0.0,0,0,0.0,0,18,0.0,3,17,0.15,0,18,0.0,2,14,0.125,3,15,0.1667,0,0,0.0,0,0,0.0
2026-04-03 21:40:20,test_199.jpg,165,36,201,0.1791,17,31,32,0,13,0.0,3,6,0.3333,7,18,0.28,1,7,0.125,7,14,0.3333,1,7,0.125,6,16,0.2727,4,7,0.3636,0,0,0.0,0,0,0.0,2,6,0.25,0,0,0.0,0,0,0.0,0,0,0.0,0,0,0.0,0,0,0.0,0,0,0.0,0,0,0.0,0,0,0.0,0,0,0.0,0,0,0.0,2,15,0.1176,0,0,0.0,0,0,0.0,0,0,0.0,2,5,0.2857,1,10,0.0909,0,12,0.0,0,4,0.0,0,14,0.0,0,4,0.0,0,7,0.0
2026-04-03 21:40:20,test_1990.jpg,141,21,162,0.1296,7,31,32,0,0,0.0,0,0,0.0,0,0,0.0,0,0,0.0,0,0,0.0,0,0,0.0,0,0,0.0,0,0,0.0,0,0,0.0,0,0,0.0,1,16,0.0588,0,0,0.0,0,0,0.0,0,0,0.0,0,0,0.0,0,0,0.0,0,0,0.0,0,0,0.0,0,0,0.0,0,0,0.0,0,0,0.0,5,20,0.2,0,0,0.0,0,0,0.0,0,0,0.0,10,21,0.3226,0,19,0.0,3,24,0.1111,1,21,0.0455,1,20,0.0476,0,0,0.0,0,0,0.0
2026-04-03 21:40:20,test_1991.jpg,193,163,356,0.4579,5,31,32,0,0,0.0,0,0,0.0,0,0,0.0,0,0,0.0,0,0,0.0,0,0,0.0,0,0,0.0,0,0,0.0,0,0,0.0,0,0,0.0,5,24,0.1724,0,0,0.0,0,0,0.0,0,0,0.0,0,0,0.0,0,0,0.0,0,0,0.0,0,0,0.0,0,0,0.0,0,0,0.0,0,0,0.0,8,35,0.186,0,0,0.0,0,0,0.0,0,0,0.0,38,66,0.3654,88,50,0.6377,24,18,0.5714,0,0,0.0,0,0,0.0,0,0,0.0,0,0,0.0
2026-04-03 21:40:20,test_1992.jpg,246,127,373,0.3405,10,31,32,30,42,0.4167,0,0,0.0,0,0,0.0,0,0,0.0,0,0,0.0,0,0,0.0,0,0,0.0,0,0,0.0,0,0,0.0,0,0,0.0,4,10,0.2857,0,0,0.0,0,0,0.0,0,0,0.0,0,0,0.0,0,0,0.0,0,0,0.0,0,0,0.0,0,0,0.0,0,0,0.0,0,0,0.0,7,14,0.3333,0,0,0.0,0,0,0.0,0,0,0.0,8,23,0.2581,13,25,0.3421,7,30,0.1892,7,26,0.2121,13,25,0.3421,17,25,0.4048,21,26,0.4468
2026-04-03 21:40:20,test_1993.jpg,161,30,191,0.1571,7,31,32,0,0,0.0,0,0,0.0,0,0,0.0,0,0,0.0,0,0,0.0,0,0,0.0,0,0,0.0,0,0,0.0,0,0,0.0,0,0,0.0,6,18,0.25,0,0,0.0,0,0,0.0,0,0,0.0,0,0,0.0,0,0,0.0,0,0,0.0,0,0,0.0,0,0,0.0,0,0,0.0,0,0,0.0,7,40,0.1489,0,0,0.0,0,0,0.0,0,0,0.0,5,24,0.1724,7,26,0.2121,4,17,0.1905,0,29,0.0,1,7,0.125,0,0,0.0,0,0,0.0
2026-04-03 21:40:20,test_1994.jpg,140,30,170,0.1765,8,31,32,0,0,0.0,0,0,0.0,0,0,0.0,0,0,0.0,0,0,0.0,0,0,0.0,0,0,0.0,0,0,0.0,0,0,0.0,0,0,0.0,0,11,0.0,0,0,0.0,0,0,0.0,0,0,0.0,0,0,0.0,0,0,0.0,0,0,0.0,0,0,0.0,0,0,0.0,0,0,0.0,0,0,0.0,4,17,0.1905,0,0,0.0,0,0,0.0,0,0,0.0,2,19,0.0952,2,18,0.1,5,19,0.2083,10,21,0.3226,7,18,0.28,0,17,0.0,0,0,0.0
2026-04-03 21:40:20,test_1995.jpg,193,110,303,0.363,11,31,32,20,20,0.5,10,9,0.5263,0,0,0.0,0,0,0.0,0,0,0.0,0,0,0.0,0,0,0.0,0,0,0.0,0,0,0.0,0,0,0.0,9,7,0.5625,0,0,0.0,0,0,0.0,0,0,0.0,0,0,0.0,0,0,0.0,0,0,0.0,0,0,0.0,0,0,0.0,0,0,0.0,0,0,0.0,3,16,0.1579,0,0,0.0,0,0,0.0,0,0,0.0,8,20,0.2857,8,24,0.25,4,17,0.1905,10,19,0.3448,10,22,0.3125,12,18,0.4,16,21,0.4324
2026-04-03 21:40:20,test_1996.jpg,130,22,152,0.1447,6,31,32,0,0,0.0,0,0,0.0,0,0,0.0,0,0,0.0,0,0,0.0,0,0,0.0,0,0,0.0,0,0,0.0,0,0,0.0,0,0,0.0,1,30,0.0323,0,0,0.0,0,0,0.0,0,0,0.0,0,0,0.0,0,0,0.0,0,0,0.0,0,0,0.0,0,0,0.0,0,0,0.0,0,0,0.0,5,22,0.1852,0,0,0.0,0,0,0.0,0,0,0.0,4,22,0.1538,1,16,0.0588,7,18,0.28,4,22,0.1538,0,0,0.0,0,0,0.0,0,0,0.0
2026-04-03 21:40:20,test_1997.jpg,149,36,185,0.1946,8,31,32,0,0,0.0,0,0,0.0,0,0,0.0,0,0,0.0,0,0,0.0,0,0,0.0,0,0,0.0,0,0,0.0,0,0,0.0,0,0,0.0,6,16,0.2727,0,0,0.0,0,0,0.0,0,0,0.0,0,0,0.0,0,0,0.0,0,0,0.0,0,0,0.0,0,0,0.0,0,0,0.0,0,0,0.0,2,13,0.1333,0,0,0.0,0,0,0.0,0,0,0.0,0,11,0.0,7,25,0.2188,7,21,0.25,7,20,0.2593,3,24,0.1111,4,19,0.1739,0,0,0.0
2026-04-03 21:40:20,test_1998.jpg,170,24,194,0.1237,7,31,32,0,0,0.0,0,0,0.0,0,0,0.0,0,0,0.0,0,0,0.0,0,0,0.0,0,0,0.0,0,0,0.0,0,0,0.0,0,0,0.0,0,24,0.0,0,0,0.0,0,0,0.0,0,0,0.0,0,0,0.0,0,0,0.0,0,0,0.0,0,0,0.0,0,0,0.0,0,0,0.0,0,0,0.0,2,15,0.1176,0,0,0.0,0,0,0.0,0,0,0.0,0,21,0.0,0,21,0.0,1,23,0.0417,4,30,0.1176,17,36,0.3208,0,0,0.0,0,0,0.0
2026-04-03 21:40:20,test_1999.jpg,182,42,224,0.1875,6,31,32,0,0,0.0,0,0,0.0,0,0,0.0,0,0,0.0,0,0,0.0,0,0,0.0,0,0,0.0,0,0,0.0,0,0,0.0,0,0,0.0,0,1,0.0,0,0,0.0,0,0,0.0,0,0,0.0,0,0,0.0,0,0,0.0,0,0,0.0,0,0,0.0,0,0,0.0,0,0,0.0,0,0,0.0,3,59,0.0484,0,0,0.0,0,0,0.0,0,0,0.0,2,30,0.0625,4,33,0.1081,33,57,0.3667,0,2,0.0,0,0,0.0,0,0,0.0,0,0,0.0
2026-04-03 21:40:20,test_2.jpg,125,14,139,0.1007,7,31,32,0,0,0.0,0,0,0.0,0,0,0.0,0,0,0.0,0,0,0.0,0,0,0.0,0,0,0.0,0,0,0.0,0,0,0.0,0,0,0.0,2,19,0.0952,0,0,0.0,0,0,0.0,0,0,0.0,0,0,0.0,0,0,0.0,0,0,0.0,0,0,0.0,0,0,0.0,0,0,0.0,0,0,0.0,2,18,0.1,0,0,0.0,0,0,0.0,0,0,0.0,3,19,0.1364,1,17,0.0556,4,16,0.2,2,18,0.1,0,18,0.0,0,0,0.0,0,0,0.0
2026-04-03 21:40:20,test_20.jpg,138,16,154,0.1039,6,31,32,0,0,0.0,0,0,0.0,0,0,0.0,0,0,0.0,0,0,0.0,0,0,0.0,0,0,0.0,0,0,0.0,0,0,0.0,0,0,0.0,1,20,0.0476,0,0,0.0,0,0,0.0,0,0,0.0,0,0,0.0,0,0,0.0,0,0,0.0,0,0,0.0,0,0,0.0,0,0,0.0,0,0,0.0,5,20,0.2,0,0,0.0,0,0,0.0,0,0,0.0,2,18,0.1,4,25,0.1379,3,34,0.0811,1,21,0.0455,0,0,0.0,0,0,0.0,0,0,0.0
2026-04-03 21:40:20,test_200.jpg,149,42,191,0.2199,7,31,32,0,0,0.0,0,0,0.0,0,0,0.0,0,0,0.0,0,0,0.0,0,0,0.0,0,0,0.0,0,0,0.0,0,0,0.0,0,0,0.0,10,19,0.3448,0,0,0.0,0,0,0.0,0,0,0.0,0,0,0.0,0,0,0.0,0,0,0.0,0,0,0.0,0,0,0.0,0,0,0.0,0,0,0.0,2,20,0.0909,0,0,0.0,0,0,0.0,0,0,0.0,6,24,0.2,5,22,0.1852,5,19,0.2083,2,23,0.08,12,22,0.3529,0,0,0.0,0,0,0.0
2026-04-03 21:40:20,test_2000.jpg,120,33,153,0.2157,8,31,32,0,0,0.0,0,0,0.0,0,0,0.0,0,0,0.0,0,0,0.0,0,0,0.0,0,0,0.0,0,0,0.0,0,0,0.0,0,0,0.0,1,8,0.1111,0,0,0.0,0,0,0.0,0,0,0.0,0,0,0.0,0,0,0.0,0,0,0.0,0,0,0.0,0,0,0.0,0,0,0.0,0,0,0.0,2,17,0.1053,0,0,0.0,0,0,0.0,0,0,0.0,4,11,0.2667,4,14,0.2222,9,19,0.3214,6,21,0.2222,3,21,0.125,4,9,0.3077,0,0,0.0
2026-04-03 21:40:20,test_2001.jpg,140,33,173,0.1908,22,31,32,2,4,0.3333,0,5,0.0,0,5,0.0,2,8,0.2,3,5,0.375,1,9,0.1,1,6,0.1429,4,8,0.3333,2,9,0.1818,3,9,0.25,0,4,0.0,2,12,0.1429,6,15,0.2857,0,1,0.0,0,0,0.0,0,0,0.0,0,0,0.0,0,0,0.0,0,0,0.0,0,0,0.0,0,0,0.0,0,0,0.0,0,0,0.0,0,0,0.0,0,0,0.0,1,7,0.125,2,5,0.2857,1,8,0.1111,0,5,0.0,2,4,0.3333,1,5,0.1667,0,6,0.0
2026-04-03 21:40:20,test_2002.jpg,127,15,142,0.1056,12,31,32,3,18,0.1429,0,0,0.0,0,1,0.0,0,0,0.0,0,0,0.0,0,0,0.0,0,0,0.0,0,0,0.0,0,0,0.0,0,0,0.0,0,6,0.0,0,0,0.0,0,0,0.0,0,0,0.0,0,0,0.0,0,0,0.0,0,0,0.0,0,0,0.0,0,0,0.0,0,0,0.0,0,0,0.0,0,14,0.0,0,0,0.0,0,0,0.0,0,0,0.0,3,15,0.1667,2,15,0.1176,0,9,0.0,1,15,0.0625,0,9,0.0,6,15,0.2857,0,10,0.0
2026-04-03 21:40:20,test_2003.jpg,214,161,375,0.4293,6,31,32,0,0,0.0,0,0,0.0,0,0,0.0,0,0,0.0,0,0,0.0,0,0,0.0,0,0,0.0,0,0,0.0,0,0,0.0,0,0,0.0,6,14,0.3,0,0,0.0,0,0,0.0,0,0,0.0,0,0,0.0,0,0,0.0,0,0,0.0,0,0,0.0,0,0,0.0,0,0,0.0,0,0,0.0,5,28,0.1515,0,0,0.0,0,0,0.0,0,0,0.0,6,36,0.1429,16,60,0.2105,81,47,0.6328,47,29,0.6184,0,0,0.0,0,0,0.0,0,0,0.0
2026-04-03 21:40:20,test_2004.jpg,138,29,167,0.1737,8,31,32,0,0,0.0,0,0,0.0,0,0,0.0,0,0,0.0,0,0,0.0,0,0,0.0,0,0,0.0,0,0,0.0,0,0,0.0,0,0,0.0,0,1,0.0,0,0,0.0,0,0,0.0,0,0,0.0,0,0,0.0,0,0,0.0,0,0,0.0,0,0,0.0,0,0,0.0,0,0,0.0,0,0,0.0,2,31,0.0606,0,0,0.0,0,0,0.0,0,0,0.0,3,16,0.1579,5,16,0.2381,3,18,0.1429,1,15,0.0625,2,20,0.0909,13,21,0.3824,0,0,0.0
2026-04-03 21:40:20,test_2005.jpg,279,73,352,0.2074,5,31,32,0,0,0.0,0,0,0.0,0,0,0.0,0,0,0.0,0,0,0.0,0,0,0.0,0,0,0.0,0,0,0.0,0,0,0.0,0,0,0.0,18,51,0.2609,0,0,0.0,0,0,0.0,0,0,0.0,0,0,0.0,0,0,0.0,0,0,0.0,0,0,0.0,0,0,0.0,0,0,0.0,0,0,0.0,18,72,0.2,0,0,0.0,0,0,0.0,0,0,0.0,9,58,0.1343,21,77,0.2143,7,21,0.25,0,0,0.0,0,0,0.0,0,0,0.0,0,0,0.0
2026-04-03 21:40:20,test_2006.jpg,103,15,118,0.1271,6,31,32,0,0,0.0,0,0,0.0,0,0,0.0,0,0,0.0,0,0,0.0,0,0,0.0,0,0,0.0,0,0,0.0,0,0,0.0,0,0,0.0,0,0,0.0,0,0,0.0,0,0,0.0,0,0,0.0,0,0,0.0,0,0,0.0,0,0,0.0,0,0,0.0,0,0,0.0,0,0,0.0,0,0,0.0,2,37,0.0513,0,0,0.0,0,0,0.0,0,0,0.0,1,18,0.0526,0,16,0.0,7,20,0.2593,5,12,0.2941,0,0,0.0,0,0,0.0,0,0,0.0
2026-04-03 21:40:20,test_2007.jpg,145,12,157,0.0764,15,31,32,0,8,0.0,2,9,0.1818,2,9,0.1818,0,17,0.0,0,1,0.0,1,11,0.0833,0,0,0.0,0,0,0.0,0,0,0.0,0,0,0.0,1,12,0.0769,0,0,0.0,0,0,0.0,0,0,0.0,0,0,0.0,0,0,0.0,0,0,0.0,0,0,0.0,0,0,0.0,0,0,0.0,0,0,0.0,1,6,0.1429,0,0,0.0,0,0,0.0,0,0,0.0,1,12,0.0769,0,6,0.0,0,6,0.0,0,6,0.0,2,15,0.1176,1,19,0.05,1,8,0.1111
2026-04-03 21:40:20,test_2008.jpg,172,34,206,0.165,7,31,32,0,0,0.0,0,0,0.0,0,0,0.0,0,0,0.0,0,0,0.0,0,0,0.0,0,0,0.0,0,0,0.0,0,0,0.0,0,0,0.0,1,20,0.0476,0,0,0.0,0,0,0.0,0,0,0.0,0,0,0.0,0,0,0.0,0,0,0.0,0,0,0.0,0,0,0.0,0,0,0.0,0,0,0.0,4,38,0.0952,0,0,0.0,0,0,0.0,0,0,0.0,6,22,0.2143,5,29,0.1471,6,26,0.1875,12,37,0.2449,0,0,0.0,0,0,0.0,0,0,0.0
2026-04-03 21:40:20,test_2009.jpg,212,119,331,0.3595,7,31,32,0,0,0.0,0,0,0.0,0,0,0.0,0,0,0.0,0,0,0.0,0,0,0.0,0,0,0.0,0,0,0.0,0,0,0.0,0,0,0.0,0,6,0.0,0,0,0.0,0,0,0.0,0,0,0.0,0,0,0.0,0,0,0.0,0,0,0.0,0,0,0.0,0,0,0.0,0,0,0.0,0,0,0.0,9,24,0.2727,0,0,0.0,0,0,0.0,0,0,0.0,15,45,0.25,12,23,0.3429,27,45,0.375,46,46,0.5,10,23,0.303,0,0,0.0,0,0,0.0
2026-04-03 21:40:20,test_201.jpg,150,39,189,0.2063,13,31,32,1,6,0.1429,0,7,0.0,3,23,0.1154,0,5,0.0,0,0,0.0,0,0,0.0,0,0,0.0,0,0,0.0,0,0,0.0,0,0,0.0,0,1,0.0,0,0,0.0,0,0,0.0,0,0,0.0,0,0,0.0,0,0,0.0,0,0,0.0,0,0,0.0,0,0,0.0,0,0,0.0,0,0,0.0,1,27,0.0357,0,0,0.0,0,0,0.0,0,0,0.0,1,9,0.1,0,8,0.0,4,8,0.3333,10,9,0.5263,1,14,0.0667,2,13,0.1333,16,20,0.4444
2026-04-03 21:40:20,test_2010.jpg,132,23,155,0.1484,4,31,32,0,0,0.0,0,0,0.0,0,0,0.0,0,0,0.0,0,0,0.0,0,0,0.0,0,0,0.0,0,0,0.0,0,0,0.0,0,0,0.0,1,23,0.0417,0,0,0.0,0,0,0.0,0,0,0.0,0,0,0.0,0,0,0.0,0,0,0.0,0,0,0.0,0,0,0.0,0,0,0.0,0,0,0.0,16,56,0.2222,0,0,0.0,0,0,0.0,0,0,0.0,5,41,0.1087,1,12,0.0769,0,0,0.0,0,0,0.0,0,0,0.0,0,0,0.0,0,0,0.0
2026-04-03 21:40:20,test_2011.jpg,104,12,116,0.1034,7,31,32,0,0,0.0,0,0,0.0,0,0,0.0,0,0,0.0,0,0,0.0,0,0,0.0,0,0,0.0,0,0,0.0,0,0,0.0,0,0,0.0,0,13,0.0,0,0,0.0,0,0,0.0,0,0,0.0,0,0,0.0,0,0,0.0,0,0,0.0,0,0,0.0,0,0,0.0,0,0,0.0,0,0,0.0,2,16,0.1111,0,0,0.0,0,0,0.0,0,0,0.0,1,13,0.0714,1,17,0.0556,0,12,0.0,1,14,0.0667,7,19,0.2692,0,0,0.0,0,0,0.0
2026-04-03 21:40:20,test_2012.jpg,143,15,158,0.0949,6,31,32,0,0,0.0,0,0,0.0,0,0,0.0,0,0,0.0,0,0,0.0,0,0,0.0,0,0,0.0,0,0,0.0,0,0,0.0,0,0,0.0,2,13,0.1333,0,0,0.0,0,0,0.0,0,0,0.0,0,0,0.0,0,0,0.0,0,0,0.0,0,0,0.0,0,0,0.0,0,0,0.0,0,0,0.0,3,13,0.1875,0,0,0.0,0,0,0.0,0,0,0.0,0,28,0.0,1,43,0.0227,5,30,0.1429,4,16,0.2,0,0,0.0,0,0,0.0,0,0,0.0
2026-04-03 21:40:20,test_2013.jpg,132,39,171,0.2281,8,31,32,0,0,0.0,0,0,0.0,0,0,0.0,0,0,0.0,0,0,0.0,0,0,0.0,0,0,0.0,0,0,0.0,0,0,0.0,0,0,0.0,7,15,0.3182,0,0,0.0,0,0,0.0,0,0,0.0,0,0,0.0,0,0,0.0,0,0,0.0,0,0,0.0,0,0,0.0,0,0,0.0,0,0,0.0,2,17,0.1053,0,0,0.0,0,0,0.0,0,0,0.0,3,20,0.1304,3,13,0.1875,9,19,0.3214,2,19,0.0952,8,16,0.3333,5,13,0.2778,0,0,0.0
2026-04-03 21:40:20,test_2014.jpg,287,103,390,0.2641,16,31,32,2,9,0.1818,2,10,0.1667,10,19,0.3448,2,13,0.1333,20,41,0.3279,16,44,0.2667,22,33,0.4,0,0,0.0,0,0,0.0,0,0,0.0,0,13,0.0,0,0,0.0,0,0,0.0,0,0,0.0,0,0,0.0,0,0,0.0,0,0,0.0,0,0,0.0,0,0,0.0,0,0,0.0,0,0,0.0,2,16,0.1111,0,0,0.0,0,0,0.0,0,0,0.0,6,22,0.2143,7,14,0.3333,1,16,0.0588,4,8,0.3333,4,10,0.2857,1,10,0.0909,4,9,0.3077
2026-04-03 21:40:20,test_2015.jpg,102,20,122,0.1639,6,31,32,0,0,0.0,0,0,0.0,0,0,0.0,0,0,0.0,0,0,0.0,0,0,0.0,0,0,0.0,0,0,0.0,0,0,0.0,0,0,0.0,9,23,0.2812,0,0,0.0,0,0,0.0,0,0,0.0,0,0,0.0,0,0,0.0,0,0,0.0,0,0,0.0,0,0,0.0,0,0,0.0,0,0,0.0,4,16,0.2,0,0,0.0,0,0,0.0,0,0,0.0,0,9,0.0,1,13,0.0714,3,11,0.2143,3,30,0.0909,0,0,0.0,0,0,0.0,0,0,0.0
2026-04-03 21:40:20,test_2016.jpg,148,38,186,0.2043,8,31,32,0,0,0.0,0,0,0.0,0,0,0.0,0,0,0.0,0,0,0.0,0,0,0.0,0,0,0.0,0,0,0.0,0,0,0.0,0,0,0.0,5,23,0.1786,0,0,0.0,0,0,0.0,0,0,0.0,0,0,0.0,0,0,0.0,0,0,0.0,0,0,0.0,0,0,0.0,0,0,0.0,0,0,0.0,4,19,0.1739,0,0,0.0,0,0,0.0,0,0,0.0,0,16,0.0,2,14,0.125,3,22,0.12,8,21,0.2759,9,17,0.3462,7,16,0.3043,0,0,0.0
2026-04-03 21:40:20,test_2017.jpg,169,11,180,0.0611,8,31,32,0,0,0.0,0,0,0.0,0,0,0.0,0,0,0.0,0,0,0.0,0,0,0.0,0,0,0.0,0,0,0.0,0,0,0.0,0,0,0.0,0,13,0.0,0,0,0.0,0,0,0.0,0,0,0.0,0,0,0.0,0,0,0.0,0,0,0.0,0,0,0.0,0,0,0.0,0,0,0.0,0,0,0.0,1,20,0.0476,0,0,0.0,0,0,0.0,0,0,0.0,0,22,0.0,4,20,0.1667,1,25,0.0385,3,22,0.12,0,24,0.0,2,23,0.08,0,0,0.0
2026-04-03 21:40:20,test_2018.jpg,120,25,145,0.1724,6,31,32,0,0,0.0,0,0,0.0,0,0,0.0,0,0,0.0,0,0,0.0,0,0,0.0,0,0,0.0,0,0,0.0,0,0,0.0,0,0,0.0,0,20,0.0,0,0,0.0,0,0,0.0,0,0,0.0,0,0,0.0,0,0,0.0,0,0,0.0,0,0,0.0,0,0,0.0,0,0,0.0,0,0,0.0,0,21,0.0,0,0,0.0,0,0,0.0,0,0,0.0,0,21,0.0,17,27,0.3864,3,15,0.1667,5,16,0.2381,0,0,0.0,0,0,0.0,0,0,0.0
2026-04-03 21:40:20,test_2019.jpg,150,38,188,0.2021,6,31,32,0,0,0.0,0,0,0.0,0,0,0.0,0,0,0.0,0,0,0.0,0,0,0.0,0,0,0.0,0,0,0.0,0,0,0.0,0,0,0.0,0,20,0.0,0,0,0.0,0,0,0.0,0,0,0.0,0,0,0.0,0,0,0.0,0,0,0.0,0,0,0.0,0,0,0.0,0,0,0.0,0,0,0.0,0,18,0.0,0,0,0.0,0,0,0.0,0,0,0.0,2,21,0.087,5,30,0.1429,15,42,0.2632,16,19,0.4571,0,0,0.0,0,0,0.0,0,0,0.0
2026-04-03 21:40:20,test_202.jpg,175,43,218,0.1972,9,31,32,0,0,0.0,0,0,0.0,0,0,0.0,0,0,0.0,0,0,0.0,0,0,0.0,0,0,0.0,0,0,0.0,0,0,0.0,0,0,0.0,8,22,0.2667,0,0,0.0,0,0,0.0,0,0,0.0,0,0,0.0,0,0,0.0,0,0,0.0,0,0,0.0,0,0,0.0,0,0,0.0,0,0,0.0,7,18,0.28,0,0,0.0,0,0,0.0,0,0,0.0,5,22,0.1852,1,16,0.0588,8,25,0.2424,6,18,0.25,4,14,0.2222,3,23,0.1154,1,17,0.0556
2026-04-03 21:40:20,test_2020.jpg,139,11,150,0.0733,7,31,32,0,0,0.0,0,0,0.0,0,0,0.0,0,0,0.0,0,0,0.0,0,0,0.0,0,0,0.0,0,0,0.0,0,0,0.0,0,0,0.0,3,21,0.125,0,0,0.0,0,0,0.0,0,0,0.0,0,0,0.0,0,0,0.0,0,0,0.0,0,0,0.0,0,0,0.0,0,0,0.0,0,0,0.0,0,28,0.0,0,0,0.0,0,0,0.0,0,0,0.0,0,16,0.0,0,19,0.0,5,20,0.2,2,19,0.0952,1,16,0.0588,0,0,0.0,0,0,0.0
2026-04-03 21:40:20,test_2021.jpg,170,13,183,0.071,7,31,32,0,0,0.0,0,0,0.0,0,0,0.0,0,0,0.0,0,0,0.0,0,0,0.0,0,0,0.0,0,0,0.0,0,0,0.0,0,0,0.0,0,22,0.0,0,0,0.0,0,0,0.0,0,0,0.0,0,0,0.0,0,0,0.0,0,0,0.0,0,0,0.0,0,0,0.0,0,0,0.0,0,0,0.0,6,34,0.15,0,0,0.0,0,0,0.0,0,0,0.0,1,28,0.0345,3,20,0.1304,0,20,0.0,0,20,0.0,3,26,0.1034,0,0,0.0,0,0,0.0
2026-04-03 21:40:20,test_2022.jpg,135,20,155,0.129,8,31,32,0,0,0.0,0,0,0.0,0,0,0.0,0,0,0.0,0,0,0.0,0,0,0.0,0,0,0.0,0,0,0.0,0,0,0.0,0,0,0.0,3,16,0.1579,0,0,0.0,0,0,0.0,0,0,0.0,0,0,0.0,0,0,0.0,0,0,0.0,0,0,0.0,0,0,0.0,0,0,0.0,0,0,0.0,2,19,0.0952,0,0,0.0,0,0,0.0,0,0,0.0,3,16,0.1579,4,15,0.2105,4,15,0.2105,4,16,0.2,0,19,0.0,0,19,0.0,0,0,0.0
2026-04-03 21:40:20,test_2023.jpg,162,36,198,0.1818,6,31,32,0,0,0.0,0,0,0.0,0,0,0.0,0,0,0.0,0,0,0.0,0,0,0.0,0,0,0.0,0,0,0.0,0,0,0.0,0,0,0.0,5,18,0.2174,0,0,0.0,0,0,0.0,0,0,0.0,0,0,0.0,0,0,0.0,0,0,0.0,0,0,0.0,0,0,0.0,0,0,0.0,0,0,0.0,1,22,0.0435,0,0,0.0,0,0,0.0,0,0,0.0,1,39,0.025,1,34,0.0286,19,29,0.3958,9,20,0.3103,0,0,0.0,0,0,0.0,0,0,0.0
2026-04-03 21:40:20,test_2024.jpg,171,57,228,0.25,11,31,32,9,12,0.4286,3,16,0.1579,0,0,0.0,0,0,0.0,0,0,0.0,0,0,0.0,0,0,0.0,0,0,0.0,0,0,0.0,0,0,0.0,8,17,0.32,0,0,0.0,0,0,0.0,0,0,0.0,0,0,0.0,0,0,0.0,0,0,0.0,0,0,0.0,0,0,0.0,0,0,0.0,0,0,0.0,0,0,0.0,0,0,0.0,0,0,0.0,0,0,0.0,0,22,0.0,4,18,0.1818,4,22,0.1538,3,19,0.1364,6,17,0.2609,14,19,0.4242,6,9,0.4
2026-04-03 21:40:20,test_2025.jpg,137,58,195,0.2974,10,31,32,8,18,0.3077,0,0,0.0,0,0,0.0,0,0,0.0,0,0,0.0,0,0,0.0,0,0,0.0,0,0,0.0,0,0,0.0,0,0,0.0,8,13,0.381,0,0,0.0,0,0,0.0,0,0,0.0,0,0,0.0,0,0,0.0,0,0,0.0,0,0,0.0,0,0,0.0,0,0,0.0,0,0,0.0,2,11,0.1538,0,0,0.0,0,0,0.0,0,0,0.0,0,10,0.0,7,10,0.4118,13,18,0.4194,4,16,0.2,13,14,0.4815,2,16,0.1111,1,11,0.0833
2026-04-03 21:40:20,test_2026.jpg,130,6,136,0.0441,7,31,32,0,0,0.0,0,0,0.0,0,0,0.0,0,0,0.0,0,0,0.0,0,0,0.0,0,0,0.0,0,0,0.0,0,0,0.0,0,0,0.0,3,11,0.2143,0,0,0.0,0,0,0.0,0,0,0.0,0,0,0.0,0,0,0.0,0,0,0.0,0,0,0.0,0,0,0.0,0,0,0.0,0,0,0.0,0,17,0.0,0,0,0.0,0,0,0.0,0,0,0.0,0,15,0.0,0,16,0.0,2,23,0.08,0,26,0.0,1,22,0.0435,0,0,0.0,0,0,0.0
2026-04-03 21:40:20,test_2027.jpg,185,47,232,0.2026,5,31,32,0,0,0.0,0,0,0.0,0,0,0.0,0,0,0.0,0,0,0.0,0,0,0.0,0,0,0.0,0,0,0.0,0,0,0.0,0,0,0.0,1,29,0.0333,0,0,0.0,0,0,0.0,0,0,0.0,0,0,0.0,0,0,0.0,0,0,0.0,0,0,0.0,0,0,0.0,0,0,0.0,0,0,0.0,4,30,0.1176,0,0,0.0,0,0,0.0,0,0,0.0,8,44,0.1538,9,49,0.1552,25,33,0.431,0,0,0.0,0,0,0.0,0,0,0.0,0,0,0.0
2026-04-03 21:40:20,test_2028.jpg,146,56,202,0.2772,11,31,32,12,22,0.3529,6,13,0.3158,0,0,0.0,0,0,0.0,0,0,0.0,0,0,0.0,0,0,0.0,0,0,0.0,0,0,0.0,0,0,0.0,2,7,0.2222,0,0,0.0,0,0,0.0,0,0,0.0,0,0,0.0,0,0,0.0,0,0,0.0,0,0,0.0,0,0,0.0,0,0,0.0,0,0,0.0,1,12,0.0769,0,0,0.0,0,0,0.0,0,0,0.0,4,9,0.3077,5,14,0.2632,1,9,0.1,1,12,0.0769,8,18,0.3077,10,21,0.3226,6,9,0.4
2026-04-03 21:40:20,test_2029.jpg,119,8,127,0.063,5,31,32,0,0,0.0,0,0,0.0,0,0,0.0,0,0,0.0,0,0,0.0,0,0,0.0,0,0,0.0,0,0,0.0,0,0,0.0,0,0,0.0,0,24,0.0,0,0,0.0,0,0,0.0,0,0,0.0,0,0,0.0,0,0,0.0,0,0,0.0,0,0,0.0,0,0,0.0,0,0,0.0,0,0,0.0,2,24,0.0769,0,0,0.0,0,0,0.0,0,0,0.0,3,22,0.12,3,27,0.1,0,22,0.0,0,0,0.0,0,0,0.0,0,0,0.0,0,0,0.0
2026-04-03 21:40:20,test_203.jpg,147,20,167,0.1198,9,31,32,0,0,0.0,0,0,0.0,0,0,0.0,0,0,0.0,0,0,0.0,0,0,0.0,0,0,0.0,0,0,0.0,0,0,0.0,0,0,0.0,0,18,0.0,0,0,0.0,0,0,0.0,0,0,0.0,0,0,0.0,0,0,0.0,0,0,0.0,0,0,0.0,0,0,0.0,0,0,0.0,0,0,0.0,1,12,0.0769,0,0,0.0,0,0,0.0,0,0,0.0,0,13,0.0,4,10,0.2857,10,19,0.3448,1,25,0.0385,4,16,0.2,0,12,0.0,0,22,0.0
2026-04-03 21:40:20,test_2030.jpg,126,6,132,0.0455,7,31,32,0,0,0.0,0,0,0.0,0,0,0.0,0,0,0.0,0,0,0.0,0,0,0.0,0,0,0.0,0,0,0.0,0,0,0.0,0,0,0.0,4,14,0.2222,0,0,0.0,0,0,0.0,0,0,0.0,0,0,0.0,0,0,0.0,0,0,0.0,0,0,0.0,0,0,0.0,0,0,0.0,0,0,0.0,1,12,0.0769,0,0,0.0,0,0,0.0,0,0,0.0,0,15,0.0,0,20,0.0,1,20,0.0476,0,22,0.0,0,23,0.0,0,0,0.0,0,0,0.0
2026-04-03 21:40:20,test_2031.jpg,125,7,132,0.053,5,31,32,0,0,0.0,0,0,0.0,0,0,0.0,0,0,0.0,0,0,0.0,0,0,0.0,0,0,0.0,0,0,0.0,0,0,0.0,0,0,0.0,4,30,0.1176,0,0,0.0,0,0,0.0,0,0,0.0,0,0,0.0,0,0,0.0,0,0,0.0,0,0,0.0,0,0,0.0,0,0,0.0,0,0,0.0,0,19,0.0,0,0,0.0,0,0,0.0,0,0,0.0,0,25,0.0,0,34,0.0,3,17,0.15,0,0,0.0,0,0,0.0,0,0,0.0,0,0,0.0
2026-04-03 21:40:20,test_2032.jpg,145,26,171,0.152,6,31,32,0,0,0.0,0,0,0.0,0,0,0.0,0,0,0.0,0,0,0.0,0,0,0.0,0,0,0.0,0,0,0.0,0,0,0.0,0,0,0.0,0,1,0.0,0,0,0.0,0,0,0.0,0,0,0.0,0,0,0.0,0,0,0.0,0,0,0.0,0,0,0.0,0,0,0.0,0,0,0.0,0,0,0.0,9,52,0.1475,0,0,0.0,0,0,0.0,0,0,0.0,4,27,0.129,5,22,0.1852,7,41,0.1458,1,2,0.3333,0,0,0.0,0,0,0.0,0,0,0.0
2026-04-03 21:40:20,test_2033.jpg,116,55,171,0.3216,9,31,32,0,0,0.0,0,0,0.0,0,0,0.0,0,0,0.0,0,0,0.0,0,0,0.0,0,0,0.0,0,0,0.0,0,0,0.0,0,0,0.0,2,12,0.1429,0,0,0.0,0,0,0.0,0,0,0.0,0,0,0.0,0,0,0.0,0,0,0.0,0,0,0.0,0,0,0.0,0,0,0.0,0,0,0.0,5,7,0.4167,0,0,0.0,0,0,0.0,0,0,0.0,8,13,0.381,5,10,0.3333,5,11,0.3125,8,20,0.2857,6,14,0.3,8,11,0.4211,8,18,0.3077
2026-04-03 21:40:20,test_2034.jpg,153,1,154,0.0065,7,31,32,0,0,0.0,0,0,0.0,0,0,0.0,0,0,0.0,0,0,0.0,0,0,0.0,0,0,0.0,0,0,0.0,0,0,0.0,0,0,0.0,0,28,0.0,0,0,0.0,0,0,0.0,0,0,0.0,0,0,0.0,0,0,0.0,0,0,0.0,0,0,0.0,0,0,0.0,0,0,0.0,0,0,0.0,1,21,0.0455,0,0,0.0,0,0,0.0,0,0,0.0,0,20,0.0,0,20,0.0,0,21,0.0,0,21,0.0,0,22,0.0,0,0,0.0,0,0,0.0
2026-04-03 21:40:20,test_2035.jpg,218,43,261,0.1648,6,31,32,0,0,0.0,0,0,0.0,0,0,0.0,0,0,0.0,0,0,0.0,0,0,0.0,0,0,0.0,0,0,0.0,0,0,0.0,0,0,0.0,3,16,0.1579,0,0,0.0,0,0,0.0,0,0,0.0,0,0,0.0,0,0,0.0,0,0,0.0,0,0,0.0,0,0,0.0,0,0,0.0,0,0,0.0,7,53,0.1167,0,0,0.0,0,0,0.0,0,0,0.0,8,45,0.1509,4,48,0.0769,18,51,0.2609,3,5,0.375,0,0,0.0,0,0,0.0,0,0,0.0
2026-04-03 21:40:20,test_2036.jpg,131,12,143,0.0839,7,31,32,0,0,0.0,0,0,0.0,0,0,0.0,0,0,0.0,0,0,0.0,0,0,0.0,0,0,0.0,0,0,0.0,0,0,0.0,0,0,0.0,2,18,0.1,0,0,0.0,0,0,0.0,0,0,0.0,0,0,0.0,0,0,0.0,0,0,0.0,0,0,0.0,0,0,0.0,0,0,0.0,0,0,0.0,2,17,0.1053,0,0,0.0,0,0,0.0,0,0,0.0,0,19,0.0,4,18,0.1818,0,18,0.0,4,21,0.16,0,20,0.0,0,0,0.0,0,0,0.0
2026-04-03 21:40:20,test_2037.jpg,133,18,151,0.1192,5,31,32,0,0,0.0,0,0,0.0,0,0,0.0,0,0,0.0,0,0,0.0,0,0,0.0,0,0,0.0,0,0,0.0,0,0,0.0,0,0,0.0,2,37,0.0513,0,0,0.0,0,0,0.0,0,0,0.0,0,0,0.0,0,0,0.0,0,0,0.0,0,0,0.0,0,0,0.0,0,0,0.0,0,0,0.0,2,17,0.1053,0,0,0.0,0,0,0.0,0,0,0.0,6,25,0.1935,0,20,0.0,8,34,0.1905,0,0,0.0,0,0,0.0,0,0,0.0,0,0,0.0
2026-04-03 21:40:20,test_2038.jpg,138,34,172,0.1977,7,31,32,0,0,0.0,0,0,0.0,0,0,0.0,0,0,0.0,0,0,0.0,0,0,0.0,0,0,0.0,0,0,0.0,0,0,0.0,0,0,0.0,5,31,0.1389,0,0,0.0,0,0,0.0,0,0,0.0,0,0,0.0,0,0,0.0,0,0,0.0,0,0,0.0,0,0,0.0,0,0,0.0,0,0,0.0,0,15,0.0,0,0,0.0,0,0,0.0,0,0,0.0,0,16,0.0,0,16,0.0,8,20,0.2857,6,21,0.2222,15,19,0.4412,0,0,0.0,0,0,0.0
2026-04-03 21:40:20,test_2039.jpg,127,31,158,0.1962,6,31,32,0,0,0.0,0,0,0.0,0,0,0.0,0,0,0.0,0,0,0.0,0,0,0.0,0,0,0.0,0,0,0.0,0,0,0.0,0,0,0.0,0,21,0.0,0,0,0.0,0,0,0.0,0,0,0.0,0,0,0.0,0,0,0.0,0,0,0.0,0,0,0.0,0,0,0.0,0,0,0.0,0,0,0.0,1,20,0.0476,0,0,0.0,0,0,0.0,0,0,0.0,3,21,0.125,4,20,0.1667,8,17,0.32,15,28,0.3488,0,0,0.0,0,0,0.0,0,0,0.0
2026-04-03 21:40:20,test_204.jpg,165,25,190,0.1316,6,31,32,0,0,0.0,0,0,0.0,0,0,0.0,0,0,0.0,0,0,0.0,0,0,0.0,0,0,0.0,0,0,0.0,0,0,0.0,0,0,0.0,2,20,0.0909,0,0,0.0,0,0,0.0,0,0,0.0,0,0,0.0,0,0,0.0,0,0,0.0,0,0,0.0,0,0,0.0,0,0,0.0,0,0,0.0,4,26,0.1333,0,0,0.0,0,0,0.0,0,0,0.0,3,32,0.0857,2,31,0.0606,9,37,0.1957,5,19,0.2083,0,0,0.0,0,0,0.0,0,0,0.0
2026-04-03 21:40:20,test_2040.jpg,158,50,208,0.2404,8,31,32,0,0,0.0,0,0,0.0,0,0,0.0,0,0,0.0,0,0,0.0,0,0,0.0,0,0,0.0,0,0,0.0,0,0,0.0,0,0,0.0,2,24,0.0769,0,0,0.0,0,0,0.0,0,0,0.0,0,0,0.0,0,0,0.0,0,0,0.0,0,0,0.0,0,0,0.0,0,0,0.0,0,0,0.0,2,11,0.1538,0,0,0.0,0,0,0.0,0,0,0.0,10,22,0.3125,15,33,0.3125,12,23,0.3429,3,16,0.1579,5,20,0.2,1,9,0.1,0,0,0.0
2026-04-03 21:40:20,test_2041.jpg,173,124,297,0.4175,5,31,32,0,0,0.0,0,0,0.0,0,0,0.0,0,0,0.0,0,0,0.0,0,0,0.0,0,0,0.0,0,0,0.0,0,0,0.0,0,0,0.0,0,18,0.0,0,0,0.0,0,0,0.0,0,0,0.0,0,0,0.0,0,0,0.0,0,0,0.0,0,0,0.0,0,0,0.0,0,0,0.0,0,0,0.0,4,57,0.0656,0,0,0.0,0,0,0.0,0,0,0.0,45,34,0.5696,61,43,0.5865,14,21,0.4,0,0,0.0,0,0,0.0,0,0,0.0,0,0,0.0
2026-04-03 21:40:20,test_2042.jpg,122,38,160,0.2375,8,31,32,0,0,0.0,0,0,0.0,0,0,0.0,0,0,0.0,0,0,0.0,0,0,0.0,0,0,0.0,0,0,0.0,0,0,0.0,0,0,0.0,3,5,0.375,0,0,0.0,0,0,0.0,0,0,0.0,0,0,0.0,0,0,0.0,0,0,0.0,0,0,0.0,0,0,0.0,0,0,0.0,0,0,0.0,5,10,0.3333,0,0,0.0,0,0,0.0,0,0,0.0,0,17,0.0,4,24,0.1429,10,16,0.3846,3,17,0.15,8,14,0.3636,5,19,0.2083,0,0,0.0
2026-04-03 21:40:20,test_2043.jpg,231,65,296,0.2196,8,31,32,0,0,0.0,0,0,0.0,0,0,0.0,0,0,0.0,0,0,0.0,0,0,0.0,0,0,0.0,0,0,0.0,0,0,0.0,0,0,0.0,5,19,0.2083,0,0,0.0,0,0,0.0,0,0,0.0,0,0,0.0,0,0,0.0,0,0,0.0,0,0,0.0,0,0,0.0,0,0,0.0,0,0,0.0,5,5,0.5,0,0,0.0,0,0,0.0,0,0,0.0,0,16,0.0,1,20,0.0476,1,22,0.0435,26,25,0.5098,16,57,0.2192,11,67,0.141,0,0,0.0
2026-04-03 21:40:20,test_2044.jpg,160,47,207,0.2271,9,31,32,0,0,0.0,0,0,0.0,0,0,0.0,0,0,0.0,0,0,0.0,0,0,0.0,0,0,0.0,0,0,0.0,0,0,0.0,0,0,0.0,1,19,0.05,0,0,0.0,0,0,0.0,0,0,0.0,0,0,0.0,0,0,0.0,0,0,0.0,0,0,0.0,0,0,0.0,0,0,0.0,0,0,0.0,0,21,0.0,0,0,0.0,0,0,0.0,0,0,0.0,8,15,0.3478,5,13,0.2778,5,13,0.2778,7,18,0.28,13,20,0.3939,5,24,0.1724,3,17,0.15
2026-04-03 21:40:20,test_2045.jpg,185,67,252,0.2659,12,31,32,10,15,0.4,7,28,0.2,7,16,0.3043,0,0,0.0,0,0,0.0,0,0,0.0,0,0,0.0,0,0,0.0,0,0,0.0,0,0,0.0,2,21,0.087,0,0,0.0,0,0,0.0,0,0,0.0,0,0,0.0,0,0,0.0,0,0,0.0,0,0,0.0,0,0,0.0,0,0,0.0,0,0,0.0,0,0,0.0,0,0,0.0,0,0,0.0,0,0,0.0,0,18,0.0,5,14,0.2632,0,6,0.0,5,19,0.2083,6,22,0.2143,16,17,0.4848,9,9,0.5
2026-04-03 21:40:20,test_2046.jpg,152,73,225,0.3244,4,31,32,0,0,0.0,0,0,0.0,0,0,0.0,0,0,0.0,0,0,0.0,0,0,0.0,0,0,0.0,0,0,0.0,0,0,0.0,0,0,0.0,1,12,0.0769,0,0,0.0,0,0,0.0,0,0,0.0,0,0,0.0,0,0,0.0,0,0,0.0,0,0,0.0,0,0,0.0,0,0,0.0,0,0,0.0,4,56,0.0667,0,0,0.0,0,0,0.0,0,0,0.0,48,63,0.4324,20,21,0.4878,0,0,0.0,0,0,0.0,0,0,0.0,0,0,0.0,0,0,0.0
2026-04-03 21:40:20,test_2047.jpg,121,59,180,0.3278,5,31,32,0,0,0.0,0,0,0.0,0,0,0.0,0,0,0.0,0,0,0.0,0,0,0.0,0,0,0.0,0,0,0.0,0,0,0.0,0,0,0.0,11,20,0.3548,0,0,0.0,0,0,0.0,0,0,0.0,0,0,0.0,0,0,0.0,0,0,0.0,0,0,0.0,0,0,0.0,0,0,0.0,0,0,0.0,5,21,0.1923,0,0,0.0,0,0,0.0,0,0,0.0,7,24,0.2258,24,32,0.4286,12,24,0.3333,0,0,0.0,0,0,0.0,0,0,0.0,0,0,0.0
2026-04-03 21:40:20,test_2048.jpg,144,7,151,0.0464,5,31,32,0,0,0.0,0,0,0.0,0,0,0.0,0,0,0.0,0,0,0.0,0,0,0.0,0,0,0.0,0,0,0.0,0,0,0.0,0,0,0.0,1,23,0.0417,0,0,0.0,0,0,0.0,0,0,0.0,0,0,0.0,0,0,0.0,0,0,0.0,0,0,0.0,0,0,0.0,0,0,0.0,0,0,0.0,0,27,0.0,0,0,0.0,0,0,0.0,0,0,0.0,0,29,0.0,6,33,0.1538,0,32,0.0,0,0,0.0,0,0,0.0,0,0,0.0,0,0,0.0
2026-04-03 21:40:20,test_2049.jpg,90,27,117,0.2308,7,31,32,0,0,0.0,0,0,0.0,0,0,0.0,0,0,0.0,0,0,0.0,0,0,0.0,0,0,0.0,0,0,0.0,0,0,0.0,0,0,0.0,4,12,0.25,0,0,0.0,0,0,0.0,0,0,0.0,0,0,0.0,0,0,0.0,0,0,0.0,0,0,0.0,0,0,0.0,0,0,0.0,0,0,0.0,0,6,0.0,0,0,0.0,0,0,0.0,0,0,0.0,2,11,0.1538,8,15,0.3478,3,18,0.1429,6,14,0.3,4,14,0.2222,0,0,0.0,0,0,0.0
2026-04-03 21:40:20,test_205.jpg,172,24,196,0.1224,8,31,32,0,0,0.0,0,0,0.0,0,0,0.0,0,0,0.0,0,0,0.0,0,0,0.0,0,0,0.0,0,0,0.0,0,0,0.0,0,0,0.0,1,23,0.0417,0,0,0.0,0,0,0.0,0,0,0.0,0,0,0.0,0,0,0.0,0,0,0.0,0,0,0.0,0,0,0.0,0,0,0.0,0,0,0.0,0,17,0.0,0,0,0.0,0,0,0.0,0,0,0.0,0,19,0.0,9,22,0.2903,4,23,0.1481,5,32,0.1351,4,18,0.1818,1,18,0.0526,0,0,0.0
2026-04-03 21:40:20,test_2050.jpg,111,13,124,0.1048,6,31,32,0,0,0.0,0,0,0.0,0,0,0.0,0,0,0.0,0,0,0.0,0,0,0.0,0,0,0.0,0,0,0.0,0,0,0.0,0,0,0.0,0,21,0.0,0,0,0.0,0,0,0.0,0,0,0.0,0,0,0.0,0,0,0.0,0,0,0.0,0,0,0.0,0,0,0.0,0,0,0.0,0,0,0.0,0,20,0.0,0,0,0.0,0,0,0.0,0,0,0.0,5,29,0.1471,3,19,0.1364,0,9,0.0,5,13,0.2778,0,0,0.0,0,0,0.0,0,0,0.0
2026-04-03 21:40:20,test_2051.jpg,132,75,207,0.3623,4,31,32,0,0,0.0,0,0,0.0,0,0,0.0,0,0,0.0,0,0,0.0,0,0,0.0,0,0,0.0,0,0,0.0,0,0,0.0,0,0,0.0,0,18,0.0,0,0,0.0,0,0,0.0,0,0,0.0,0,0,0.0,0,0,0.0,0,0,0.0,0,0,0.0,0,0,0.0,0,0,0.0,0,0,0.0,4,23,0.1481,0,0,0.0,0,0,0.0,0,0,0.0,28,37,0.4308,43,54,0.4433,0,0,0.0,0,0,0.0,0,0,0.0,0,0,0.0,0,0,0.0
2026-04-03 21:40:20,test_2052.jpg,183,29,212,0.1368,7,31,32,0,0,0.0,0,0,0.0,0,0,0.0,0,0,0.0,0,0,0.0,0,0,0.0,0,0,0.0,0,0,0.0,0,0,0.0,0,0,0.0,0,24,0.0,0,0,0.0,0,0,0.0,0,0,0.0,0,0,0.0,0,0,0.0,0,0,0.0,0,0,0.0,0,0,0.0,0,0,0.0,0,0,0.0,7,30,0.1892,0,0,0.0,0,0,0.0,0,0,0.0,7,36,0.1628,11,28,0.2821,0,18,0.0,1,22,0.0435,3,25,0.1071,0,0,0.0,0,0,0.0
2026-04-03 21:40:20,test_2053.jpg,160,35,195,0.1795,6,31,32,0,0,0.0,0,0,0.0,0,0,0.0,0,0,0.0,0,0,0.0,0,0,0.0,0,0,0.0,0,0,0.0,0,0,0.0,0,0,0.0,5,23,0.1786,0,0,0.0,0,0,0.0,0,0,0.0,0,0,0.0,0,0,0.0,0,0,0.0,0,0,0.0,0,0,0.0,0,0,0.0,0,0,0.0,2,20,0.0909,0,0,0.0,0,0,0.0,0,0,0.0,1,28,0.0345,4,23,0.1481,14,40,0.2593,9,26,0.2571,0,0,0.0,0,0,0.0,0,0,0.0
2026-04-03 21:40:20,test_2054.jpg,93,13,106,0.1226,6,31,32,0,0,0.0,0,0,0.0,0,0,0.0,0,0,0.0,0,0,0.0,0,0,0.0,0,0,0.0,0,0,0.0,0,0,0.0,0,0,0.0,0,11,0.0,0,0,0.0,0,0,0.0,0,0,0.0,0,0,0.0,0,0,0.0,0,0,0.0,0,0,0.0,0,0,0.0,0,0,0.0,0,0,0.0,3,10,0.2308,0,0,0.0,0,0,0.0,0,0,0.0,3,19,0.1364,5,10,0.3333,1,21,0.0455,1,22,0.0435,0,0,0.0,0,0,0.0,0,0,0.0
2026-04-03 21:40:20,test_2055.jpg,199,31,230,0.1348,6,31,32,0,0,0.0,0,0,0.0,0,0,0.0,0,0,0.0,0,0,0.0,0,0,0.0,0,0,0.0,0,0,0.0,0,0,0.0,0,0,0.0,2,29,0.0645,0,0,0.0,0,0,0.0,0,0,0.0,0,0,0.0,0,0,0.0,0,0,0.0,0,0,0.0,0,0,0.0,0,0,0.0,0,0,0.0,6,32,0.1579,0,0,0.0,0,0,0.0,0,0,0.0,4,29,0.1212,14,51,0.2154,5,51,0.0893,0,7,0.0,0,0,0.0,0,0,0.0,0,0,0.0
2026-04-03 21:40:20,test_2056.jpg,177,90,267,0.3371,6,31,32,0,0,0.0,0,0,0.0,0,0,0.0,0,0,0.0,0,0,0.0,0,0,0.0,0,0,0.0,0,0,0.0,0,0,0.0,0,0,0.0,13,25,0.3421,0,0,0.0,0,0,0.0,0,0,0.0,0,0,0.0,0,0,0.0,0,0,0.0,0,0,0.0,0,0,0.0,0,0,0.0,0,0,0.0,11,36,0.234,0,0,0.0,0,0,0.0,0,0,0.0,17,27,0.3864,26,30,0.4643,21,41,0.3387,2,18,0.1,0,0,0.0,0,0,0.0,0,0,0.0
2026-04-03 21:40:20,test_2057.jpg,131,27,158,0.1709,6,31,32,0,0,0.0,0,0,0.0,0,0,0.0,0,0,0.0,0,0,0.0,0,0,0.0,0,0,0.0,0,0,0.0,0,0,0.0,0,0,0.0,2,21,0.087,0,0,0.0,0,0,0.0,0,0,0.0,0,0,0.0,0,0,0.0,0,0,0.0,0,0,0.0,0,0,0.0,0,0,0.0,0,0,0.0,1,20,0.0476,0,0,0.0,0,0,0.0,0,0,0.0,2,24,0.0769,3,18,0.1429,8,26,0.2353,11,22,0.3333,0,0,0.0,0,0,0.0,0,0,0.0
2026-04-03 21:40:20,test_2058.jpg,123,33,156,0.2115,6,31,32,0,0,0.0,0,0,0.0,0,0,0.0,0,0,0.0,0,0,0.0,0,0,0.0,0,0,0.0,0,0,0.0,0,0,0.0,0,0,0.0,0,20,0.0,0,0,0.0,0,0,0.0,0,0,0.0,0,0,0.0,0,0,0.0,0,0,0.0,0,0,0.0,0,0,0.0,0,0,0.0,0,0,0.0,4,22,0.1538,0,0,0.0,0,0,0.0,0,0,0.0,3,23,0.1154,4,20,0.1667,9,21,0.3,13,17,0.4333,0,0,0.0,0,0,0.0,0,0,0.0
2026-04-03 21:40:20,test_2059.jpg,231,73,304,0.2401,10,31,32,0,0,0.0,0,0,0.0,0,0,0.0,0,0,0.0,0,0,0.0,0,0,0.0,0,0,0.0,0,0,0.0,0,0,0.0,0,0,0.0,0,5,0.0,0,0,0.0,0,0,0.0,0,0,0.0,0,0,0.0,0,0,0.0,0,0,0.0,0,0,0.0,0,0,0.0,0,0,0.0,0,0,0.0,7,34,0.1707,0,0,0.0,0,0,0.0,0,0,0.0,12,27,0.3077,8,28,0.2222,13,31,0.2955,5,26,0.1613,4,21,0.16,3,22,0.12,21,37,0.3621
2026-04-03 21:40:20,test_206.jpg,130,39,169,0.2308,7,31,32,0,0,0.0,0,0,0.0,0,0,0.0,0,0,0.0,0,0,0.0,0,0,0.0,0,0,0.0,0,0,0.0,0,0,0.0,0,0,0.0,4,20,0.1667,0,0,0.0,0,0,0.0,0,0,0.0,0,0,0.0,0,0,0.0,0,0,0.0,0,0,0.0,0,0,0.0,0,0,0.0,0,0,0.0,0,16,0.0,0,0,0.0,0,0,0.0,0,0,0.0,0,11,0.0,4,18,0.1818,17,21,0.4474,6,20,0.2308,8,24,0.25,0,0,0.0,0,0,0.0
2026-04-03 21:40:20,test_2060.jpg,103,31,134,0.2313,6,31,32,0,0,0.0,0,0,0.0,0,0,0.0,0,0,0.0,0,0,0.0,0,0,0.0,0,0,0.0,0,0,0.0,0,0,0.0,0,0,0.0,2,15,0.1176,0,0,0.0,0,0,0.0,0,0,0.0,0,0,0.0,0,0,0.0,0,0,0.0,0,0,0.0,0,0,0.0,0,0,0.0,0,0,0.0,2,18,0.1,0,0,0.0,0,0,0.0,0,0,0.0,0,15,0.0,2,19,0.0952,17,21,0.4474,8,15,0.3478,0,0,0.0,0,0,0.0,0,0,0.0
2026-04-03 21:40:20,test_2061.jpg,133,28,161,0.1739,7,31,32,0,0,0.0,0,0,0.0,0,0,0.0,0,0,0.0,0,0,0.0,0,0,0.0,0,0,0.0,0,0,0.0,0,0,0.0,0,0,0.0,0,20,0.0,0,0,0.0,0,0,0.0,0,0,0.0,0,0,0.0,0,0,0.0,0,0,0.0,0,0,0.0,0,0,0.0,0,0,0.0,0,0,0.0,4,16,0.2,0,0,0.0,0,0,0.0,0,0,0.0,6,21,0.2222,4,18,0.1818,5,23,0.1786,4,17,0.1905,5,18,0.2174,0,0,0.0,0,0,0.0
2026-04-03 21:40:20,test_2062.jpg,141,70,211,0.3318,8,31,32,0,0,0.0,0,0,0.0,0,0,0.0,0,0,0.0,0,0,0.0,0,0,0.0,0,0,0.0,0,0,0.0,0,0,0.0,0,0,0.0,0,0,0.0,0,0,0.0,0,0,0.0,0,0,0.0,0,0,0.0,0,0,0.0,0,0,0.0,0,0,0.0,0,0,0.0,0,0,0.0,0,0,0.0,13,16,0.4483,0,0,0.0,0,0,0.0,0,0,0.0,1,15,0.0625,4,14,0.2222,4,15,0.2105,9,21,0.3,30,39,0.4348,9,21,0.3,0,0,0.0
2026-04-03 21:40:20,test_2063.jpg,122,21,143,0.1469,5,31,32,0,0,0.0,0,0,0.0,0,0,0.0,0,0,0.0,0,0,0.0,0,0,0.0,0,0,0.0,0,0,0.0,0,0,0.0,0,0,0.0,2,12,0.1429,0,0,0.0,0,0,0.0,0,0,0.0,0,0,0.0,0,0,0.0,0,0,0.0,0,0,0.0,0,0,0.0,0,0,0.0,0,0,0.0,1,7,0.125,0,0,0.0,0,0,0.0,0,0,0.0,2,23,0.08,5,44,0.102,11,36,0.234,0,0,0.0,0,0,0.0,0,0,0.0,0,0,0.0
2026-04-03 21:40:20,test_2064.jpg,123,56,179,0.3128,6,31,32,0,0,0.0,0,0,0.0,0,0,0.0,0,0,0.0,0,0,0.0,0,0,0.0,0,0,0.0,0,0,0.0,0,0,0.0,0,0,0.0,3,12,0.2,0,0,0.0,0,0,0.0,0,0,0.0,0,0,0.0,0,0,0.0,0,0,0.0,0,0,0.0,0,0,0.0,0,0,0.0,0,0,0.0,5,13,0.2778,0,0,0.0,0,0,0.0,0,0,0.0,5,25,0.1667,7,24,0.2258,30,28,0.5172,6,21,0.2222,0,0,0.0,0,0,0.0,0,0,0.0
2026-04-03 21:40:20,test_2065.jpg,203,11,214,0.0514,9,31,32,0,0,0.0,0,0,0.0,0,0,0.0,0,0,0.0,0,0,0.0,0,0,0.0,0,0,0.0,0,0,0.0,0,0,0.0,0,0,0.0,0,0,0.0,0,0,0.0,0,0,0.0,0,0,0.0,0,0,0.0,0,0,0.0,0,0,0.0,0,0,0.0,0,0,0.0,0,0,0.0,0,0,0.0,4,17,0.1905,0,0,0.0,0,0,0.0,0,0,0.0,1,25,0.0385,2,31,0.0606,0,35,0.0,0,27,0.0,1,26,0.037,3,42,0.0667,0,0,0.0
2026-04-03 21:40:20,test_2066.jpg,125,35,160,0.2188,7,31,32,0,0,0.0,0,0,0.0,0,0,0.0,0,0,0.0,0,0,0.0,0,0,0.0,0,0,0.0,0,0,0.0,0,0,0.0,0,0,0.0,11,22,0.3333,0,0,0.0,0,0,0.0,0,0,0.0,0,0,0.0,0,0,0.0,0,0,0.0,0,0,0.0,0,0,0.0,0,0,0.0,0,0,0.0,1,15,0.0625,0,0,0.0,0,0,0.0,0,0,0.0,0,15,0.0,4,14,0.2222,7,22,0.2414,11,19,0.3667,1,18,0.0526,0,0,0.0,0,0,0.0
2026-04-03 21:40:20,test_2067.jpg,133,15,148,0.1014,7,31,32,0,0,0.0,0,0,0.0,0,0,0.0,0,0,0.0,0,0,0.0,0,0,0.0,0,0,0.0,0,0,0.0,0,0,0.0,0,0,0.0,2,14,0.125,0,0,0.0,0,0,0.0,0,0,0.0,0,0,0.0,0,0,0.0,0,0,0.0,0,0,0.0,0,0,0.0,0,0,0.0,0,0,0.0,6,18,0.25,0,0,0.0,0,0,0.0,0,0,0.0,1,24,0.04,0,17,0.0,3,18,0.1429,2,21,0.087,1,21,0.0455,0,0,0.0,0,0,0.0
2026-04-03 21:40:20,test_2068.jpg,119,16,135,0.1185,6,31,32,0,0,0.0,0,0,0.0,0,0,0.0,0,0,0.0,0,0,0.0,0,0,0.0,0,0,0.0,0,0,0.0,0,0,0.0,0,0,0.0,2,19,0.0952,0,0,0.0,0,0,0.0,0,0,0.0,0,0,0.0,0,0,0.0,0,0,0.0,0,0,0.0,0,0,0.0,0,0,0.0,0,0,0.0,1,17,0.0556,0,0,0.0,0,0,0.0,0,0,0.0,1,19,0.05,2,28,0.0667,10,36,0.2174,0,0,0.0,0,0,0.0,0,0,0.0,0,0,0.0
2026-04-03 21:40:20,test_2069.jpg,136,21,157,0.1338,6,31,32,0,0,0.0,0,0,0.0,0,0,0.0,0,0,0.0,0,0,0.0,0,0,0.0,0,0,0.0,0,0,0.0,0,0,0.0,0,0,0.0,0,27,0.0,0,0,0.0,0,0,0.0,0,0,0.0,0,0,0.0,0,0,0.0,0,0,0.0,0,0,0.0,0,0,0.0,0,0,0.0,0,0,0.0,0,15,0.0,0,0,0.0,0,0,0.0,0,0,0.0,1,18,0.0526,1,18,0.0526,3,20,0.1304,16,38,0.2963,0,0,0.0,0,0,0.0,0,0,0.0
2026-04-03 21:40:20,test_207.jpg,132,8,140,0.0571,7,31,32,0,0,0.0,0,0,0.0,0,0,0.0,0,0,0.0,0,0,0.0,0,0,0.0,0,0,0.0,0,0,0.0,0,0,0.0,0,0,0.0,0,21,0.0,0,0,0.0,0,0,0.0,0,0,0.0,0,0,0.0,0,0,0.0,0,0,0.0,0,0,0.0,0,0,0.0,0,0,0.0,0,0,0.0,0,23,0.0,0,0,0.0,0,0,0.0,0,0,0.0,0,23,0.0,0,21,0.0,0,12,0.0,3,22,0.12,5,10,0.3333,0,0,0.0,0,0,0.0
2026-04-03 21:40:20,test_2070.jpg,200,176,376,0.4681,5,31,32,0,0,0.0,0,0,0.0,0,0,0.0,0,0,0.0,0,0,0.0,0,0,0.0,0,0,0.0,0,0,0.0,0,0,0.0,0,0,0.0,11,23,0.3235,0,0,0.0,0,0,0.0,0,0,0.0,0,0,0.0,0,0,0.0,0,0,0.0,0,0,0.0,0,0,0.0,0,0,0.0,0,0,0.0,16,49,0.2462,0,0,0.0,0,0,0.0,0,0,0.0,27,52,0.3418,67,48,0.5826,55,28,0.6627,0,0,0.0,0,0,0.0,0,0,0.0,0,0,0.0
2026-04-03 21:40:20,test_2071.jpg,129,33,162,0.2037,8,31,32,0,0,0.0,0,0,0.0,0,0,0.0,0,0,0.0,0,0,0.0,0,0,0.0,0,0,0.0,0,0,0.0,0,0,0.0,0,0,0.0,2,11,0.1538,0,0,0.0,0,0,0.0,0,0,0.0,0,0,0.0,0,0,0.0,0,0,0.0,0,0,0.0,0,0,0.0,0,0,0.0,0,0,0.0,3,22,0.12,0,0,0.0,0,0,0.0,0,0,0.0,4,13,0.2353,9,19,0.3214,4,16,0.2,2,16,0.1111,6,18,0.25,3,14,0.1765,0,0,0.0
2026-04-03 21:40:20,test_2072.jpg,125,16,141,0.1135,6,31,32,0,0,0.0,0,0,0.0,0,0,0.0,0,0,0.0,0,0,0.0,0,0,0.0,0,0,0.0,0,0,0.0,0,0,0.0,0,0,0.0,2,16,0.1111,0,0,0.0,0,0,0.0,0,0,0.0,0,0,0.0,0,0,0.0,0,0,0.0,0,0,0.0,0,0,0.0,0,0,0.0,0,0,0.0,1,14,0.0667,0,0,0.0,0,0,0.0,0,0,0.0,3,22,0.12,3,23,0.1154,3,25,0.1071,4,25,0.1379,0,0,0.0,0,0,0.0,0,0,0.0
2026-04-03 21:40:20,test_2073.jpg,167,39,206,0.1893,10,31,32,2,13,0.1333,0,0,0.0,0,0,0.0,0,0,0.0,0,0,0.0,0,0,0.0,0,0,0.0,0,0,0.0,0,0,0.0,0,0,0.0,4,16,0.2,0,0,0.0,0,0,0.0,0,0,0.0,0,0,0.0,0,0,0.0,0,0,0.0,0,0,0.0,0,0,0.0,0,0,0.0,0,0,0.0,9,26,0.2571,0,0,0.0,0,0,0.0,0,0,0.0,0,10,0.0,4,15,0.2105,3,12,0.2,4,16,0.2,3,22,0.12,0,10,0.0,10,27,0.2703
2026-04-03 21:40:20,test_2074.jpg,117,31,148,0.2095,7,31,32,0,0,0.0,0,0,0.0,0,0,0.0,0,0,0.0,0,0,0.0,0,0,0.0,0,0,0.0,0,0,0.0,0,0,0.0,0,0,0.0,2,14,0.125,0,0,0.0,0,0,0.0,0,0,0.0,0,0,0.0,0,0,0.0,0,0,0.0,0,0,0.0,0,0,0.0,0,0,0.0,0,0,0.0,8,20,0.2857,0,0,0.0,0,0,0.0,0,0,0.0,4,16,0.2,6,19,0.24,2,19,0.0952,9,17,0.3462,0,12,0.0,0,0,0.0,0,0,0.0
2026-04-03 21:40:20,test_2075.jpg,129,15,144,0.1042,18,31,32,0,6,0.0,4,13,0.2353,0,6,0.0,0,8,0.0,0,6,0.0,0,10,0.0,0,8,0.0,3,18,0.1429,0,0,0.0,0,0,0.0,0,2,0.0,0,0,0.0,0,0,0.0,0,0,0.0,0,0,0.0,0,0,0.0,0,0,0.0,0,0,0.0,0,0,0.0,0,0,0.0,0,0,0.0,4,16,0.2,0,0,0.0,0,0,0.0,0,0,0.0,1,4,0.2,1,6,0.1429,0,2,0.0,2,7,0.2222,0,5,0.0,0,5,0.0,0,7,0.0
2026-04-03 21:40:20,test_2076.jpg,153,4,157,0.0255,8,31,32,0,0,0.0,0,0,0.0,0,0,0.0,0,0,0.0,0,0,0.0,0,0,0.0,0,0,0.0,0,0,0.0,0,0,0.0,0,0,0.0,0,23,0.0,0,0,0.0,0,0,0.0,0,0,0.0,0,0,0.0,0,0,0.0,0,0,0.0,0,0,0.0,0,0,0.0,0,0,0.0,0,0,0.0,3,18,0.1429,0,0,0.0,0,0,0.0,0,0,0.0,0,21,0.0,0,21,0.0,1,17,0.0556,0,19,0.0,0,17,0.0,0,17,0.0,0,0,0.0
2026-04-03 21:40:20,test_2077.jpg,136,12,148,0.0811,7,31,32,0,0,0.0,0,0,0.0,0,0,0.0,0,0,0.0,0,0,0.0,0,0,0.0,0,0,0.0,0,0,0.0,0,0,0.0,0,0,0.0,1,5,0.1667,0,0,0.0,0,0,0.0,0,0,0.0,0,0,0.0,0,0,0.0,0,0,0.0,0,0,0.0,0,0,0.0,0,0,0.0,0,0,0.0,2,20,0.0909,0,0,0.0,0,0,0.0,0,0,0.0,0,18,0.0,2,16,0.1111,1,22,0.0435,4,42,0.087,2,13,0.1333,0,0,0.0,0,0,0.0
2026-04-03 21:40:20,test_2078.jpg,171,53,224,0.2366,9,31,32,0,0,0.0,0,0,0.0,0,0,0.0,0,0,0.0,0,0,0.0,0,0,0.0,0,0,0.0,0,0,0.0,0,0,0.0,0,0,0.0,3,18,0.1429,0,0,0.0,0,0,0.0,0,0,0.0,0,0,0.0,0,0,0.0,0,0,0.0,0,0,0.0,0,0,0.0,0,0,0.0,0,0,0.0,0,0,0.0,0,0,0.0,0,0,0.0,0,0,0.0,0,0,0.0,5,30,0.1429,0,26,0.0,15,22,0.4054,6,31,0.1622,17,25,0.4048,7,19,0.2692
2026-04-03 21:40:20,test_2079.jpg,116,19,135,0.1407,8,31,32,0,0,0.0,0,0,0.0,0,0,0.0,0,0,0.0,0,0,0.0,0,0,0.0,0,0,0.0,0,0,0.0,0,0,0.0,0,0,0.0,0,15,0.0,0,0,0.0,0,0,0.0,0,0,0.0,0,0,0.0,0,0,0.0,0,0,0.0,0,0,0.0,0,0,0.0,0,0,0.0,0,0,0.0,0,16,0.0,0,0,0.0,0,0,0.0,0,0,0.0,0,15,0.0,1,18,0.0526,3,16,0.1579,5,11,0.3125,1,16,0.0588,9,9,0.5,0,0,0.0
2026-04-03 21:40:20,test_208.jpg,117,34,151,0.2252,6,31,32,0,0,0.0,0,0,0.0,0,0,0.0,0,0,0.0,0,0,0.0,0,0,0.0,0,0,0.0,0,0,0.0,0,0,0.0,0,0,0.0,10,27,0.2703,0,0,0.0,0,0,0.0,0,0,0.0,0,0,0.0,0,0,0.0,0,0,0.0,0,0,0.0,0,0,0.0,0,0,0.0,0,0,0.0,9,24,0.2727,0,0,0.0,0,0,0.0,0,0,0.0,3,19,0.1364,4,16,0.2,8,20,0.2857,0,11,0.0,0,0,0.0,0,0,0.0,0,0,0.0
2026-04-03 21:40:20,test_2080.jpg,137,44,181,0.2431,8,31,32,0,0,0.0,0,0,0.0,0,0,0.0,0,0,0.0,0,0,0.0,0,0,0.0,0,0,0.0,0,0,0.0,0,0,0.0,0,0,0.0,12,24,0.3333,0,0,0.0,0,0,0.0,0,0,0.0,0,0,0.0,0,0,0.0,0,0,0.0,0,0,0.0,0,0,0.0,0,0,0.0,0,0,0.0,1,17,0.0556,0,0,0.0,0,0,0.0,0,0,0.0,8,10,0.4444,7,17,0.2917,7,17,0.2917,0,23,0.0,2,13,0.1333,7,16,0.3043,0,0,0.0
2026-04-03 21:40:20,test_2081.jpg,148,3,151,0.0199,6,31,32,0,0,0.0,0,0,0.0,0,0,0.0,0,0,0.0,0,0,0.0,0,0,0.0,0,0,0.0,0,0,0.0,0,0,0.0,0,0,0.0,1,21,0.0455,0,0,0.0,0,0,0.0,0,0,0.0,0,0,0.0,0,0,0.0,0,0,0.0,0,0,0.0,0,0,0.0,0,0,0.0,0,0,0.0,0,22,0.0,0,0,0.0,0,0,0.0,0,0,0.0,1,21,0.0455,0,22,0.0,0,23,0.0,1,39,0.025,0,0,0.0,0,0,0.0,0,0,0.0
2026-04-03 21:40:20,test_2082.jpg,148,53,201,0.2637,13,31,32,0,0,0.0,0,8,0.0,5,15,0.25,3,8,0.2727,0,0,0.0,0,0,0.0,0,0,0.0,0,0,0.0,0,0,0.0,0,0,0.0,0,2,0.0,0,0,0.0,0,0,0.0,0,0,0.0,0,0,0.0,0,0,0.0,0,0,0.0,0,0,0.0,0,0,0.0,0,0,0.0,0,0,0.0,0,3,0.0,0,0,0.0,0,0,0.0,0,0,0.0,3,15,0.1667,1,21,0.0455,7,14,0.3333,17,17,0.5,5,15,0.25,4,11,0.2667,8,19,0.2963
2026-04-03 21:40:20,test_2083.jpg,112,1,113,0.0088,6,31,32,0,0,0.0,0,0,0.0,0,0,0.0,0,0,0.0,0,0,0.0,0,0,0.0,0,0,0.0,0,0,0.0,0,0,0.0,0,0,0.0,0,19,0.0,0,0,0.0,0,0,0.0,0,0,0.0,0,0,0.0,0,0,0.0,0,0,0.0,0,0,0.0,0,0,0.0,0,0,0.0,0,0,0.0,1,21,0.0455,0,0,0.0,0,0,0.0,0,0,0.0,0,19,0.0,0,19,0.0,0,16,0.0,0,18,0.0,0,0,0.0,0,0,0.0,0,0,0.0
2026-04-03 21:40:20,test_2084.jpg,188,78,266,0.2932,7,31,32,0,0,0.0,0,0,0.0,0,0,0.0,0,0,0.0,0,0,0.0,0,0,0.0,0,0,0.0,0,0,0.0,0,0,0.0,0,0,0.0,0,7,0.0,0,0,0.0,0,0,0.0,0,0,0.0,0,0,0.0,0,0,0.0,0,0,0.0,0,0,0.0,0,0,0.0,0,0,0.0,0,0,0.0,4,40,0.0909,0,0,0.0,0,0,0.0,0,0,0.0,1,25,0.0385,4,39,0.093,13,24,0.3514,45,36,0.5556,11,17,0.3929,0,0,0.0,0,0,0.0
2026-04-03 21:40:20,test_2085.jpg,205,62,267,0.2322,7,31,32,0,0,0.0,0,0,0.0,0,0,0.0,0,0,0.0,0,0,0.0,0,0,0.0,0,0,0.0,0,0,0.0,0,0,0.0,0,0,0.0,2,30,0.0625,0,0,0.0,0,0,0.0,0,0,0.0,0,0,0.0,0,0,0.0,0,0,0.0,0,0,0.0,0,0,0.0,0,0,0.0,0,0,0.0,7,40,0.1489,0,0,0.0,0,0,0.0,0,0,0.0,6,26,0.1875,20,31,0.3922,3,26,0.1034,10,27,0.2703,14,25,0.359,0,0,0.0,0,0,0.0
2026-04-03 21:40:20,test_2086.jpg,96,19,115,0.1652,6,31,32,0,0,0.0,0,0,0.0,0,0,0.0,0,0,0.0,0,0,0.0,0,0,0.0,0,0,0.0,0,0,0.0,0,0,0.0,0,0,0.0,1,11,0.0833,0,0,0.0,0,0,0.0,0,0,0.0,0,0,0.0,0,0,0.0,0,0,0.0,0,0,0.0,0,0,0.0,0,0,0.0,0,0,0.0,1,17,0.0556,0,0,0.0,0,0,0.0,0,0,0.0,2,22,0.0833,4,13,0.2353,7,18,0.28,4,15,0.2105,0,0,0.0,0,0,0.0,0,0,0.0
2026-04-03 21:40:20,test_2087.jpg,131,43,174,0.2471,6,31,32,0,0,0.0,0,0,0.0,0,0,0.0,0,0,0.0,0,0,0.0,0,0,0.0,0,0,0.0,0,0,0.0,0,0,0.0,0,0,0.0,2,21,0.087,0,0,0.0,0,0,0.0,0,0,0.0,0,0,0.0,0,0,0.0,0,0,0.0,0,0,0.0,0,0,0.0,0,0,0.0,0,0,0.0,3,31,0.0882,0,0,0.0,0,0,0.0,0,0,0.0,7,19,0.2692,3,22,0.12,17,20,0.4595,11,18,0.3793,0,0,0.0,0,0,0.0,0,0,0.0
2026-04-03 21:40:20,test_2088.jpg,135,21,156,0.1346,6,31,32,0,0,0.0,0,0,0.0,0,0,0.0,0,0,0.0,0,0,0.0,0,0,0.0,0,0,0.0,0,0,0.0,0,0,0.0,0,0,0.0,2,25,0.0741,0,0,0.0,0,0,0.0,0,0,0.0,0,0,0.0,0,0,0.0,0,0,0.0,0,0,0.0,0,0,0.0,0,0,0.0,0,0,0.0,0,11,0.0,0,0,0.0,0,0,0.0,0,0,0.0,5,24,0.1724,7,38,0.1556,4,20,0.1667,3,17,0.15,0,0,0.0,0,0,0.0,0,0,0.0
2026-04-03 21:40:20,test_2089.jpg,118,25,143,0.1748,6,31,32,0,0,0.0,0,0,0.0,0,0,0.0,0,0,0.0,0,0,0.0,0,0,0.0,0,0,0.0,0,0,0.0,0,0,0.0,0,0,0.0,6,11,0.3529,0,0,0.0,0,0,0.0,0,0,0.0,0,0,0.0,0,0,0.0,0,0,0.0,0,0,0.0,0,0,0.0,0,0,0.0,0,0,0.0,3,22,0.12,0,0,0.0,0,0,0.0,0,0,0.0,3,21,0.125,1,24,0.04,4,18,0.1818,8,22,0.2667,0,0,0.0,0,0,0.0,0,0,0.0
2026-04-03 21:40:20,test_209.jpg,197,156,353,0.4419,6,31,32,0,0,0.0,0,0,0.0,0,0,0.0,0,0,0.0,0,0,0.0,0,0,0.0,0,0,0.0,0,0,0.0,0,0,0.0,0,0,0.0,6,26,0.1875,0,0,0.0,0,0,0.0,0,0,0.0,0,0,0.0,0,0,0.0,0,0,0.0,0,0,0.0,0,0,0.0,0,0,0.0,0,0,0.0,9,37,0.1957,0,0,0.0,0,0,0.0,0,0,0.0,38,40,0.4872,46,38,0.5476,32,33,0.4923,25,23,0.5208,0,0,0.0,0,0,0.0,0,0,0.0
2026-04-03 21:40:20,test_2090.jpg,147,69,216,0.3194,5,31,32,0,0,0.0,0,0,0.0,0,0,0.0,0,0,0.0,0,0,0.0,0,0,0.0,0,0,0.0,0,0,0.0,0,0,0.0,0,0,0.0,8,18,0.3077,0,0,0.0,0,0,0.0,0,0,0.0,0,0,0.0,0,0,0.0,0,0,0.0,0,0,0.0,0,0,0.0,0,0,0.0,0,0,0.0,16,28,0.3636,0,0,0.0,0,0,0.0,0,0,0.0,20,31,0.3922,15,37,0.2885,10,33,0.2326,0,0,0.0,0,0,0.0,0,0,0.0,0,0,0.0
2026-04-03 21:40:20,test_2091.jpg,150,30,180,0.1667,8,31,32,0,0,0.0,0,0,0.0,0,0,0.0,0,0,0.0,0,0,0.0,0,0,0.0,0,0,0.0,0,0,0.0,0,0,0.0,0,0,0.0,5,25,0.1667,0,0,0.0,0,0,0.0,0,0,0.0,0,0,0.0,0,0,0.0,0,0,0.0,0,0,0.0,0,0,0.0,0,0,0.0,0,0,0.0,2,18,0.1,0,0,0.0,0,0,0.0,0,0,0.0,6,20,0.2308,2,23,0.08,4,16,0.2,1,18,0.0526,7,13,0.35,3,17,0.15,0,0,0.0
2026-04-03 21:40:20,test_2092.jpg,140,26,166,0.1566,6,31,32,0,0,0.0,0,0,0.0,0,0,0.0,0,0,0.0,0,0,0.0,0,0,0.0,0,0,0.0,0,0,0.0,0,0,0.0,0,0,0.0,5,19,0.2083,0,0,0.0,0,0,0.0,0,0,0.0,0,0,0.0,0,0,0.0,0,0,0.0,0,0,0.0,0,0,0.0,0,0,0.0,0,0,0.0,3,22,0.12,0,0,0.0,0,0,0.0,0,0,0.0,2,22,0.0833,3,40,0.0698,3,25,0.1071,10,12,0.4545,0,0,0.0,0,0,0.0,0,0,0.0
2026-04-03 21:40:20,test_2093.jpg,104,27,131,0.2061,6,31,32,0,0,0.0,0,0,0.0,0,0,0.0,0,0,0.0,0,0,0.0,0,0,0.0,0,0,0.0,0,0,0.0,0,0,0.0,0,0,0.0,2,21,0.087,0,0,0.0,0,0,0.0,0,0,0.0,0,0,0.0,0,0,0.0,0,0,0.0,0,0,0.0,0,0,0.0,0,0,0.0,0,0,0.0,7,23,0.2333,0,0,0.0,0,0,0.0,0,0,0.0,4,16,0.2,4,14,0.2222,1,12,0.0769,9,18,0.3333,0,0,0.0,0,0,0.0,0,0,0.0
2026-04-03 21:40:20,test_2094.jpg,185,28,213,0.1315,13,31,32,4,10,0.2857,5,19,0.2083,0,2,0.0,0,10,0.0,0,0,0.0,0,0,0.0,0,0,0.0,0,0,0.0,0,0,0.0,0,0,0.0,1,5,0.1667,0,0,0.0,0,0,0.0,0,0,0.0,0,0,0.0,0,0,0.0,0,0,0.0,0,0,0.0,0,0,0.0,0,0,0.0,0,0,0.0,1,23,0.0417,0,0,0.0,0,0,0.0,0,0,0.0,0,15,0.0,3,12,0.2,0,16,0.0,2,11,0.1538,0,14,0.0,8,25,0.2424,4,23,0.1481
2026-04-03 21:40:20,test_2095.jpg,126,38,164,0.2317,6,31,32,0,0,0.0,0,0,0.0,0,0,0.0,0,0,0.0,0,0,0.0,0,0,0.0,0,0,0.0,0,0,0.0,0,0,0.0,0,0,0.0,6,7,0.4615,0,0,0.0,0,0,0.0,0,0,0.0,0,0,0.0,0,0,0.0,0,0,0.0,0,0,0.0,0,0,0.0,0,0,0.0,0,0,0.0,0,24,0.0,0,0,0.0,0,0,0.0,0,0,0.0,8,25,0.2424,9,27,0.25,5,27,0.1562,10,16,0.3846,0,0,0.0,0,0,0.0,0,0,0.0
2026-04-03 21:40:20,test_2096.jpg,127,40,167,0.2395,6,31,32,0,0,0.0,0,0,0.0,0,0,0.0,0,0,0.0,0,0,0.0,0,0,0.0,0,0,0.0,0,0,0.0,0,0,0.0,0,0,0.0,0,18,0.0,0,0,0.0,0,0,0.0,0,0,0.0,0,0,0.0,0,0,0.0,0,0,0.0,0,0,0.0,0,0,0.0,0,0,0.0,0,0,0.0,1,16,0.0588,0,0,0.0,0,0,0.0,0,0,0.0,1,23,0.0417,3,21,0.125,2,20,0.0909,33,29,0.5323,0,0,0.0,0,0,0.0,0,0,0.0
2026-04-03 21:40:20,test_2097.jpg,142,22,164,0.1341,6,31,32,0,0,0.0,0,0,0.0,0,0,0.0,0,0,0.0,0,0,0.0,0,0,0.0,0,0,0.0,0,0,0.0,0,0,0.0,0,0,0.0,1,12,0.0769,0,0,0.0,0,0,0.0,0,0,0.0,0,0,0.0,0,0,0.0,0,0,0.0,0,0,0.0,0,0,0.0,0,0,0.0,0,0,0.0,2,33,0.0571,0,0,0.0,0,0,0.0,0,0,0.0,6,21,0.2222,3,32,0.0857,4,22,0.1538,6,22,0.2143,0,0,0.0,0,0,0.0,0,0,0.0
2026-04-03 21:40:20,test_2098.jpg,144,25,169,0.1479,8,31,32,0,0,0.0,0,0,0.0,0,0,0.0,0,0,0.0,0,0,0.0,0,0,0.0,0,0,0.0,0,0,0.0,0,0,0.0,0,0,0.0,6,20,0.2308,0,0,0.0,0,0,0.0,0,0,0.0,0,0,0.0,0,0,0.0,0,0,0.0,0,0,0.0,0,0,0.0,0,0,0.0,0,0,0.0,5,16,0.2381,0,0,0.0,0,0,0.0,0,0,0.0,1,18,0.0526,1,15,0.0625,4,20,0.1667,2,17,0.1053,1,20,0.0476,5,18,0.2174,0,0,0.0
2026-04-03 21:40:20,test_2099.jpg,164,6,170,0.0353,8,31,32,0,0,0.0,0,0,0.0,0,0,0.0,0,0,0.0,0,0,0.0,0,0,0.0,0,0,0.0,0,0,0.0,0,0,0.0,0,0,0.0,0,23,0.0,0,0,0.0,0,0,0.0,0,0,0.0,0,0,0.0,0,0,0.0,0,0,0.0,0,0,0.0,0,0,0.0,0,0,0.0,0,0,0.0,0,21,0.0,0,0,0.0,0,0,0.0,0,0,0.0,1,16,0.0588,0,20,0.0,0,18,0.0,0,14,0.0,2,17,0.1053,3,35,0.0789,0,0,0.0
2026-04-03 21:40:20,test_21.jpg,118,53,171,0.3099,6,31,32,0,0,0.0,0,0,0.0,0,0,0.0,0,0,0.0,0,0,0.0,0,0,0.0,0,0,0.0,0,0,0.0,0,0,0.0,0,0,0.0,0,11,0.0,0,0,0.0,0,0,0.0,0,0,0.0,0,0,0.0,0,0,0.0,0,0,0.0,0,0,0.0,0,0,0.0,0,0,0.0,0,0,0.0,3,19,0.1364,0,0,0.0,0,0,0.0,0,0,0.0,21,24,0.4667,5,24,0.1724,11,22,0.3333,13,18,0.4194,0,0,0.0,0,0,0.0,0,0,0.0
2026-04-03 21:40:20,test_210.jpg,176,56,232,0.2414,6,31,32,0,0,0.0,0,0,0.0,0,0,0.0,0,0,0.0,0,0,0.0,0,0,0.0,0,0,0.0,0,0,0.0,0,0,0.0,0,0,0.0,3,27,0.1,0,0,0.0,0,0,0.0,0,0,0.0,0,0,0.0,0,0,0.0,0,0,0.0,0,0,0.0,0,0,0.0,0,0,0.0,0,0,0.0,16,33,0.3265,0,0,0.0,0,0,0.0,0,0,0.0,7,32,0.1795,10,29,0.2564,20,55,0.2667,0,0,0.0,0,0,0.0,0,0,0.0,0,0,0.0
2026-04-03 21:40:20,test_2100.jpg,156,21,177,0.1186,6,31,32,0,0,0.0,0,0,0.0,0,0,0.0,0,0,0.0,0,0,0.0,0,0,0.0,0,0,0.0,0,0,0.0,0,0,0.0,0,0,0.0,1,19,0.05,0,0,0.0,0,0,0.0,0,0,0.0,0,0,0.0,0,0,0.0,0,0,0.0,0,0,0.0,0,0,0.0,0,0,0.0,0,0,0.0,5,22,0.1852,0,0,0.0,0,0,0.0,0,0,0.0,5,26,0.1613,9,37,0.1957,0,25,0.0,1,27,0.0357,0,0,0.0,0,0,0.0,0,0,0.0
2026-04-03 21:40:20,test_2101.jpg,230,226,456,0.4956,6,31,32,0,0,0.0,0,0,0.0,0,0,0.0,0,0,0.0,0,0,0.0,0,0,0.0,0,0,0.0,0,0,0.0,0,0,0.0,0,0,0.0,2,17,0.1053,0,0,0.0,0,0,0.0,0,0,0.0,0,0,0.0,0,0,0.0,0,0,0.0,0,0,0.0,0,0,0.0,0,0,0.0,0,0,0.0,4,41,0.0889,0,0,0.0,0,0,0.0,0,0,0.0,22,49,0.3099,65,53,0.5508,99,47,0.6781,34,23,0.5965,0,0,0.0,0,0,0.0,0,0,0.0
2026-04-03 21:40:20,test_2102.jpg,173,23,196,0.1173,6,31,32,0,0,0.0,0,0,0.0,0,0,0.0,0,0,0.0,0,0,0.0,0,0,0.0,0,0,0.0,0,0,0.0,0,0,0.0,0,0,0.0,0,21,0.0,0,0,0.0,0,0,0.0,0,0,0.0,0,0,0.0,0,0,0.0,0,0,0.0,0,0,0.0,0,0,0.0,0,0,0.0,0,0,0.0,1,29,0.0333,0,0,0.0,0,0,0.0,0,0,0.0,0,26,0.0,4,33,0.1081,10,38,0.2083,8,26,0.2353,0,0,0.0,0,0,0.0,0,0,0.0
2026-04-03 21:40:20,test_2103.jpg,145,32,177,0.1808,7,31,32,0,0,0.0,0,0,0.0,0,0,0.0,0,0,0.0,0,0,0.0,0,0,0.0,0,0,0.0,0,0,0.0,0,0,0.0,0,0,0.0,3,22,0.12,0,0,0.0,0,0,0.0,0,0,0.0,0,0,0.0,0,0,0.0,0,0,0.0,0,0,0.0,0,0,0.0,0,0,0.0,0,0,0.0,8,30,0.2105,0,0,0.0,0,0,0.0,0,0,0.0,4,16,0.2,1,17,0.0556,2,17,0.1053,13,24,0.3514,1,19,0.05,0,0,0.0,0,0,0.0
2026-04-03 21:40:20,test_2104.jpg,150,19,169,0.1124,8,31,32,0,0,0.0,0,0,0.0,0,0,0.0,0,0,0.0,0,0,0.0,0,0,0.0,0,0,0.0,0,0,0.0,0,0,0.0,0,0,0.0,0,15,0.0,0,0,0.0,0,0,0.0,0,0,0.0,0,0,0.0,0,0,0.0,0,0,0.0,0,0,0.0,0,0,0.0,0,0,0.0,0,0,0.0,4,17,0.1905,0,0,0.0,0,0,0.0,0,0,0.0,0,25,0.0,0,17,0.0,8,20,0.2857,6,20,0.2308,1,21,0.0455,0,15,0.0,0,0,0.0
2026-04-03 21:40:20,test_2105.jpg,152,45,197,0.2284,9,31,32,0,0,0.0,0,0,0.0,0,0,0.0,0,0,0.0,0,0,0.0,0,0,0.0,0,0,0.0,0,0,0.0,0,0,0.0,0,0,0.0,4,9,0.3077,0,0,0.0,0,0,0.0,0,0,0.0,0,0,0.0,0,0,0.0,0,0,0.0,0,0,0.0,0,0,0.0,0,0,0.0,0,0,0.0,2,9,0.1818,0,0,0.0,0,0,0.0,0,0,0.0,7,17,0.2917,0,25,0.0,5,16,0.2381,5,19,0.2083,11,18,0.3793,8,19,0.2963,3,20,0.1304
2026-04-03 21:40:20,test_2106.jpg,141,7,148,0.0473,6,31,32,0,0,0.0,0,0,0.0,0,0,0.0,0,0,0.0,0,0,0.0,0,0,0.0,0,0,0.0,0,0,0.0,0,0,0.0,0,0,0.0,0,14,0.0,0,0,0.0,0,0,0.0,0,0,0.0,0,0,0.0,0,0,0.0,0,0,0.0,0,0,0.0,0,0,0.0,0,0,0.0,0,0,0.0,1,27,0.0357,0,0,0.0,0,0,0.0,0,0,0.0,4,24,0.1429,2,27,0.069,0,26,0.0,0,23,0.0,0,0,0.0,0,0,0.0,0,0,0.0
2026-04-03 21:40:20,test_2107.jpg,130,51,181,0.2818,7,31,32,0,0,0.0,0,0,0.0,0,0,0.0,0,0,0.0,0,0,0.0,0,0,0.0,0,0,0.0,0,0,0.0,0,0,0.0,0,0,0.0,0,19,0.0,0,0,0.0,0,0,0.0,0,0,0.0,0,0,0.0,0,0,0.0,0,0,0.0,0,0,0.0,0,0,0.0,0,0,0.0,0,0,0.0,0,18,0.0,0,0,0.0,0,0,0.0,0,0,0.0,7,14,0.3333,0,19,0.0,12,23,0.3429,24,21,0.5333,8,16,0.3333,0,0,0.0,0,0,0.0
2026-04-03 21:40:20,test_2108.jpg,151,54,205,0.2634,9,31,32,0,0,0.0,0,0,0.0,0,0,0.0,0,0,0.0,0,0,0.0,0,0,0.0,0,0,0.0,0,0,0.0,0,0,0.0,0,0,0.0,2,15,0.1176,0,0,0.0,0,0,0.0,0,0,0.0,0,0,0.0,0,0,0.0,0,0,0.0,0,0,0.0,0,0,0.0,0,0,0.0,0,0,0.0,6,9,0.4,0,0,0.0,0,0,0.0,0,0,0.0,0,14,0.0,10,9,0.5263,0,16,0.0,5,13,0.2778,1,20,0.0476,18,32,0.36,12,23,0.3429
2026-04-03 21:40:20,test_2109.jpg,155,28,183,0.153,6,31,32,0,0,0.0,0,0,0.0,0,0,0.0,0,0,0.0,0,0,0.0,0,0,0.0,0,0,0.0,0,0,0.0,0,0,0.0,0,0,0.0,2,19,0.0952,0,0,0.0,0,0,0.0,0,0,0.0,0,0,0.0,0,0,0.0,0,0,0.0,0,0,0.0,0,0,0.0,0,0,0.0,0,0,0.0,5,21,0.1923,0,0,0.0,0,0,0.0,0,0,0.0,2,23,0.08,8,18,0.3077,5,39,0.1136,6,35,0.1463,0,0,0.0,0,0,0.0,0,0,0.0
2026-04-03 21:40:20,test_211.jpg,123,36,159,0.2264,6,31,32,0,0,0.0,0,0,0.0,0,0,0.0,0,0,0.0,0,0,0.0,0,0,0.0,0,0,0.0,0,0,0.0,0,0,0.0,0,0,0.0,8,11,0.4211,0,0,0.0,0,0,0.0,0,0,0.0,0,0,0.0,0,0,0.0,0,0,0.0,0,0,0.0,0,0,0.0,0,0,0.0,0,0,0.0,1,21,0.0455,0,0,0.0,0,0,0.0,0,0,0.0,8,19,0.2963,8,32,0.2,10,22,0.3125,1,18,0.0526,0,0,0.0,0,0,0.0,0,0,0.0
2026-04-03 21:40:20,test_2110.jpg,151,42,193,0.2176,7,31,32,0,0,0.0,0,0,0.0,0,0,0.0,0,0,0.0,0,0,0.0,0,0,0.0,0,0,0.0,0,0,0.0,0,0,0.0,0,0,0.0,4,22,0.1538,0,0,0.0,0,0,0.0,0,0,0.0,0,0,0.0,0,0,0.0,0,0,0.0,0,0,0.0,0,0,0.0,0,0,0.0,0,0,0.0,1,22,0.0435,0,0,0.0,0,0,0.0,0,0,0.0,0,20,0.0,4,16,0.2,10,29,0.2564,16,31,0.3404,7,11,0.3889,0,0,0.0,0,0,0.0
2026-04-03 21:40:20,test_2111.jpg,160,116,276,0.4203,10,31,32,0,5,0.0,0,0,0.0,0,0,0.0,0,0,0.0,0,0,0.0,0,0,0.0,0,0,0.0,0,0,0.0,0,0,0.0,0,0,0.0,21,24,0.4667,0,0,0.0,0,0,0.0,0,0,0.0,0,0,0.0,0,0,0.0,0,0,0.0,0,0,0.0,0,0,0.0,0,0,0.0,0,0,0.0,5,16,0.2381,0,0,0.0,0,0,0.0,0,0,0.0,12,31,0.2791,17,20,0.4595,15,19,0.4412,14,18,0.4375,17,11,0.6071,10,9,0.5263,5,7,0.4167
2026-04-03 21:40:20,test_2112.jpg,198,37,235,0.1574,13,31,32,0,12,0.0,4,10,0.2857,1,20,0.0476,2,10,0.1667,0,0,0.0,0,0,0.0,0,0,0.0,0,0,0.0,0,0,0.0,0,0,0.0,2,7,0.2222,0,0,0.0,0,0,0.0,0,0,0.0,0,0,0.0,0,0,0.0,0,0,0.0,0,0,0.0,0,0,0.0,0,0,0.0,0,0,0.0,0,6,0.0,0,0,0.0,0,0,0.0,0,0,0.0,2,20,0.0909,1,24,0.04,3,25,0.1071,6,15,0.2857,0,15,0.0,12,25,0.3243,4,9,0.3077
2026-04-03 21:40:20,test_2113.jpg,242,92,334,0.2754,14,31,32,8,7,0.5333,17,27,0.3864,1,14,0.0667,20,63,0.241,0,2,0.0,0,0,0.0,0,0,0.0,0,0,0.0,0,0,0.0,0,0,0.0,1,3,0.25,0,0,0.0,0,0,0.0,0,0,0.0,0,0,0.0,0,0,0.0,0,0,0.0,0,0,0.0,0,0,0.0,0,0,0.0,0,0,0.0,0,0,0.0,0,0,0.0,0,0,0.0,0,0,0.0,0,0,0.0,10,15,0.4,15,22,0.4054,3,19,0.1364,1,16,0.0588,11,33,0.25,5,21,0.1923
2026-04-03 21:40:20,test_2114.jpg,127,10,137,0.073,3,31,32,0,0,0.0,0,0,0.0,0,0,0.0,0,0,0.0,0,0,0.0,0,0,0.0,0,0,0.0,0,0,0.0,0,0,0.0,0,0,0.0,1,24,0.04,0,0,0.0,0,0,0.0,0,0,0.0,0,0,0.0,0,0,0.0,0,0,0.0,0,0,0.0,0,0,0.0,0,0,0.0,0,0,0.0,5,71,0.0658,0,0,0.0,0,0,0.0,0,0,0.0,4,32,0.1111,0,0,0.0,0,0,0.0,0,0,0.0,0,0,0.0,0,0,0.0,0,0,0.0
2026-04-03 21:40:20,test_2115.jpg,96,3,99,0.0303,5,31,32,0,0,0.0,0,0,0.0,0,0,0.0,0,0,0.0,0,0,0.0,0,0,0.0,0,0,0.0,0,0,0.0,0,0,0.0,0,0,0.0,2,21,0.087,0,0,0.0,0,0,0.0,0,0,0.0,0,0,0.0,0,0,0.0,0,0,0.0,0,0,0.0,0,0,0.0,0,0,0.0,0,0,0.0,1,36,0.027,0,0,0.0,0,0,0.0,0,0,0.0,0,26,0.0,0,8,0.0,0,5,0.0,0,0,0.0,0,0,0.0,0,0,0.0,0,0,0.0
2026-04-03 21:40:20,test_2116.jpg,186,16,202,0.0792,6,31,32,0,0,0.0,0,0,0.0,0,0,0.0,0,0,0.0,0,0,0.0,0,0,0.0,0,0,0.0,0,0,0.0,0,0,0.0,0,0,0.0,0,15,0.0,0,0,0.0,0,0,0.0,0,0,0.0,0,0,0.0,0,0,0.0,0,0,0.0,0,0,0.0,0,0,0.0,0,0,0.0,0,0,0.0,0,66,0.0,0,0,0.0,0,0,0.0,0,0,0.0,3,27,0.1,4,23,0.1481,9,54,0.1429,0,1,0.0,0,0,0.0,0,0,0.0,0,0,0.0
2026-04-03 21:40:20,test_2117.jpg,111,33,144,0.2292,5,31,32,0,0,0.0,0,0,0.0,0,0,0.0,0,0,0.0,0,0,0.0,0,0,0.0,0,0,0.0,0,0,0.0,0,0,0.0,0,0,0.0,6,18,0.25,0,0,0.0,0,0,0.0,0,0,0.0,0,0,0.0,0,0,0.0,0,0,0.0,0,0,0.0,0,0,0.0,0,0,0.0,0,0,0.0,25,63,0.2841,0,0,0.0,0,0,0.0,0,0,0.0,0,20,0.0,0,6,0.0,2,4,0.3333,0,0,0.0,0,0,0.0,0,0,0.0,0,0,0.0
2026-04-03 21:40:20,test_2118.jpg,192,18,210,0.0857,8,31,32,0,0,0.0,0,0,0.0,0,0,0.0,0,0,0.0,0,0,0.0,0,0,0.0,0,0,0.0,0,0,0.0,0,0,0.0,0,0,0.0,5,28,0.1515,0,0,0.0,0,0,0.0,0,0,0.0,0,0,0.0,0,0,0.0,0,0,0.0,0,0,0.0,0,0,0.0,0,0,0.0,0,0,0.0,1,22,0.0435,0,0,0.0,0,0,0.0,0,0,0.0,2,19,0.0952,4,19,0.1739,1,34,0.0286,1,30,0.0323,3,21,0.125,1,19,0.05,0,0,0.0
2026-04-03 21:40:20,test_2119.jpg,159,42,201,0.209,8,31,32,0,0,0.0,0,0,0.0,0,0,0.0,0,0,0.0,0,0,0.0,0,0,0.0,0,0,0.0,0,0,0.0,0,0,0.0,0,0,0.0,6,21,0.2222,0,0,0.0,0,0,0.0,0,0,0.0,0,0,0.0,0,0,0.0,0,0,0.0,0,0,0.0,0,0,0.0,0,0,0.0,0,0,0.0,3,20,0.1304,0,0,0.0,0,0,0.0,0,0,0.0,7,20,0.2593,3,20,0.1304,3,15,0.1667,6,20,0.2308,5,22,0.1852,9,21,0.3,0,0,0.0
2026-04-03 21:40:20,test_212.jpg,176,53,229,0.2314,10,31,32,6,22,0.2143,0,0,0.0,0,0,0.0,0,0,0.0,0,0,0.0,0,0,0.0,0,0,0.0,0,0,0.0,0,0,0.0,0,0,0.0,1,13,0.0714,0,0,0.0,0,0,0.0,0,0,0.0,0,0,0.0,0,0,0.0,0,0,0.0,0,0,0.0,0,0,0.0,0,0,0.0,0,0,0.0,5,26,0.1613,0,0,0.0,0,0,0.0,0,0,0.0,0,19,0.0,0,4,0.0,0,4,0.0,1,16,0.0588,10,26,0.2778,19,22,0.4634,11,24,0.3143
2026-04-03 21:40:20,test_2120.jpg,181,35,216,0.162,10,31,32,1,15,0.0625,0,0,0.0,0,0,0.0,0,0,0.0,0,0,0.0,0,0,0.0,0,0,0.0,0,0,0.0,0,0,0.0,0,0,0.0,0,11,0.0,0,0,0.0,0,0,0.0,0,0,0.0,0,0,0.0,0,0,0.0,0,0,0.0,0,0,0.0,0,0,0.0,0,0,0.0,0,0,0.0,0,13,0.0,0,0,0.0,0,0,0.0,0,0,0.0,0,24,0.0,0,18,0.0,6,28,0.1765,5,28,0.1515,12,18,0.4,1,13,0.0714,10,13,0.4348
2026-04-03 21:40:20,test_2121.jpg,165,46,211,0.218,6,31,32,0,0,0.0,0,0,0.0,0,0,0.0,0,0,0.0,0,0,0.0,0,0,0.0,0,0,0.0,0,0,0.0,0,0,0.0,0,0,0.0,2,20,0.0909,0,0,0.0,0,0,0.0,0,0,0.0,0,0,0.0,0,0,0.0,0,0,0.0,0,0,0.0,0,0,0.0,0,0,0.0,0,0,0.0,3,19,0.1364,0,0,0.0,0,0,0.0,0,0,0.0,9,29,0.2368,2,25,0.0741,4,36,0.1,26,36,0.4194,0,0,0.0,0,0,0.0,0,0,0.0
2026-04-03 21:40:20,test_2122.jpg,269,170,439,0.3872,7,31,32,0,0,0.0,0,0,0.0,0,0,0.0,0,0,0.0,0,0,0.0,0,0,0.0,0,0,0.0,0,0,0.0,0,0,0.0,0,0,0.0,0,17,0.0,0,0,0.0,0,0,0.0,0,0,0.0,0,0,0.0,0,0,0.0,0,0,0.0,0,0,0.0,0,0,0.0,0,0,0.0,0,0,0.0,12,66,0.1538,0,0,0.0,0,0,0.0,0,0,0.0,2,43,0.0444,16,41,0.2807,13,26,0.3333,107,60,0.6407,20,16,0.5556,0,0,0.0,0,0,0.0
2026-04-03 21:40:20,test_2123.jpg,181,34,215,0.1581,8,31,32,0,0,0.0,0,0,0.0,0,0,0.0,0,0,0.0,0,0,0.0,0,0,0.0,0,0,0.0,0,0,0.0,0,0,0.0,0,0,0.0,0,21,0.0,0,0,0.0,0,0,0.0,0,0,0.0,0,0,0.0,0,0,0.0,0,0,0.0,0,0,0.0,0,0,0.0,0,0,0.0,0,0,0.0,5,19,0.2083,0,0,0.0,0,0,0.0,0,0,0.0,3,21,0.125,10,17,0.3704,6,25,0.1935,5,24,0.1724,1,26,0.037,4,28,0.125,0,0,0.0
2026-04-03 21:40:20,test_2124.jpg,128,51,179,0.2849,6,31,32,0,0,0.0,0,0,0.0,0,0,0.0,0,0,0.0,0,0,0.0,0,0,0.0,0,0,0.0,0,0,0.0,0,0,0.0,0,0,0.0,3,15,0.1667,0,0,0.0,0,0,0.0,0,0,0.0,0,0,0.0,0,0,0.0,0,0,0.0,0,0,0.0,0,0,0.0,0,0,0.0,0,0,0.0,2,20,0.0909,0,0,0.0,0,0,0.0,0,0,0.0,7,16,0.3043,0,32,0.0,22,23,0.4889,17,22,0.4359,0,0,0.0,0,0,0.0,0,0,0.0
2026-04-03 21:40:20,test_2125.jpg,156,44,200,0.22,7,31,32,0,0,0.0,0,0,0.0,0,0,0.0,0,0,0.0,0,0,0.0,0,0,0.0,0,0,0.0,0,0,0.0,0,0,0.0,0,0,0.0,0,0,0.0,0,0,0.0,0,0,0.0,0,0,0.0,0,0,0.0,0,0,0.0,0,0,0.0,0,0,0.0,0,0,0.0,0,0,0.0,0,0,0.0,6,45,0.1176,0,0,0.0,0,0,0.0,0,0,0.0,5,21,0.1923,6,24,0.2,15,22,0.4054,6,27,0.1818,6,17,0.2609,0,0,0.0,0,0,0.0
2026-04-03 21:40:20,test_2126.jpg,131,39,170,0.2294,8,31,32,0,0,0.0,0,0,0.0,0,0,0.0,0,0,0.0,0,0,0.0,0,0,0.0,0,0,0.0,0,0,0.0,0,0,0.0,0,0,0.0,5,18,0.2174,0,0,0.0,0,0,0.0,0,0,0.0,0,0,0.0,0,0,0.0,0,0,0.0,0,0,0.0,0,0,0.0,0,0,0.0,0,0,0.0,3,18,0.1429,0,0,0.0,0,0,0.0,0,0,0.0,2,20,0.0909,7,16,0.3043,9,19,0.3214,5,12,0.2941,2,15,0.1176,6,13,0.3158,0,0,0.0
2026-04-03 21:40:20,test_2127.jpg,125,1,126,0.0079,5,31,32,0,0,0.0,0,0,0.0,0,0,0.0,0,0,0.0,0,0,0.0,0,0,0.0,0,0,0.0,0,0,0.0,0,0,0.0,0,0,0.0,0,23,0.0,0,0,0.0,0,0,0.0,0,0,0.0,0,0,0.0,0,0,0.0,0,0,0.0,0,0,0.0,0,0,0.0,0,0,0.0,0,0,0.0,0,28,0.0,0,0,0.0,0,0,0.0,0,0,0.0,0,24,0.0,1,24,0.04,0,26,0.0,0,0,0.0,0,0,0.0,0,0,0.0,0,0,0.0
2026-04-03 21:40:20,test_2128.jpg,148,24,172,0.1395,6,31,32,0,0,0.0,0,0,0.0,0,0,0.0,0,0,0.0,0,0,0.0,0,0,0.0,0,0,0.0,0,0,0.0,0,0,0.0,0,0,0.0,2,19,0.0952,0,0,0.0,0,0,0.0,0,0,0.0,0,0,0.0,0,0,0.0,0,0,0.0,0,0,0.0,0,0,0.0,0,0,0.0,0,0,0.0,0,21,0.0,0,0,0.0,0,0,0.0,0,0,0.0,1,16,0.0588,6,41,0.1277,9,40,0.1837,6,11,0.3529,0,0,0.0,0,0,0.0,0,0,0.0
2026-04-03 21:40:20,test_2129.jpg,120,13,133,0.0977,7,31,32,0,0,0.0,0,0,0.0,0,0,0.0,0,0,0.0,0,0,0.0,0,0,0.0,0,0,0.0,0,0,0.0,0,0,0.0,0,0,0.0,1,26,0.037,0,0,0.0,0,0,0.0,0,0,0.0,0,0,0.0,0,0,0.0,0,0,0.0,0,0,0.0,0,0,0.0,0,0,0.0,0,0,0.0,2,12,0.1429,0,0,0.0,0,0,0.0,0,0,0.0,1,13,0.0714,0,15,0.0,0,10,0.0,5,29,0.1471,4,15,0.2105,0,0,0.0,0,0,0.0
2026-04-03 21:40:20,test_213.jpg,153,3,156,0.0192,8,31,32,0,0,0.0,0,0,0.0,0,0,0.0,0,0,0.0,0,0,0.0,0,0,0.0,0,0,0.0,0,0,0.0,0,0,0.0,0,0,0.0,0,18,0.0,0,0,0.0,0,0,0.0,0,0,0.0,0,0,0.0,0,0,0.0,0,0,0.0,0,0,0.0,0,0,0.0,0,0,0.0,0,0,0.0,1,18,0.0526,0,0,0.0,0,0,0.0,0,0,0.0,0,18,0.0,0,19,0.0,0,21,0.0,0,21,0.0,1,20,0.0476,1,18,0.0526,0,0,0.0
2026-04-03 21:40:20,test_2130.jpg,172,67,239,0.2803,8,31,32,0,0,0.0,0,0,0.0,0,0,0.0,0,0,0.0,0,0,0.0,0,0,0.0,0,0,0.0,0,0,0.0,0,0,0.0,0,0,0.0,12,23,0.3429,0,0,0.0,0,0,0.0,0,0,0.0,0,0,0.0,0,0,0.0,0,0,0.0,0,0,0.0,0,0,0.0,0,0,0.0,0,0,0.0,4,28,0.125,0,0,0.0,0,0,0.0,0,0,0.0,1,25,0.0385,0,13,0.0,0,15,0.0,14,27,0.3415,26,27,0.4906,10,14,0.4167,0,0,0.0
2026-04-03 21:40:20,test_2131.jpg,132,25,157,0.1592,4,31,32,0,0,0.0,0,0,0.0,0,0,0.0,0,0,0.0,0,0,0.0,0,0,0.0,0,0,0.0,0,0,0.0,0,0,0.0,0,0,0.0,4,26,0.1333,0,0,0.0,0,0,0.0,0,0,0.0,0,0,0.0,0,0,0.0,0,0,0.0,0,0,0.0,0,0,0.0,0,0,0.0,0,0,0.0,10,26,0.2778,0,0,0.0,0,0,0.0,0,0,0.0,10,51,0.1639,1,29,0.0333,0,0,0.0,0,0,0.0,0,0,0.0,0,0,0.0,0,0,0.0
2026-04-03 21:40:20,test_2132.jpg,195,49,244,0.2008,7,31,32,0,0,0.0,0,0,0.0,0,0,0.0,0,0,0.0,0,0,0.0,0,0,0.0,0,0,0.0,0,0,0.0,0,0,0.0,0,0,0.0,3,15,0.1667,0,0,0.0,0,0,0.0,0,0,0.0,0,0,0.0,0,0,0.0,0,0,0.0,0,0,0.0,0,0,0.0,0,0,0.0,0,0,0.0,9,34,0.2093,0,0,0.0,0,0,0.0,0,0,0.0,5,25,0.1667,8,23,0.2581,7,39,0.1522,13,40,0.2453,4,19,0.1739,0,0,0.0,0,0,0.0
2026-04-03 21:40:20,test_2133.jpg,142,25,167,0.1497,7,31,32,0,0,0.0,0,0,0.0,0,0,0.0,0,0,0.0,0,0,0.0,0,0,0.0,0,0,0.0,0,0,0.0,0,0,0.0,0,0,0.0,7,16,0.3043,0,0,0.0,0,0,0.0,0,0,0.0,0,0,0.0,0,0,0.0,0,0,0.0,0,0,0.0,0,0,0.0,0,0,0.0,0,0,0.0,1,17,0.0556,0,0,0.0,0,0,0.0,0,0,0.0,3,20,0.1304,3,26,0.1034,0,20,0.0,6,19,0.24,5,24,0.1724,0,0,0.0,0,0,0.0
2026-04-03 21:40:20,test_2134.jpg,144,26,170,0.1529,6,31,32,0,0,0.0,0,0,0.0,0,0,0.0,0,0,0.0,0,0,0.0,0,0,0.0,0,0,0.0,0,0,0.0,0,0,0.0,0,0,0.0,4,18,0.1818,0,0,0.0,0,0,0.0,0,0,0.0,0,0,0.0,0,0,0.0,0,0,0.0,0,0,0.0,0,0,0.0,0,0,0.0,0,0,0.0,1,19,0.05,0,0,0.0,0,0,0.0,0,0,0.0,3,23,0.1154,5,21,0.1923,8,40,0.1667,5,23,0.1786,0,0,0.0,0,0,0.0,0,0,0.0
2026-04-03 21:40:20,test_2135.jpg,126,2,128,0.0156,6,31,32,0,0,0.0,0,0,0.0,0,0,0.0,0,0,0.0,0,0,0.0,0,0,0.0,0,0,0.0,0,0,0.0,0,0,0.0,0,0,0.0,1,25,0.0385,0,0,0.0,0,0,0.0,0,0,0.0,0,0,0.0,0,0,0.0,0,0,0.0,0,0,0.0,0,0,0.0,0,0,0.0,0,0,0.0,0,22,0.0,0,0,0.0,0,0,0.0,0,0,0.0,0,22,0.0,0,17,0.0,0,19,0.0,1,21,0.0455,0,0,0.0,0,0,0.0,0,0,0.0
2026-04-03 21:40:20,test_2136.jpg,178,93,271,0.3432,12,31,32,0,19,0.0,3,13,0.1875,0,6,0.0,0,0,0.0,0,0,0.0,0,0,0.0,0,0,0.0,0,0,0.0,0,0,0.0,0,0,0.0,1,8,0.1111,0,0,0.0,0,0,0.0,0,0,0.0,0,0,0.0,0,0,0.0,0,0,0.0,0,0,0.0,0,0,0.0,0,0,0.0,0,0,0.0,1,14,0.0667,0,0,0.0,0,0,0.0,0,0,0.0,13,13,0.5,18,16,0.5294,8,19,0.2963,6,16,0.2727,2,18,0.1,21,20,0.5122,20,16,0.5556
2026-04-03 21:40:20,test_2137.jpg,179,78,257,0.3035,5,31,32,0,0,0.0,0,0,0.0,0,0,0.0,0,0,0.0,0,0,0.0,0,0,0.0,0,0,0.0,0,0,0.0,0,0,0.0,0,0,0.0,0,13,0.0,0,0,0.0,0,0,0.0,0,0,0.0,0,0,0.0,0,0,0.0,0,0,0.0,0,0,0.0,0,0,0.0,0,0,0.0,0,0,0.0,12,45,0.2105,0,0,0.0,0,0,0.0,0,0,0.0,13,38,0.2549,31,55,0.3605,22,28,0.44,0,0,0.0,0,0,0.0,0,0,0.0,0,0,0.0
2026-04-03 21:40:20,test_2138.jpg,186,37,223,0.1659,9,31,32,0,0,0.0,0,0,0.0,0,0,0.0,0,0,0.0,0,0,0.0,0,0,0.0,0,0,0.0,0,0,0.0,0,0,0.0,0,0,0.0,4,26,0.1333,0,0,0.0,0,0,0.0,0,0,0.0,0,0,0.0,0,0,0.0,0,0,0.0,0,0,0.0,0,0,0.0,0,0,0.0,0,0,0.0,1,24,0.04,0,0,0.0,0,0,0.0,0,0,0.0,8,21,0.2759,0,26,0.0,4,12,0.25,1,9,0.1,5,21,0.1923,8,23,0.2581,6,24,0.2
2026-04-03 21:40:20,test_2139.jpg,137,34,171,0.1988,7,31,32,0,0,0.0,0,0,0.0,0,0,0.0,0,0,0.0,0,0,0.0,0,0,0.0,0,0,0.0,0,0,0.0,0,0,0.0,0,0,0.0,0,8,0.0,0,0,0.0,0,0,0.0,0,0,0.0,0,0,0.0,0,0,0.0,0,0,0.0,0,0,0.0,0,0,0.0,0,0,0.0,0,0,0.0,0,21,0.0,0,0,0.0,0,0,0.0,0,0,0.0,4,19,0.1739,7,16,0.3043,12,36,0.25,3,16,0.1579,8,21,0.2759,0,0,0.0,0,0,0.0
2026-04-03 21:40:20,test_214.jpg,137,27,164,0.1646,7,31,32,0,0,0.0,0,0,0.0,0,0,0.0,0,0,0.0,0,0,0.0,0,0,0.0,0,0,0.0,0,0,0.0,0,0,0.0,0,0,0.0,4,12,0.25,0,0,0.0,0,0,0.0,0,0,0.0,0,0,0.0,0,0,0.0,0,0,0.0,0,0,0.0,0,0,0.0,0,0,0.0,0,0,0.0,5,10,0.3333,0,0,0.0,0,0,0.0,0,0,0.0,1,10,0.0909,3,13,0.1875,9,21,0.3,1,47,0.0208,4,24,0.1429,0,0,0.0,0,0,0.0
2026-04-03 21:40:20,test_2140.jpg,175,3,178,0.0169,7,31,32,0,0,0.0,0,0,0.0,0,0,0.0,0,0,0.0,0,0,0.0,0,0,0.0,0,0,0.0,0,0,0.0,0,0,0.0,0,0,0.0,0,20,0.0,0,0,0.0,0,0,0.0,0,0,0.0,0,0,0.0,0,0,0.0,0,0,0.0,0,0,0.0,0,0,0.0,0,0,0.0,0,0,0.0,0,20,0.0,0,0,0.0,0,0,0.0,0,0,0.0,0,23,0.0,1,25,0.0385,0,27,0.0,0,30,0.0,2,30,0.0625,0,0,0.0,0,0,0.0
2026-04-03 21:40:20,test_2141.jpg,224,53,277,0.1913,14,31,32,3,9,0.25,0,14,0.0,0,15,0.0,12,24,0.3333,6,16,0.2727,0,0,0.0,0,0,0.0,0,0,0.0,0,0,0.0,0,0,0.0,5,16,0.2381,0,0,0.0,0,0,0.0,0,0,0.0,0,0,0.0,0,0,0.0,0,0,0.0,0,0,0.0,0,0,0.0,0,0,0.0,0,0,0.0,5,21,0.1923,0,0,0.0,0,0,0.0,0,0,0.0,8,29,0.2162,0,7,0.0,0,10,0.0,3,21,0.125,4,12,0.25,3,18,0.1429,4,12,0.25
2026-04-03 21:40:20,test_2142.jpg,152,8,160,0.05,5,31,32,0,0,0.0,0,0,0.0,0,0,0.0,0,0,0.0,0,0,0.0,0,0,0.0,0,0,0.0,0,0,0.0,0,0,0.0,0,0,0.0,0,30,0.0,0,0,0.0,0,0,0.0,0,0,0.0,0,0,0.0,0,0,0.0,0,0,0.0,0,0,0.0,0,0,0.0,0,0,0.0,0,0,0.0,4,24,0.1429,0,0,0.0,0,0,0.0,0,0,0.0,0,23,0.0,3,24,0.1111,1,51,0.0192,0,0,0.0,0,0,0.0,0,0,0.0,0,0,0.0
2026-04-03 21:40:20,test_2143.jpg,126,62,188,0.3298,8,31,32,0,0,0.0,0,0,0.0,0,0,0.0,0,0,0.0,0,0,0.0,0,0,0.0,0,0,0.0,0,0,0.0,0,0,0.0,0,0,0.0,19,28,0.4043,0,0,0.0,0,0,0.0,0,0,0.0,0,0,0.0,0,0,0.0,0,0,0.0,0,0,0.0,0,0,0.0,0,0,0.0,0,0,0.0,9,21,0.3,0,0,0.0,0,0,0.0,0,0,0.0,1,13,0.0714,2,11,0.1538,6,9,0.4,10,12,0.4545,8,18,0.3077,7,14,0.3333,0,0,0.0
2026-04-03 21:40:20,test_2144.jpg,114,11,125,0.088,6,31,32,0,0,0.0,0,0,0.0,0,0,0.0,0,0,0.0,0,0,0.0,0,0,0.0,0,0,0.0,0,0,0.0,0,0,0.0,0,0,0.0,2,19,0.0952,0,0,0.0,0,0,0.0,0,0,0.0,0,0,0.0,0,0,0.0,0,0,0.0,0,0,0.0,0,0,0.0,0,0,0.0,0,0,0.0,1,20,0.0476,0,0,0.0,0,0,0.0,0,0,0.0,7,32,0.1795,1,16,0.0588,0,13,0.0,0,14,0.0,0,0,0.0,0,0,0.0,0,0,0.0
2026-04-03 21:40:20,test_2145.jpg,150,31,181,0.1713,8,31,32,0,0,0.0,0,0,0.0,0,0,0.0,0,0,0.0,0,0,0.0,0,0,0.0,0,0,0.0,0,0,0.0,0,0,0.0,0,0,0.0,3,14,0.1765,0,0,0.0,0,0,0.0,0,0,0.0,0,0,0.0,0,0,0.0,0,0,0.0,0,0,0.0,0,0,0.0,0,0,0.0,0,0,0.0,0,18,0.0,0,0,0.0,0,0,0.0,0,0,0.0,4,24,0.1429,1,20,0.0476,2,15,0.1176,8,15,0.3478,3,18,0.1429,10,26,0.2778,0,0,0.0
2026-04-03 21:40:20,test_2146.jpg,122,1,123,0.0081,6,31,32,0,0,0.0,0,0,0.0,0,0,0.0,0,0,0.0,0,0,0.0,0,0,0.0,0,0,0.0,0,0,0.0,0,0,0.0,0,0,0.0,0,18,0.0,0,0,0.0,0,0,0.0,0,0,0.0,0,0,0.0,0,0,0.0,0,0,0.0,0,0,0.0,0,0,0.0,0,0,0.0,0,0,0.0,0,19,0.0,0,0,0.0,0,0,0.0,0,0,0.0,0,21,0.0,1,19,0.05,0,22,0.0,0,23,0.0,0,0,0.0,0,0,0.0,0,0,0.0
2026-04-03 21:40:20,test_2147.jpg,117,17,134,0.1269,8,31,32,0,0,0.0,0,0,0.0,0,0,0.0,0,0,0.0,0,0,0.0,0,0,0.0,0,0,0.0,0,0,0.0,0,0,0.0,0,0,0.0,0,22,0.0,0,0,0.0,0,0,0.0,0,0,0.0,0,0,0.0,0,0,0.0,0,0,0.0,0,0,0.0,0,0,0.0,0,0,0.0,0,0,0.0,2,14,0.125,0,0,0.0,0,0,0.0,0,0,0.0,1,15,0.0625,6,14,0.3,2,12,0.1429,2,10,0.1667,1,23,0.0417,3,7,0.3,0,0,0.0
2026-04-03 21:40:20,test_2148.jpg,116,18,134,0.1343,8,31,32,0,0,0.0,0,0,0.0,0,0,0.0,0,0,0.0,0,0,0.0,0,0,0.0,0,0,0.0,0,0,0.0,0,0,0.0,0,0,0.0,0,5,0.0,0,0,0.0,0,0,0.0,0,0,0.0,0,0,0.0,0,0,0.0,0,0,0.0,0,0,0.0,0,0,0.0,0,0,0.0,0,0,0.0,2,17,0.1053,0,0,0.0,0,0,0.0,0,0,0.0,0,21,0.0,1,11,0.0833,3,18,0.1429,1,17,0.0556,0,14,0.0,11,13,0.4583,0,0,0.0
2026-04-03 21:40:20,test_2149.jpg,219,21,240,0.0875,8,31,32,0,0,0.0,0,0,0.0,0,0,0.0,0,0,0.0,0,0,0.0,0,0,0.0,0,0,0.0,0,0,0.0,0,0,0.0,0,0,0.0,0,24,0.0,0,0,0.0,0,0,0.0,0,0,0.0,0,0,0.0,0,0,0.0,0,0,0.0,0,0,0.0,0,0,0.0,0,0,0.0,0,0,0.0,1,34,0.0286,0,0,0.0,0,0,0.0,0,0,0.0,5,37,0.119,1,29,0.0333,6,24,0.2,5,23,0.1786,0,24,0.0,3,24,0.1111,0,0,0.0
2026-04-03 21:40:20,test_215.jpg,134,21,155,0.1355,7,31,32,0,0,0.0,0,0,0.0,0,0,0.0,0,0,0.0,0,0,0.0,0,0,0.0,0,0,0.0,0,0,0.0,0,0,0.0,0,0,0.0,1,18,0.0526,0,0,0.0,0,0,0.0,0,0,0.0,0,0,0.0,0,0,0.0,0,0,0.0,0,0,0.0,0,0,0.0,0,0,0.0,0,0,0.0,3,20,0.1304,0,0,0.0,0,0,0.0,0,0,0.0,11,31,0.2619,0,19,0.0,2,14,0.125,2,19,0.0952,2,13,0.1333,0,0,0.0,0,0,0.0
2026-04-03 21:40:20,test_2150.jpg,173,64,237,0.27,5,31,32,0,0,0.0,0,0,0.0,0,0,0.0,0,0,0.0,0,0,0.0,0,0,0.0,0,0,0.0,0,0,0.0,0,0,0.0,0,0,0.0,0,29,0.0,0,0,0.0,0,0,0.0,0,0,0.0,0,0,0.0,0,0,0.0,0,0,0.0,0,0,0.0,0,0,0.0,0,0,0.0,0,0,0.0,7,34,0.1707,0,0,0.0,0,0,0.0,0,0,0.0,21,60,0.2593,29,34,0.4603,7,16,0.3043,0,0,0.0,0,0,0.0,0,0,0.0,0,0,0.0
2026-04-03 21:40:20,test_2151.jpg,109,32,141,0.227,5,31,32,0,0,0.0,0,0,0.0,0,0,0.0,0,0,0.0,0,0,0.0,0,0,0.0,0,0,0.0,0,0,0.0,0,0,0.0,0,0,0.0,1,24,0.04,0,0,0.0,0,0,0.0,0,0,0.0,0,0,0.0,0,0,0.0,0,0,0.0,0,0,0.0,0,0,0.0,0,0,0.0,0,0,0.0,10,20,0.3333,0,0,0.0,0,0,0.0,0,0,0.0,6,28,0.1765,12,27,0.3077,3,10,0.2308,0,0,0.0,0,0,0.0,0,0,0.0,0,0,0.0
2026-04-03 21:40:20,test_2152.jpg,148,43,191,0.2251,8,31,32,0,0,0.0,0,0,0.0,0,0,0.0,0,0,0.0,0,0,0.0,0,0,0.0,0,0,0.0,0,0,0.0,0,0,0.0,0,0,0.0,5,19,0.2083,0,0,0.0,0,0,0.0,0,0,0.0,0,0,0.0,0,0,0.0,0,0,0.0,0,0,0.0,0,0,0.0,0,0,0.0,0,0,0.0,1,19,0.05,0,0,0.0,0,0,0.0,0,0,0.0,0,17,0.0,5,13,0.2778,4,24,0.1429,12,18,0.4,7,17,0.2917,9,21,0.3,0,0,0.0
2026-04-03 21:40:20,test_2153.jpg,299,151,450,0.3356,10,31,32,10,18,0.3571,0,0,0.0,0,0,0.0,0,0,0.0,0,0,0.0,0,0,0.0,0,0,0.0,0,0,0.0,0,0,0.0,0,0,0.0,30,30,0.5,0,0,0.0,0,0,0.0,0,0,0.0,0,0,0.0,0,0,0.0,0,0,0.0,0,0,0.0,0,0,0.0,0,0,0.0,0,0,0.0,29,33,0.4677,0,0,0.0,0,0,0.0,0,0,0.0,12,35,0.2553,16,36,0.3077,17,37,0.3148,2,10,0.1667,2,13,0.1333,9,28,0.2432,24,59,0.2892
2026-04-03 21:40:20,test_2154.jpg,145,34,179,0.1899,7,31,32,0,0,0.0,0,0,0.0,0,0,0.0,0,0,0.0,0,0,0.0,0,0,0.0,0,0,0.0,0,0,0.0,0,0,0.0,0,0,0.0,6,7,0.4615,0,0,0.0,0,0,0.0,0,0,0.0,0,0,0.0,0,0,0.0,0,0,0.0,0,0,0.0,0,0,0.0,0,0,0.0,0,0,0.0,7,38,0.1556,0,0,0.0,0,0,0.0,0,0,0.0,0,23,0.0,8,30,0.2105,6,15,0.2857,3,15,0.1667,4,17,0.1905,0,0,0.0,0,0,0.0
2026-04-03 21:40:20,test_2155.jpg,131,11,142,0.0775,6,31,32,0,0,0.0,0,0,0.0,0,0,0.0,0,0,0.0,0,0,0.0,0,0,0.0,0,0,0.0,0,0,0.0,0,0,0.0,0,0,0.0,3,16,0.1579,0,0,0.0,0,0,0.0,0,0,0.0,0,0,0.0,0,0,0.0,0,0,0.0,0,0,0.0,0,0,0.0,0,0,0.0,0,0,0.0,0,15,0.0,0,0,0.0,0,0,0.0,0,0,0.0,1,24,0.04,3,24,0.1111,0,27,0.0,4,25,0.1379,0,0,0.0,0,0,0.0,0,0,0.0
2026-04-03 21:40:20,test_2156.jpg,204,105,309,0.3398,6,31,32,0,0,0.0,0,0,0.0,0,0,0.0,0,0,0.0,0,0,0.0,0,0,0.0,0,0,0.0,0,0,0.0,0,0,0.0,0,0,0.0,1,12,0.0769,0,0,0.0,0,0,0.0,0,0,0.0,0,0,0.0,0,0,0.0,0,0,0.0,0,0,0.0,0,0,0.0,0,0,0.0,0,0,0.0,3,22,0.12,0,0,0.0,0,0,0.0,0,0,0.0,10,21,0.3226,11,57,0.1618,36,48,0.4286,44,44,0.5,0,0,0.0,0,0,0.0,0,0,0.0
2026-04-03 21:40:20,test_2157.jpg,204,24,228,0.1053,5,31,32,0,0,0.0,0,0,0.0,0,0,0.0,0,0,0.0,0,0,0.0,0,0,0.0,0,0,0.0,0,0,0.0,0,0,0.0,0,0,0.0,2,40,0.0476,0,0,0.0,0,0,0.0,0,0,0.0,0,0,0.0,0,0,0.0,0,0,0.0,0,0,0.0,0,0,0.0,0,0,0.0,0,0,0.0,11,47,0.1897,0,0,0.0,0,0,0.0,0,0,0.0,1,40,0.0244,4,41,0.0889,6,36,0.1429,0,0,0.0,0,0,0.0,0,0,0.0,0,0,0.0
2026-04-03 21:40:20,test_2158.jpg,210,31,241,0.1286,7,31,32,0,0,0.0,0,0,0.0,0,0,0.0,0,0,0.0,0,0,0.0,0,0,0.0,0,0,0.0,0,0,0.0,0,0,0.0,0,0,0.0,3,27,0.1,0,0,0.0,0,0,0.0,0,0,0.0,0,0,0.0,0,0,0.0,0,0,0.0,0,0,0.0,0,0,0.0,0,0,0.0,0,0,0.0,4,30,0.1176,0,0,0.0,0,0,0.0,0,0,0.0,0,29,0.0,10,27,0.2703,3,28,0.0968,6,33,0.1538,5,36,0.122,0,0,0.0,0,0,0.0
2026-04-03 21:40:20,test_2159.jpg,126,27,153,0.1765,8,31,32,0,0,0.0,0,0,0.0,0,0,0.0,0,0,0.0,0,0,0.0,0,0,0.0,0,0,0.0,0,0,0.0,0,0,0.0,0,0,0.0,2,11,0.1538,0,0,0.0,0,0,0.0,0,0,0.0,0,0,0.0,0,0,0.0,0,0,0.0,0,0,0.0,0,0,0.0,0,0,0.0,0,0,0.0,1,9,0.1,0,0,0.0,0,0,0.0,0,0,0.0,4,17,0.1905,2,17,0.1053,3,18,0.1429,2,20,0.0909,9,14,0.3913,4,20,0.1667,0,0,0.0
2026-04-03 21:40:20,test_216.jpg,163,40,203,0.197,8,31,32,0,0,0.0,0,0,0.0,0,0,0.0,0,0,0.0,0,0,0.0,0,0,0.0,0,0,0.0,0,0,0.0,0,0,0.0,0,0,0.0,12,17,0.4138,0,0,0.0,0,0,0.0,0,0,0.0,0,0,0.0,0,0,0.0,0,0,0.0,0,0,0.0,0,0,0.0,0,0,0.0,0,0,0.0,0,16,0.0,0,0,0.0,0,0,0.0,0,0,0.0,5,18,0.2174,7,23,0.2333,1,22,0.0435,3,27,0.1,12,25,0.3243,0,15,0.0,0,0,0.0
2026-04-03 21:40:20,test_2160.jpg,136,102,238,0.4286,7,31,32,0,0,0.0,0,0,0.0,0,0,0.0,0,0,0.0,0,0,0.0,0,0,0.0,0,0,0.0,0,0,0.0,0,0,0.0,0,0,0.0,41,45,0.4767,0,0,0.0,0,0,0.0,0,0,0.0,0,0,0.0,0,0,0.0,0,0,0.0,0,0,0.0,0,0,0.0,0,0,0.0,0,0,0.0,20,29,0.4082,0,0,0.0,0,0,0.0,0,0,0.0,5,10,0.3333,10,12,0.4545,9,16,0.36,14,17,0.4516,3,7,0.3,0,0,0.0,0,0,0.0
2026-04-03 21:40:20,test_2161.jpg,121,18,139,0.1295,7,31,32,0,0,0.0,0,0,0.0,0,0,0.0,0,0,0.0,0,0,0.0,0,0,0.0,0,0,0.0,0,0,0.0,0,0,0.0,0,0,0.0,3,13,0.1875,0,0,0.0,0,0,0.0,0,0,0.0,0,0,0.0,0,0,0.0,0,0,0.0,0,0,0.0,0,0,0.0,0,0,0.0,0,0,0.0,1,13,0.0714,0,0,0.0,0,0,0.0,0,0,0.0,1,21,0.0455,5,19,0.2083,4,17,0.1905,4,19,0.1739,0,19,0.0,0,0,0.0,0,0,0.0
2026-04-03 21:40:20,test_2162.jpg,162,5,167,0.0299,5,31,32,0,0,0.0,0,0,0.0,0,0,0.0,0,0,0.0,0,0,0.0,0,0,0.0,0,0,0.0,0,0,0.0,0,0,0.0,0,0,0.0,5,42,0.1064,0,0,0.0,0,0,0.0,0,0,0.0,0,0,0.0,0,0,0.0,0,0,0.0,0,0,0.0,0,0,0.0,0,0,0.0,0,0,0.0,0,33,0.0,0,0,0.0,0,0,0.0,0,0,0.0,0,30,0.0,0,31,0.0,0,26,0.0,0,0,0.0,0,0,0.0,0,0,0.0,0,0,0.0
2026-04-03 21:40:20,test_2163.jpg,122,21,143,0.1469,6,31,32,0,0,0.0,0,0,0.0,0,0,0.0,0,0,0.0,0,0,0.0,0,0,0.0,0,0,0.0,0,0,0.0,0,0,0.0,0,0,0.0,2,16,0.1111,0,0,0.0,0,0,0.0,0,0,0.0,0,0,0.0,0,0,0.0,0,0,0.0,0,0,0.0,0,0,0.0,0,0,0.0,0,0,0.0,7,16,0.3043,0,0,0.0,0,0,0.0,0,0,0.0,3,16,0.1579,9,20,0.3103,0,27,0.0,0,27,0.0,0,0,0.0,0,0,0.0,0,0,0.0
2026-04-03 21:40:20,test_2164.jpg,208,49,257,0.1907,6,31,32,0,0,0.0,0,0,0.0,0,0,0.0,0,0,0.0,0,0,0.0,0,0,0.0,0,0,0.0,0,0,0.0,0,0,0.0,0,0,0.0,0,2,0.0,0,0,0.0,0,0,0.0,0,0,0.0,0,0,0.0,0,0,0.0,0,0,0.0,0,0,0.0,0,0,0.0,0,0,0.0,0,0,0.0,22,49,0.3099,0,0,0.0,0,0,0.0,0,0,0.0,12,38,0.24,13,46,0.2203,2,52,0.037,0,21,0.0,0,0,0.0,0,0,0.0,0,0,0.0
2026-04-03 21:40:20,test_2165.jpg,179,30,209,0.1435,7,31,32,0,0,0.0,0,0,0.0,0,0,0.0,0,0,0.0,0,0,0.0,0,0,0.0,0,0,0.0,0,0,0.0,0,0,0.0,0,0,0.0,2,24,0.0769,0,0,0.0,0,0,0.0,0,0,0.0,0,0,0.0,0,0,0.0,0,0,0.0,0,0,0.0,0,0,0.0,0,0,0.0,0,0,0.0,2,26,0.0714,0,0,0.0,0,0,0.0,0,0,0.0,0,20,0.0,0,28,0.0,7,25,0.2188,13,32,0.2889,6,24,0.2,0,0,0.0,0,0,0.0
2026-04-03 21:40:20,test_2166.jpg,177,4,181,0.0221,7,31,32,0,0,0.0,0,0,0.0,0,0,0.0,0,0,0.0,0,0,0.0,0,0,0.0,0,0,0.0,0,0,0.0,0,0,0.0,0,0,0.0,0,20,0.0,0,0,0.0,0,0,0.0,0,0,0.0,0,0,0.0,0,0,0.0,0,0,0.0,0,0,0.0,0,0,0.0,0,0,0.0,0,0,0.0,0,22,0.0,0,0,0.0,0,0,0.0,0,0,0.0,1,23,0.0417,0,26,0.0,0,26,0.0,0,30,0.0,3,30,0.0909,0,0,0.0,0,0,0.0
2026-04-03 21:40:20,test_2167.jpg,108,57,165,0.3455,5,31,32,0,0,0.0,0,0,0.0,0,0,0.0,0,0,0.0,0,0,0.0,0,0,0.0,0,0,0.0,0,0,0.0,0,0,0.0,0,0,0.0,2,11,0.1538,0,0,0.0,0,0,0.0,0,0,0.0,0,0,0.0,0,0,0.0,0,0,0.0,0,0,0.0,0,0,0.0,0,0,0.0,0,0,0.0,10,26,0.2778,0,0,0.0,0,0,0.0,0,0,0.0,7,22,0.2414,22,27,0.449,16,22,0.4211,0,0,0.0,0,0,0.0,0,0,0.0,0,0,0.0
2026-04-03 21:40:20,test_2168.jpg,136,18,154,0.1169,7,31,32,0,0,0.0,0,0,0.0,0,0,0.0,0,0,0.0,0,0,0.0,0,0,0.0,0,0,0.0,0,0,0.0,0,0,0.0,0,0,0.0,1,13,0.0714,0,0,0.0,0,0,0.0,0,0,0.0,0,0,0.0,0,0,0.0,0,0,0.0,0,0,0.0,0,0,0.0,0,0,0.0,0,0,0.0,0,15,0.0,0,0,0.0,0,0,0.0,0,0,0.0,5,22,0.1852,10,25,0.2857,0,21,0.0,0,22,0.0,2,18,0.1,0,0,0.0,0,0,0.0
2026-04-03 21:40:20,test_2169.jpg,266,57,323,0.1765,16,31,32,1,16,0.0588,5,12,0.2941,1,14,0.0667,1,18,0.0526,0,15,0.0,9,33,0.2143,0,0,0.0,0,0,0.0,0,0,0.0,0,0,0.0,0,0,0.0,0,0,0.0,0,0,0.0,0,0,0.0,0,0,0.0,0,0,0.0,0,0,0.0,0,0,0.0,0,0,0.0,0,0,0.0,0,0,0.0,3,27,0.1,0,0,0.0,0,0,0.0,0,0,0.0,0,4,0.0,8,27,0.2286,2,10,0.1667,0,16,0.0,2,17,0.1053,21,39,0.35,4,18,0.1818
2026-04-03 21:40:20,test_217.jpg,124,17,141,0.1206,6,31,32,0,0,0.0,0,0,0.0,0,0,0.0,0,0,0.0,0,0,0.0,0,0,0.0,0,0,0.0,0,0,0.0,0,0,0.0,0,0,0.0,1,20,0.0476,0,0,0.0,0,0,0.0,0,0,0.0,0,0,0.0,0,0,0.0,0,0,0.0,0,0,0.0,0,0,0.0,0,0,0.0,0,0,0.0,0,23,0.0,0,0,0.0,0,0,0.0,0,0,0.0,1,18,0.0526,2,24,0.0769,2,16,0.1111,11,23,0.3235,0,0,0.0,0,0,0.0,0,0,0.0
2026-04-03 21:40:20,test_2170.jpg,121,17,138,0.1232,6,31,32,0,0,0.0,0,0,0.0,0,0,0.0,0,0,0.0,0,0,0.0,0,0,0.0,0,0,0.0,0,0,0.0,0,0,0.0,0,0,0.0,0,15,0.0,0,0,0.0,0,0,0.0,0,0,0.0,0,0,0.0,0,0,0.0,0,0,0.0,0,0,0.0,0,0,0.0,0,0,0.0,0,0,0.0,0,10,0.0,0,0,0.0,0,0,0.0,0,0,0.0,0,22,0.0,7,29,0.1944,4,28,0.125,6,17,0.2609,0,0,0.0,0,0,0.0,0,0,0.0
2026-04-03 21:40:20,test_2171.jpg,125,26,151,0.1722,6,31,32,0,0,0.0,0,0,0.0,0,0,0.0,0,0,0.0,0,0,0.0,0,0,0.0,0,0,0.0,0,0,0.0,0,0,0.0,0,0,0.0,4,16,0.2,0,0,0.0,0,0,0.0,0,0,0.0,0,0,0.0,0,0,0.0,0,0,0.0,0,0,0.0,0,0,0.0,0,0,0.0,0,0,0.0,3,18,0.1429,0,0,0.0,0,0,0.0,0,0,0.0,6,16,0.2727,8,20,0.2857,2,37,0.0513,3,18,0.1429,0,0,0.0,0,0,0.0,0,0,0.0
2026-04-03 21:40:20,test_2172.jpg,139,19,158,0.1203,8,31,32,0,0,0.0,0,0,0.0,0,0,0.0,0,0,0.0,0,0,0.0,0,0,0.0,0,0,0.0,0,0,0.0,0,0,0.0,0,0,0.0,0,4,0.0,0,0,0.0,0,0,0.0,0,0,0.0,0,0,0.0,0,0,0.0,0,0,0.0,0,0,0.0,0,0,0.0,0,0,0.0,0,0,0.0,0,23,0.0,0,0,0.0,0,0,0.0,0,0,0.0,0,14,0.0,4,21,0.16,0,24,0.0,1,19,0.05,5,15,0.25,9,19,0.3214,0,0,0.0
2026-04-03 21:40:20,test_2173.jpg,159,35,194,0.1804,9,31,32,0,0,0.0,0,0,0.0,0,0,0.0,0,0,0.0,0,0,0.0,0,0,0.0,0,0,0.0,0,0,0.0,0,0,0.0,0,0,0.0,7,10,0.4118,0,0,0.0,0,0,0.0,0,0,0.0,0,0,0.0,0,0,0.0,0,0,0.0,0,0,0.0,0,0,0.0,0,0,0.0,0,0,0.0,5,47,0.0962,0,0,0.0,0,0,0.0,0,0,0.0,2,14,0.125,3,14,0.1765,1,15,0.0625,4,12,0.25,1,14,0.0667,10,18,0.3571,2,15,0.1176
2026-04-03 21:40:20,test_2174.jpg,138,20,158,0.1266,8,31,32,0,0,0.0,0,0,0.0,0,0,0.0,0,0,0.0,0,0,0.0,0,0,0.0,0,0,0.0,0,0,0.0,0,0,0.0,0,0,0.0,0,21,0.0,0,0,0.0,0,0,0.0,0,0,0.0,0,0,0.0,0,0,0.0,0,0,0.0,0,0,0.0,0,0,0.0,0,0,0.0,0,0,0.0,0,17,0.0,0,0,0.0,0,0,0.0,0,0,0.0,3,16,0.1579,3,18,0.1429,3,17,0.15,3,19,0.1364,7,16,0.3043,1,14,0.0667,0,0,0.0
2026-04-03 21:40:20,test_2175.jpg,140,9,149,0.0604,7,31,32,0,0,0.0,0,0,0.0,0,0,0.0,0,0,0.0,0,0,0.0,0,0,0.0,0,0,0.0,0,0,0.0,0,0,0.0,0,0,0.0,2,16,0.1111,0,0,0.0,0,0,0.0,0,0,0.0,0,0,0.0,0,0,0.0,0,0,0.0,0,0,0.0,0,0,0.0,0,0,0.0,0,0,0.0,0,15,0.0,0,0,0.0,0,0,0.0,0,0,0.0,2,17,0.1053,3,15,0.1667,1,27,0.0357,0,24,0.0,1,26,0.037,0,0,0.0,0,0,0.0
2026-04-03 21:40:20,test_2176.jpg,157,30,187,0.1604,10,31,32,9,13,0.4091,0,0,0.0,0,0,0.0,0,0,0.0,0,0,0.0,0,0,0.0,0,0,0.0,0,0,0.0,0,0,0.0,0,0,0.0,3,5,0.375,0,0,0.0,0,0,0.0,0,0,0.0,0,0,0.0,0,0,0.0,0,0,0.0,0,0,0.0,0,0,0.0,0,0,0.0,0,0,0.0,0,12,0.0,0,0,0.0,0,0,0.0,0,0,0.0,0,11,0.0,0,12,0.0,4,14,0.2222,2,22,0.0833,7,24,0.2258,1,25,0.0385,4,19,0.1739
2026-04-03 21:40:20,test_2177.jpg,123,2,125,0.016,7,31,32,0,0,0.0,0,0,0.0,0,0,0.0,0,0,0.0,0,0,0.0,0,0,0.0,0,0,0.0,0,0,0.0,0,0,0.0,0,0,0.0,0,19,0.0,0,0,0.0,0,0,0.0,0,0,0.0,0,0,0.0,0,0,0.0,0,0,0.0,0,0,0.0,0,0,0.0,0,0,0.0,0,0,0.0,0,16,0.0,0,0,0.0,0,0,0.0,0,0,0.0,0,17,0.0,0,18,0.0,1,11,0.0833,0,20,0.0,1,22,0.0435,0,0,0.0,0,0,0.0
2026-04-03 21:40:20,test_2178.jpg,299,74,373,0.1984,12,31,32,3,19,0.1364,12,62,0.1622,13,41,0.2407,0,0,0.0,0,0,0.0,0,0,0.0,0,0,0.0,0,0,0.0,0,0,0.0,0,0,0.0,0,2,0.0,0,0,0.0,0,0,0.0,0,0,0.0,0,0,0.0,0,0,0.0,0,0,0.0,0,0,0.0,0,0,0.0,0,0,0.0,0,0,0.0,3,19,0.1364,0,0,0.0,0,0,0.0,0,0,0.0,3,23,0.1154,6,12,0.3333,2,10,0.1667,6,40,0.1304,6,36,0.1429,4,13,0.2353,16,22,0.4211
2026-04-03 21:40:20,test_2179.jpg,214,85,299,0.2843,19,31,32,3,8,0.2727,1,8,0.1111,1,8,0.1111,6,14,0.3,1,15,0.0625,2,9,0.1818,1,10,0.0909,1,9,0.1,5,17,0.2273,0,7,0.0,5,10,0.3333,0,0,0.0,0,0,0.0,0,0,0.0,0,0,0.0,0,0,0.0,0,0,0.0,0,0,0.0,0,0,0.0,0,0,0.0,0,0,0.0,9,16,0.36,0,0,0.0,0,0,0.0,0,0,0.0,9,17,0.3462,9,10,0.4737,4,11,0.2667,13,15,0.4643,0,7,0.0,13,13,0.5,2,10,0.1667
2026-04-03 21:40:20,test_218.jpg,118,19,137,0.1387,10,31,32,1,7,0.125,0,0,0.0,0,0,0.0,0,0,0.0,0,0,0.0,0,0,0.0,0,0,0.0,0,0,0.0,0,0,0.0,0,0,0.0,1,14,0.0667,0,0,0.0,0,0,0.0,0,0,0.0,0,0,0.0,0,0,0.0,0,0,0.0,0,0,0.0,0,0,0.0,0,0,0.0,0,0,0.0,1,8,0.1111,0,0,0.0,0,0,0.0,0,0,0.0,2,16,0.1111,2,9,0.1818,3,11,0.2143,2,12,0.1429,2,16,0.1111,2,8,0.2,3,17,0.15
2026-04-03 21:40:20,test_2180.jpg,149,48,197,0.2437,9,31,32,0,0,0.0,0,0,0.0,0,0,0.0,0,0,0.0,0,0,0.0,0,0,0.0,0,0,0.0,0,0,0.0,0,0,0.0,0,0,0.0,3,10,0.2308,0,0,0.0,0,0,0.0,0,0,0.0,0,0,0.0,0,0,0.0,0,0,0.0,0,0,0.0,0,0,0.0,0,0,0.0,0,0,0.0,2,7,0.2222,0,0,0.0,0,0,0.0,0,0,0.0,1,19,0.05,3,24,0.1111,19,24,0.4419,3,17,0.15,9,22,0.2903,5,17,0.2273,3,9,0.25
2026-04-03 21:40:20,test_2181.jpg,139,19,158,0.1203,6,31,32,0,0,0.0,0,0,0.0,0,0,0.0,0,0,0.0,0,0,0.0,0,0,0.0,0,0,0.0,0,0,0.0,0,0,0.0,0,0,0.0,3,12,0.2,0,0,0.0,0,0,0.0,0,0,0.0,0,0,0.0,0,0,0.0,0,0,0.0,0,0,0.0,0,0,0.0,0,0,0.0,0,0,0.0,0,16,0.0,0,0,0.0,0,0,0.0,0,0,0.0,0,22,0.0,2,21,0.087,8,36,0.1818,6,32,0.1579,0,0,0.0,0,0,0.0,0,0,0.0
2026-04-03 21:40:20,test_2182.jpg,132,37,169,0.2189,6,31,32,0,0,0.0,0,0,0.0,0,0,0.0,0,0,0.0,0,0,0.0,0,0,0.0,0,0,0.0,0,0,0.0,0,0,0.0,0,0,0.0,4,20,0.1667,0,0,0.0,0,0,0.0,0,0,0.0,0,0,0.0,0,0,0.0,0,0,0.0,0,0,0.0,0,0,0.0,0,0,0.0,0,0,0.0,7,21,0.25,0,0,0.0,0,0,0.0,0,0,0.0,3,22,0.12,8,24,0.25,15,41,0.2679,0,4,0.0,0,0,0.0,0,0,0.0,0,0,0.0
2026-04-03 21:40:20,test_2183.jpg,124,20,144,0.1389,6,31,32,0,0,0.0,0,0,0.0,0,0,0.0,0,0,0.0,0,0,0.0,0,0,0.0,0,0,0.0,0,0,0.0,0,0,0.0,0,0,0.0,2,16,0.1111,0,0,0.0,0,0,0.0,0,0,0.0,0,0,0.0,0,0,0.0,0,0,0.0,0,0,0.0,0,0,0.0,0,0,0.0,0,0,0.0,9,24,0.2727,0,0,0.0,0,0,0.0,0,0,0.0,0,19,0.0,4,22,0.1538,4,30,0.1176,1,13,0.0714,0,0,0.0,0,0,0.0,0,0,0.0
2026-04-03 21:40:20,test_2184.jpg,138,21,159,0.1321,6,31,32,0,0,0.0,0,0,0.0,0,0,0.0,0,0,0.0,0,0,0.0,0,0,0.0,0,0,0.0,0,0,0.0,0,0,0.0,0,0,0.0,8,22,0.2667,0,0,0.0,0,0,0.0,0,0,0.0,0,0,0.0,0,0,0.0,0,0,0.0,0,0,0.0,0,0,0.0,0,0,0.0,0,0,0.0,1,17,0.0556,0,0,0.0,0,0,0.0,0,0,0.0,4,24,0.1429,2,24,0.0769,3,24,0.1111,3,27,0.1,0,0,0.0,0,0,0.0,0,0,0.0
2026-04-03 21:40:20,test_2185.jpg,176,11,187,0.0588,6,31,32,0,0,0.0,0,0,0.0,0,0,0.0,0,0,0.0,0,0,0.0,0,0,0.0,0,0,0.0,0,0,0.0,0,0,0.0,0,0,0.0,1,24,0.04,0,0,0.0,0,0,0.0,0,0,0.0,0,0,0.0,0,0,0.0,0,0,0.0,0,0,0.0,0,0,0.0,0,0,0.0,0,0,0.0,0,17,0.0,0,0,0.0,0,0,0.0,0,0,0.0,0,22,0.0,3,35,0.0789,6,45,0.1176,1,33,0.0294,0,0,0.0,0,0,0.0,0,0,0.0
2026-04-03 21:40:20,test_2186.jpg,164,18,182,0.0989,7,31,32,0,0,0.0,0,0,0.0,0,0,0.0,0,0,0.0,0,0,0.0,0,0,0.0,0,0,0.0,0,0,0.0,0,0,0.0,0,0,0.0,0,27,0.0,0,0,0.0,0,0,0.0,0,0,0.0,0,0,0.0,0,0,0.0,0,0,0.0,0,0,0.0,0,0,0.0,0,0,0.0,0,0,0.0,0,29,0.0,0,0,0.0,0,0,0.0,0,0,0.0,0,18,0.0,1,37,0.0263,4,31,0.1143,6,12,0.3333,7,10,0.4118,0,0,0.0,0,0,0.0
2026-04-03 21:40:20,test_2187.jpg,140,30,170,0.1765,6,31,32,0,0,0.0,0,0,0.0,0,0,0.0,0,0,0.0,0,0,0.0,0,0,0.0,0,0,0.0,0,0,0.0,0,0,0.0,0,0,0.0,2,16,0.1111,0,0,0.0,0,0,0.0,0,0,0.0,0,0,0.0,0,0,0.0,0,0,0.0,0,0,0.0,0,0,0.0,0,0,0.0,0,0,0.0,2,23,0.08,0,0,0.0,0,0,0.0,0,0,0.0,6,18,0.25,2,30,0.0625,11,30,0.2683,7,23,0.2333,0,0,0.0,0,0,0.0,0,0,0.0
2026-04-03 21:40:20,test_2188.jpg,137,24,161,0.1491,11,31,32,5,18,0.2174,0,15,0.0,0,0,0.0,0,0,0.0,0,0,0.0,0,0,0.0,0,0,0.0,0,0,0.0,0,0,0.0,0,0,0.0,1,6,0.1429,0,0,0.0,0,0,0.0,0,0,0.0,0,0,0.0,0,0,0.0,0,0,0.0,0,0,0.0,0,0,0.0,0,0,0.0,0,0,0.0,2,21,0.087,0,0,0.0,0,0,0.0,0,0,0.0,0,11,0.0,0,8,0.0,0,9,0.0,14,15,0.4828,0,11,0.0,2,12,0.1429,0,11,0.0
2026-04-03 21:40:20,test_2189.jpg,135,23,158,0.1456,8,31,32,0,0,0.0,0,0,0.0,0,0,0.0,0,0,0.0,0,0,0.0,0,0,0.0,0,0,0.0,0,0,0.0,0,0,0.0,0,0,0.0,0,13,0.0,0,0,0.0,0,0,0.0,0,0,0.0,0,0,0.0,0,0,0.0,0,0,0.0,0,0,0.0,0,0,0.0,0,0,0.0,0,0,0.0,8,24,0.25,0,0,0.0,0,0,0.0,0,0,0.0,5,21,0.1923,0,19,0.0,2,13,0.1333,1,9,0.1,7,21,0.25,0,15,0.0,0,0,0.0
2026-04-03 21:40:20,test_219.jpg,134,4,138,0.029,7,31,32,0,0,0.0,0,0,0.0,0,0,0.0,0,0,0.0,0,0,0.0,0,0,0.0,0,0,0.0,0,0,0.0,0,0,0.0,0,0,0.0,0,18,0.0,0,0,0.0,0,0,0.0,0,0,0.0,0,0,0.0,0,0,0.0,0,0,0.0,0,0,0.0,0,0,0.0,0,0,0.0,0,0,0.0,0,20,0.0,0,0,0.0,0,0,0.0,0,0,0.0,1,18,0.0526,0,17,0.0,0,23,0.0,3,17,0.15,0,21,0.0,0,0,0.0,0,0,0.0
2026-04-03 21:40:20,test_2190.jpg,135,27,162,0.1667,8,31,32,0,0,0.0,0,0,0.0,0,0,0.0,0,0,0.0,0,0,0.0,0,0,0.0,0,0,0.0,0,0,0.0,0,0,0.0,0,0,0.0,3,21,0.125,0,0,0.0,0,0,0.0,0,0,0.0,0,0,0.0,0,0,0.0,0,0,0.0,0,0,0.0,0,0,0.0,0,0,0.0,0,0,0.0,3,15,0.1667,0,0,0.0,0,0,0.0,0,0,0.0,2,14,0.125,2,15,0.1176,3,15,0.1667,5,18,0.2174,1,19,0.05,8,18,0.3077,0,0,0.0
2026-04-03 21:40:20,test_2191.jpg,173,64,237,0.27,6,31,32,0,0,0.0,0,0,0.0,0,0,0.0,0,0,0.0,0,0,0.0,0,0,0.0,0,0,0.0,0,0,0.0,0,0,0.0,0,0,0.0,4,33,0.1081,0,0,0.0,0,0,0.0,0,0,0.0,0,0,0.0,0,0,0.0,0,0,0.0,0,0,0.0,0,0,0.0,0,0,0.0,0,0,0.0,5,19,0.2083,0,0,0.0,0,0,0.0,0,0,0.0,5,35,0.125,13,22,0.3714,19,28,0.4043,18,36,0.3333,0,0,0.0,0,0,0.0,0,0,0.0
2026-04-03 21:40:20,test_2192.jpg,153,10,163,0.0613,6,31,32,0,0,0.0,0,0,0.0,0,0,0.0,0,0,0.0,0,0,0.0,0,0,0.0,0,0,0.0,0,0,0.0,0,0,0.0,0,0,0.0,0,18,0.0,0,0,0.0,0,0,0.0,0,0,0.0,0,0,0.0,0,0,0.0,0,0,0.0,0,0,0.0,0,0,0.0,0,0,0.0,0,0,0.0,2,18,0.1,0,0,0.0,0,0,0.0,0,0,0.0,3,33,0.0833,2,30,0.0625,0,28,0.0,3,26,0.1034,0,0,0.0,0,0,0.0,0,0,0.0
2026-04-03 21:40:20,test_2193.jpg,256,32,288,0.1111,11,31,32,3,18,0.1429,1,16,0.0588,0,0,0.0,0,0,0.0,0,0,0.0,0,0,0.0,0,0,0.0,0,0,0.0,0,0,0.0,0,0,0.0,9,44,0.1698,0,0,0.0,0,0,0.0,0,0,0.0,0,0,0.0,0,0,0.0,0,0,0.0,0,0,0.0,0,0,0.0,0,0,0.0,0,0,0.0,0,24,0.0,0,0,0.0,0,0,0.0,0,0,0.0,4,21,0.16,3,23,0.1154,1,26,0.037,2,28,0.0667,5,25,0.1667,2,21,0.087,2,10,0.1667
2026-04-03 21:40:20,test_2194.jpg,135,8,143,0.0559,6,31,32,0,0,0.0,0,0,0.0,0,0,0.0,0,0,0.0,0,0,0.0,0,0,0.0,0,0,0.0,0,0,0.0,0,0,0.0,0,0,0.0,3,19,0.1364,0,0,0.0,0,0,0.0,0,0,0.0,0,0,0.0,0,0,0.0,0,0,0.0,0,0,0.0,0,0,0.0,0,0,0.0,0,0,0.0,2,14,0.125,0,0,0.0,0,0,0.0,0,0,0.0,0,26,0.0,3,25,0.1071,0,29,0.0,0,22,0.0,0,0,0.0,0,0,0.0,0,0,0.0
2026-04-03 21:40:20,test_2195.jpg,133,21,154,0.1364,4,31,32,0,0,0.0,0,0,0.0,0,0,0.0,0,0,0.0,0,0,0.0,0,0,0.0,0,0,0.0,0,0,0.0,0,0,0.0,0,0,0.0,0,16,0.0,0,0,0.0,0,0,0.0,0,0,0.0,0,0,0.0,0,0,0.0,0,0,0.0,0,0,0.0,0,0,0.0,0,0,0.0,0,0,0.0,0,28,0.0,0,0,0.0,0,0,0.0,0,0,0.0,4,60,0.0625,17,29,0.3696,0,0,0.0,0,0,0.0,0,0,0.0,0,0,0.0,0,0,0.0
2026-04-03 21:40:20,test_2196.jpg,112,39,151,0.2583,5,31,32,0,0,0.0,0,0,0.0,0,0,0.0,0,0,0.0,0,0,0.0,0,0,0.0,0,0,0.0,0,0,0.0,0,0,0.0,0,0,0.0,14,21,0.4,0,0,0.0,0,0,0.0,0,0,0.0,0,0,0.0,0,0,0.0,0,0,0.0,0,0,0.0,0,0,0.0,0,0,0.0,0,0,0.0,6,29,0.1714,0,0,0.0,0,0,0.0,0,0,0.0,4,23,0.1481,5,21,0.1923,10,18,0.3571,0,0,0.0,0,0,0.0,0,0,0.0,0,0,0.0
2026-04-03 21:40:20,test_2197.jpg,147,41,188,0.2181,7,31,32,0,0,0.0,0,0,0.0,0,0,0.0,0,0,0.0,0,0,0.0,0,0,0.0,0,0,0.0,0,0,0.0,0,0,0.0,0,0,0.0,3,18,0.1429,0,0,0.0,0,0,0.0,0,0,0.0,0,0,0.0,0,0,0.0,0,0,0.0,0,0,0.0,0,0,0.0,0,0,0.0,0,0,0.0,2,22,0.0833,0,0,0.0,0,0,0.0,0,0,0.0,2,18,0.1,0,21,0.0,11,26,0.2973,15,19,0.4412,8,23,0.2581,0,0,0.0,0,0,0.0
2026-04-03 21:40:20,test_2198.jpg,150,73,223,0.3274,8,31,32,0,0,0.0,0,0,0.0,0,0,0.0,0,0,0.0,0,0,0.0,0,0,0.0,0,0,0.0,0,0,0.0,0,0,0.0,0,0,0.0,10,20,0.3333,0,0,0.0,0,0,0.0,0,0,0.0,0,0,0.0,0,0,0.0,0,0,0.0,0,0,0.0,0,0,0.0,0,0,0.0,0,0,0.0,8,27,0.2286,0,0,0.0,0,0,0.0,0,0,0.0,1,15,0.0625,3,14,0.1765,10,19,0.3448,11,16,0.4074,11,17,0.3929,19,22,0.4634,0,0,0.0
2026-04-03 21:40:20,test_2199.jpg,103,36,139,0.259,8,31,32,0,0,0.0,0,0,0.0,0,0,0.0,0,0,0.0,0,0,0.0,0,0,0.0,0,0,0.0,0,0,0.0,0,0,0.0,0,0,0.0,0,5,0.0,0,0,0.0,0,0,0.0,0,0,0.0,0,0,0.0,0,0,0.0,0,0,0.0,0,0,0.0,0,0,0.0,0,0,0.0,0,0,0.0,6,27,0.1818,0,0,0.0,0,0,0.0,0,0,0.0,11,24,0.3143,7,18,0.28,2,13,0.1333,3,7,0.3,7,6,0.5385,0,3,0.0,0,0,0.0
2026-04-03 21:40:20,test_22.jpg,120,25,145,0.1724,6,31,32,0,0,0.0,0,0,0.0,0,0,0.0,0,0,0.0,0,0,0.0,0,0,0.0,0,0,0.0,0,0,0.0,0,0,0.0,0,0,0.0,2,24,0.0769,0,0,0.0,0,0,0.0,0,0,0.0,0,0,0.0,0,0,0.0,0,0,0.0,0,0,0.0,0,0,0.0,0,0,0.0,0,0,0.0,2,21,0.087,0,0,0.0,0,0,0.0,0,0,0.0,5,22,0.1852,5,20,0.2,6,15,0.2857,5,18,0.2174,0,0,0.0,0,0,0.0,0,0,0.0
2026-04-03 21:40:20,test_220.jpg,171,207,378,0.5476,3,31,32,0,0,0.0,0,0,0.0,0,0,0.0,0,0,0.0,0,0,0.0,0,0,0.0,0,0,0.0,0,0,0.0,0,0,0.0,0,0,0.0,29,50,0.3671,0,0,0.0,0,0,0.0,0,0,0.0,0,0,0.0,0,0,0.0,0,0,0.0,0,0,0.0,0,0,0.0,0,0,0.0,0,0,0.0,150,87,0.6329,0,0,0.0,0,0,0.0,0,0,0.0,28,34,0.4516,0,0,0.0,0,0,0.0,0,0,0.0,0,0,0.0,0,0,0.0,0,0,0.0
2026-04-03 21:40:20,test_2200.jpg,128,21,149,0.1409,6,31,32,0,0,0.0,0,0,0.0,0,0,0.0,0,0,0.0,0,0,0.0,0,0,0.0,0,0,0.0,0,0,0.0,0,0,0.0,0,0,0.0,0,15,0.0,0,0,0.0,0,0,0.0,0,0,0.0,0,0,0.0,0,0,0.0,0,0,0.0,0,0,0.0,0,0,0.0,0,0,0.0,0,0,0.0,4,16,0.2,0,0,0.0,0,0,0.0,0,0,0.0,2,22,0.0833,4,26,0.1333,8,25,0.2424,3,24,0.1111,0,0,0.0,0,0,0.0,0,0,0.0
2026-04-03 21:40:20,test_2201.jpg,148,9,157,0.0573,5,31,32,0,0,0.0,0,0,0.0,0,0,0.0,0,0,0.0,0,0,0.0,0,0,0.0,0,0,0.0,0,0,0.0,0,0,0.0,0,0,0.0,0,20,0.0,0,0,0.0,0,0,0.0,0,0,0.0,0,0,0.0,0,0,0.0,0,0,0.0,0,0,0.0,0,0,0.0,0,0,0.0,0,0,0.0,0,20,0.0,0,0,0.0,0,0,0.0,0,0,0.0,2,32,0.0588,7,28,0.2,0,48,0.0,0,0,0.0,0,0,0.0,0,0,0.0,0,0,0.0
2026-04-03 21:40:20,test_2202.jpg,117,34,151,0.2252,12,31,32,3,7,0.3,8,14,0.3636,7,13,0.35,0,0,0.0,0,0,0.0,0,0,0.0,0,0,0.0,0,0,0.0,0,0,0.0,0,0,0.0,0,2,0.0,0,0,0.0,0,0,0.0,0,0,0.0,0,0,0.0,0,0,0.0,0,0,0.0,0,0,0.0,0,0,0.0,0,0,0.0,0,0,0.0,1,21,0.0455,0,0,0.0,0,0,0.0,0,0,0.0,3,7,0.3,2,8,0.2,3,7,0.3,0,9,0.0,6,11,0.3529,0,10,0.0,1,8,0.1111
2026-04-03 21:40:20,test_2203.jpg,145,25,170,0.1471,7,31,32,0,0,0.0,0,0,0.0,0,0,0.0,0,0,0.0,0,0,0.0,0,0,0.0,0,0,0.0,0,0,0.0,0,0,0.0,0,0,0.0,2,19,0.0952,0,0,0.0,0,0,0.0,0,0,0.0,0,0,0.0,0,0,0.0,0,0,0.0,0,0,0.0,0,0,0.0,0,0,0.0,0,0,0.0,2,18,0.1,0,0,0.0,0,0,0.0,0,0,0.0,1,18,0.0526,6,20,0.2308,0,30,0.0,7,20,0.2593,7,20,0.2593,0,0,0.0,0,0,0.0
2026-04-03 21:40:20,test_2204.jpg,124,24,148,0.1622,7,31,32,0,0,0.0,0,0,0.0,0,0,0.0,0,0,0.0,0,0,0.0,0,0,0.0,0,0,0.0,0,0,0.0,0,0,0.0,0,0,0.0,1,17,0.0556,0,0,0.0,0,0,0.0,0,0,0.0,0,0,0.0,0,0,0.0,0,0,0.0,0,0,0.0,0,0,0.0,0,0,0.0,0,0,0.0,3,15,0.1667,0,0,0.0,0,0,0.0,0,0,0.0,2,13,0.1333,2,17,0.1053,4,16,0.2,9,24,0.2727,3,22,0.12,0,0,0.0,0,0,0.0
2026-04-03 21:40:20,test_2205.jpg,110,40,150,0.2667,7,31,32,0,0,0.0,0,0,0.0,0,0,0.0,0,0,0.0,0,0,0.0,0,0,0.0,0,0,0.0,0,0,0.0,0,0,0.0,0,0,0.0,5,9,0.3571,0,0,0.0,0,0,0.0,0,0,0.0,0,0,0.0,0,0,0.0,0,0,0.0,0,0,0.0,0,0,0.0,0,0,0.0,0,0,0.0,1,16,0.0588,0,0,0.0,0,0,0.0,0,0,0.0,2,20,0.0909,0,19,0.0,9,7,0.5625,15,21,0.4167,8,18,0.3077,0,0,0.0,0,0,0.0
2026-04-03 21:40:20,test_2206.jpg,202,26,228,0.114,15,31,32,3,12,0.2,0,11,0.0,3,16,0.1579,3,15,0.1667,2,16,0.1111,1,16,0.0588,0,0,0.0,0,0,0.0,0,0,0.0,0,0,0.0,0,3,0.0,0,0,0.0,0,0,0.0,0,0,0.0,0,0,0.0,0,0,0.0,0,0,0.0,0,0,0.0,0,0,0.0,0,0,0.0,0,0,0.0,0,0,0.0,0,0,0.0,0,0,0.0,0,0,0.0,0,7,0.0,1,19,0.05,4,13,0.2353,2,14,0.125,2,29,0.0645,3,17,0.15,2,14,0.125
2026-04-03 21:40:20,test_2207.jpg,155,27,182,0.1484,6,31,32,0,0,0.0,0,0,0.0,0,0,0.0,0,0,0.0,0,0,0.0,0,0,0.0,0,0,0.0,0,0,0.0,0,0,0.0,0,0,0.0,3,30,0.0909,0,0,0.0,0,0,0.0,0,0,0.0,0,0,0.0,0,0,0.0,0,0,0.0,0,0,0.0,0,0,0.0,0,0,0.0,0,0,0.0,3,36,0.0769,0,0,0.0,0,0,0.0,0,0,0.0,8,27,0.2286,5,28,0.1515,1,23,0.0417,7,11,0.3889,0,0,0.0,0,0,0.0,0,0,0.0
2026-04-03 21:40:20,test_2208.jpg,198,30,228,0.1316,5,31,32,0,0,0.0,0,0,0.0,0,0,0.0,0,0,0.0,0,0,0.0,0,0,0.0,0,0,0.0,0,0,0.0,0,0,0.0,0,0,0.0,2,27,0.069,0,0,0.0,0,0,0.0,0,0,0.0,0,0,0.0,0,0,0.0,0,0,0.0,0,0,0.0,0,0,0.0,0,0,0.0,0,0,0.0,2,33,0.0571,0,0,0.0,0,0,0.0,0,0,0.0,6,27,0.1818,11,66,0.1429,9,45,0.1667,0,0,0.0,0,0,0.0,0,0,0.0,0,0,0.0
2026-04-03 21:40:20,test_2209.jpg,157,27,184,0.1467,5,31,32,0,0,0.0,0,0,0.0,0,0,0.0,0,0,0.0,0,0,0.0,0,0,0.0,0,0,0.0,0,0,0.0,0,0,0.0,0,0,0.0,4,25,0.1379,0,0,0.0,0,0,0.0,0,0,0.0,0,0,0.0,0,0,0.0,0,0,0.0,0,0,0.0,0,0,0.0,0,0,0.0,0,0,0.0,11,29,0.275,0,0,0.0,0,0,0.0,0,0,0.0,6,30,0.1667,1,58,0.0169,5,15,0.25,0,0,0.0,0,0,0.0,0,0,0.0,0,0,0.0
2026-04-03 21:40:20,test_221.jpg,146,10,156,0.0641,6,31,32,0,0,0.0,0,0,0.0,0,0,0.0,0,0,0.0,0,0,0.0,0,0,0.0,0,0,0.0,0,0,0.0,0,0,0.0,0,0,0.0,0,25,0.0,0,0,0.0,0,0,0.0,0,0,0.0,0,0,0.0,0,0,0.0,0,0,0.0,0,0,0.0,0,0,0.0,0,0,0.0,0,0,0.0,1,24,0.04,0,0,0.0,0,0,0.0,0,0,0.0,0,20,0.0,2,26,0.0714,3,27,0.1,4,24,0.1429,0,0,0.0,0,0,0.0,0,0,0.0
2026-04-03 21:40:20,test_2210.jpg,136,52,188,0.2766,12,31,32,6,12,0.3333,9,18,0.3333,10,20,0.3333,0,0,0.0,0,0,0.0,0,0,0.0,0,0,0.0,0,0,0.0,0,0,0.0,0,0,0.0,0,1,0.0,0,0,0.0,0,0,0.0,0,0,0.0,0,0,0.0,0,0,0.0,0,0,0.0,0,0,0.0,0,0,0.0,0,0,0.0,0,0,0.0,4,9,0.3077,0,0,0.0,0,0,0.0,0,0,0.0,2,8,0.2,0,6,0.0,2,9,0.1818,2,10,0.1667,4,15,0.2105,11,19,0.3667,2,9,0.1818
2026-04-03 21:40:20,test_2211.jpg,125,32,157,0.2038,7,31,32,0,0,0.0,0,0,0.0,0,0,0.0,0,0,0.0,0,0,0.0,0,0,0.0,0,0,0.0,0,0,0.0,0,0,0.0,0,0,0.0,5,14,0.2632,0,0,0.0,0,0,0.0,0,0,0.0,0,0,0.0,0,0,0.0,0,0,0.0,0,0,0.0,0,0,0.0,0,0,0.0,0,0,0.0,12,27,0.3077,0,0,0.0,0,0,0.0,0,0,0.0,2,16,0.1111,2,15,0.1176,2,16,0.1111,6,19,0.24,3,18,0.1429,0,0,0.0,0,0,0.0
2026-04-03 21:40:20,test_2212.jpg,128,28,156,0.1795,8,31,32,0,0,0.0,0,0,0.0,0,0,0.0,0,0,0.0,0,0,0.0,0,0,0.0,0,0,0.0,0,0,0.0,0,0,0.0,0,0,0.0,0,11,0.0,0,0,0.0,0,0,0.0,0,0,0.0,0,0,0.0,0,0,0.0,0,0,0.0,0,0,0.0,0,0,0.0,0,0,0.0,0,0,0.0,8,23,0.2581,0,0,0.0,0,0,0.0,0,0,0.0,0,15,0.0,0,16,0.0,3,12,0.2,3,15,0.1667,3,17,0.15,11,19,0.3667,0,0,0.0
2026-04-03 21:40:20,test_2213.jpg,109,30,139,0.2158,5,31,32,0,0,0.0,0,0,0.0,0,0,0.0,0,0,0.0,0,0,0.0,0,0,0.0,0,0,0.0,0,0,0.0,0,0,0.0,0,0,0.0,0,12,0.0,0,0,0.0,0,0,0.0,0,0,0.0,0,0,0.0,0,0,0.0,0,0,0.0,0,0,0.0,0,0,0.0,0,0,0.0,0,0,0.0,4,23,0.1481,0,0,0.0,0,0,0.0,0,0,0.0,1,21,0.0455,10,28,0.2632,15,25,0.375,0,0,0.0,0,0,0.0,0,0,0.0,0,0,0.0
2026-04-03 21:40:20,test_2214.jpg,122,24,146,0.1644,5,31,32,0,0,0.0,0,0,0.0,0,0,0.0,0,0,0.0,0,0,0.0,0,0,0.0,0,0,0.0,0,0,0.0,0,0,0.0,0,0,0.0,0,19,0.0,0,0,0.0,0,0,0.0,0,0,0.0,0,0,0.0,0,0,0.0,0,0,0.0,0,0,0.0,0,0,0.0,0,0,0.0,0,0,0.0,3,21,0.125,0,0,0.0,0,0,0.0,0,0,0.0,10,38,0.2083,9,30,0.2308,2,14,0.125,0,0,0.0,0,0,0.0,0,0,0.0,0,0,0.0
2026-04-03 21:40:20,test_2215.jpg,136,70,206,0.3398,7,31,32,0,0,0.0,0,0,0.0,0,0,0.0,0,0,0.0,0,0,0.0,0,0,0.0,0,0,0.0,0,0,0.0,0,0,0.0,0,0,0.0,16,19,0.4571,0,0,0.0,0,0,0.0,0,0,0.0,0,0,0.0,0,0,0.0,0,0,0.0,0,0,0.0,0,0,0.0,0,0,0.0,0,0,0.0,5,25,0.1667,0,0,0.0,0,0,0.0,0,0,0.0,6,16,0.2727,15,23,0.3947,6,17,0.2609,11,19,0.3667,11,17,0.3929,0,0,0.0,0,0,0.0
2026-04-03 21:40:20,test_2216.jpg,150,31,181,0.1713,6,31,32,0,0,0.0,0,0,0.0,0,0,0.0,0,0,0.0,0,0,0.0,0,0,0.0,0,0,0.0,0,0,0.0,0,0,0.0,0,0,0.0,5,25,0.1667,0,0,0.0,0,0,0.0,0,0,0.0,0,0,0.0,0,0,0.0,0,0,0.0,0,0,0.0,0,0,0.0,0,0,0.0,0,0,0.0,1,25,0.0385,0,0,0.0,0,0,0.0,0,0,0.0,5,22,0.1852,6,22,0.2143,12,36,0.25,2,20,0.0909,0,0,0.0,0,0,0.0,0,0,0.0
2026-04-03 21:40:20,test_2217.jpg,172,41,213,0.1925,12,31,32,0,15,0.0,13,31,0.2955,0,3,0.0,0,0,0.0,0,0,0.0,0,0,0.0,0,0,0.0,0,0,0.0,0,0,0.0,0,0,0.0,4,17,0.1905,0,0,0.0,0,0,0.0,0,0,0.0,0,0,0.0,0,0,0.0,0,0,0.0,0,0,0.0,0,0,0.0,0,0,0.0,0,0,0.0,0,0,0.0,0,0,0.0,0,0,0.0,0,0,0.0,3,13,0.1875,4,16,0.2,1,8,0.1111,0,20,0.0,4,21,0.16,9,17,0.3462,3,11,0.2143
2026-04-03 21:40:20,test_2218.jpg,153,17,170,0.1,6,31,32,0,0,0.0,0,0,0.0,0,0,0.0,0,0,0.0,0,0,0.0,0,0,0.0,0,0,0.0,0,0,0.0,0,0,0.0,0,0,0.0,2,27,0.069,0,0,0.0,0,0,0.0,0,0,0.0,0,0,0.0,0,0,0.0,0,0,0.0,0,0,0.0,0,0,0.0,0,0,0.0,0,0,0.0,9,23,0.2812,0,0,0.0,0,0,0.0,0,0,0.0,3,22,0.12,3,24,0.1111,0,27,0.0,0,30,0.0,0,0,0.0,0,0,0.0,0,0,0.0
2026-04-03 21:40:20,test_2219.jpg,139,30,169,0.1775,8,31,32,0,0,0.0,0,0,0.0,0,0,0.0,0,0,0.0,0,0,0.0,0,0,0.0,0,0,0.0,0,0,0.0,0,0,0.0,0,0,0.0,3,23,0.1154,0,0,0.0,0,0,0.0,0,0,0.0,0,0,0.0,0,0,0.0,0,0,0.0,0,0,0.0,0,0,0.0,0,0,0.0,0,0,0.0,2,16,0.1111,0,0,0.0,0,0,0.0,0,0,0.0,0,18,0.0,1,15,0.0625,0,18,0.0,4,15,0.2105,9,17,0.3462,11,17,0.3929,0,0,0.0
2026-04-03 21:40:20,test_222.jpg,137,22,159,0.1384,7,31,32,0,0,0.0,0,0,0.0,0,0,0.0,0,0,0.0,0,0,0.0,0,0,0.0,0,0,0.0,0,0,0.0,0,0,0.0,0,0,0.0,4,16,0.2,0,0,0.0,0,0,0.0,0,0,0.0,0,0,0.0,0,0,0.0,0,0,0.0,0,0,0.0,0,0,0.0,0,0,0.0,0,0,0.0,2,15,0.1176,0,0,0.0,0,0,0.0,0,0,0.0,1,19,0.05,1,18,0.0526,1,19,0.05,6,17,0.2609,7,33,0.175,0,0,0.0,0,0,0.0
2026-04-03 21:40:20,test_2220.jpg,158,21,179,0.1173,9,31,32,0,0,0.0,0,0,0.0,0,0,0.0,0,0,0.0,0,0,0.0,0,0,0.0,0,0,0.0,0,0,0.0,0,0,0.0,0,0,0.0,1,6,0.1429,0,0,0.0,0,0,0.0,0,0,0.0,0,0,0.0,0,0,0.0,0,0,0.0,0,0,0.0,0,0,0.0,0,0,0.0,0,0,0.0,4,8,0.3333,0,0,0.0,0,0,0.0,0,0,0.0,0,0,0.0,2,27,0.069,1,23,0.0417,3,17,0.15,8,19,0.2963,2,58,0.0333,0,0,0.0
2026-04-03 21:40:20,test_2221.jpg,195,60,255,0.2353,5,31,32,0,0,0.0,0,0,0.0,0,0,0.0,0,0,0.0,0,0,0.0,0,0,0.0,0,0,0.0,0,0,0.0,0,0,0.0,0,0,0.0,8,24,0.25,0,0,0.0,0,0,0.0,0,0,0.0,0,0,0.0,0,0,0.0,0,0,0.0,0,0,0.0,0,0,0.0,0,0,0.0,0,0,0.0,3,29,0.0938,0,0,0.0,0,0,0.0,0,0,0.0,14,49,0.2222,28,62,0.3111,7,31,0.1842,0,0,0.0,0,0,0.0,0,0,0.0,0,0,0.0
2026-04-03 21:40:20,test_2222.jpg,153,18,171,0.1053,8,31,32,0,0,0.0,0,0,0.0,0,0,0.0,0,0,0.0,0,0,0.0,0,0,0.0,0,0,0.0,0,0,0.0,0,0,0.0,0,0,0.0,0,14,0.0,0,0,0.0,0,0,0.0,0,0,0.0,0,0,0.0,0,0,0.0,0,0,0.0,0,0,0.0,0,0,0.0,0,0,0.0,0,0,0.0,5,23,0.1786,0,0,0.0,0,0,0.0,0,0,0.0,4,19,0.1739,4,16,0.2,1,23,0.0417,1,20,0.0476,1,21,0.0455,2,17,0.1053,0,0,0.0
2026-04-03 21:40:20,test_2223.jpg,169,60,229,0.262,13,31,32,2,8,0.2,1,14,0.0667,18,25,0.4186,11,16,0.4074,0,0,0.0,0,0,0.0,0,0,0.0,0,0,0.0,0,0,0.0,0,0,0.0,1,1,0.5,0,0,0.0,0,0,0.0,0,0,0.0,0,0,0.0,0,0,0.0,0,0,0.0,0,0,0.0,0,0,0.0,0,0,0.0,0,0,0.0,7,18,0.28,0,0,0.0,0,0,0.0,0,0,0.0,3,6,0.3333,1,14,0.0667,0,8,0.0,6,18,0.25,4,19,0.1739,3,6,0.3333,3,16,0.1579
2026-04-03 21:40:20,test_2224.jpg,186,50,236,0.2119,6,31,32,0,0,0.0,0,0,0.0,0,0,0.0,0,0,0.0,0,0,0.0,0,0,0.0,0,0,0.0,0,0,0.0,0,0,0.0,0,0,0.0,9,30,0.2308,0,0,0.0,0,0,0.0,0,0,0.0,0,0,0.0,0,0,0.0,0,0,0.0,0,0,0.0,0,0,0.0,0,0,0.0,0,0,0.0,4,33,0.1081,0,0,0.0,0,0,0.0,0,0,0.0,13,31,0.2955,10,63,0.137,14,26,0.35,0,3,0.0,0,0,0.0,0,0,0.0,0,0,0.0
2026-04-03 21:40:20,test_2225.jpg,133,24,157,0.1529,4,31,32,0,0,0.0,0,0,0.0,0,0,0.0,0,0,0.0,0,0,0.0,0,0,0.0,0,0,0.0,0,0,0.0,0,0,0.0,0,0,0.0,1,16,0.0588,0,0,0.0,0,0,0.0,0,0,0.0,0,0,0.0,0,0,0.0,0,0,0.0,0,0,0.0,0,0,0.0,0,0,0.0,0,0,0.0,1,26,0.037,0,0,0.0,0,0,0.0,0,0,0.0,22,61,0.2651,0,30,0.0,0,0,0.0,0,0,0.0,0,0,0.0,0,0,0.0,0,0,0.0
2026-04-03 21:40:20,test_2226.jpg,144,20,164,0.122,6,31,32,0,0,0.0,0,0,0.0,0,0,0.0,0,0,0.0,0,0,0.0,0,0,0.0,0,0,0.0,0,0,0.0,0,0,0.0,0,0,0.0,2,22,0.0833,0,0,0.0,0,0,0.0,0,0,0.0,0,0,0.0,0,0,0.0,0,0,0.0,0,0,0.0,0,0,0.0,0,0,0.0,0,0,0.0,2,24,0.0769,0,0,0.0,0,0,0.0,0,0,0.0,2,24,0.0769,1,23,0.0417,6,26,0.1875,7,25,0.2188,0,0,0.0,0,0,0.0,0,0,0.0
2026-04-03 21:40:20,test_2227.jpg,125,25,150,0.1667,15,31,32,0,12,0.0,0,9,0.0,0,11,0.0,5,7,0.4167,7,16,0.3043,7,12,0.3684,0,0,0.0,0,0,0.0,0,0,0.0,0,0,0.0,0,3,0.0,0,0,0.0,0,0,0.0,0,0,0.0,0,0,0.0,0,0,0.0,0,0,0.0,0,0,0.0,0,0,0.0,0,0,0.0,0,0,0.0,0,0,0.0,0,0,0.0,0,0,0.0,0,0,0.0,1,3,0.25,3,10,0.2308,0,0,0.0,0,9,0.0,1,11,0.0833,0,10,0.0,1,12,0.0769
2026-04-03 21:40:20,test_2228.jpg,175,36,211,0.1706,4,31,32,0,0,0.0,0,0,0.0,0,0,0.0,0,0,0.0,0,0,0.0,0,0,0.0,0,0,0.0,0,0,0.0,0,0,0.0,0,0,0.0,7,33,0.175,0,0,0.0,0,0,0.0,0,0,0.0,0,0,0.0,0,0,0.0,0,0,0.0,0,0,0.0,0,0,0.0,0,0,0.0,0,0,0.0,3,37,0.075,0,0,0.0,0,0,0.0,0,0,0.0,20,77,0.2062,6,28,0.1765,0,0,0.0,0,0,0.0,0,0,0.0,0,0,0.0,0,0,0.0
2026-04-03 21:40:20,test_2229.jpg,145,20,165,0.1212,5,31,32,0,0,0.0,0,0,0.0,0,0,0.0,0,0,0.0,0,0,0.0,0,0,0.0,0,0,0.0,0,0,0.0,0,0,0.0,0,0,0.0,0,0,0.0,0,0,0.0,0,0,0.0,0,0,0.0,0,0,0.0,0,0,0.0,0,0,0.0,0,0,0.0,0,0,0.0,0,0,0.0,0,0,0.0,9,77,0.1047,0,0,0.0,0,0,0.0,0,0,0.0,3,31,0.0882,3,28,0.0968,5,9,0.3571,0,0,0.0,0,0,0.0,0,0,0.0,0,0,0.0
2026-04-03 21:40:20,test_223.jpg,139,15,154,0.0974,9,31,32,0,0,0.0,0,0,0.0,0,0,0.0,0,0,0.0,0,0,0.0,0,0,0.0,0,0,0.0,0,0,0.0,0,0,0.0,0,0,0.0,0,18,0.0,0,0,0.0,0,0,0.0,0,0,0.0,0,0,0.0,0,0,0.0,0,0,0.0,0,0,0.0,0,0,0.0,0,0,0.0,0,0,0.0,0,12,0.0,0,0,0.0,0,0,0.0,0,0,0.0,3,21,0.125,2,14,0.125,0,15,0.0,1,16,0.0588,0,16,0.0,1,10,0.0909,8,17,0.32
2026-04-03 21:40:20,test_2230.jpg,147,25,172,0.1453,7,31,32,0,0,0.0,0,0,0.0,0,0,0.0,0,0,0.0,0,0,0.0,0,0,0.0,0,0,0.0,0,0,0.0,0,0,0.0,0,0,0.0,1,3,0.25,0,0,0.0,0,0,0.0,0,0,0.0,0,0,0.0,0,0,0.0,0,0,0.0,0,0,0.0,0,0,0.0,0,0,0.0,0,0,0.0,0,0,0.0,0,0,0.0,0,0,0.0,0,0,0.0,5,36,0.122,3,33,0.0833,6,44,0.12,10,31,0.2439,0,0,0.0,0,0,0.0,0,0,0.0
2026-04-03 21:40:20,test_2231.jpg,153,30,183,0.1639,6,31,32,0,0,0.0,0,0,0.0,0,0,0.0,0,0,0.0,0,0,0.0,0,0,0.0,0,0,0.0,0,0,0.0,0,0,0.0,0,0,0.0,0,19,0.0,0,0,0.0,0,0,0.0,0,0,0.0,0,0,0.0,0,0,0.0,0,0,0.0,0,0,0.0,0,0,0.0,0,0,0.0,0,0,0.0,5,25,0.1667,0,0,0.0,0,0,0.0,0,0,0.0,0,22,0.0,4,20,0.1667,16,43,0.2712,5,24,0.1724,0,0,0.0,0,0,0.0,0,0,0.0
2026-04-03 21:40:20,test_2232.jpg,161,10,171,0.0585,8,31,32,0,0,0.0,0,0,0.0,0,0,0.0,0,0,0.0,0,0,0.0,0,0,0.0,0,0,0.0,0,0,0.0,0,0,0.0,0,0,0.0,1,7,0.125,0,0,0.0,0,0,0.0,0,0,0.0,0,0,0.0,0,0,0.0,0,0,0.0,0,0,0.0,0,0,0.0,0,0,0.0,0,0,0.0,3,14,0.1765,0,0,0.0,0,0,0.0,0,0,0.0,0,24,0.0,1,28,0.0345,0,25,0.0,1,22,0.0435,0,24,0.0,4,17,0.1905,0,0,0.0
2026-04-03 21:40:20,test_2233.jpg,128,53,181,0.2928,8,31,32,0,0,0.0,0,0,0.0,0,0,0.0,0,0,0.0,0,0,0.0,0,0,0.0,0,0,0.0,0,0,0.0,0,0,0.0,0,0,0.0,4,6,0.4,0,0,0.0,0,0,0.0,0,0,0.0,0,0,0.0,0,0,0.0,0,0,0.0,0,0,0.0,0,0,0.0,0,0,0.0,0,0,0.0,4,24,0.1429,0,0,0.0,0,0,0.0,0,0,0.0,0,19,0.0,0,10,0.0,8,21,0.2759,14,14,0.5,20,18,0.5263,3,16,0.1579,0,0,0.0
2026-04-03 21:40:20,test_2234.jpg,132,45,177,0.2542,7,31,32,0,0,0.0,0,0,0.0,0,0,0.0,0,0,0.0,0,0,0.0,0,0,0.0,0,0,0.0,0,0,0.0,0,0,0.0,0,0,0.0,6,14,0.3,0,0,0.0,0,0,0.0,0,0,0.0,0,0,0.0,0,0,0.0,0,0,0.0,0,0,0.0,0,0,0.0,0,0,0.0,0,0,0.0,4,18,0.1818,0,0,0.0,0,0,0.0,0,0,0.0,12,25,0.3243,5,17,0.2273,5,15,0.25,2,16,0.1111,11,27,0.2895,0,0,0.0,0,0,0.0
2026-04-03 21:40:20,test_2235.jpg,191,59,250,0.236,6,31,32,0,0,0.0,0,0,0.0,0,0,0.0,0,0,0.0,0,0,0.0,0,0,0.0,0,0,0.0,0,0,0.0,0,0,0.0,0,0,0.0,5,21,0.1923,0,0,0.0,0,0,0.0,0,0,0.0,0,0,0.0,0,0,0.0,0,0,0.0,0,0,0.0,0,0,0.0,0,0,0.0,0,0,0.0,1,24,0.04,0,0,0.0,0,0,0.0,0,0,0.0,4,24,0.1429,14,32,0.3043,20,64,0.2381,15,26,0.3659,0,0,0.0,0,0,0.0,0,0,0.0
2026-04-03 21:40:20,test_2236.jpg,128,51,179,0.2849,6,31,32,0,0,0.0,0,0,0.0,0,0,0.0,0,0,0.0,0,0,0.0,0,0,0.0,0,0,0.0,0,0,0.0,0,0,0.0,0,0,0.0,4,23,0.1481,0,0,0.0,0,0,0.0,0,0,0.0,0,0,0.0,0,0,0.0,0,0,0.0,0,0,0.0,0,0,0.0,0,0,0.0,0,0,0.0,4,13,0.2353,0,0,0.0,0,0,0.0,0,0,0.0,9,26,0.2571,11,23,0.3235,11,23,0.3235,12,20,0.375,0,0,0.0,0,0,0.0,0,0,0.0
2026-04-03 21:40:20,test_2237.jpg,94,31,125,0.248,11,31,32,6,13,0.3158,0,7,0.0,0,0,0.0,0,0,0.0,0,0,0.0,0,0,0.0,0,0,0.0,0,0,0.0,0,0,0.0,0,0,0.0,0,3,0.0,0,0,0.0,0,0,0.0,0,0,0.0,0,0,0.0,0,0,0.0,0,0,0.0,0,0,0.0,0,0,0.0,0,0,0.0,0,0,0.0,4,2,0.6667,0,0,0.0,0,0,0.0,0,0,0.0,3,11,0.2143,4,10,0.2857,0,6,0.0,1,12,0.0769,5,9,0.3571,1,13,0.0714,7,8,0.4667
2026-04-03 21:40:20,test_2238.jpg,128,19,147,0.1293,7,31,32,0,0,0.0,0,0,0.0,0,0,0.0,0,0,0.0,0,0,0.0,0,0,0.0,0,0,0.0,0,0,0.0,0,0,0.0,0,0,0.0,0,18,0.0,0,0,0.0,0,0,0.0,0,0,0.0,0,0,0.0,0,0,0.0,0,0,0.0,0,0,0.0,0,0,0.0,0,0,0.0,0,0,0.0,2,25,0.0741,0,0,0.0,0,0,0.0,0,0,0.0,0,14,0.0,6,11,0.3529,1,16,0.0588,6,28,0.1765,4,16,0.2,0,0,0.0,0,0,0.0
2026-04-03 21:40:20,test_2239.jpg,146,7,153,0.0458,6,31,32,0,0,0.0,0,0,0.0,0,0,0.0,0,0,0.0,0,0,0.0,0,0,0.0,0,0,0.0,0,0,0.0,0,0,0.0,0,0,0.0,0,0,0.0,0,0,0.0,0,0,0.0,0,0,0.0,0,0,0.0,0,0,0.0,0,0,0.0,0,0,0.0,0,0,0.0,0,0,0.0,0,0,0.0,4,56,0.0667,0,0,0.0,0,0,0.0,0,0,0.0,0,34,0.0,0,32,0.0,3,24,0.1111,0,0,0.0,0,0,0.0,0,0,0.0,0,0,0.0
2026-04-03 21:40:20,test_224.jpg,126,5,131,0.0382,6,31,32,0,0,0.0,0,0,0.0,0,0,0.0,0,0,0.0,0,0,0.0,0,0,0.0,0,0,0.0,0,0,0.0,0,0,0.0,0,0,0.0,0,23,0.0,0,0,0.0,0,0,0.0,0,0,0.0,0,0,0.0,0,0,0.0,0,0,0.0,0,0,0.0,0,0,0.0,0,0,0.0,0,0,0.0,0,22,0.0,0,0,0.0,0,0,0.0,0,0,0.0,1,21,0.0455,0,20,0.0,1,21,0.0455,3,19,0.1364,0,0,0.0,0,0,0.0,0,0,0.0
2026-04-03 21:40:20,test_2240.jpg,139,19,158,0.1203,7,31,32,0,0,0.0,0,0,0.0,0,0,0.0,0,0,0.0,0,0,0.0,0,0,0.0,0,0,0.0,0,0,0.0,0,0,0.0,0,0,0.0,1,17,0.0556,0,0,0.0,0,0,0.0,0,0,0.0,0,0,0.0,0,0,0.0,0,0,0.0,0,0,0.0,0,0,0.0,0,0,0.0,0,0,0.0,3,17,0.15,0,0,0.0,0,0,0.0,0,0,0.0,0,13,0.0,7,17,0.2917,2,29,0.0645,3,24,0.1111,3,22,0.12,0,0,0.0,0,0,0.0
2026-04-03 21:40:20,test_2241.jpg,136,27,163,0.1656,8,31,32,0,0,0.0,0,0,0.0,0,0,0.0,0,0,0.0,0,0,0.0,0,0,0.0,0,0,0.0,0,0,0.0,0,0,0.0,0,0,0.0,0,20,0.0,0,0,0.0,0,0,0.0,0,0,0.0,0,0,0.0,0,0,0.0,0,0,0.0,0,0,0.0,0,0,0.0,0,0,0.0,0,0,0.0,3,20,0.1304,0,0,0.0,0,0,0.0,0,0,0.0,1,17,0.0556,3,13,0.1875,2,17,0.1053,4,18,0.1818,2,17,0.1053,12,14,0.4615,0,0,0.0
2026-04-03 21:40:20,test_2242.jpg,157,0,157,0.0,7,31,32,0,0,0.0,0,0,0.0,0,0,0.0,0,0,0.0,0,0,0.0,0,0,0.0,0,0,0.0,0,0,0.0,0,0,0.0,0,0,0.0,0,19,0.0,0,0,0.0,0,0,0.0,0,0,0.0,0,0,0.0,0,0,0.0,0,0,0.0,0,0,0.0,0,0,0.0,0,0,0.0,0,0,0.0,0,20,0.0,0,0,0.0,0,0,0.0,0,0,0.0,0,22,0.0,0,23,0.0,0,24,0.0,0,24,0.0,0,25,0.0,0,0,0.0,0,0,0.0
2026-04-03 21:40:20,test_2243.jpg,147,31,178,0.1742,9,31,32,0,0,0.0,0,0,0.0,0,0,0.0,0,0,0.0,0,0,0.0,0,0,0.0,0,0,0.0,0,0,0.0,0,0,0.0,0,0,0.0,2,14,0.125,0,0,0.0,0,0,0.0,0,0,0.0,0,0,0.0,0,0,0.0,0,0,0.0,0,0,0.0,0,0,0.0,0,0,0.0,0,0,0.0,0,16,0.0,0,0,0.0,0,0,0.0,0,0,0.0,7,16,0.3043,1,15,0.0625,4,19,0.1739,3,18,0.1429,6,14,0.3,1,16,0.0588,7,19,0.2692
2026-04-03 21:40:20,test_2244.jpg,147,38,185,0.2054,5,31,32,0,0,0.0,0,0,0.0,0,0,0.0,0,0,0.0,0,0,0.0,0,0,0.0,0,0,0.0,0,0,0.0,0,0,0.0,0,0,0.0,0,39,0.0,0,0,0.0,0,0,0.0,0,0,0.0,0,0,0.0,0,0,0.0,0,0,0.0,0,0,0.0,0,0,0.0,0,0,0.0,0,0,0.0,5,26,0.1613,0,0,0.0,0,0,0.0,0,0,0.0,3,24,0.1111,17,39,0.3036,13,19,0.4062,0,0,0.0,0,0,0.0,0,0,0.0,0,0,0.0
2026-04-03 21:40:20,test_2245.jpg,133,38,171,0.2222,12,31,32,1,13,0.0714,5,9,0.3571,6,8,0.4286,0,0,0.0,0,0,0.0,0,0,0.0,0,0,0.0,0,0,0.0,0,0,0.0,0,0,0.0,2,11,0.1538,0,0,0.0,0,0,0.0,0,0,0.0,0,0,0.0,0,0,0.0,0,0,0.0,0,0,0.0,0,0,0.0,0,0,0.0,0,0,0.0,0,6,0.0,0,0,0.0,0,0,0.0,0,0,0.0,3,21,0.125,10,20,0.3333,1,9,0.1,0,10,0.0,1,7,0.125,0,10,0.0,9,9,0.5
2026-04-03 21:40:20,test_2246.jpg,155,15,170,0.0882,7,31,32,0,0,0.0,0,0,0.0,0,0,0.0,0,0,0.0,0,0,0.0,0,0,0.0,0,0,0.0,0,0,0.0,0,0,0.0,0,0,0.0,2,24,0.0769,0,0,0.0,0,0,0.0,0,0,0.0,0,0,0.0,0,0,0.0,0,0,0.0,0,0,0.0,0,0,0.0,0,0,0.0,0,0,0.0,1,21,0.0455,0,0,0.0,0,0,0.0,0,0,0.0,2,23,0.08,6,19,0.24,0,24,0.0,4,20,0.1667,0,24,0.0,0,0,0.0,0,0,0.0
2026-04-03 21:40:20,test_2247.jpg,155,11,166,0.0663,6,31,32,0,0,0.0,0,0,0.0,0,0,0.0,0,0,0.0,0,0,0.0,0,0,0.0,0,0,0.0,0,0,0.0,0,0,0.0,0,0,0.0,0,2,0.0,0,0,0.0,0,0,0.0,0,0,0.0,0,0,0.0,0,0,0.0,0,0,0.0,0,0,0.0,0,0,0.0,0,0,0.0,0,0,0.0,2,51,0.0377,0,0,0.0,0,0,0.0,0,0,0.0,5,26,0.1613,1,25,0.0385,2,29,0.0645,1,22,0.0435,0,0,0.0,0,0,0.0,0,0,0.0
2026-04-03 21:40:20,test_2248.jpg,149,131,280,0.4679,5,31,32,0,0,0.0,0,0,0.0,0,0,0.0,0,0,0.0,0,0,0.0,0,0,0.0,0,0,0.0,0,0,0.0,0,0,0.0,0,0,0.0,0,10,0.0,0,0,0.0,0,0,0.0,0,0,0.0,0,0,0.0,0,0,0.0,0,0,0.0,0,0,0.0,0,0,0.0,0,0,0.0,0,0,0.0,3,52,0.0545,0,0,0.0,0,0,0.0,0,0,0.0,25,30,0.4545,88,44,0.6667,15,13,0.5357,0,0,0.0,0,0,0.0,0,0,0.0,0,0,0.0
2026-04-03 21:40:20,test_2249.jpg,142,3,145,0.0207,7,31,32,0,0,0.0,0,0,0.0,0,0,0.0,0,0,0.0,0,0,0.0,0,0,0.0,0,0,0.0,0,0,0.0,0,0,0.0,0,0,0.0,0,1,0.0,0,0,0.0,0,0,0.0,0,0,0.0,0,0,0.0,0,0,0.0,0,0,0.0,0,0,0.0,0,0,0.0,0,0,0.0,0,0,0.0,0,30,0.0,0,0,0.0,0,0,0.0,0,0,0.0,3,15,0.1667,0,20,0.0,0,26,0.0,0,33,0.0,0,17,0.0,0,0,0.0,0,0,0.0
2026-04-03 21:40:20,test_225.jpg,163,61,224,0.2723,6,31,32,0,0,0.0,0,0,0.0,0,0,0.0,0,0,0.0,0,0,0.0,0,0,0.0,0,0,0.0,0,0,0.0,0,0,0.0,0,0,0.0,2,16,0.1111,0,0,0.0,0,0,0.0,0,0,0.0,0,0,0.0,0,0,0.0,0,0,0.0,0,0,0.0,0,0,0.0,0,0,0.0,0,0,0.0,12,28,0.3,0,0,0.0,0,0,0.0,0,0,0.0,2,28,0.0667,11,31,0.2619,18,36,0.3333,16,24,0.4,0,0,0.0,0,0,0.0,0,0,0.0
2026-04-03 21:40:20,test_2250.jpg,178,52,230,0.2261,6,31,32,0,0,0.0,0,0,0.0,0,0,0.0,0,0,0.0,0,0,0.0,0,0,0.0,0,0,0.0,0,0,0.0,0,0,0.0,0,0,0.0,13,24,0.3514,0,0,0.0,0,0,0.0,0,0,0.0,0,0,0.0,0,0,0.0,0,0,0.0,0,0,0.0,0,0,0.0,0,0,0.0,0,0,0.0,4,25,0.1379,0,0,0.0,0,0,0.0,0,0,0.0,8,24,0.25,15,48,0.2381,2,26,0.0714,10,31,0.2439,0,0,0.0,0,0,0.0,0,0,0.0
2026-04-03 21:40:20,test_2251.jpg,212,35,247,0.1417,5,31,32,0,0,0.0,0,0,0.0,0,0,0.0,0,0,0.0,0,0,0.0,0,0,0.0,0,0,0.0,0,0,0.0,0,0,0.0,0,0,0.0,1,25,0.0385,0,0,0.0,0,0,0.0,0,0,0.0,0,0,0.0,0,0,0.0,0,0,0.0,0,0,0.0,0,0,0.0,0,0,0.0,0,0,0.0,13,48,0.2131,0,0,0.0,0,0,0.0,0,0,0.0,13,53,0.197,7,57,0.1094,1,29,0.0333,0,0,0.0,0,0,0.0,0,0,0.0,0,0,0.0
2026-04-03 21:40:20,test_2252.jpg,121,15,136,0.1103,5,31,32,0,0,0.0,0,0,0.0,0,0,0.0,0,0,0.0,0,0,0.0,0,0,0.0,0,0,0.0,0,0,0.0,0,0,0.0,0,0,0.0,0,19,0.0,0,0,0.0,0,0,0.0,0,0,0.0,0,0,0.0,0,0,0.0,0,0,0.0,0,0,0.0,0,0,0.0,0,0,0.0,0,0,0.0,0,35,0.0,0,0,0.0,0,0,0.0,0,0,0.0,2,24,0.0769,6,29,0.1714,7,14,0.3333,0,0,0.0,0,0,0.0,0,0,0.0,0,0,0.0
2026-04-03 21:40:20,test_2253.jpg,141,9,150,0.06,7,31,32,0,0,0.0,0,0,0.0,0,0,0.0,0,0,0.0,0,0,0.0,0,0,0.0,0,0,0.0,0,0,0.0,0,0,0.0,0,0,0.0,3,19,0.1364,0,0,0.0,0,0,0.0,0,0,0.0,0,0,0.0,0,0,0.0,0,0,0.0,0,0,0.0,0,0,0.0,0,0,0.0,0,0,0.0,0,19,0.0,0,0,0.0,0,0,0.0,0,0,0.0,1,22,0.0435,0,20,0.0,3,24,0.1111,2,22,0.0833,0,15,0.0,0,0,0.0,0,0,0.0
2026-04-03 21:40:20,test_2254.jpg,266,44,310,0.1419,6,31,32,0,0,0.0,0,0,0.0,0,0,0.0,0,0,0.0,0,0,0.0,0,0,0.0,0,0,0.0,0,0,0.0,0,0,0.0,0,0,0.0,1,52,0.0189,0,0,0.0,0,0,0.0,0,0,0.0,0,0,0.0,0,0,0.0,0,0,0.0,0,0,0.0,0,0,0.0,0,0,0.0,0,0,0.0,11,63,0.1486,0,0,0.0,0,0,0.0,0,0,0.0,15,48,0.2381,13,48,0.2131,4,49,0.0755,0,6,0.0,0,0,0.0,0,0,0.0,0,0,0.0
2026-04-03 21:40:20,test_2255.jpg,123,25,148,0.1689,4,31,32,0,0,0.0,0,0,0.0,0,0,0.0,0,0,0.0,0,0,0.0,0,0,0.0,0,0,0.0,0,0,0.0,0,0,0.0,0,0,0.0,3,21,0.125,0,0,0.0,0,0,0.0,0,0,0.0,0,0,0.0,0,0,0.0,0,0,0.0,0,0,0.0,0,0,0.0,0,0,0.0,0,0,0.0,4,28,0.125,0,0,0.0,0,0,0.0,0,0,0.0,9,45,0.1667,9,29,0.2368,0,0,0.0,0,0,0.0,0,0,0.0,0,0,0.0,0,0,0.0
2026-04-03 21:40:20,test_2256.jpg,150,10,160,0.0625,12,31,32,0,22,0.0,2,26,0.0714,0,9,0.0,0,0,0.0,0,0,0.0,0,0,0.0,0,0,0.0,0,0,0.0,0,0,0.0,0,0,0.0,0,7,0.0,0,0,0.0,0,0,0.0,0,0,0.0,0,0,0.0,0,0,0.0,0,0,0.0,0,0,0.0,0,0,0.0,0,0,0.0,0,0,0.0,0,6,0.0,0,0,0.0,0,0,0.0,0,0,0.0,0,12,0.0,1,7,0.125,0,9,0.0,0,9,0.0,4,8,0.3333,1,22,0.0435,2,13,0.1333
2026-04-03 21:40:20,test_2257.jpg,162,20,182,0.1099,8,31,32,0,0,0.0,0,0,0.0,0,0,0.0,0,0,0.0,0,0,0.0,0,0,0.0,0,0,0.0,0,0,0.0,0,0,0.0,0,0,0.0,1,17,0.0556,0,0,0.0,0,0,0.0,0,0,0.0,0,0,0.0,0,0,0.0,0,0,0.0,0,0,0.0,0,0,0.0,0,0,0.0,0,0,0.0,0,18,0.0,0,0,0.0,0,0,0.0,0,0,0.0,0,18,0.0,5,21,0.1923,2,15,0.1176,5,20,0.2,3,29,0.0938,4,24,0.1429,0,0,0.0
2026-04-03 21:40:20,test_2258.jpg,138,32,170,0.1882,7,31,32,0,0,0.0,0,0,0.0,0,0,0.0,0,0,0.0,0,0,0.0,0,0,0.0,0,0,0.0,0,0,0.0,0,0,0.0,0,0,0.0,4,22,0.1538,0,0,0.0,0,0,0.0,0,0,0.0,0,0,0.0,0,0,0.0,0,0,0.0,0,0,0.0,0,0,0.0,0,0,0.0,0,0,0.0,3,20,0.1304,0,0,0.0,0,0,0.0,0,0,0.0,3,17,0.15,3,18,0.1429,5,21,0.1923,12,35,0.2553,2,5,0.2857,0,0,0.0,0,0,0.0
2026-04-03 21:40:20,test_2259.jpg,124,25,149,0.1678,7,31,32,0,0,0.0,0,0,0.0,0,0,0.0,0,0,0.0,0,0,0.0,0,0,0.0,0,0,0.0,0,0,0.0,0,0,0.0,0,0,0.0,0,9,0.0,0,0,0.0,0,0,0.0,0,0,0.0,0,0,0.0,0,0,0.0,0,0,0.0,0,0,0.0,0,0,0.0,0,0,0.0,0,0,0.0,2,16,0.1111,0,0,0.0,0,0,0.0,0,0,0.0,0,12,0.0,4,17,0.1905,10,23,0.303,3,21,0.125,6,26,0.1875,0,0,0.0,0,0,0.0
2026-04-03 21:40:20,test_226.jpg,127,14,141,0.0993,6,31,32,0,0,0.0,0,0,0.0,0,0,0.0,0,0,0.0,0,0,0.0,0,0,0.0,0,0,0.0,0,0,0.0,0,0,0.0,0,0,0.0,0,23,0.0,0,0,0.0,0,0,0.0,0,0,0.0,0,0,0.0,0,0,0.0,0,0,0.0,0,0,0.0,0,0,0.0,0,0,0.0,0,0,0.0,3,18,0.1429,0,0,0.0,0,0,0.0,0,0,0.0,4,20,0.1667,3,20,0.1304,3,20,0.1304,1,26,0.037,0,0,0.0,0,0,0.0,0,0,0.0
2026-04-03 21:40:20,test_2260.jpg,136,29,165,0.1758,8,31,32,0,0,0.0,0,0,0.0,0,0,0.0,0,0,0.0,0,0,0.0,0,0,0.0,0,0,0.0,0,0,0.0,0,0,0.0,0,0,0.0,3,9,0.25,0,0,0.0,0,0,0.0,0,0,0.0,0,0,0.0,0,0,0.0,0,0,0.0,0,0,0.0,0,0,0.0,0,0,0.0,0,0,0.0,4,6,0.4,0,0,0.0,0,0,0.0,0,0,0.0,3,16,0.1579,1,27,0.0357,4,23,0.1481,6,19,0.24,4,18,0.1818,4,18,0.1818,0,0,0.0
2026-04-03 21:40:20,test_2261.jpg,148,40,188,0.2128,7,31,32,0,0,0.0,0,0,0.0,0,0,0.0,0,0,0.0,0,0,0.0,0,0,0.0,0,0,0.0,0,0,0.0,0,0,0.0,0,0,0.0,1,19,0.05,0,0,0.0,0,0,0.0,0,0,0.0,0,0,0.0,0,0,0.0,0,0,0.0,0,0,0.0,0,0,0.0,0,0,0.0,0,0,0.0,1,14,0.0667,0,0,0.0,0,0,0.0,0,0,0.0,5,19,0.2083,3,19,0.1364,2,19,0.0952,5,25,0.1667,23,33,0.4107,0,0,0.0,0,0,0.0
2026-04-03 21:40:20,test_2262.jpg,155,26,181,0.1436,6,31,32,0,0,0.0,0,0,0.0,0,0,0.0,0,0,0.0,0,0,0.0,0,0,0.0,0,0,0.0,0,0,0.0,0,0,0.0,0,0,0.0,0,6,0.0,0,0,0.0,0,0,0.0,0,0,0.0,0,0,0.0,0,0,0.0,0,0,0.0,0,0,0.0,0,0,0.0,0,0,0.0,0,0,0.0,1,43,0.0227,0,0,0.0,0,0,0.0,0,0,0.0,0,31,0.0,8,27,0.2286,11,33,0.25,6,15,0.2857,0,0,0.0,0,0,0.0,0,0,0.0
2026-04-03 21:40:20,test_2263.jpg,133,9,142,0.0634,6,31,32,0,0,0.0,0,0,0.0,0,0,0.0,0,0,0.0,0,0,0.0,0,0,0.0,0,0,0.0,0,0,0.0,0,0,0.0,0,0,0.0,2,23,0.08,0,0,0.0,0,0,0.0,0,0,0.0,0,0,0.0,0,0,0.0,0,0,0.0,0,0,0.0,0,0,0.0,0,0,0.0,0,0,0.0,2,16,0.1111,0,0,0.0,0,0,0.0,0,0,0.0,1,17,0.0556,2,24,0.0769,2,29,0.0645,0,24,0.0,0,0,0.0,0,0,0.0,0,0,0.0
2026-04-03 21:40:20,test_2264.jpg,167,7,174,0.0402,7,31,32,0,0,0.0,0,0,0.0,0,0,0.0,0,0,0.0,0,0,0.0,0,0,0.0,0,0,0.0,0,0,0.0,0,0,0.0,0,0,0.0,1,21,0.0455,0,0,0.0,0,0,0.0,0,0,0.0,0,0,0.0,0,0,0.0,0,0,0.0,0,0,0.0,0,0,0.0,0,0,0.0,0,0,0.0,0,19,0.0,0,0,0.0,0,0,0.0,0,0,0.0,0,22,0.0,0,22,0.0,3,22,0.12,2,23,0.08,1,38,0.0256,0,0,0.0,0,0,0.0
2026-04-03 21:40:20,test_2265.jpg,125,33,158,0.2089,7,31,32,0,0,0.0,0,0,0.0,0,0,0.0,0,0,0.0,0,0,0.0,0,0,0.0,0,0,0.0,0,0,0.0,0,0,0.0,0,0,0.0,3,19,0.1364,0,0,0.0,0,0,0.0,0,0,0.0,0,0,0.0,0,0,0.0,0,0,0.0,0,0,0.0,0,0,0.0,0,0,0.0,0,0,0.0,1,14,0.0667,0,0,0.0,0,0,0.0,0,0,0.0,3,17,0.15,1,16,0.0588,5,13,0.2778,16,27,0.3721,4,19,0.1739,0,0,0.0,0,0,0.0
2026-04-03 21:40:20,test_2266.jpg,132,3,135,0.0222,7,31,32,0,0,0.0,0,0,0.0,0,0,0.0,0,0,0.0,0,0,0.0,0,0,0.0,0,0,0.0,0,0,0.0,0,0,0.0,0,0,0.0,0,20,0.0,0,0,0.0,0,0,0.0,0,0,0.0,0,0,0.0,0,0,0.0,0,0,0.0,0,0,0.0,0,0,0.0,0,0,0.0,0,0,0.0,0,20,0.0,0,0,0.0,0,0,0.0,0,0,0.0,0,16,0.0,0,19,0.0,2,19,0.0952,0,18,0.0,1,20,0.0476,0,0,0.0,0,0,0.0
2026-04-03 21:40:20,test_2267.jpg,123,6,129,0.0465,9,31,32,0,0,0.0,0,0,0.0,0,0,0.0,0,0,0.0,0,0,0.0,0,0,0.0,0,0,0.0,0,0,0.0,0,0,0.0,0,0,0.0,4,18,0.1818,0,0,0.0,0,0,0.0,0,0,0.0,0,0,0.0,0,0,0.0,0,0,0.0,0,0,0.0,0,0,0.0,0,0,0.0,0,0,0.0,0,23,0.0,0,0,0.0,0,0,0.0,0,0,0.0,1,23,0.0417,0,10,0.0,0,10,0.0,0,9,0.0,0,10,0.0,1,10,0.0909,0,10,0.0
2026-04-03 21:40:20,test_2268.jpg,122,28,150,0.1867,6,31,32,0,0,0.0,0,0,0.0,0,0,0.0,0,0,0.0,0,0,0.0,0,0,0.0,0,0,0.0,0,0,0.0,0,0,0.0,0,0,0.0,1,8,0.1111,0,0,0.0,0,0,0.0,0,0,0.0,0,0,0.0,0,0,0.0,0,0,0.0,0,0,0.0,0,0,0.0,0,0,0.0,0,0,0.0,4,22,0.1538,0,0,0.0,0,0,0.0,0,0,0.0,6,16,0.2727,1,24,0.04,5,20,0.2,11,32,0.2558,0,0,0.0,0,0,0.0,0,0,0.0
2026-04-03 21:40:20,test_2269.jpg,133,13,146,0.089,7,31,32,0,0,0.0,0,0,0.0,0,0,0.0,0,0,0.0,0,0,0.0,0,0,0.0,0,0,0.0,0,0,0.0,0,0,0.0,0,0,0.0,0,21,0.0,0,0,0.0,0,0,0.0,0,0,0.0,0,0,0.0,0,0,0.0,0,0,0.0,0,0,0.0,0,0,0.0,0,0,0.0,0,0,0.0,2,21,0.087,0,0,0.0,0,0,0.0,0,0,0.0,0,21,0.0,1,21,0.0455,4,16,0.2,4,15,0.2105,2,18,0.1,0,0,0.0,0,0,0.0
2026-04-03 21:40:20,test_227.jpg,145,53,198,0.2677,5,31,32,0,0,0.0,0,0,0.0,0,0,0.0,0,0,0.0,0,0,0.0,0,0,0.0,0,0,0.0,0,0,0.0,0,0,0.0,0,0,0.0,9,32,0.2195,0,0,0.0,0,0,0.0,0,0,0.0,0,0,0.0,0,0,0.0,0,0,0.0,0,0,0.0,0,0,0.0,0,0,0.0,0,0,0.0,14,43,0.2456,0,0,0.0,0,0,0.0,0,0,0.0,13,33,0.2826,17,29,0.3696,0,8,0.0,0,0,0.0,0,0,0.0,0,0,0.0,0,0,0.0
2026-04-03 21:40:20,test_2270.jpg,145,48,193,0.2487,6,31,32,0,0,0.0,0,0,0.0,0,0,0.0,0,0,0.0,0,0,0.0,0,0,0.0,0,0,0.0,0,0,0.0,0,0,0.0,0,0,0.0,3,28,0.0968,0,0,0.0,0,0,0.0,0,0,0.0,0,0,0.0,0,0,0.0,0,0,0.0,0,0,0.0,0,0,0.0,0,0,0.0,0,0,0.0,1,14,0.0667,0,0,0.0,0,0,0.0,0,0,0.0,6,28,0.1765,13,26,0.3333,9,28,0.2432,16,21,0.4324,0,0,0.0,0,0,0.0,0,0,0.0
2026-04-03 21:40:20,test_2271.jpg,146,11,157,0.0701,6,31,32,0,0,0.0,0,0,0.0,0,0,0.0,0,0,0.0,0,0,0.0,0,0,0.0,0,0,0.0,0,0,0.0,0,0,0.0,0,0,0.0,3,21,0.125,0,0,0.0,0,0,0.0,0,0,0.0,0,0,0.0,0,0,0.0,0,0,0.0,0,0,0.0,0,0,0.0,0,0,0.0,0,0,0.0,2,20,0.0909,0,0,0.0,0,0,0.0,0,0,0.0,3,18,0.1429,3,26,0.1034,0,32,0.0,0,29,0.0,0,0,0.0,0,0,0.0,0,0,0.0
2026-04-03 21:40:20,test_2272.jpg,227,35,262,0.1336,9,31,32,0,0,0.0,0,0,0.0,0,0,0.0,0,0,0.0,0,0,0.0,0,0,0.0,0,0,0.0,0,0,0.0,0,0,0.0,0,0,0.0,7,21,0.25,0,0,0.0,0,0,0.0,0,0,0.0,0,0,0.0,0,0,0.0,0,0,0.0,0,0,0.0,0,0,0.0,0,0,0.0,0,0,0.0,1,21,0.0455,0,0,0.0,0,0,0.0,0,0,0.0,1,27,0.0357,0,22,0.0,8,21,0.2759,1,23,0.0417,8,46,0.1481,9,20,0.3103,0,26,0.0
2026-04-03 21:40:20,test_2273.jpg,151,15,166,0.0904,8,31,32,0,0,0.0,0,0,0.0,0,0,0.0,0,0,0.0,0,0,0.0,0,0,0.0,0,0,0.0,0,0,0.0,0,0,0.0,0,0,0.0,0,11,0.0,0,0,0.0,0,0,0.0,0,0,0.0,0,0,0.0,0,0,0.0,0,0,0.0,0,0,0.0,0,0,0.0,0,0,0.0,0,0,0.0,0,13,0.0,0,0,0.0,0,0,0.0,0,0,0.0,3,17,0.15,1,20,0.0476,4,20,0.1667,3,25,0.1071,1,19,0.05,3,26,0.1034,0,0,0.0
2026-04-03 21:40:20,test_2274.jpg,200,50,250,0.2,18,31,32,0,7,0.0,1,13,0.0714,0,7,0.0,9,9,0.5,1,14,0.0667,9,18,0.3333,0,5,0.0,4,22,0.1538,3,25,0.1071,0,0,0.0,0,6,0.0,0,0,0.0,0,0,0.0,0,0,0.0,0,0,0.0,0,0,0.0,0,0,0.0,0,0,0.0,0,0,0.0,0,0,0.0,0,0,0.0,3,2,0.6,0,0,0.0,0,0,0.0,0,0,0.0,8,19,0.2963,6,11,0.3529,3,12,0.2,2,10,0.1667,1,6,0.1429,0,7,0.0,0,7,0.0
2026-04-03 21:40:20,test_2275.jpg,142,71,213,0.3333,4,31,32,0,0,0.0,0,0,0.0,0,0,0.0,0,0,0.0,0,0,0.0,0,0,0.0,0,0,0.0,0,0,0.0,0,0,0.0,0,0,0.0,3,24,0.1111,0,0,0.0,0,0,0.0,0,0,0.0,0,0,0.0,0,0,0.0,0,0,0.0,0,0,0.0,0,0,0.0,0,0,0.0,0,0,0.0,0,45,0.0,0,0,0.0,0,0,0.0,0,0,0.0,60,62,0.4918,8,11,0.4211,0,0,0.0,0,0,0.0,0,0,0.0,0,0,0.0,0,0,0.0
2026-04-03 21:40:20,test_2276.jpg,194,81,275,0.2945,9,31,32,0,0,0.0,0,0,0.0,0,0,0.0,0,0,0.0,0,0,0.0,0,0,0.0,0,0,0.0,0,0,0.0,0,0,0.0,0,0,0.0,1,11,0.0833,0,0,0.0,0,0,0.0,0,0,0.0,0,0,0.0,0,0,0.0,0,0,0.0,0,0,0.0,0,0,0.0,0,0,0.0,0,0,0.0,0,12,0.0,0,0,0.0,0,0,0.0,0,0,0.0,1,24,0.04,12,24,0.3333,8,36,0.1818,20,29,0.4082,22,24,0.4783,12,23,0.3429,5,11,0.3125
2026-04-03 21:40:20,test_2277.jpg,125,21,146,0.1438,5,31,32,0,0,0.0,0,0,0.0,0,0,0.0,0,0,0.0,0,0,0.0,0,0,0.0,0,0,0.0,0,0,0.0,0,0,0.0,0,0,0.0,10,18,0.3571,0,0,0.0,0,0,0.0,0,0,0.0,0,0,0.0,0,0,0.0,0,0,0.0,0,0,0.0,0,0,0.0,0,0,0.0,0,0,0.0,0,15,0.0,0,0,0.0,0,0,0.0,0,0,0.0,1,13,0.0714,10,37,0.2128,0,42,0.0,0,0,0.0,0,0,0.0,0,0,0.0,0,0,0.0
2026-04-03 21:40:20,test_2278.jpg,141,26,167,0.1557,8,31,32,0,0,0.0,0,0,0.0,0,0,0.0,0,0,0.0,0,0,0.0,0,0,0.0,0,0,0.0,0,0,0.0,0,0,0.0,0,0,0.0,0,19,0.0,0,0,0.0,0,0,0.0,0,0,0.0,0,0,0.0,0,0,0.0,0,0,0.0,0,0,0.0,0,0,0.0,0,0,0.0,0,0,0.0,1,20,0.0476,0,0,0.0,0,0,0.0,0,0,0.0,2,17,0.1053,3,15,0.1667,4,18,0.1818,0,12,0.0,8,13,0.381,8,27,0.2286,0,0,0.0
2026-04-03 21:40:20,test_2279.jpg,164,87,251,0.3466,9,31,32,0,0,0.0,0,0,0.0,0,0,0.0,0,0,0.0,0,0,0.0,0,0,0.0,0,0,0.0,0,0,0.0,0,0,0.0,0,0,0.0,0,2,0.0,0,0,0.0,0,0,0.0,0,0,0.0,0,0,0.0,0,0,0.0,0,0,0.0,0,0,0.0,0,0,0.0,0,0,0.0,0,0,0.0,3,22,0.12,0,0,0.0,0,0,0.0,0,0,0.0,7,14,0.3333,0,13,0.0,15,28,0.3488,21,29,0.42,24,28,0.4615,12,11,0.5217,5,17,0.2273
2026-04-03 21:40:20,test_228.jpg,156,58,214,0.271,9,31,32,0,0,0.0,0,0,0.0,0,0,0.0,0,0,0.0,0,0,0.0,0,0,0.0,0,0,0.0,0,0,0.0,0,0,0.0,0,0,0.0,0,17,0.0,0,0,0.0,0,0,0.0,0,0,0.0,0,0,0.0,0,0,0.0,0,0,0.0,0,0,0.0,0,0,0.0,0,0,0.0,0,0,0.0,4,20,0.1667,0,0,0.0,0,0,0.0,0,0,0.0,2,17,0.1053,4,16,0.2,8,18,0.3077,10,15,0.4,5,15,0.25,25,35,0.4167,0,3,0.0
2026-04-03 21:40:20,test_2280.jpg,128,21,149,0.1409,6,31,32,0,0,0.0,0,0,0.0,0,0,0.0,0,0,0.0,0,0,0.0,0,0,0.0,0,0,0.0,0,0,0.0,0,0,0.0,0,0,0.0,1,11,0.0833,0,0,0.0,0,0,0.0,0,0,0.0,0,0,0.0,0,0,0.0,0,0,0.0,0,0,0.0,0,0,0.0,0,0,0.0,0,0,0.0,1,21,0.0455,0,0,0.0,0,0,0.0,0,0,0.0,0,22,0.0,0,25,0.0,1,19,0.05,18,30,0.375,0,0,0.0,0,0,0.0,0,0,0.0
2026-04-03 21:40:20,test_2281.jpg,130,12,142,0.0845,6,31,32,0,0,0.0,0,0,0.0,0,0,0.0,0,0,0.0,0,0,0.0,0,0,0.0,0,0,0.0,0,0,0.0,0,0,0.0,0,0,0.0,2,12,0.1429,0,0,0.0,0,0,0.0,0,0,0.0,0,0,0.0,0,0,0.0,0,0,0.0,0,0,0.0,0,0,0.0,0,0,0.0,0,0,0.0,0,15,0.0,0,0,0.0,0,0,0.0,0,0,0.0,1,32,0.0303,4,32,0.1111,0,27,0.0,5,12,0.2941,0,0,0.0,0,0,0.0,0,0,0.0
2026-04-03 21:40:20,test_2282.jpg,192,72,264,0.2727,9,31,32,0,0,0.0,0,0,0.0,0,0,0.0,0,0,0.0,0,0,0.0,0,0,0.0,0,0,0.0,0,0,0.0,0,0,0.0,0,0,0.0,6,11,0.3529,0,0,0.0,0,0,0.0,0,0,0.0,0,0,0.0,0,0,0.0,0,0,0.0,0,0,0.0,0,0,0.0,0,0,0.0,0,0,0.0,2,9,0.1818,0,0,0.0,0,0,0.0,0,0,0.0,1,12,0.0769,4,8,0.3333,19,22,0.4634,5,41,0.1087,10,31,0.2439,20,21,0.4878,5,37,0.119
2026-04-03 21:40:20,test_2283.jpg,131,15,146,0.1027,6,31,32,0,0,0.0,0,0,0.0,0,0,0.0,0,0,0.0,0,0,0.0,0,0,0.0,0,0,0.0,0,0,0.0,0,0,0.0,0,0,0.0,0,21,0.0,0,0,0.0,0,0,0.0,0,0,0.0,0,0,0.0,0,0,0.0,0,0,0.0,0,0,0.0,0,0,0.0,0,0,0.0,0,0,0.0,4,26,0.1333,0,0,0.0,0,0,0.0,0,0,0.0,1,20,0.0476,4,24,0.1429,6,24,0.2,0,16,0.0,0,0,0.0,0,0,0.0,0,0,0.0
2026-04-03 21:40:20,test_2284.jpg,124,50,174,0.2874,5,31,32,0,0,0.0,0,0,0.0,0,0,0.0,0,0,0.0,0,0,0.0,0,0,0.0,0,0,0.0,0,0,0.0,0,0,0.0,0,0,0.0,3,22,0.12,0,0,0.0,0,0,0.0,0,0,0.0,0,0,0.0,0,0,0.0,0,0,0.0,0,0,0.0,0,0,0.0,0,0,0.0,0,0,0.0,1,17,0.0556,0,0,0.0,0,0,0.0,0,0,0.0,9,24,0.2727,17,28,0.3778,20,33,0.3774,0,0,0.0,0,0,0.0,0,0,0.0,0,0,0.0
2026-04-03 21:40:20,test_2285.jpg,128,30,158,0.1899,6,31,32,0,0,0.0,0,0,0.0,0,0,0.0,0,0,0.0,0,0,0.0,0,0,0.0,0,0,0.0,0,0,0.0,0,0,0.0,0,0,0.0,4,25,0.1379,0,0,0.0,0,0,0.0,0,0,0.0,0,0,0.0,0,0,0.0,0,0,0.0,0,0,0.0,0,0,0.0,0,0,0.0,0,0,0.0,0,26,0.0,0,0,0.0,0,0,0.0,0,0,0.0,3,14,0.1765,4,24,0.1429,12,23,0.3429,7,16,0.3043,0,0,0.0,0,0,0.0,0,0,0.0
2026-04-03 21:40:20,test_2286.jpg,215,56,271,0.2066,7,31,32,0,0,0.0,0,0,0.0,0,0,0.0,0,0,0.0,0,0,0.0,0,0,0.0,0,0,0.0,0,0,0.0,0,0,0.0,0,0,0.0,10,33,0.2326,0,0,0.0,0,0,0.0,0,0,0.0,0,0,0.0,0,0,0.0,0,0,0.0,0,0,0.0,0,0,0.0,0,0,0.0,0,0,0.0,14,26,0.35,0,0,0.0,0,0,0.0,0,0,0.0,8,26,0.2353,4,39,0.093,3,31,0.0882,10,35,0.2222,7,25,0.2188,0,0,0.0,0,0,0.0
2026-04-03 21:40:20,test_2287.jpg,159,152,311,0.4887,4,31,32,0,0,0.0,0,0,0.0,0,0,0.0,0,0,0.0,0,0,0.0,0,0,0.0,0,0,0.0,0,0,0.0,0,0,0.0,0,0,0.0,17,26,0.3953,0,0,0.0,0,0,0.0,0,0,0.0,0,0,0.0,0,0,0.0,0,0,0.0,0,0,0.0,0,0,0.0,0,0,0.0,0,0,0.0,5,32,0.1351,0,0,0.0,0,0,0.0,0,0,0.0,104,76,0.5778,26,25,0.5098,0,0,0.0,0,0,0.0,0,0,0.0,0,0,0.0,0,0,0.0
2026-04-03 21:40:20,test_2288.jpg,149,40,189,0.2116,6,31,32,0,0,0.0,0,0,0.0,0,0,0.0,0,0,0.0,0,0,0.0,0,0,0.0,0,0,0.0,0,0,0.0,0,0,0.0,0,0,0.0,1,10,0.0909,0,0,0.0,0,0,0.0,0,0,0.0,0,0,0.0,0,0,0.0,0,0,0.0,0,0,0.0,0,0,0.0,0,0,0.0,0,0,0.0,10,43,0.1887,0,0,0.0,0,0,0.0,0,0,0.0,15,28,0.3488,12,38,0.24,0,13,0.0,2,17,0.1053,0,0,0.0,0,0,0.0,0,0,0.0
2026-04-03 21:40:20,test_2289.jpg,256,56,312,0.1795,12,31,32,7,19,0.2692,4,21,0.16,0,19,0.0,0,0,0.0,0,0,0.0,0,0,0.0,0,0,0.0,0,0,0.0,0,0,0.0,0,0,0.0,2,5,0.2857,0,0,0.0,0,0,0.0,0,0,0.0,0,0,0.0,0,0,0.0,0,0,0.0,0,0,0.0,0,0,0.0,0,0,0.0,0,0,0.0,9,25,0.2647,0,0,0.0,0,0,0.0,0,0,0.0,5,25,0.1667,3,30,0.0909,11,32,0.2558,5,27,0.1562,3,26,0.1034,6,9,0.4,1,18,0.0526
2026-04-03 21:40:20,test_229.jpg,148,43,191,0.2251,7,31,32,0,0,0.0,0,0,0.0,0,0,0.0,0,0,0.0,0,0,0.0,0,0,0.0,0,0,0.0,0,0,0.0,0,0,0.0,0,0,0.0,6,18,0.25,0,0,0.0,0,0,0.0,0,0,0.0,0,0,0.0,0,0,0.0,0,0,0.0,0,0,0.0,0,0,0.0,0,0,0.0,0,0,0.0,9,20,0.3103,0,0,0.0,0,0,0.0,0,0,0.0,7,20,0.2593,4,21,0.16,5,21,0.1923,6,32,0.1579,6,16,0.2727,0,0,0.0,0,0,0.0
2026-04-03 21:40:20,test_2290.jpg,138,14,152,0.0921,6,31,32,0,0,0.0,0,0,0.0,0,0,0.0,0,0,0.0,0,0,0.0,0,0,0.0,0,0,0.0,0,0,0.0,0,0,0.0,0,0,0.0,3,21,0.125,0,0,0.0,0,0,0.0,0,0,0.0,0,0,0.0,0,0,0.0,0,0,0.0,0,0,0.0,0,0,0.0,0,0,0.0,0,0,0.0,1,23,0.0417,0,0,0.0,0,0,0.0,0,0,0.0,2,28,0.0667,2,28,0.0667,2,20,0.0909,4,18,0.1818,0,0,0.0,0,0,0.0,0,0,0.0
2026-04-03 21:40:20,test_2291.jpg,190,40,230,0.1739,12,31,32,2,20,0.0909,3,21,0.125,5,16,0.2381,0,0,0.0,0,0,0.0,0,0,0.0,0,0,0.0,0,0,0.0,0,0,0.0,0,0,0.0,7,25,0.2188,0,0,0.0,0,0,0.0,0,0,0.0,0,0,0.0,0,0,0.0,0,0,0.0,0,0,0.0,0,0,0.0,0,0,0.0,0,0,0.0,0,0,0.0,0,0,0.0,0,0,0.0,0,0,0.0,0,0,0.0,1,25,0.0385,2,18,0.1,3,20,0.1304,1,21,0.0455,6,9,0.4,10,15,0.4
2026-04-03 21:40:20,test_2292.jpg,211,22,233,0.0944,10,31,32,1,27,0.0357,0,0,0.0,0,0,0.0,0,0,0.0,0,0,0.0,0,0,0.0,0,0,0.0,0,0,0.0,0,0,0.0,0,0,0.0,0,26,0.0,0,0,0.0,0,0,0.0,0,0,0.0,0,0,0.0,0,0,0.0,0,0,0.0,0,0,0.0,0,0,0.0,0,0,0.0,0,0,0.0,0,0,0.0,0,0,0.0,0,0,0.0,0,0,0.0,0,15,0.0,2,28,0.0667,2,28,0.0667,4,28,0.125,5,21,0.1923,5,14,0.2632,3,24,0.1111
2026-04-03 21:40:20,test_2293.jpg,146,72,218,0.3303,8,31,32,0,0,0.0,0,0,0.0,0,0,0.0,0,0,0.0,0,0,0.0,0,0,0.0,0,0,0.0,0,0,0.0,0,0,0.0,0,0,0.0,15,33,0.3125,0,0,0.0,0,0,0.0,0,0,0.0,0,0,0.0,0,0,0.0,0,0,0.0,0,0,0.0,0,0,0.0,0,0,0.0,0,0,0.0,8,10,0.4444,0,0,0.0,0,0,0.0,0,0,0.0,3,14,0.1765,12,15,0.4444,2,13,0.1333,6,13,0.3158,15,27,0.3571,11,21,0.3438,0,0,0.0
2026-04-03 21:40:20,test_2294.jpg,139,37,176,0.2102,5,31,32,0,0,0.0,0,0,0.0,0,0,0.0,0,0,0.0,0,0,0.0,0,0,0.0,0,0,0.0,0,0,0.0,0,0,0.0,0,0,0.0,1,20,0.0476,0,0,0.0,0,0,0.0,0,0,0.0,0,0,0.0,0,0,0.0,0,0,0.0,0,0,0.0,0,0,0.0,0,0,0.0,0,0,0.0,8,21,0.2759,0,0,0.0,0,0,0.0,0,0,0.0,1,32,0.0303,6,39,0.1333,21,27,0.4375,0,0,0.0,0,0,0.0,0,0,0.0,0,0,0.0
2026-04-03 21:40:20,test_2295.jpg,122,5,127,0.0394,7,31,32,0,0,0.0,0,0,0.0,0,0,0.0,0,0,0.0,0,0,0.0,0,0,0.0,0,0,0.0,0,0,0.0,0,0,0.0,0,0,0.0,0,19,0.0,0,0,0.0,0,0,0.0,0,0,0.0,0,0,0.0,0,0,0.0,0,0,0.0,0,0,0.0,0,0,0.0,0,0,0.0,0,0,0.0,1,14,0.0667,0,0,0.0,0,0,0.0,0,0,0.0,0,15,0.0,0,15,0.0,0,12,0.0,2,25,0.0741,2,22,0.0833,0,0,0.0,0,0,0.0
2026-04-03 21:40:20,test_2296.jpg,133,19,152,0.125,6,31,32,0,0,0.0,0,0,0.0,0,0,0.0,0,0,0.0,0,0,0.0,0,0,0.0,0,0,0.0,0,0,0.0,0,0,0.0,0,0,0.0,1,18,0.0526,0,0,0.0,0,0,0.0,0,0,0.0,0,0,0.0,0,0,0.0,0,0,0.0,0,0,0.0,0,0,0.0,0,0,0.0,0,0,0.0,2,14,0.125,0,0,0.0,0,0,0.0,0,0,0.0,0,17,0.0,1,16,0.0588,5,45,0.1,10,23,0.303,0,0,0.0,0,0,0.0,0,0,0.0
2026-04-03 21:40:20,test_2297.jpg,141,58,199,0.2915,8,31,32,0,0,0.0,0,0,0.0,0,0,0.0,0,0,0.0,0,0,0.0,0,0,0.0,0,0,0.0,0,0,0.0,0,0,0.0,0,0,0.0,2,20,0.0909,0,0,0.0,0,0,0.0,0,0,0.0,0,0,0.0,0,0,0.0,0,0,0.0,0,0,0.0,0,0,0.0,0,0,0.0,0,0,0.0,2,20,0.0909,0,0,0.0,0,0,0.0,0,0,0.0,5,14,0.2632,13,12,0.52,10,16,0.3846,4,14,0.2222,13,30,0.3023,9,15,0.375,0,0,0.0
2026-04-03 21:40:20,test_2298.jpg,145,26,171,0.152,7,31,32,0,0,0.0,0,0,0.0,0,0,0.0,0,0,0.0,0,0,0.0,0,0,0.0,0,0,0.0,0,0,0.0,0,0,0.0,0,0,0.0,1,19,0.05,0,0,0.0,0,0,0.0,0,0,0.0,0,0,0.0,0,0,0.0,0,0,0.0,0,0,0.0,0,0,0.0,0,0,0.0,0,0,0.0,0,5,0.0,0,0,0.0,0,0,0.0,0,0,0.0,3,25,0.1071,0,18,0.0,19,33,0.3654,2,24,0.0769,1,21,0.0455,0,0,0.0,0,0,0.0
2026-04-03 21:40:20,test_2299.jpg,220,89,309,0.288,7,31,32,0,0,0.0,0,0,0.0,0,0,0.0,0,0,0.0,0,0,0.0,0,0,0.0,0,0,0.0,0,0,0.0,0,0,0.0,0,0,0.0,32,29,0.5246,0,0,0.0,0,0,0.0,0,0,0.0,0,0,0.0,0,0,0.0,0,0,0.0,0,0,0.0,0,0,0.0,0,0,0.0,0,0,0.0,13,27,0.325,0,0,0.0,0,0,0.0,0,0,0.0,3,28,0.0968,8,36,0.1818,12,31,0.2791,7,43,0.14,14,26,0.35,0,0,0.0,0,0,0.0
2026-04-03 21:40:20,test_23.jpg,199,46,245,0.1878,7,31,32,0,0,0.0,0,0,0.0,0,0,0.0,0,0,0.0,0,0,0.0,0,0,0.0,0,0,0.0,0,0,0.0,0,0,0.0,0,0,0.0,10,19,0.3448,0,0,0.0,0,0,0.0,0,0,0.0,0,0,0.0,0,0,0.0,0,0,0.0,0,0,0.0,0,0,0.0,0,0,0.0,0,0,0.0,0,20,0.0,0,0,0.0,0,0,0.0,0,0,0.0,6,37,0.1395,2,23,0.08,1,28,0.0345,4,33,0.1081,23,39,0.371,0,0,0.0,0,0,0.0
2026-04-03 21:40:20,test_230.jpg,125,18,143,0.1259,6,31,32,0,0,0.0,0,0,0.0,0,0,0.0,0,0,0.0,0,0,0.0,0,0,0.0,0,0,0.0,0,0,0.0,0,0,0.0,0,0,0.0,0,21,0.0,0,0,0.0,0,0,0.0,0,0,0.0,0,0,0.0,0,0,0.0,0,0,0.0,0,0,0.0,0,0,0.0,0,0,0.0,0,0,0.0,3,21,0.125,0,0,0.0,0,0,0.0,0,0,0.0,2,22,0.0833,6,25,0.1935,0,18,0.0,7,18,0.28,0,0,0.0,0,0,0.0,0,0,0.0
2026-04-03 21:40:20,test_2300.jpg,116,30,146,0.2055,8,31,32,0,0,0.0,0,0,0.0,0,0,0.0,0,0,0.0,0,0,0.0,0,0,0.0,0,0,0.0,0,0,0.0,0,0,0.0,0,0,0.0,0,12,0.0,0,0,0.0,0,0,0.0,0,0,0.0,0,0,0.0,0,0,0.0,0,0,0.0,0,0,0.0,0,0,0.0,0,0,0.0,0,0,0.0,7,12,0.3684,0,0,0.0,0,0,0.0,0,0,0.0,6,11,0.3529,1,19,0.05,5,18,0.2174,1,12,0.0769,8,15,0.3478,2,17,0.1053,0,0,0.0
2026-04-03 21:40:20,test_2301.jpg,144,99,243,0.4074,4,31,32,0,0,0.0,0,0,0.0,0,0,0.0,0,0,0.0,0,0,0.0,0,0,0.0,0,0,0.0,0,0,0.0,0,0,0.0,0,0,0.0,5,25,0.1667,0,0,0.0,0,0,0.0,0,0,0.0,0,0,0.0,0,0,0.0,0,0,0.0,0,0,0.0,0,0,0.0,0,0,0.0,0,0,0.0,30,52,0.3659,0,0,0.0,0,0,0.0,0,0,0.0,57,51,0.5278,7,16,0.3043,0,0,0.0,0,0,0.0,0,0,0.0,0,0,0.0,0,0,0.0
2026-04-03 21:40:20,test_2302.jpg,157,15,172,0.0872,7,31,32,0,0,0.0,0,0,0.0,0,0,0.0,0,0,0.0,0,0,0.0,0,0,0.0,0,0,0.0,0,0,0.0,0,0,0.0,0,0,0.0,5,17,0.2273,0,0,0.0,0,0,0.0,0,0,0.0,0,0,0.0,0,0,0.0,0,0,0.0,0,0,0.0,0,0,0.0,0,0,0.0,0,0,0.0,1,18,0.0526,0,0,0.0,0,0,0.0,0,0,0.0,0,19,0.0,5,28,0.1515,1,17,0.0556,0,31,0.0,3,27,0.1,0,0,0.0,0,0,0.0
2026-04-03 21:40:20,test_2303.jpg,150,20,170,0.1176,8,31,32,0,0,0.0,0,0,0.0,0,0,0.0,0,0,0.0,0,0,0.0,0,0,0.0,0,0,0.0,0,0,0.0,0,0,0.0,0,0,0.0,2,13,0.1333,0,0,0.0,0,0,0.0,0,0,0.0,0,0,0.0,0,0,0.0,0,0,0.0,0,0,0.0,0,0,0.0,0,0,0.0,0,0,0.0,6,25,0.1935,0,0,0.0,0,0,0.0,0,0,0.0,0,23,0.0,0,17,0.0,1,17,0.0556,4,20,0.1667,2,20,0.0909,5,15,0.25,0,0,0.0
2026-04-03 21:40:20,test_2304.jpg,208,37,245,0.151,5,31,32,0,0,0.0,0,0,0.0,0,0,0.0,0,0,0.0,0,0,0.0,0,0,0.0,0,0,0.0,0,0,0.0,0,0,0.0,0,0,0.0,3,10,0.2308,0,0,0.0,0,0,0.0,0,0,0.0,0,0,0.0,0,0,0.0,0,0,0.0,0,0,0.0,0,0,0.0,0,0,0.0,0,0,0.0,7,65,0.0972,0,0,0.0,0,0,0.0,0,0,0.0,4,45,0.0816,22,64,0.2558,1,24,0.04,0,0,0.0,0,0,0.0,0,0,0.0,0,0,0.0
2026-04-03 21:40:20,test_2305.jpg,136,1,137,0.0073,6,31,32,0,0,0.0,0,0,0.0,0,0,0.0,0,0,0.0,0,0,0.0,0,0,0.0,0,0,0.0,0,0,0.0,0,0,0.0,0,0,0.0,0,19,0.0,0,0,0.0,0,0,0.0,0,0,0.0,0,0,0.0,0,0,0.0,0,0,0.0,0,0,0.0,0,0,0.0,0,0,0.0,0,0,0.0,0,21,0.0,0,0,0.0,0,0,0.0,0,0,0.0,0,23,0.0,1,22,0.0435,0,25,0.0,0,26,0.0,0,0,0.0,0,0,0.0,0,0,0.0
2026-04-03 21:40:20,test_2306.jpg,159,33,192,0.1719,6,31,32,0,0,0.0,0,0,0.0,0,0,0.0,0,0,0.0,0,0,0.0,0,0,0.0,0,0,0.0,0,0,0.0,0,0,0.0,0,0,0.0,1,25,0.0385,0,0,0.0,0,0,0.0,0,0,0.0,0,0,0.0,0,0,0.0,0,0,0.0,0,0,0.0,0,0,0.0,0,0,0.0,0,0,0.0,4,21,0.16,0,0,0.0,0,0,0.0,0,0,0.0,1,30,0.0323,1,27,0.0357,6,30,0.1667,20,26,0.4348,0,0,0.0,0,0,0.0,0,0,0.0
2026-04-03 21:40:20,test_2307.jpg,183,39,222,0.1757,7,31,32,0,0,0.0,0,0,0.0,0,0,0.0,0,0,0.0,0,0,0.0,0,0,0.0,0,0,0.0,0,0,0.0,0,0,0.0,0,0,0.0,0,0,0.0,0,0,0.0,0,0,0.0,0,0,0.0,0,0,0.0,0,0,0.0,0,0,0.0,0,0,0.0,0,0,0.0,0,0,0.0,0,0,0.0,11,51,0.1774,0,0,0.0,0,0,0.0,0,0,0.0,6,25,0.1935,7,25,0.2188,4,24,0.1429,6,35,0.1463,5,23,0.1786,0,0,0.0,0,0,0.0
2026-04-03 21:40:20,test_2308.jpg,234,61,295,0.2068,11,31,32,16,39,0.2909,0,3,0.0,0,0,0.0,0,0,0.0,0,0,0.0,0,0,0.0,0,0,0.0,0,0,0.0,0,0,0.0,0,0,0.0,7,36,0.1628,0,0,0.0,0,0,0.0,0,0,0.0,0,0,0.0,0,0,0.0,0,0,0.0,0,0,0.0,0,0,0.0,0,0,0.0,0,0,0.0,0,1,0.0,0,0,0.0,0,0,0.0,0,0,0.0,0,23,0.0,10,24,0.2941,10,19,0.3448,4,24,0.1429,10,26,0.2778,3,17,0.15,1,22,0.0435
2026-04-03 21:40:20,test_2309.jpg,153,16,169,0.0947,7,31,32,0,0,0.0,0,0,0.0,0,0,0.0,0,0,0.0,0,0,0.0,0,0,0.0,0,0,0.0,0,0,0.0,0,0,0.0,0,0,0.0,0,22,0.0,0,0,0.0,0,0,0.0,0,0,0.0,0,0,0.0,0,0,0.0,0,0,0.0,0,0,0.0,0,0,0.0,0,0,0.0,0,0,0.0,5,28,0.1515,0,0,0.0,0,0,0.0,0,0,0.0,1,20,0.0476,4,21,0.16,0,26,0.0,4,17,0.1905,2,19,0.0952,0,0,0.0,0,0,0.0
2026-04-03 21:40:20,test_231.jpg,183,64,247,0.2591,9,31,32,0,0,0.0,0,0,0.0,0,0,0.0,0,0,0.0,0,0,0.0,0,0,0.0,0,0,0.0,0,0,0.0,0,0,0.0,0,0,0.0,5,10,0.3333,0,0,0.0,0,0,0.0,0,0,0.0,0,0,0.0,0,0,0.0,0,0,0.0,0,0,0.0,0,0,0.0,0,0,0.0,0,0,0.0,10,19,0.3448,0,0,0.0,0,0,0.0,0,0,0.0,4,17,0.1905,5,30,0.1429,7,28,0.2,18,31,0.3673,10,6,0.625,4,30,0.1176,1,12,0.0769
2026-04-03 21:40:20,test_2310.jpg,88,18,106,0.1698,5,31,32,0,0,0.0,0,0,0.0,0,0,0.0,0,0,0.0,0,0,0.0,0,0,0.0,0,0,0.0,0,0,0.0,0,0,0.0,0,0,0.0,1,18,0.0526,0,0,0.0,0,0,0.0,0,0,0.0,0,0,0.0,0,0,0.0,0,0,0.0,0,0,0.0,0,0,0.0,0,0,0.0,0,0,0.0,4,13,0.2353,0,0,0.0,0,0,0.0,0,0,0.0,2,13,0.1333,4,23,0.1481,7,21,0.25,0,0,0.0,0,0,0.0,0,0,0.0,0,0,0.0
2026-04-03 21:40:20,test_2311.jpg,157,19,176,0.108,8,31,32,0,0,0.0,0,0,0.0,0,0,0.0,0,0,0.0,0,0,0.0,0,0,0.0,0,0,0.0,0,0,0.0,0,0,0.0,0,0,0.0,3,16,0.1579,0,0,0.0,0,0,0.0,0,0,0.0,0,0,0.0,0,0,0.0,0,0,0.0,0,0,0.0,0,0,0.0,0,0,0.0,0,0,0.0,1,21,0.0455,0,0,0.0,0,0,0.0,0,0,0.0,1,19,0.05,2,17,0.1053,1,21,0.0455,3,21,0.125,3,23,0.1154,5,19,0.2083,0,0,0.0
2026-04-03 21:40:20,test_2312.jpg,124,18,142,0.1268,5,31,32,0,0,0.0,0,0,0.0,0,0,0.0,0,0,0.0,0,0,0.0,0,0,0.0,0,0,0.0,0,0,0.0,0,0,0.0,0,0,0.0,2,14,0.125,0,0,0.0,0,0,0.0,0,0,0.0,0,0,0.0,0,0,0.0,0,0,0.0,0,0,0.0,0,0,0.0,0,0,0.0,0,0,0.0,0,25,0.0,0,0,0.0,0,0,0.0,0,0,0.0,0,25,0.0,16,36,0.3077,0,24,0.0,0,0,0.0,0,0,0.0,0,0,0.0,0,0,0.0
2026-04-03 21:40:20,test_2313.jpg,154,40,194,0.2062,4,31,32,0,0,0.0,0,0,0.0,0,0,0.0,0,0,0.0,0,0,0.0,0,0,0.0,0,0,0.0,0,0,0.0,0,0,0.0,0,0,0.0,13,43,0.2321,0,0,0.0,0,0,0.0,0,0,0.0,0,0,0.0,0,0,0.0,0,0,0.0,0,0,0.0,0,0,0.0,0,0,0.0,0,0,0.0,20,44,0.3125,0,0,0.0,0,0,0.0,0,0,0.0,2,33,0.0571,5,34,0.1282,0,0,0.0,0,0,0.0,0,0,0.0,0,0,0.0,0,0,0.0
2026-04-03 21:40:20,test_2314.jpg,138,9,147,0.0612,5,31,32,0,0,0.0,0,0,0.0,0,0,0.0,0,0,0.0,0,0,0.0,0,0,0.0,0,0,0.0,0,0,0.0,0,0,0.0,0,0,0.0,0,32,0.0,0,0,0.0,0,0,0.0,0,0,0.0,0,0,0.0,0,0,0.0,0,0,0.0,0,0,0.0,0,0,0.0,0,0,0.0,0,0,0.0,0,29,0.0,0,0,0.0,0,0,0.0,0,0,0.0,7,17,0.2917,2,31,0.0606,0,29,0.0,0,0,0.0,0,0,0.0,0,0,0.0,0,0,0.0
2026-04-03 21:40:20,test_2315.jpg,179,7,186,0.0376,5,31,32,0,0,0.0,0,0,0.0,0,0,0.0,0,0,0.0,0,0,0.0,0,0,0.0,0,0,0.0,0,0,0.0,0,0,0.0,0,0,0.0,3,28,0.0968,0,0,0.0,0,0,0.0,0,0,0.0,0,0,0.0,0,0,0.0,0,0,0.0,0,0,0.0,0,0,0.0,0,0,0.0,0,0,0.0,0,32,0.0,0,0,0.0,0,0,0.0,0,0,0.0,3,30,0.0909,0,62,0.0,1,27,0.0357,0,0,0.0,0,0,0.0,0,0,0.0,0,0,0.0
2026-04-03 21:40:20,test_2316.jpg,156,47,203,0.2315,10,31,32,6,16,0.2727,0,0,0.0,0,0,0.0,0,0,0.0,0,0,0.0,0,0,0.0,0,0,0.0,0,0,0.0,0,0,0.0,0,0,0.0,1,8,0.1111,0,0,0.0,0,0,0.0,0,0,0.0,0,0,0.0,0,0,0.0,0,0,0.0,0,0,0.0,0,0,0.0,0,0,0.0,0,0,0.0,10,20,0.3333,0,0,0.0,0,0,0.0,0,0,0.0,6,21,0.2222,10,26,0.2778,2,16,0.1111,2,16,0.1111,1,13,0.0714,0,0,0.0,9,20,0.3103
2026-04-03 21:40:20,test_2317.jpg,155,44,199,0.2211,8,31,32,0,0,0.0,0,0,0.0,0,0,0.0,0,0,0.0,0,0,0.0,0,0,0.0,0,0,0.0,0,0,0.0,0,0,0.0,0,0,0.0,1,19,0.05,0,0,0.0,0,0,0.0,0,0,0.0,0,0,0.0,0,0,0.0,0,0,0.0,0,0,0.0,0,0,0.0,0,0,0.0,0,0,0.0,1,21,0.0455,0,0,0.0,0,0,0.0,0,0,0.0,3,29,0.0938,2,21,0.087,2,19,0.0952,13,14,0.4815,16,20,0.4444,6,12,0.3333,0,0,0.0
2026-04-03 21:40:20,test_2318.jpg,140,0,140,0.0,13,31,32,0,10,0.0,0,10,0.0,0,13,0.0,0,22,0.0,0,0,0.0,0,0,0.0,0,0,0.0,0,0,0.0,0,0,0.0,0,0,0.0,0,8,0.0,0,0,0.0,0,0,0.0,0,0,0.0,0,0,0.0,0,0,0.0,0,0,0.0,0,0,0.0,0,0,0.0,0,0,0.0,0,0,0.0,0,12,0.0,0,0,0.0,0,0,0.0,0,0,0.0,0,9,0.0,0,9,0.0,0,9,0.0,0,9,0.0,0,10,0.0,0,9,0.0,0,10,0.0
2026-04-03 21:40:20,test_2319.jpg,168,18,186,0.0968,13,31,32,2,12,0.1429,1,12,0.0769,3,19,0.1364,1,13,0.0714,0,0,0.0,0,0,0.0,0,0,0.0,0,0,0.0,0,0,0.0,0,0,0.0,0,15,0.0,0,0,0.0,0,0,0.0,0,0,0.0,0,0,0.0,0,0,0.0,0,0,0.0,0,0,0.0,0,0,0.0,0,0,0.0,0,0,0.0,0,12,0.0,0,0,0.0,0,0,0.0,0,0,0.0,5,10,0.3333,3,14,0.1765,0,13,0.0,0,13,0.0,0,12,0.0,1,11,0.0833,2,12,0.1429
2026-04-03 21:40:20,test_232.jpg,72,20,92,0.2174,6,31,32,0,0,0.0,0,0,0.0,0,0,0.0,0,0,0.0,0,0,0.0,0,0,0.0,0,0,0.0,0,0,0.0,0,0,0.0,0,0,0.0,0,16,0.0,0,0,0.0,0,0,0.0,0,0,0.0,0,0,0.0,0,0,0.0,0,0,0.0,0,0,0.0,0,0,0.0,0,0,0.0,0,0,0.0,1,17,0.0556,0,0,0.0,0,0,0.0,0,0,0.0,8,16,0.3333,2,7,0.2222,4,7,0.3636,5,9,0.3571,0,0,0.0,0,0,0.0,0,0,0.0
2026-04-03 21:40:20,test_2320.jpg,129,38,167,0.2275,9,31,32,0,0,0.0,0,0,0.0,0,0,0.0,0,0,0.0,0,0,0.0,0,0,0.0,0,0,0.0,0,0,0.0,0,0,0.0,0,0,0.0,4,12,0.25,0,0,0.0,0,0,0.0,0,0,0.0,0,0,0.0,0,0,0.0,0,0,0.0,0,0,0.0,0,0,0.0,0,0,0.0,0,0,0.0,0,13,0.0,0,0,0.0,0,0,0.0,0,0,0.0,3,8,0.2727,0,12,0.0,7,16,0.3043,2,13,0.1333,0,18,0.0,10,20,0.3333,12,17,0.4138
2026-04-03 21:40:20,test_2321.jpg,57,6,63,0.0952,4,31,32,0,0,0.0,0,0,0.0,0,0,0.0,0,0,0.0,0,0,0.0,0,0,0.0,0,0,0.0,0,0,0.0,0,0,0.0,0,0,0.0,3,14,0.1765,0,0,0.0,0,0,0.0,0,0,0.0,0,0,0.0,0,0,0.0,0,0,0.0,0,0,0.0,0,0,0.0,0,0,0.0,0,0,0.0,3,16,0.1579,0,0,0.0,0,0,0.0,0,0,0.0,0,27,0.0,0,0,0.0,0,0,0.0,0,0,0.0,0,0,0.0,0,0,0.0,0,0,0.0
2026-04-03 21:40:20,test_2322.jpg,144,2,146,0.0137,7,31,32,0,0,0.0,0,0,0.0,0,0,0.0,0,0,0.0,0,0,0.0,0,0,0.0,0,0,0.0,0,0,0.0,0,0,0.0,0,0,0.0,0,33,0.0,0,0,0.0,0,0,0.0,0,0,0.0,0,0,0.0,0,0,0.0,0,0,0.0,0,0,0.0,0,0,0.0,0,0,0.0,0,0,0.0,0,21,0.0,0,0,0.0,0,0,0.0,0,0,0.0,0,18,0.0,0,19,0.0,0,21,0.0,1,23,0.0417,1,9,0.1,0,0,0.0,0,0,0.0
2026-04-03 21:40:20,test_2323.jpg,147,25,172,0.1453,7,31,32,0,0,0.0,0,0,0.0,0,0,0.0,0,0,0.0,0,0,0.0,0,0,0.0,0,0,0.0,0,0,0.0,0,0,0.0,0,0,0.0,3,18,0.1429,0,0,0.0,0,0,0.0,0,0,0.0,0,0,0.0,0,0,0.0,0,0,0.0,0,0,0.0,0,0,0.0,0,0,0.0,0,0,0.0,3,18,0.1429,0,0,0.0,0,0,0.0,0,0,0.0,5,22,0.1852,3,21,0.125,3,21,0.125,1,22,0.0435,7,25,0.2188,0,0,0.0,0,0,0.0
2026-04-03 21:40:20,test_2324.jpg,120,53,173,0.3064,7,31,32,0,0,0.0,0,0,0.0,0,0,0.0,0,0,0.0,0,0,0.0,0,0,0.0,0,0,0.0,0,0,0.0,0,0,0.0,0,0,0.0,1,17,0.0556,0,0,0.0,0,0,0.0,0,0,0.0,0,0,0.0,0,0,0.0,0,0,0.0,0,0,0.0,0,0,0.0,0,0,0.0,0,0,0.0,7,18,0.28,0,0,0.0,0,0,0.0,0,0,0.0,4,18,0.1818,12,16,0.4286,13,20,0.3939,7,15,0.3182,9,16,0.36,0,0,0.0,0,0,0.0
2026-04-03 21:40:20,test_2325.jpg,251,9,260,0.0346,20,31,32,0,13,0.0,0,13,0.0,4,11,0.2667,1,12,0.0769,1,17,0.0556,0,24,0.0,3,27,0.1,0,5,0.0,0,0,0.0,0,0,0.0,0,0,0.0,0,12,0.0,0,0,0.0,0,0,0.0,0,0,0.0,0,0,0.0,0,0,0.0,0,0,0.0,0,0,0.0,0,0,0.0,0,0,0.0,0,26,0.0,0,0,0.0,0,0,0.0,0,0,0.0,0,13,0.0,0,13,0.0,0,13,0.0,0,13,0.0,0,13,0.0,0,13,0.0,0,13,0.0
2026-04-03 21:40:20,test_2326.jpg,148,13,161,0.0807,10,31,32,3,5,0.375,0,0,0.0,0,0,0.0,0,0,0.0,0,0,0.0,0,0,0.0,0,0,0.0,0,0,0.0,0,0,0.0,0,0,0.0,0,0,0.0,0,0,0.0,0,0,0.0,0,0,0.0,0,0,0.0,0,0,0.0,0,0,0.0,0,0,0.0,0,0,0.0,0,0,0.0,0,0,0.0,1,26,0.037,0,0,0.0,0,0,0.0,0,0,0.0,0,13,0.0,2,6,0.25,0,13,0.0,2,11,0.1538,2,14,0.125,1,22,0.0435,2,38,0.05
2026-04-03 21:40:20,test_2327.jpg,136,41,177,0.2316,9,31,32,0,0,0.0,0,0,0.0,0,0,0.0,0,0,0.0,0,0,0.0,0,0,0.0,0,0,0.0,0,0,0.0,0,0,0.0,0,0,0.0,1,13,0.0714,0,0,0.0,0,0,0.0,0,0,0.0,0,0,0.0,0,0,0.0,0,0,0.0,0,0,0.0,0,0,0.0,0,0,0.0,0,0,0.0,1,19,0.05,0,0,0.0,0,0,0.0,0,0,0.0,10,18,0.3571,5,19,0.2083,5,18,0.2174,6,8,0.4286,4,14,0.2222,8,26,0.2353,1,1,0.5
2026-04-03 21:40:20,test_2328.jpg,141,29,170,0.1706,7,31,32,0,0,0.0,0,0,0.0,0,0,0.0,0,0,0.0,0,0,0.0,0,0,0.0,0,0,0.0,0,0,0.0,0,0,0.0,0,0,0.0,1,15,0.0625,0,0,0.0,0,0,0.0,0,0,0.0,0,0,0.0,0,0,0.0,0,0,0.0,0,0,0.0,0,0,0.0,0,0,0.0,0,0,0.0,2,22,0.0833,0,0,0.0,0,0,0.0,0,0,0.0,2,29,0.0645,3,26,0.1034,8,20,0.2857,11,19,0.3667,2,10,0.1667,0,0,0.0,0,0,0.0
2026-04-03 21:40:20,test_2329.jpg,139,3,142,0.0211,7,31,32,0,0,0.0,0,0,0.0,0,0,0.0,0,0,0.0,0,0,0.0,0,0,0.0,0,0,0.0,0,0,0.0,0,0,0.0,0,0,0.0,1,16,0.0588,0,0,0.0,0,0,0.0,0,0,0.0,0,0,0.0,0,0,0.0,0,0,0.0,0,0,0.0,0,0,0.0,0,0,0.0,0,0,0.0,1,18,0.0526,0,0,0.0,0,0,0.0,0,0,0.0,0,19,0.0,1,19,0.05,0,22,0.0,0,24,0.0,0,21,0.0,0,0,0.0,0,0,0.0
2026-04-03 21:40:20,test_233.jpg,129,13,142,0.0915,6,31,32,0,0,0.0,0,0,0.0,0,0,0.0,0,0,0.0,0,0,0.0,0,0,0.0,0,0,0.0,0,0,0.0,0,0,0.0,0,0,0.0,5,24,0.1724,0,0,0.0,0,0,0.0,0,0,0.0,0,0,0.0,0,0,0.0,0,0,0.0,0,0,0.0,0,0,0.0,0,0,0.0,0,0,0.0,1,23,0.0417,0,0,0.0,0,0,0.0,0,0,0.0,0,20,0.0,1,21,0.0455,4,21,0.16,2,20,0.0909,0,0,0.0,0,0,0.0,0,0,0.0
2026-04-03 21:40:20,test_2330.jpg,180,136,316,0.4304,6,31,32,0,0,0.0,0,0,0.0,0,0,0.0,0,0,0.0,0,0,0.0,0,0,0.0,0,0,0.0,0,0,0.0,0,0,0.0,0,0,0.0,0,17,0.0,0,0,0.0,0,0,0.0,0,0,0.0,0,0,0.0,0,0,0.0,0,0,0.0,0,0,0.0,0,0,0.0,0,0,0.0,0,0,0.0,0,23,0.0,0,0,0.0,0,0,0.0,0,0,0.0,7,47,0.1296,20,38,0.3448,56,29,0.6588,53,26,0.6709,0,0,0.0,0,0,0.0,0,0,0.0
2026-04-03 21:40:20,test_2331.jpg,125,56,181,0.3094,6,31,32,0,0,0.0,0,0,0.0,0,0,0.0,0,0,0.0,0,0,0.0,0,0,0.0,0,0,0.0,0,0,0.0,0,0,0.0,0,0,0.0,1,14,0.0667,0,0,0.0,0,0,0.0,0,0,0.0,0,0,0.0,0,0,0.0,0,0,0.0,0,0,0.0,0,0,0.0,0,0,0.0,0,0,0.0,1,17,0.0556,0,0,0.0,0,0,0.0,0,0,0.0,1,22,0.0435,8,23,0.2581,21,25,0.4565,24,24,0.5,0,0,0.0,0,0,0.0,0,0,0.0
2026-04-03 21:40:20,test_2332.jpg,127,19,146,0.1301,6,31,32,0,0,0.0,0,0,0.0,0,0,0.0,0,0,0.0,0,0,0.0,0,0,0.0,0,0,0.0,0,0,0.0,0,0,0.0,0,0,0.0,7,20,0.2593,0,0,0.0,0,0,0.0,0,0,0.0,0,0,0.0,0,0,0.0,0,0,0.0,0,0,0.0,0,0,0.0,0,0,0.0,0,0,0.0,2,26,0.0714,0,0,0.0,0,0,0.0,0,0,0.0,5,28,0.1515,3,15,0.1667,1,19,0.05,1,19,0.05,0,0,0.0,0,0,0.0,0,0,0.0
2026-04-03 21:40:20,test_2333.jpg,146,157,303,0.5182,4,31,32,0,0,0.0,0,0,0.0,0,0,0.0,0,0,0.0,0,0,0.0,0,0,0.0,0,0,0.0,0,0,0.0,0,0,0.0,0,0,0.0,10,21,0.3226,0,0,0.0,0,0,0.0,0,0,0.0,0,0,0.0,0,0,0.0,0,0,0.0,0,0,0.0,0,0,0.0,0,0,0.0,0,0,0.0,4,31,0.1143,0,0,0.0,0,0,0.0,0,0,0.0,86,54,0.6143,57,40,0.5876,0,0,0.0,0,0,0.0,0,0,0.0,0,0,0.0,0,0,0.0
2026-04-03 21:40:20,test_2334.jpg,157,60,217,0.2765,5,31,32,0,0,0.0,0,0,0.0,0,0,0.0,0,0,0.0,0,0,0.0,0,0,0.0,0,0,0.0,0,0,0.0,0,0,0.0,0,0,0.0,7,28,0.2,0,0,0.0,0,0,0.0,0,0,0.0,0,0,0.0,0,0,0.0,0,0,0.0,0,0,0.0,0,0,0.0,0,0,0.0,0,0,0.0,7,28,0.2,0,0,0.0,0,0,0.0,0,0,0.0,8,28,0.2222,18,34,0.3462,20,39,0.339,0,0,0.0,0,0,0.0,0,0,0.0,0,0,0.0
2026-04-03 21:40:20,test_2335.jpg,136,40,176,0.2273,7,31,32,0,0,0.0,0,0,0.0,0,0,0.0,0,0,0.0,0,0,0.0,0,0,0.0,0,0,0.0,0,0,0.0,0,0,0.0,0,0,0.0,8,20,0.2857,0,0,0.0,0,0,0.0,0,0,0.0,0,0,0.0,0,0,0.0,0,0,0.0,0,0,0.0,0,0,0.0,0,0,0.0,0,0,0.0,0,14,0.0,0,0,0.0,0,0,0.0,0,0,0.0,4,17,0.1905,0,17,0.0,0,12,0.0,2,11,0.1538,26,45,0.3662,0,0,0.0,0,0,0.0
2026-04-03 21:40:20,test_2336.jpg,133,30,163,0.184,11,31,32,0,6,0.0,0,6,0.0,0,0,0.0,0,0,0.0,0,0,0.0,0,0,0.0,0,0,0.0,0,0,0.0,0,0,0.0,0,0,0.0,4,21,0.16,0,0,0.0,0,0,0.0,0,0,0.0,0,0,0.0,0,0,0.0,0,0,0.0,0,0,0.0,0,0,0.0,0,0,0.0,0,0,0.0,4,21,0.16,0,0,0.0,0,0,0.0,0,0,0.0,4,17,0.1905,1,21,0.0455,6,18,0.25,4,4,0.5,3,8,0.2727,2,5,0.2857,2,6,0.25
2026-04-03 21:40:20,test_2337.jpg,126,44,170,0.2588,4,31,32,0,0,0.0,0,0,0.0,0,0,0.0,0,0,0.0,0,0,0.0,0,0,0.0,0,0,0.0,0,0,0.0,0,0,0.0,0,0,0.0,0,21,0.0,0,0,0.0,0,0,0.0,0,0,0.0,0,0,0.0,0,0,0.0,0,0,0.0,0,0,0.0,0,0,0.0,0,0,0.0,0,0,0.0,6,42,0.125,0,0,0.0,0,0,0.0,0,0,0.0,20,42,0.3226,18,21,0.4615,0,0,0.0,0,0,0.0,0,0,0.0,0,0,0.0,0,0,0.0
2026-04-03 21:40:20,test_2338.jpg,119,15,134,0.1119,6,31,32,0,0,0.0,0,0,0.0,0,0,0.0,0,0,0.0,0,0,0.0,0,0,0.0,0,0,0.0,0,0,0.0,0,0,0.0,0,0,0.0,3,15,0.1667,0,0,0.0,0,0,0.0,0,0,0.0,0,0,0.0,0,0,0.0,0,0,0.0,0,0,0.0,0,0,0.0,0,0,0.0,0,0,0.0,1,19,0.05,0,0,0.0,0,0,0.0,0,0,0.0,4,18,0.1818,1,29,0.0333,4,18,0.1818,2,20,0.0909,0,0,0.0,0,0,0.0,0,0,0.0
2026-04-03 21:40:20,test_2339.jpg,130,26,156,0.1667,14,31,32,2,8,0.2,0,7,0.0,4,15,0.2105,4,15,0.2105,4,17,0.1905,0,0,0.0,0,0,0.0,0,0,0.0,0,0,0.0,0,0,0.0,0,10,0.0,0,0,0.0,0,0,0.0,0,0,0.0,0,0,0.0,0,0,0.0,0,0,0.0,0,0,0.0,0,0,0.0,0,0,0.0,0,0,0.0,0,0,0.0,0,0,0.0,0,0,0.0,0,0,0.0,3,5,0.375,4,8,0.3333,0,6,0.0,5,13,0.2778,0,7,0.0,0,5,0.0,0,14,0.0
2026-04-03 21:40:20,test_234.jpg,134,7,141,0.0496,10,31,32,0,9,0.0,0,0,0.0,0,0,0.0,0,0,0.0,0,0,0.0,0,0,0.0,0,0,0.0,0,0,0.0,0,0,0.0,0,0,0.0,1,13,0.0714,0,0,0.0,0,0,0.0,0,0,0.0,0,0,0.0,0,0,0.0,0,0,0.0,0,0,0.0,0,0,0.0,0,0,0.0,0,0,0.0,3,15,0.1667,0,0,0.0,0,0,0.0,0,0,0.0,1,12,0.0769,0,15,0.0,0,15,0.0,1,12,0.0769,0,17,0.0,1,8,0.1111,0,18,0.0
2026-04-03 21:40:20,test_2340.jpg,131,34,165,0.2061,11,31,32,3,16,0.1579,3,15,0.1667,0,0,0.0,0,0,0.0,0,0,0.0,0,0,0.0,0,0,0.0,0,0,0.0,0,0,0.0,0,0,0.0,0,7,0.0,0,0,0.0,0,0,0.0,0,0,0.0,0,0,0.0,0,0,0.0,0,0,0.0,0,0,0.0,0,0,0.0,0,0,0.0,0,0,0.0,0,0,0.0,0,0,0.0,0,0,0.0,0,0,0.0,3,15,0.1667,2,11,0.1538,6,12,0.3333,2,13,0.1333,7,15,0.3182,5,14,0.2632,3,13,0.1875
2026-04-03 21:40:20,test_2341.jpg,152,35,187,0.1872,6,31,32,0,0,0.0,0,0,0.0,0,0,0.0,0,0,0.0,0,0,0.0,0,0,0.0,0,0,0.0,0,0,0.0,0,0,0.0,0,0,0.0,4,15,0.2105,0,0,0.0,0,0,0.0,0,0,0.0,0,0,0.0,0,0,0.0,0,0,0.0,0,0,0.0,0,0,0.0,0,0,0.0,0,0,0.0,8,36,0.1818,0,0,0.0,0,0,0.0,0,0,0.0,3,27,0.1,4,26,0.1333,7,25,0.2188,9,23,0.2812,0,0,0.0,0,0,0.0,0,0,0.0
2026-04-03 21:40:20,test_2342.jpg,300,118,418,0.2823,12,31,32,28,20,0.5833,19,26,0.4222,0,7,0.0,0,0,0.0,0,0,0.0,0,0,0.0,0,0,0.0,0,0,0.0,0,0,0.0,0,0,0.0,0,0,0.0,0,0,0.0,0,0,0.0,0,0,0.0,0,0,0.0,0,0,0.0,0,0,0.0,0,0,0.0,0,0,0.0,0,0,0.0,0,0,0.0,6,31,0.1622,0,0,0.0,0,0,0.0,0,0,0.0,0,17,0.0,2,19,0.0952,3,29,0.0938,3,37,0.075,3,42,0.0667,19,46,0.2923,35,26,0.5738
2026-04-03 21:40:20,test_2343.jpg,163,86,249,0.3454,7,31,32,0,0,0.0,0,0,0.0,0,0,0.0,0,0,0.0,0,0,0.0,0,0,0.0,0,0,0.0,0,0,0.0,0,0,0.0,0,0,0.0,2,7,0.2222,0,0,0.0,0,0,0.0,0,0,0.0,0,0,0.0,0,0,0.0,0,0,0.0,0,0,0.0,0,0,0.0,0,0,0.0,0,0,0.0,13,37,0.26,0,0,0.0,0,0,0.0,0,0,0.0,6,27,0.1818,4,22,0.1538,21,21,0.5,17,25,0.4048,23,24,0.4894,0,0,0.0,0,0,0.0
2026-04-03 21:40:20,test_2344.jpg,139,28,167,0.1677,7,31,32,0,0,0.0,0,0,0.0,0,0,0.0,0,0,0.0,0,0,0.0,0,0,0.0,0,0,0.0,0,0,0.0,0,0,0.0,0,0,0.0,3,19,0.1364,0,0,0.0,0,0,0.0,0,0,0.0,0,0,0.0,0,0,0.0,0,0,0.0,0,0,0.0,0,0,0.0,0,0,0.0,0,0,0.0,3,21,0.125,0,0,0.0,0,0,0.0,0,0,0.0,3,21,0.125,3,19,0.1364,5,19,0.2083,5,22,0.1852,6,18,0.25,0,0,0.0,0,0,0.0
2026-04-03 21:40:20,test_2345.jpg,152,26,178,0.1461,8,31,32,0,0,0.0,0,0,0.0,0,0,0.0,0,0,0.0,0,0,0.0,0,0,0.0,0,0,0.0,0,0,0.0,0,0,0.0,0,0,0.0,0,15,0.0,0,0,0.0,0,0,0.0,0,0,0.0,0,0,0.0,0,0,0.0,0,0,0.0,0,0,0.0,0,0,0.0,0,0,0.0,0,0,0.0,10,35,0.2222,0,0,0.0,0,0,0.0,0,0,0.0,0,21,0.0,0,23,0.0,1,12,0.0769,1,13,0.0714,12,23,0.3429,2,10,0.1667,0,0,0.0
2026-04-03 21:40:20,test_2346.jpg,123,49,172,0.2849,6,31,32,0,0,0.0,0,0,0.0,0,0,0.0,0,0,0.0,0,0,0.0,0,0,0.0,0,0,0.0,0,0,0.0,0,0,0.0,0,0,0.0,0,2,0.0,0,0,0.0,0,0,0.0,0,0,0.0,0,0,0.0,0,0,0.0,0,0,0.0,0,0,0.0,0,0,0.0,0,0,0.0,0,0,0.0,4,31,0.1143,0,0,0.0,0,0,0.0,0,0,0.0,5,21,0.1923,15,33,0.3125,8,20,0.2857,17,16,0.5152,0,0,0.0,0,0,0.0,0,0,0.0
2026-04-03 21:40:20,test_2347.jpg,114,64,178,0.3596,11,31,32,1,9,0.1,0,8,0.0,0,0,0.0,0,0,0.0,0,0,0.0,0,0,0.0,0,0,0.0,0,0,0.0,0,0,0.0,0,0,0.0,5,11,0.3125,0,0,0.0,0,0,0.0,0,0,0.0,0,0,0.0,0,0,0.0,0,0,0.0,0,0,0.0,0,0,0.0,0,0,0.0,0,0,0.0,5,10,0.3333,0,0,0.0,0,0,0.0,0,0,0.0,12,13,0.48,5,8,0.3846,7,13,0.35,12,9,0.5714,8,12,0.4,2,7,0.2222,7,14,0.3333
2026-04-03 21:40:20,test_2348.jpg,120,26,146,0.1781,7,31,32,0,0,0.0,0,0,0.0,0,0,0.0,0,0,0.0,0,0,0.0,0,0,0.0,0,0,0.0,0,0,0.0,0,0,0.0,0,0,0.0,4,12,0.25,0,0,0.0,0,0,0.0,0,0,0.0,0,0,0.0,0,0,0.0,0,0,0.0,0,0,0.0,0,0,0.0,0,0,0.0,0,0,0.0,3,24,0.1111,0,0,0.0,0,0,0.0,0,0,0.0,3,9,0.25,0,11,0.0,2,22,0.0833,12,25,0.3243,2,17,0.1053,0,0,0.0,0,0,0.0
2026-04-03 21:40:20,test_2349.jpg,107,32,139,0.2302,9,31,32,0,0,0.0,0,0,0.0,0,0,0.0,0,0,0.0,0,0,0.0,0,0,0.0,0,0,0.0,0,0,0.0,0,0,0.0,0,0,0.0,2,10,0.1667,0,0,0.0,0,0,0.0,0,0,0.0,0,0,0.0,0,0,0.0,0,0,0.0,0,0,0.0,0,0,0.0,0,0,0.0,0,0,0.0,4,10,0.2857,0,0,0.0,0,0,0.0,0,0,0.0,2,12,0.1429,4,10,0.2857,3,14,0.1765,3,12,0.2,6,11,0.3529,5,14,0.2632,3,14,0.1765
2026-04-03 21:40:20,test_235.jpg,172,52,224,0.2321,7,31,32,0,0,0.0,0,0,0.0,0,0,0.0,0,0,0.0,0,0,0.0,0,0,0.0,0,0,0.0,0,0,0.0,0,0,0.0,0,0,0.0,0,26,0.0,0,0,0.0,0,0,0.0,0,0,0.0,0,0,0.0,0,0,0.0,0,0,0.0,0,0,0.0,0,0,0.0,0,0,0.0,0,0,0.0,21,40,0.3443,0,0,0.0,0,0,0.0,0,0,0.0,8,27,0.2286,5,18,0.2174,5,28,0.1515,13,20,0.3939,0,13,0.0,0,0,0.0,0,0,0.0
2026-04-03 21:40:20,test_2350.jpg,145,40,185,0.2162,6,31,32,0,0,0.0,0,0,0.0,0,0,0.0,0,0,0.0,0,0,0.0,0,0,0.0,0,0,0.0,0,0,0.0,0,0,0.0,0,0,0.0,0,25,0.0,0,0,0.0,0,0,0.0,0,0,0.0,0,0,0.0,0,0,0.0,0,0,0.0,0,0,0.0,0,0,0.0,0,0,0.0,0,0,0.0,9,28,0.2432,0,0,0.0,0,0,0.0,0,0,0.0,5,24,0.1724,3,32,0.0857,16,31,0.3404,7,5,0.5833,0,0,0.0,0,0,0.0,0,0,0.0
2026-04-03 21:40:20,test_2351.jpg,240,129,369,0.3496,7,31,32,0,0,0.0,0,0,0.0,0,0,0.0,0,0,0.0,0,0,0.0,0,0,0.0,0,0,0.0,0,0,0.0,0,0,0.0,0,0,0.0,1,35,0.0278,0,0,0.0,0,0,0.0,0,0,0.0,0,0,0.0,0,0,0.0,0,0,0.0,0,0,0.0,0,0,0.0,0,0,0.0,0,0,0.0,8,34,0.1905,0,0,0.0,0,0,0.0,0,0,0.0,14,41,0.2545,8,44,0.1538,33,35,0.4853,45,31,0.5921,20,20,0.5,0,0,0.0,0,0,0.0
2026-04-03 21:40:20,test_2352.jpg,150,39,189,0.2063,6,31,32,0,0,0.0,0,0,0.0,0,0,0.0,0,0,0.0,0,0,0.0,0,0,0.0,0,0,0.0,0,0,0.0,0,0,0.0,0,0,0.0,0,11,0.0,0,0,0.0,0,0,0.0,0,0,0.0,0,0,0.0,0,0,0.0,0,0,0.0,0,0,0.0,0,0,0.0,0,0,0.0,0,0,0.0,0,19,0.0,0,0,0.0,0,0,0.0,0,0,0.0,3,34,0.0811,12,22,0.3529,21,36,0.3684,3,28,0.0968,0,0,0.0,0,0,0.0,0,0,0.0
2026-04-03 21:40:20,test_2353.jpg,155,36,191,0.1885,7,31,32,0,0,0.0,0,0,0.0,0,0,0.0,0,0,0.0,0,0,0.0,0,0,0.0,0,0,0.0,0,0,0.0,0,0,0.0,0,0,0.0,3,29,0.0938,0,0,0.0,0,0,0.0,0,0,0.0,0,0,0.0,0,0,0.0,0,0,0.0,0,0,0.0,0,0,0.0,0,0,0.0,0,0,0.0,4,24,0.1429,0,0,0.0,0,0,0.0,0,0,0.0,0,29,0.0,3,22,0.12,5,21,0.1923,10,16,0.3846,11,14,0.44,0,0,0.0,0,0,0.0
2026-04-03 21:40:20,test_2354.jpg,297,36,333,0.1081,18,31,32,0,16,0.0,1,32,0.0303,11,16,0.4074,0,20,0.0,7,18,0.28,0,17,0.0,0,0,0.0,7,20,0.2593,4,16,0.2,0,0,0.0,0,6,0.0,0,0,0.0,0,0,0.0,0,0,0.0,0,0,0.0,0,0,0.0,0,0,0.0,0,0,0.0,0,0,0.0,0,0,0.0,0,0,0.0,4,28,0.125,0,0,0.0,0,0,0.0,0,0,0.0,1,14,0.0667,0,15,0.0,1,15,0.0625,0,16,0.0,0,16,0.0,0,16,0.0,0,16,0.0
2026-04-03 21:40:20,test_2355.jpg,137,32,169,0.1893,6,31,32,0,0,0.0,0,0,0.0,0,0,0.0,0,0,0.0,0,0,0.0,0,0,0.0,0,0,0.0,0,0,0.0,0,0,0.0,0,0,0.0,2,12,0.1429,0,0,0.0,0,0,0.0,0,0,0.0,0,0,0.0,0,0,0.0,0,0,0.0,0,0,0.0,0,0,0.0,0,0,0.0,0,0,0.0,0,23,0.0,0,0,0.0,0,0,0.0,0,0,0.0,4,19,0.1739,2,27,0.069,5,22,0.1852,19,34,0.3585,0,0,0.0,0,0,0.0,0,0,0.0
2026-04-03 21:40:20,test_2356.jpg,126,11,137,0.0803,8,31,32,0,0,0.0,0,0,0.0,0,0,0.0,0,0,0.0,0,0,0.0,0,0,0.0,0,0,0.0,0,0,0.0,0,0,0.0,0,0,0.0,1,17,0.0556,0,0,0.0,0,0,0.0,0,0,0.0,0,0,0.0,0,0,0.0,0,0,0.0,0,0,0.0,0,0,0.0,0,0,0.0,0,0,0.0,0,15,0.0,0,0,0.0,0,0,0.0,0,0,0.0,1,19,0.05,0,19,0.0,0,10,0.0,4,14,0.2222,2,17,0.1053,3,15,0.1667,0,0,0.0
2026-04-03 21:40:20,test_2357.jpg,93,18,111,0.1622,8,31,32,0,0,0.0,0,0,0.0,0,0,0.0,0,0,0.0,0,0,0.0,0,0,0.0,0,0,0.0,0,0,0.0,0,0,0.0,0,0,0.0,0,9,0.0,0,0,0.0,0,0,0.0,0,0,0.0,0,0,0.0,0,0,0.0,0,0,0.0,0,0,0.0,0,0,0.0,0,0,0.0,0,0,0.0,2,8,0.2,0,0,0.0,0,0,0.0,0,0,0.0,5,11,0.3125,7,9,0.4375,2,14,0.125,2,12,0.1429,0,17,0.0,0,13,0.0,0,0,0.0
2026-04-03 21:40:20,test_2358.jpg,135,21,156,0.1346,5,31,32,0,0,0.0,0,0,0.0,0,0,0.0,0,0,0.0,0,0,0.0,0,0,0.0,0,0,0.0,0,0,0.0,0,0,0.0,0,0,0.0,3,7,0.3,0,0,0.0,0,0,0.0,0,0,0.0,0,0,0.0,0,0,0.0,0,0,0.0,0,0,0.0,0,0,0.0,0,0,0.0,0,0,0.0,7,36,0.1628,0,0,0.0,0,0,0.0,0,0,0.0,0,30,0.0,6,26,0.1875,5,36,0.122,0,0,0.0,0,0,0.0,0,0,0.0,0,0,0.0
2026-04-03 21:40:20,test_2359.jpg,171,34,205,0.1659,8,31,32,0,0,0.0,0,0,0.0,0,0,0.0,0,0,0.0,0,0,0.0,0,0,0.0,0,0,0.0,0,0,0.0,0,0,0.0,0,0,0.0,0,23,0.0,0,0,0.0,0,0,0.0,0,0,0.0,0,0,0.0,0,0,0.0,0,0,0.0,0,0,0.0,0,0,0.0,0,0,0.0,0,0,0.0,2,15,0.1176,0,0,0.0,0,0,0.0,0,0,0.0,5,12,0.2941,3,17,0.15,7,17,0.2917,2,17,0.1053,3,18,0.1429,12,52,0.1875,0,0,0.0
2026-04-03 21:40:20,test_236.jpg,205,48,253,0.1897,7,31,32,0,0,0.0,0,0,0.0,0,0,0.0,0,0,0.0,0,0,0.0,0,0,0.0,0,0,0.0,0,0,0.0,0,0,0.0,0,0,0.0,2,21,0.087,0,0,0.0,0,0,0.0,0,0,0.0,0,0,0.0,0,0,0.0,0,0,0.0,0,0,0.0,0,0,0.0,0,0,0.0,0,0,0.0,1,21,0.0455,0,0,0.0,0,0,0.0,0,0,0.0,7,23,0.2333,4,34,0.1053,5,31,0.1389,20,43,0.3175,9,32,0.2195,0,0,0.0,0,0,0.0
2026-04-03 21:40:20,test_2360.jpg,151,16,167,0.0958,8,31,32,0,0,0.0,0,0,0.0,0,0,0.0,0,0,0.0,0,0,0.0,0,0,0.0,0,0,0.0,0,0,0.0,0,0,0.0,0,0,0.0,2,24,0.0769,0,0,0.0,0,0,0.0,0,0,0.0,0,0,0.0,0,0,0.0,0,0,0.0,0,0,0.0,0,0,0.0,0,0,0.0,0,0,0.0,0,10,0.0,0,0,0.0,0,0,0.0,0,0,0.0,0,10,0.0,2,16,0.1111,8,22,0.2667,4,25,0.1379,0,24,0.0,0,20,0.0,0,0,0.0
2026-04-03 21:40:20,test_2361.jpg,148,32,180,0.1778,6,31,32,0,0,0.0,0,0,0.0,0,0,0.0,0,0,0.0,0,0,0.0,0,0,0.0,0,0,0.0,0,0,0.0,0,0,0.0,0,0,0.0,3,24,0.1111,0,0,0.0,0,0,0.0,0,0,0.0,0,0,0.0,0,0,0.0,0,0,0.0,0,0,0.0,0,0,0.0,0,0,0.0,0,0,0.0,3,25,0.1071,0,0,0.0,0,0,0.0,0,0,0.0,6,23,0.2069,13,21,0.3824,2,37,0.0513,5,18,0.2174,0,0,0.0,0,0,0.0,0,0,0.0
2026-04-03 21:40:20,test_2362.jpg,123,19,142,0.1338,6,31,32,0,0,0.0,0,0,0.0,0,0,0.0,0,0,0.0,0,0,0.0,0,0,0.0,0,0,0.0,0,0,0.0,0,0,0.0,0,0,0.0,3,19,0.1364,0,0,0.0,0,0,0.0,0,0,0.0,0,0,0.0,0,0,0.0,0,0,0.0,0,0,0.0,0,0,0.0,0,0,0.0,0,0,0.0,2,21,0.087,0,0,0.0,0,0,0.0,0,0,0.0,0,17,0.0,1,23,0.0417,7,22,0.2414,6,21,0.2222,0,0,0.0,0,0,0.0,0,0,0.0
2026-04-03 21:40:20,test_2363.jpg,126,25,151,0.1656,4,31,32,0,0,0.0,0,0,0.0,0,0,0.0,0,0,0.0,0,0,0.0,0,0,0.0,0,0,0.0,0,0,0.0,0,0,0.0,0,0,0.0,1,21,0.0455,0,0,0.0,0,0,0.0,0,0,0.0,0,0,0.0,0,0,0.0,0,0,0.0,0,0,0.0,0,0,0.0,0,0,0.0,0,0,0.0,7,23,0.2333,0,0,0.0,0,0,0.0,0,0,0.0,7,30,0.1892,10,52,0.1613,0,0,0.0,0,0,0.0,0,0,0.0,0,0,0.0,0,0,0.0
2026-04-03 21:40:20,test_2364.jpg,140,35,175,0.2,13,31,32,1,9,0.1,1,13,0.0714,5,14,0.2632,3,11,0.2143,0,0,0.0,0,0,0.0,0,0,0.0,0,0,0.0,0,0,0.0,0,0,0.0,4,7,0.3636,0,0,0.0,0,0,0.0,0,0,0.0,0,0,0.0,0,0,0.0,0,0,0.0,0,0,0.0,0,0,0.0,0,0,0.0,0,0,0.0,3,12,0.2,0,0,0.0,0,0,0.0,0,0,0.0,0,13,0.0,0,10,0.0,3,12,0.2,6,9,0.4,2,8,0.2,2,12,0.1429,5,10,0.3333
2026-04-03 21:40:20,test_2365.jpg,138,37,175,0.2114,6,31,32,0,0,0.0,0,0,0.0,0,0,0.0,0,0,0.0,0,0,0.0,0,0,0.0,0,0,0.0,0,0,0.0,0,0,0.0,0,0,0.0,17,32,0.3469,0,0,0.0,0,0,0.0,0,0,0.0,0,0,0.0,0,0,0.0,0,0,0.0,0,0,0.0,0,0,0.0,0,0,0.0,0,0,0.0,7,19,0.2692,0,0,0.0,0,0,0.0,0,0,0.0,0,18,0.0,0,21,0.0,2,23,0.08,11,25,0.3056,0,0,0.0,0,0,0.0,0,0,0.0
2026-04-03 21:40:20,test_2366.jpg,119,46,165,0.2788,6,31,32,0,0,0.0,0,0,0.0,0,0,0.0,0,0,0.0,0,0,0.0,0,0,0.0,0,0,0.0,0,0,0.0,0,0,0.0,0,0,0.0,2,15,0.1176,0,0,0.0,0,0,0.0,0,0,0.0,0,0,0.0,0,0,0.0,0,0,0.0,0,0,0.0,0,0,0.0,0,0,0.0,0,0,0.0,4,14,0.2222,0,0,0.0,0,0,0.0,0,0,0.0,6,18,0.25,3,14,0.1765,20,35,0.3636,11,23,0.3235,0,0,0.0,0,0,0.0,0,0,0.0
2026-04-03 21:40:20,test_2367.jpg,131,65,196,0.3316,7,31,32,0,0,0.0,0,0,0.0,0,0,0.0,0,0,0.0,0,0,0.0,0,0,0.0,0,0,0.0,0,0,0.0,0,0,0.0,0,0,0.0,0,0,0.0,0,0,0.0,0,0,0.0,0,0,0.0,0,0,0.0,0,0,0.0,0,0,0.0,0,0,0.0,0,0,0.0,0,0,0.0,0,0,0.0,5,24,0.1724,0,0,0.0,0,0,0.0,0,0,0.0,0,16,0.0,6,19,0.24,11,24,0.3143,42,46,0.4773,1,2,0.3333,0,0,0.0,0,0,0.0
2026-04-03 21:40:20,test_2368.jpg,173,56,229,0.2445,6,31,32,0,0,0.0,0,0,0.0,0,0,0.0,0,0,0.0,0,0,0.0,0,0,0.0,0,0,0.0,0,0,0.0,0,0,0.0,0,0,0.0,9,19,0.3214,0,0,0.0,0,0,0.0,0,0,0.0,0,0,0.0,0,0,0.0,0,0,0.0,0,0,0.0,0,0,0.0,0,0,0.0,0,0,0.0,9,40,0.1837,0,0,0.0,0,0,0.0,0,0,0.0,10,27,0.2703,8,31,0.2051,10,32,0.2381,10,24,0.2941,0,0,0.0,0,0,0.0,0,0,0.0
2026-04-03 21:40:20,test_2369.jpg,182,30,212,0.1415,9,31,32,0,0,0.0,0,0,0.0,0,0,0.0,0,0,0.0,0,0,0.0,0,0,0.0,0,0,0.0,0,0,0.0,0,0,0.0,0,0,0.0,1,5,0.1667,0,0,0.0,0,0,0.0,0,0,0.0,0,0,0.0,0,0,0.0,0,0,0.0,0,0,0.0,0,0,0.0,0,0,0.0,0,0,0.0,0,11,0.0,0,0,0.0,0,0,0.0,0,0,0.0,3,22,0.12,17,49,0.2576,4,26,0.1333,2,18,0.1,2,31,0.0606,0,11,0.0,1,9,0.1
2026-04-03 21:40:20,test_237.jpg,158,91,249,0.3655,11,31,32,7,8,0.4667,1,6,0.1429,0,0,0.0,0,0,0.0,0,0,0.0,0,0,0.0,0,0,0.0,0,0,0.0,0,0,0.0,0,0,0.0,15,16,0.4839,0,0,0.0,0,0,0.0,0,0,0.0,0,0,0.0,0,0,0.0,0,0,0.0,0,0,0.0,0,0,0.0,0,0,0.0,0,0,0.0,8,14,0.3636,0,0,0.0,0,0,0.0,0,0,0.0,15,20,0.4286,10,19,0.3448,6,16,0.2727,9,16,0.36,8,12,0.4,6,11,0.3529,6,20,0.2308
2026-04-03 21:40:20,test_2370.jpg,123,15,138,0.1087,6,31,32,0,0,0.0,0,0,0.0,0,0,0.0,0,0,0.0,0,0,0.0,0,0,0.0,0,0,0.0,0,0,0.0,0,0,0.0,0,0,0.0,1,23,0.0417,0,0,0.0,0,0,0.0,0,0,0.0,0,0,0.0,0,0,0.0,0,0,0.0,0,0,0.0,0,0,0.0,0,0,0.0,0,0,0.0,1,20,0.0476,0,0,0.0,0,0,0.0,0,0,0.0,5,23,0.1786,0,21,0.0,1,22,0.0435,7,14,0.3333,0,0,0.0,0,0,0.0,0,0,0.0
2026-04-03 21:40:20,test_2371.jpg,146,32,178,0.1798,7,31,32,0,0,0.0,0,0,0.0,0,0,0.0,0,0,0.0,0,0,0.0,0,0,0.0,0,0,0.0,0,0,0.0,0,0,0.0,0,0,0.0,0,16,0.0,0,0,0.0,0,0,0.0,0,0,0.0,0,0,0.0,0,0,0.0,0,0,0.0,0,0,0.0,0,0,0.0,0,0,0.0,0,0,0.0,0,18,0.0,0,0,0.0,0,0,0.0,0,0,0.0,3,25,0.1071,11,22,0.3333,7,25,0.2188,8,26,0.2353,3,14,0.1765,0,0,0.0,0,0,0.0
2026-04-03 21:40:20,test_2372.jpg,145,39,184,0.212,3,31,32,0,0,0.0,0,0,0.0,0,0,0.0,0,0,0.0,0,0,0.0,0,0,0.0,0,0,0.0,0,0,0.0,0,0,0.0,0,0,0.0,15,37,0.2885,0,0,0.0,0,0,0.0,0,0,0.0,0,0,0.0,0,0,0.0,0,0,0.0,0,0,0.0,0,0,0.0,0,0,0.0,0,0,0.0,9,54,0.1429,0,0,0.0,0,0,0.0,0,0,0.0,15,54,0.2174,0,0,0.0,0,0,0.0,0,0,0.0,0,0,0.0,0,0,0.0,0,0,0.0
2026-04-03 21:40:20,test_2373.jpg,152,28,180,0.1556,7,31,32,0,0,0.0,0,0,0.0,0,0,0.0,0,0,0.0,0,0,0.0,0,0,0.0,0,0,0.0,0,0,0.0,0,0,0.0,0,0,0.0,2,20,0.0909,0,0,0.0,0,0,0.0,0,0,0.0,0,0,0.0,0,0,0.0,0,0,0.0,0,0,0.0,0,0,0.0,0,0,0.0,0,0,0.0,10,25,0.2857,0,0,0.0,0,0,0.0,0,0,0.0,15,32,0.3191,1,25,0.0385,0,19,0.0,0,18,0.0,0,13,0.0,0,0,0.0,0,0,0.0
2026-04-03 21:40:20,test_2374.jpg,233,12,245,0.049,5,31,32,0,0,0.0,0,0,0.0,0,0,0.0,0,0,0.0,0,0,0.0,0,0,0.0,0,0,0.0,0,0,0.0,0,0,0.0,0,0,0.0,0,15,0.0,0,0,0.0,0,0,0.0,0,0,0.0,0,0,0.0,0,0,0.0,0,0,0.0,0,0,0.0,0,0,0.0,0,0,0.0,0,0,0.0,9,38,0.1915,0,0,0.0,0,0,0.0,0,0,0.0,0,53,0.0,3,116,0.0252,0,11,0.0,0,0,0.0,0,0,0.0,0,0,0.0,0,0,0.0
2026-04-03 21:40:20,test_2375.jpg,192,40,232,0.1724,6,31,32,0,0,0.0,0,0,0.0,0,0,0.0,0,0,0.0,0,0,0.0,0,0,0.0,0,0,0.0,0,0,0.0,0,0,0.0,0,0,0.0,4,8,0.3333,0,0,0.0,0,0,0.0,0,0,0.0,0,0,0.0,0,0,0.0,0,0,0.0,0,0,0.0,0,0,0.0,0,0,0.0,0,0,0.0,13,41,0.2407,0,0,0.0,0,0,0.0,0,0,0.0,10,33,0.2326,6,33,0.1538,6,56,0.0968,1,21,0.0455,0,0,0.0,0,0,0.0,0,0,0.0
2026-04-03 21:40:20,test_2376.jpg,142,12,154,0.0779,6,31,32,0,0,0.0,0,0,0.0,0,0,0.0,0,0,0.0,0,0,0.0,0,0,0.0,0,0,0.0,0,0,0.0,0,0,0.0,0,0,0.0,1,25,0.0385,0,0,0.0,0,0,0.0,0,0,0.0,0,0,0.0,0,0,0.0,0,0,0.0,0,0,0.0,0,0,0.0,0,0,0.0,0,0,0.0,1,22,0.0435,0,0,0.0,0,0,0.0,0,0,0.0,6,32,0.1579,1,28,0.0345,3,20,0.1304,0,15,0.0,0,0,0.0,0,0,0.0,0,0,0.0
2026-04-03 21:40:20,test_2377.jpg,166,177,343,0.516,4,31,32,0,0,0.0,0,0,0.0,0,0,0.0,0,0,0.0,0,0,0.0,0,0,0.0,0,0,0.0,0,0,0.0,0,0,0.0,0,0,0.0,1,24,0.04,0,0,0.0,0,0,0.0,0,0,0.0,0,0,0.0,0,0,0.0,0,0,0.0,0,0,0.0,0,0,0.0,0,0,0.0,0,0,0.0,14,50,0.2188,0,0,0.0,0,0,0.0,0,0,0.0,120,64,0.6522,42,28,0.6,0,0,0.0,0,0,0.0,0,0,0.0,0,0,0.0,0,0,0.0
2026-04-03 21:40:20,test_2378.jpg,167,83,250,0.332,10,31,32,10,23,0.303,0,0,0.0,0,0,0.0,0,0,0.0,0,0,0.0,0,0,0.0,0,0,0.0,0,0,0.0,0,0,0.0,0,0,0.0,0,2,0.0,0,0,0.0,0,0,0.0,0,0,0.0,0,0,0.0,0,0,0.0,0,0,0.0,0,0,0.0,0,0,0.0,0,0,0.0,0,0,0.0,7,19,0.2692,0,0,0.0,0,0,0.0,0,0,0.0,13,20,0.3939,10,14,0.4167,9,20,0.3103,6,22,0.2143,11,23,0.3235,6,13,0.3158,11,11,0.5
2026-04-03 21:40:20,test_2379.jpg,155,42,197,0.2132,9,31,32,0,0,0.0,0,0,0.0,0,0,0.0,0,0,0.0,0,0,0.0,0,0,0.0,0,0,0.0,0,0,0.0,0,0,0.0,0,0,0.0,5,15,0.25,0,0,0.0,0,0,0.0,0,0,0.0,0,0,0.0,0,0,0.0,0,0,0.0,0,0,0.0,0,0,0.0,0,0,0.0,0,0,0.0,6,20,0.2308,0,0,0.0,0,0,0.0,0,0,0.0,6,20,0.2308,4,15,0.2105,6,18,0.25,5,18,0.2174,0,20,0.0,4,19,0.1739,6,10,0.375
2026-04-03 21:40:20,test_238.jpg,132,7,139,0.0504,7,31,32,0,0,0.0,0,0,0.0,0,0,0.0,0,0,0.0,0,0,0.0,0,0,0.0,0,0,0.0,0,0,0.0,0,0,0.0,0,0,0.0,4,16,0.2,0,0,0.0,0,0,0.0,0,0,0.0,0,0,0.0,0,0,0.0,0,0,0.0,0,0,0.0,0,0,0.0,0,0,0.0,0,0,0.0,0,16,0.0,0,0,0.0,0,0,0.0,0,0,0.0,0,17,0.0,0,17,0.0,0,19,0.0,3,32,0.0857,0,15,0.0,0,0,0.0,0,0,0.0
2026-04-03 21:40:20,test_2380.jpg,130,34,164,0.2073,7,31,32,0,0,0.0,0,0,0.0,0,0,0.0,0,0,0.0,0,0,0.0,0,0,0.0,0,0,0.0,0,0,0.0,0,0,0.0,0,0,0.0,2,15,0.1176,0,0,0.0,0,0,0.0,0,0,0.0,0,0,0.0,0,0,0.0,0,0,0.0,0,0,0.0,0,0,0.0,0,0,0.0,0,0,0.0,3,12,0.2,0,0,0.0,0,0,0.0,0,0,0.0,2,13,0.1333,0,16,0.0,6,29,0.1714,18,37,0.3273,3,8,0.2727,0,0,0.0,0,0,0.0
2026-04-03 21:40:20,test_2381.jpg,174,45,219,0.2055,8,31,32,0,0,0.0,0,0,0.0,0,0,0.0,0,0,0.0,0,0,0.0,0,0,0.0,0,0,0.0,0,0,0.0,0,0,0.0,0,0,0.0,8,21,0.2759,0,0,0.0,0,0,0.0,0,0,0.0,0,0,0.0,0,0,0.0,0,0,0.0,0,0,0.0,0,0,0.0,0,0,0.0,0,0,0.0,9,32,0.2195,0,0,0.0,0,0,0.0,0,0,0.0,1,24,0.04,21,34,0.3818,1,13,0.0714,0,21,0.0,2,16,0.1111,3,13,0.1875,0,0,0.0
2026-04-03 21:40:20,test_2382.jpg,88,4,92,0.0435,5,31,32,0,0,0.0,0,0,0.0,0,0,0.0,0,0,0.0,0,0,0.0,0,0,0.0,0,0,0.0,0,0,0.0,0,0,0.0,0,0,0.0,2,6,0.25,0,0,0.0,0,0,0.0,0,0,0.0,0,0,0.0,0,0,0.0,0,0,0.0,0,0,0.0,0,0,0.0,0,0,0.0,0,0,0.0,0,34,0.0,0,0,0.0,0,0,0.0,0,0,0.0,0,19,0.0,2,17,0.1053,0,12,0.0,0,0,0.0,0,0,0.0,0,0,0.0,0,0,0.0
2026-04-03 21:40:20,test_2383.jpg,174,90,264,0.3409,9,31,32,0,0,0.0,0,0,0.0,0,0,0.0,0,0,0.0,0,0,0.0,0,0,0.0,0,0,0.0,0,0,0.0,0,0,0.0,0,0,0.0,5,25,0.1667,0,0,0.0,0,0,0.0,0,0,0.0,0,0,0.0,0,0,0.0,0,0,0.0,0,0,0.0,0,0,0.0,0,0,0.0,0,0,0.0,4,21,0.16,0,0,0.0,0,0,0.0,0,0,0.0,9,19,0.3214,13,17,0.4333,7,24,0.2258,18,21,0.4615,16,16,0.5,11,20,0.3548,7,11,0.3889
2026-04-03 21:40:20,test_2384.jpg,155,29,184,0.1576,6,31,32,0,0,0.0,0,0,0.0,0,0,0.0,0,0,0.0,0,0,0.0,0,0,0.0,0,0,0.0,0,0,0.0,0,0,0.0,0,0,0.0,0,0,0.0,0,0,0.0,0,0,0.0,0,0,0.0,0,0,0.0,0,0,0.0,0,0,0.0,0,0,0.0,0,0,0.0,0,0,0.0,0,0,0.0,9,47,0.1607,0,0,0.0,0,0,0.0,0,0,0.0,3,28,0.0968,5,25,0.1667,8,33,0.1951,4,22,0.1538,0,0,0.0,0,0,0.0,0,0,0.0
2026-04-03 21:40:20,test_2385.jpg,175,130,305,0.4262,5,31,32,0,0,0.0,0,0,0.0,0,0,0.0,0,0,0.0,0,0,0.0,0,0,0.0,0,0,0.0,0,0,0.0,0,0,0.0,0,0,0.0,0,24,0.0,0,0,0.0,0,0,0.0,0,0,0.0,0,0,0.0,0,0,0.0,0,0,0.0,0,0,0.0,0,0,0.0,0,0,0.0,0,0,0.0,0,36,0.0,0,0,0.0,0,0,0.0,0,0,0.0,40,38,0.5128,65,44,0.5963,25,33,0.431,0,0,0.0,0,0,0.0,0,0,0.0,0,0,0.0
2026-04-03 21:40:20,test_2386.jpg,139,36,175,0.2057,6,31,32,0,0,0.0,0,0,0.0,0,0,0.0,0,0,0.0,0,0,0.0,0,0,0.0,0,0,0.0,0,0,0.0,0,0,0.0,0,0,0.0,0,2,0.0,0,0,0.0,0,0,0.0,0,0,0.0,0,0,0.0,0,0,0.0,0,0,0.0,0,0,0.0,0,0,0.0,0,0,0.0,0,0,0.0,19,45,0.2969,0,0,0.0,0,0,0.0,0,0,0.0,5,25,0.1667,11,22,0.3333,0,27,0.0,1,18,0.0526,0,0,0.0,0,0,0.0,0,0,0.0
2026-04-03 21:40:20,test_2387.jpg,137,68,205,0.3317,7,31,32,0,0,0.0,0,0,0.0,0,0,0.0,0,0,0.0,0,0,0.0,0,0,0.0,0,0,0.0,0,0,0.0,0,0,0.0,0,0,0.0,0,18,0.0,0,0,0.0,0,0,0.0,0,0,0.0,0,0,0.0,0,0,0.0,0,0,0.0,0,0,0.0,0,0,0.0,0,0,0.0,0,0,0.0,7,21,0.25,0,0,0.0,0,0,0.0,0,0,0.0,4,18,0.1818,2,18,0.1,22,23,0.4889,22,25,0.4681,11,14,0.44,0,0,0.0,0,0,0.0
2026-04-03 21:40:20,test_2388.jpg,136,16,152,0.1053,6,31,32,0,0,0.0,0,0,0.0,0,0,0.0,0,0,0.0,0,0,0.0,0,0,0.0,0,0,0.0,0,0,0.0,0,0,0.0,0,0,0.0,4,3,0.5714,0,0,0.0,0,0,0.0,0,0,0.0,0,0,0.0,0,0,0.0,0,0,0.0,0,0,0.0,0,0,0.0,0,0,0.0,0,0,0.0,2,17,0.1053,0,0,0.0,0,0,0.0,0,0,0.0,1,21,0.0455,2,30,0.0625,6,47,0.1132,1,18,0.0526,0,0,0.0,0,0,0.0,0,0,0.0
2026-04-03 21:40:20,test_2389.jpg,178,62,240,0.2583,6,31,32,0,0,0.0,0,0,0.0,0,0,0.0,0,0,0.0,0,0,0.0,0,0,0.0,0,0,0.0,0,0,0.0,0,0,0.0,0,0,0.0,16,25,0.3902,0,0,0.0,0,0,0.0,0,0,0.0,0,0,0.0,0,0,0.0,0,0,0.0,0,0,0.0,0,0,0.0,0,0,0.0,0,0,0.0,7,33,0.175,0,0,0.0,0,0,0.0,0,0,0.0,8,34,0.1905,16,30,0.3478,12,29,0.2927,3,27,0.1,0,0,0.0,0,0,0.0,0,0,0.0
2026-04-03 21:40:20,test_239.jpg,142,43,185,0.2324,5,31,32,0,0,0.0,0,0,0.0,0,0,0.0,0,0,0.0,0,0,0.0,0,0,0.0,0,0,0.0,0,0,0.0,0,0,0.0,0,0,0.0,2,21,0.087,0,0,0.0,0,0,0.0,0,0,0.0,0,0,0.0,0,0,0.0,0,0,0.0,0,0,0.0,0,0,0.0,0,0,0.0,0,0,0.0,2,32,0.0588,0,0,0.0,0,0,0.0,0,0,0.0,7,34,0.1707,29,43,0.4028,3,12,0.2,0,0,0.0,0,0,0.0,0,0,0.0,0,0,0.0
2026-04-03 21:40:20,test_2390.jpg,142,53,195,0.2718,8,31,32,0,0,0.0,0,0,0.0,0,0,0.0,0,0,0.0,0,0,0.0,0,0,0.0,0,0,0.0,0,0,0.0,0,0,0.0,0,0,0.0,6,15,0.2857,0,0,0.0,0,0,0.0,0,0,0.0,0,0,0.0,0,0,0.0,0,0,0.0,0,0,0.0,0,0,0.0,0,0,0.0,0,0,0.0,1,10,0.0909,0,0,0.0,0,0,0.0,0,0,0.0,5,5,0.5,7,13,0.35,1,15,0.0625,4,21,0.16,24,32,0.4286,5,31,0.1389,0,0,0.0
2026-04-03 21:40:20,test_2391.jpg,280,14,294,0.0476,9,31,32,0,0,0.0,0,0,0.0,0,0,0.0,0,0,0.0,0,0,0.0,0,0,0.0,0,0,0.0,0,0,0.0,0,0,0.0,0,0,0.0,1,20,0.0476,0,0,0.0,0,0,0.0,0,0,0.0,0,0,0.0,0,0,0.0,0,0,0.0,0,0,0.0,0,0,0.0,0,0,0.0,0,0,0.0,1,31,0.0312,0,0,0.0,0,0,0.0,0,0,0.0,1,40,0.0244,1,37,0.0263,2,30,0.0625,6,30,0.1667,1,27,0.0357,1,65,0.0152,0,0,0.0
2026-04-03 21:40:20,test_2392.jpg,120,10,130,0.0769,7,31,32,0,0,0.0,0,0,0.0,0,0,0.0,0,0,0.0,0,0,0.0,0,0,0.0,0,0,0.0,0,0,0.0,0,0,0.0,0,0,0.0,0,15,0.0,0,0,0.0,0,0,0.0,0,0,0.0,0,0,0.0,0,0,0.0,0,0,0.0,0,0,0.0,0,0,0.0,0,0,0.0,0,0,0.0,0,18,0.0,0,0,0.0,0,0,0.0,0,0,0.0,1,19,0.05,1,17,0.0556,0,14,0.0,0,17,0.0,8,20,0.2857,0,0,0.0,0,0,0.0
2026-04-03 21:40:20,test_2393.jpg,129,17,146,0.1164,9,31,32,0,0,0.0,0,0,0.0,0,0,0.0,0,0,0.0,0,0,0.0,0,0,0.0,0,0,0.0,0,0,0.0,0,0,0.0,0,0,0.0,5,19,0.2083,0,0,0.0,0,0,0.0,0,0,0.0,0,0,0.0,0,0,0.0,0,0,0.0,0,0,0.0,0,0,0.0,0,0,0.0,0,0,0.0,3,16,0.1579,0,0,0.0,0,0,0.0,0,0,0.0,1,12,0.0769,1,11,0.0833,1,12,0.0769,4,22,0.1538,0,6,0.0,1,11,0.0833,1,20,0.0476
2026-04-03 21:40:20,test_2394.jpg,135,34,169,0.2012,7,31,32,0,0,0.0,0,0,0.0,0,0,0.0,0,0,0.0,0,0,0.0,0,0,0.0,0,0,0.0,0,0,0.0,0,0,0.0,0,0,0.0,1,23,0.0417,0,0,0.0,0,0,0.0,0,0,0.0,0,0,0.0,0,0,0.0,0,0,0.0,0,0,0.0,0,0,0.0,0,0,0.0,0,0,0.0,2,19,0.0952,0,0,0.0,0,0,0.0,0,0,0.0,2,21,0.087,3,17,0.15,3,18,0.1429,3,20,0.1304,20,17,0.5405,0,0,0.0,0,0,0.0
2026-04-03 21:40:20,test_2395.jpg,139,3,142,0.0211,7,31,32,0,0,0.0,0,0,0.0,0,0,0.0,0,0,0.0,0,0,0.0,0,0,0.0,0,0,0.0,0,0,0.0,0,0,0.0,0,0,0.0,1,20,0.0476,0,0,0.0,0,0,0.0,0,0,0.0,0,0,0.0,0,0,0.0,0,0,0.0,0,0,0.0,0,0,0.0,0,0,0.0,0,0,0.0,0,22,0.0,0,0,0.0,0,0,0.0,0,0,0.0,0,19,0.0,0,17,0.0,1,19,0.05,0,21,0.0,1,21,0.0455,0,0,0.0,0,0,0.0
2026-04-03 21:40:20,test_2396.jpg,170,42,212,0.1981,10,31,32,11,15,0.4231,0,0,0.0,0,0,0.0,0,0,0.0,0,0,0.0,0,0,0.0,0,0,0.0,0,0,0.0,0,0,0.0,0,0,0.0,3,21,0.125,0,0,0.0,0,0,0.0,0,0,0.0,0,0,0.0,0,0,0.0,0,0,0.0,0,0,0.0,0,0,0.0,0,0,0.0,0,0,0.0,3,9,0.25,0,0,0.0,0,0,0.0,0,0,0.0,0,11,0.0,4,22,0.1538,9,25,0.2647,0,14,0.0,2,13,0.1333,8,21,0.2759,2,19,0.0952
2026-04-03 21:40:20,test_2397.jpg,201,15,216,0.0694,5,31,32,0,0,0.0,0,0,0.0,0,0,0.0,0,0,0.0,0,0,0.0,0,0,0.0,0,0,0.0,0,0,0.0,0,0,0.0,0,0,0.0,4,38,0.0952,0,0,0.0,0,0,0.0,0,0,0.0,0,0,0.0,0,0,0.0,0,0,0.0,0,0,0.0,0,0,0.0,0,0,0.0,0,0,0.0,2,51,0.0377,0,0,0.0,0,0,0.0,0,0,0.0,0,39,0.0,1,42,0.0233,8,31,0.2051,0,0,0.0,0,0,0.0,0,0,0.0,0,0,0.0
2026-04-03 21:40:20,test_2398.jpg,153,18,171,0.1053,8,31,32,0,0,0.0,0,0,0.0,0,0,0.0,0,0,0.0,0,0,0.0,0,0,0.0,0,0,0.0,0,0,0.0,0,0,0.0,0,0,0.0,7,27,0.2059,0,0,0.0,0,0,0.0,0,0,0.0,0,0,0.0,0,0,0.0,0,0,0.0,0,0,0.0,0,0,0.0,0,0,0.0,0,0,0.0,0,18,0.0,0,0,0.0,0,0,0.0,0,0,0.0,3,15,0.1667,0,14,0.0,0,21,0.0,1,21,0.0455,5,15,0.25,2,22,0.0833,0,0,0.0
2026-04-03 21:40:20,test_2399.jpg,123,43,166,0.259,3,31,32,0,0,0.0,0,0,0.0,0,0,0.0,0,0,0.0,0,0,0.0,0,0,0.0,0,0,0.0,0,0,0.0,0,0,0.0,0,0,0.0,5,41,0.1087,0,0,0.0,0,0,0.0,0,0,0.0,0,0,0.0,0,0,0.0,0,0,0.0,0,0,0.0,0,0,0.0,0,0,0.0,0,0,0.0,25,53,0.3205,0,0,0.0,0,0,0.0,0,0,0.0,13,29,0.3095,0,0,0.0,0,0,0.0,0,0,0.0,0,0,0.0,0,0,0.0,0,0,0.0
2026-04-03 21:40:20,test_24.jpg,144,27,171,0.1579,6,31,32,0,0,0.0,0,0,0.0,0,0,0.0,0,0,0.0,0,0,0.0,0,0,0.0,0,0,0.0,0,0,0.0,0,0,0.0,0,0,0.0,0,13,0.0,0,0,0.0,0,0,0.0,0,0,0.0,0,0,0.0,0,0,0.0,0,0,0.0,0,0,0.0,0,0,0.0,0,0,0.0,0,0,0.0,3,23,0.1154,0,0,0.0,0,0,0.0,0,0,0.0,3,16,0.1579,1,30,0.0323,16,42,0.2759,4,20,0.1667,0,0,0.0,0,0,0.0,0,0,0.0
2026-04-03 21:40:20,test_240.jpg,258,23,281,0.0819,12,31,32,0,20,0.0,0,42,0.0,0,0,0.0,0,0,0.0,0,0,0.0,0,0,0.0,0,0,0.0,0,0,0.0,0,0,0.0,0,0,0.0,14,39,0.2642,0,0,0.0,0,0,0.0,0,0,0.0,0,0,0.0,0,0,0.0,0,0,0.0,0,0,0.0,0,0,0.0,0,0,0.0,0,0,0.0,5,19,0.2083,0,0,0.0,0,0,0.0,0,0,0.0,0,19,0.0,2,21,0.087,0,19,0.0,0,19,0.0,0,19,0.0,1,21,0.0455,1,20,0.0476
2026-04-03 21:40:20,test_2400.jpg,134,28,162,0.1728,8,31,32,0,0,0.0,0,0,0.0,0,0,0.0,0,0,0.0,0,0,0.0,0,0,0.0,0,0,0.0,0,0,0.0,0,0,0.0,0,0,0.0,0,13,0.0,0,0,0.0,0,0,0.0,0,0,0.0,0,0,0.0,0,0,0.0,0,0,0.0,0,0,0.0,0,0,0.0,0,0,0.0,0,0,0.0,0,18,0.0,0,0,0.0,0,0,0.0,0,0,0.0,7,19,0.2692,3,13,0.1875,2,19,0.0952,4,16,0.2,9,23,0.2812,3,13,0.1875,0,0,0.0
2026-04-03 21:40:20,test_2401.jpg,202,51,253,0.2016,8,31,32,0,0,0.0,0,0,0.0,0,0,0.0,0,0,0.0,0,0,0.0,0,0,0.0,0,0,0.0,0,0,0.0,0,0,0.0,0,0,0.0,2,15,0.1176,0,0,0.0,0,0,0.0,0,0,0.0,0,0,0.0,0,0,0.0,0,0,0.0,0,0,0.0,0,0,0.0,0,0,0.0,0,0,0.0,1,22,0.0435,0,0,0.0,0,0,0.0,0,0,0.0,4,43,0.0851,16,38,0.2963,13,33,0.2826,7,22,0.2414,4,16,0.2,4,13,0.2353,0,0,0.0
2026-04-03 21:40:20,test_2402.jpg,156,32,188,0.1702,7,31,32,0,0,0.0,0,0,0.0,0,0,0.0,0,0,0.0,0,0,0.0,0,0,0.0,0,0,0.0,0,0,0.0,0,0,0.0,0,0,0.0,1,7,0.125,0,0,0.0,0,0,0.0,0,0,0.0,0,0,0.0,0,0,0.0,0,0,0.0,0,0,0.0,0,0,0.0,0,0,0.0,0,0,0.0,9,36,0.2,0,0,0.0,0,0,0.0,0,0,0.0,1,24,0.04,5,23,0.1786,1,28,0.0345,7,23,0.2333,8,15,0.3478,0,0,0.0,0,0,0.0
2026-04-03 21:40:20,test_2403.jpg,140,20,160,0.125,5,31,32,0,0,0.0,0,0,0.0,0,0,0.0,0,0,0.0,0,0,0.0,0,0,0.0,0,0,0.0,0,0,0.0,0,0,0.0,0,0,0.0,4,32,0.1111,0,0,0.0,0,0,0.0,0,0,0.0,0,0,0.0,0,0,0.0,0,0,0.0,0,0,0.0,0,0,0.0,0,0,0.0,0,0,0.0,4,22,0.1538,0,0,0.0,0,0,0.0,0,0,0.0,2,28,0.0667,8,36,0.1818,2,22,0.0833,0,0,0.0,0,0,0.0,0,0,0.0,0,0,0.0
2026-04-03 21:40:20,test_2404.jpg,140,1,141,0.0071,6,31,32,0,0,0.0,0,0,0.0,0,0,0.0,0,0,0.0,0,0,0.0,0,0,0.0,0,0,0.0,0,0,0.0,0,0,0.0,0,0,0.0,0,22,0.0,0,0,0.0,0,0,0.0,0,0,0.0,0,0,0.0,0,0,0.0,0,0,0.0,0,0,0.0,0,0,0.0,0,0,0.0,0,0,0.0,0,23,0.0,0,0,0.0,0,0,0.0,0,0,0.0,0,23,0.0,0,21,0.0,0,22,0.0,1,29,0.0333,0,0,0.0,0,0,0.0,0,0,0.0
2026-04-03 21:40:20,test_2405.jpg,133,39,172,0.2267,7,31,32,0,0,0.0,0,0,0.0,0,0,0.0,0,0,0.0,0,0,0.0,0,0,0.0,0,0,0.0,0,0,0.0,0,0,0.0,0,0,0.0,1,14,0.0667,0,0,0.0,0,0,0.0,0,0,0.0,0,0,0.0,0,0,0.0,0,0,0.0,0,0,0.0,0,0,0.0,0,0,0.0,0,0,0.0,11,26,0.2973,0,0,0.0,0,0,0.0,0,0,0.0,1,20,0.0476,1,11,0.0833,3,15,0.1667,14,30,0.3182,8,17,0.32,0,0,0.0,0,0,0.0
2026-04-03 21:40:20,test_2406.jpg,118,19,137,0.1387,7,31,32,0,0,0.0,0,0,0.0,0,0,0.0,0,0,0.0,0,0,0.0,0,0,0.0,0,0,0.0,0,0,0.0,0,0,0.0,0,0,0.0,4,31,0.1143,0,0,0.0,0,0,0.0,0,0,0.0,0,0,0.0,0,0,0.0,0,0,0.0,0,0,0.0,0,0,0.0,0,0,0.0,0,0,0.0,0,16,0.0,0,0,0.0,0,0,0.0,0,0,0.0,0,17,0.0,6,14,0.3,4,12,0.25,5,16,0.2381,0,12,0.0,0,0,0.0,0,0,0.0
2026-04-03 21:40:20,test_2407.jpg,161,59,220,0.2682,8,31,32,0,0,0.0,0,0,0.0,0,0,0.0,0,0,0.0,0,0,0.0,0,0,0.0,0,0,0.0,0,0,0.0,0,0,0.0,0,0,0.0,10,25,0.2857,0,0,0.0,0,0,0.0,0,0,0.0,0,0,0.0,0,0,0.0,0,0,0.0,0,0,0.0,0,0,0.0,0,0,0.0,0,0,0.0,8,18,0.3077,0,0,0.0,0,0,0.0,0,0,0.0,14,35,0.2857,6,18,0.25,4,22,0.1538,6,14,0.3,11,19,0.3667,0,10,0.0,0,0,0.0
2026-04-03 21:40:20,test_2408.jpg,128,36,164,0.2195,7,31,32,0,0,0.0,0,0,0.0,0,0,0.0,0,0,0.0,0,0,0.0,0,0,0.0,0,0,0.0,0,0,0.0,0,0,0.0,0,0,0.0,4,27,0.129,0,0,0.0,0,0,0.0,0,0,0.0,0,0,0.0,0,0,0.0,0,0,0.0,0,0,0.0,0,0,0.0,0,0,0.0,0,0,0.0,3,14,0.1765,0,0,0.0,0,0,0.0,0,0,0.0,4,18,0.1818,2,17,0.1053,5,16,0.2381,13,23,0.3611,5,13,0.2778,0,0,0.0,0,0,0.0
2026-04-03 21:40:20,test_2409.jpg,157,20,177,0.113,8,31,32,0,0,0.0,0,0,0.0,0,0,0.0,0,0,0.0,0,0,0.0,0,0,0.0,0,0,0.0,0,0,0.0,0,0,0.0,0,0,0.0,2,21,0.087,0,0,0.0,0,0,0.0,0,0,0.0,0,0,0.0,0,0,0.0,0,0,0.0,0,0,0.0,0,0,0.0,0,0,0.0,0,0,0.0,7,16,0.3043,0,0,0.0,0,0,0.0,0,0,0.0,1,19,0.05,0,18,0.0,3,20,0.1304,4,20,0.1667,3,22,0.12,0,21,0.0,0,0,0.0
2026-04-03 21:40:20,test_241.jpg,142,50,192,0.2604,6,31,32,0,0,0.0,0,0,0.0,0,0,0.0,0,0,0.0,0,0,0.0,0,0,0.0,0,0,0.0,0,0,0.0,0,0,0.0,0,0,0.0,2,17,0.1053,0,0,0.0,0,0,0.0,0,0,0.0,0,0,0.0,0,0,0.0,0,0,0.0,0,0,0.0,0,0,0.0,0,0,0.0,0,0,0.0,8,18,0.3077,0,0,0.0,0,0,0.0,0,0,0.0,11,24,0.3143,16,19,0.4571,6,28,0.1765,7,36,0.1628,0,0,0.0,0,0,0.0,0,0,0.0
2026-04-03 21:40:20,test_2410.jpg,178,25,203,0.1232,7,31,32,0,0,0.0,0,0,0.0,0,0,0.0,0,0,0.0,0,0,0.0,0,0,0.0,0,0,0.0,0,0,0.0,0,0,0.0,0,0,0.0,3,18,0.1429,0,0,0.0,0,0,0.0,0,0,0.0,0,0,0.0,0,0,0.0,0,0,0.0,0,0,0.0,0,0,0.0,0,0,0.0,0,0,0.0,1,16,0.0588,0,0,0.0,0,0,0.0,0,0,0.0,1,26,0.037,8,19,0.2963,3,28,0.0968,6,34,0.15,3,37,0.075,0,0,0.0,0,0,0.0
2026-04-03 21:40:20,test_2411.jpg,128,16,144,0.1111,5,31,32,0,0,0.0,0,0,0.0,0,0,0.0,0,0,0.0,0,0,0.0,0,0,0.0,0,0,0.0,0,0,0.0,0,0,0.0,0,0,0.0,13,27,0.325,0,0,0.0,0,0,0.0,0,0,0.0,0,0,0.0,0,0,0.0,0,0,0.0,0,0,0.0,0,0,0.0,0,0,0.0,0,0,0.0,0,24,0.0,0,0,0.0,0,0,0.0,0,0,0.0,1,25,0.0385,1,26,0.037,1,26,0.037,0,0,0.0,0,0,0.0,0,0,0.0,0,0,0.0
2026-04-03 21:40:20,test_2412.jpg,144,36,180,0.2,9,31,32,0,0,0.0,0,0,0.0,0,0,0.0,0,0,0.0,0,0,0.0,0,0,0.0,0,0,0.0,0,0,0.0,0,0,0.0,0,0,0.0,4,6,0.4,0,0,0.0,0,0,0.0,0,0,0.0,0,0,0.0,0,0,0.0,0,0,0.0,0,0,0.0,0,0,0.0,0,0,0.0,0,0,0.0,0,0,0.0,0,0,0.0,0,0,0.0,0,0,0.0,3,16,0.1579,5,18,0.2174,2,19,0.0952,4,22,0.1538,3,26,0.1034,11,23,0.3235,4,14,0.2222
2026-04-03 21:40:20,test_2413.jpg,110,21,131,0.1603,7,31,32,0,0,0.0,0,0,0.0,0,0,0.0,0,0,0.0,0,0,0.0,0,0,0.0,0,0,0.0,0,0,0.0,0,0,0.0,0,0,0.0,1,15,0.0625,0,0,0.0,0,0,0.0,0,0,0.0,0,0,0.0,0,0,0.0,0,0,0.0,0,0,0.0,0,0,0.0,0,0,0.0,0,0,0.0,2,16,0.1111,0,0,0.0,0,0,0.0,0,0,0.0,6,15,0.2857,3,16,0.1579,3,19,0.1364,4,14,0.2222,2,15,0.1176,0,0,0.0,0,0,0.0
2026-04-03 21:40:20,test_2414.jpg,227,189,416,0.4543,4,31,32,0,0,0.0,0,0,0.0,0,0,0.0,0,0,0.0,0,0,0.0,0,0,0.0,0,0,0.0,0,0,0.0,0,0,0.0,0,0,0.0,4,30,0.1176,0,0,0.0,0,0,0.0,0,0,0.0,0,0,0.0,0,0,0.0,0,0,0.0,0,0,0.0,0,0,0.0,0,0,0.0,0,0,0.0,2,65,0.0299,0,0,0.0,0,0,0.0,0,0,0.0,120,98,0.5505,63,34,0.6495,0,0,0.0,0,0,0.0,0,0,0.0,0,0,0.0,0,0,0.0
2026-04-03 21:40:20,test_2415.jpg,121,15,136,0.1103,3,31,32,0,0,0.0,0,0,0.0,0,0,0.0,0,0,0.0,0,0,0.0,0,0,0.0,0,0,0.0,0,0,0.0,0,0,0.0,0,0,0.0,9,40,0.1837,0,0,0.0,0,0,0.0,0,0,0.0,0,0,0.0,0,0,0.0,0,0,0.0,0,0,0.0,0,0,0.0,0,0,0.0,0,0,0.0,5,56,0.082,0,0,0.0,0,0,0.0,0,0,0.0,1,25,0.0385,0,0,0.0,0,0,0.0,0,0,0.0,0,0,0.0,0,0,0.0,0,0,0.0
2026-04-03 21:40:20,test_2416.jpg,141,35,176,0.1989,6,31,32,0,0,0.0,0,0,0.0,0,0,0.0,0,0,0.0,0,0,0.0,0,0,0.0,0,0,0.0,0,0,0.0,0,0,0.0,0,0,0.0,4,25,0.1379,0,0,0.0,0,0,0.0,0,0,0.0,0,0,0.0,0,0,0.0,0,0,0.0,0,0,0.0,0,0,0.0,0,0,0.0,0,0,0.0,3,20,0.1304,0,0,0.0,0,0,0.0,0,0,0.0,4,17,0.1905,11,27,0.2895,10,24,0.2941,3,28,0.0968,0,0,0.0,0,0,0.0,0,0,0.0
2026-04-03 21:40:20,test_2417.jpg,128,57,185,0.3081,7,31,32,0,0,0.0,0,0,0.0,0,0,0.0,0,0,0.0,0,0,0.0,0,0,0.0,0,0,0.0,0,0,0.0,0,0,0.0,0,0,0.0,0,8,0.0,0,0,0.0,0,0,0.0,0,0,0.0,0,0,0.0,0,0,0.0,0,0,0.0,0,0,0.0,0,0,0.0,0,0,0.0,0,0,0.0,2,17,0.1053,0,0,0.0,0,0,0.0,0,0,0.0,7,18,0.28,5,7,0.4167,3,19,0.1364,31,43,0.4189,9,16,0.36,0,0,0.0,0,0,0.0
2026-04-03 21:40:20,test_2418.jpg,138,16,154,0.1039,4,31,32,0,0,0.0,0,0,0.0,0,0,0.0,0,0,0.0,0,0,0.0,0,0,0.0,0,0,0.0,0,0,0.0,0,0,0.0,0,0,0.0,3,22,0.12,0,0,0.0,0,0,0.0,0,0,0.0,0,0,0.0,0,0,0.0,0,0,0.0,0,0,0.0,0,0,0.0,0,0,0.0,0,0,0.0,1,42,0.0233,0,0,0.0,0,0,0.0,0,0,0.0,10,50,0.1667,2,24,0.0769,0,0,0.0,0,0,0.0,0,0,0.0,0,0,0.0,0,0,0.0
2026-04-03 21:40:20,test_2419.jpg,167,19,186,0.1022,7,31,32,0,0,0.0,0,0,0.0,0,0,0.0,0,0,0.0,0,0,0.0,0,0,0.0,0,0,0.0,0,0,0.0,0,0,0.0,0,0,0.0,0,19,0.0,0,0,0.0,0,0,0.0,0,0,0.0,0,0,0.0,0,0,0.0,0,0,0.0,0,0,0.0,0,0,0.0,0,0,0.0,0,0,0.0,4,26,0.1333,0,0,0.0,0,0,0.0,0,0,0.0,2,22,0.0833,1,24,0.04,5,30,0.1429,6,27,0.1818,1,19,0.05,0,0,0.0,0,0,0.0
2026-04-03 21:40:20,test_242.jpg,167,31,198,0.1566,6,31,32,0,0,0.0,0,0,0.0,0,0,0.0,0,0,0.0,0,0,0.0,0,0,0.0,0,0,0.0,0,0,0.0,0,0,0.0,0,0,0.0,0,26,0.0,0,0,0.0,0,0,0.0,0,0,0.0,0,0,0.0,0,0,0.0,0,0,0.0,0,0,0.0,0,0,0.0,0,0,0.0,0,0,0.0,5,37,0.119,0,0,0.0,0,0,0.0,0,0,0.0,3,31,0.0882,8,29,0.2162,11,34,0.2444,4,10,0.2857,0,0,0.0,0,0,0.0,0,0,0.0
2026-04-03 21:40:20,test_2420.jpg,123,33,156,0.2115,6,31,32,0,0,0.0,0,0,0.0,0,0,0.0,0,0,0.0,0,0,0.0,0,0,0.0,0,0,0.0,0,0,0.0,0,0,0.0,0,0,0.0,0,2,0.0,0,0,0.0,0,0,0.0,0,0,0.0,0,0,0.0,0,0,0.0,0,0,0.0,0,0,0.0,0,0,0.0,0,0,0.0,0,0,0.0,14,41,0.2545,0,0,0.0,0,0,0.0,0,0,0.0,11,19,0.3667,2,18,0.1,2,26,0.0714,4,17,0.1905,0,0,0.0,0,0,0.0,0,0,0.0
2026-04-03 21:40:20,test_2421.jpg,134,12,146,0.0822,6,31,32,0,0,0.0,0,0,0.0,0,0,0.0,0,0,0.0,0,0,0.0,0,0,0.0,0,0,0.0,0,0,0.0,0,0,0.0,0,0,0.0,2,23,0.08,0,0,0.0,0,0,0.0,0,0,0.0,0,0,0.0,0,0,0.0,0,0,0.0,0,0,0.0,0,0,0.0,0,0,0.0,0,0,0.0,0,22,0.0,0,0,0.0,0,0,0.0,0,0,0.0,1,22,0.0435,3,21,0.125,2,24,0.0769,4,22,0.1538,0,0,0.0,0,0,0.0,0,0,0.0
2026-04-03 21:40:20,test_2422.jpg,88,44,132,0.3333,5,31,32,0,0,0.0,0,0,0.0,0,0,0.0,0,0,0.0,0,0,0.0,0,0,0.0,0,0,0.0,0,0,0.0,0,0,0.0,0,0,0.0,3,10,0.2308,0,0,0.0,0,0,0.0,0,0,0.0,0,0,0.0,0,0,0.0,0,0,0.0,0,0,0.0,0,0,0.0,0,0,0.0,0,0,0.0,0,12,0.0,0,0,0.0,0,0,0.0,0,0,0.0,16,25,0.3902,12,19,0.3871,13,22,0.3714,0,0,0.0,0,0,0.0,0,0,0.0,0,0,0.0
2026-04-03 21:40:20,test_2423.jpg,144,13,157,0.0828,12,31,32,0,11,0.0,1,16,0.0588,6,22,0.2143,0,0,0.0,0,0,0.0,0,0,0.0,0,0,0.0,0,0,0.0,0,0,0.0,0,0,0.0,2,11,0.1538,0,0,0.0,0,0,0.0,0,0,0.0,0,0,0.0,0,0,0.0,0,0,0.0,0,0,0.0,0,0,0.0,0,0,0.0,0,0,0.0,0,10,0.0,0,0,0.0,0,0,0.0,0,0,0.0,1,10,0.0909,0,10,0.0,1,11,0.0833,0,9,0.0,1,12,0.0769,0,12,0.0,1,10,0.0909
2026-04-03 21:40:20,test_2424.jpg,154,27,181,0.1492,6,31,32,0,0,0.0,0,0,0.0,0,0,0.0,0,0,0.0,0,0,0.0,0,0,0.0,0,0,0.0,0,0,0.0,0,0,0.0,0,0,0.0,2,18,0.1,0,0,0.0,0,0,0.0,0,0,0.0,0,0,0.0,0,0,0.0,0,0,0.0,0,0,0.0,0,0,0.0,0,0,0.0,0,0,0.0,3,18,0.1429,0,0,0.0,0,0,0.0,0,0,0.0,5,32,0.1351,3,31,0.0882,11,37,0.2292,3,18,0.1429,0,0,0.0,0,0,0.0,0,0,0.0
2026-04-03 21:40:20,test_2425.jpg,151,13,164,0.0793,6,31,32,0,0,0.0,0,0,0.0,0,0,0.0,0,0,0.0,0,0,0.0,0,0,0.0,0,0,0.0,0,0,0.0,0,0,0.0,0,0,0.0,4,24,0.1429,0,0,0.0,0,0,0.0,0,0,0.0,0,0,0.0,0,0,0.0,0,0,0.0,0,0,0.0,0,0,0.0,0,0,0.0,0,0,0.0,2,28,0.0667,0,0,0.0,0,0,0.0,0,0,0.0,0,20,0.0,2,26,0.0714,3,35,0.0789,2,18,0.1,0,0,0.0,0,0,0.0,0,0,0.0
2026-04-03 21:40:20,test_2426.jpg,199,64,263,0.2433,11,31,32,11,19,0.3667,4,21,0.16,0,0,0.0,0,0,0.0,0,0,0.0,0,0,0.0,0,0,0.0,0,0,0.0,0,0,0.0,0,0,0.0,10,22,0.3125,0,0,0.0,0,0,0.0,0,0,0.0,0,0,0.0,0,0,0.0,0,0,0.0,0,0,0.0,0,0,0.0,0,0,0.0,0,0,0.0,7,28,0.2,0,0,0.0,0,0,0.0,0,0,0.0,13,24,0.3514,2,17,0.1053,2,12,0.1429,0,13,0.0,2,15,0.1176,2,13,0.1333,11,15,0.4231
2026-04-03 21:40:20,test_2427.jpg,299,55,354,0.1554,13,31,32,0,11,0.0,6,25,0.1935,15,69,0.1786,2,9,0.1818,0,0,0.0,0,0,0.0,0,0,0.0,0,0,0.0,0,0,0.0,0,0,0.0,0,21,0.0,0,0,0.0,0,0,0.0,0,0,0.0,0,0,0.0,0,0,0.0,0,0,0.0,0,0,0.0,0,0,0.0,0,0,0.0,0,0,0.0,0,21,0.0,0,0,0.0,0,0,0.0,0,0,0.0,9,34,0.2093,5,31,0.1389,7,29,0.1944,0,19,0.0,6,10,0.375,3,9,0.25,2,11,0.1538
2026-04-03 21:40:20,test_2428.jpg,268,133,401,0.3317,10,31,32,14,40,0.2593,0,0,0.0,0,0,0.0,0,0,0.0,0,0,0.0,0,0,0.0,0,0,0.0,0,0,0.0,0,0,0.0,0,0,0.0,3,16,0.1579,0,0,0.0,0,0,0.0,0,0,0.0,0,0,0.0,0,0,0.0,0,0,0.0,0,0,0.0,0,0,0.0,0,0,0.0,0,0,0.0,6,19,0.24,0,0,0.0,0,0,0.0,0,0,0.0,3,12,0.2,1,17,0.0556,19,40,0.322,30,39,0.4348,29,31,0.4833,20,32,0.3846,8,22,0.2667
2026-04-03 21:40:20,test_2429.jpg,173,7,180,0.0389,8,31,32,0,0,0.0,0,0,0.0,0,0,0.0,0,0,0.0,0,0,0.0,0,0,0.0,0,0,0.0,0,0,0.0,0,0,0.0,0,0,0.0,2,19,0.0952,0,0,0.0,0,0,0.0,0,0,0.0,0,0,0.0,0,0,0.0,0,0,0.0,0,0,0.0,0,0,0.0,0,0,0.0,0,0,0.0,1,19,0.05,0,0,0.0,0,0,0.0,0,0,0.0,0,23,0.0,0,21,0.0,0,22,0.0,1,23,0.0417,1,23,0.0417,2,23,0.08,0,0,0.0
2026-04-03 21:40:20,test_243.jpg,181,20,201,0.0995,8,31,32,0,0,0.0,0,0,0.0,0,0,0.0,0,0,0.0,0,0,0.0,0,0,0.0,0,0,0.0,0,0,0.0,0,0,0.0,0,0,0.0,4,21,0.16,0,0,0.0,0,0,0.0,0,0,0.0,0,0,0.0,0,0,0.0,0,0,0.0,0,0,0.0,0,0,0.0,0,0,0.0,0,0,0.0,1,19,0.05,0,0,0.0,0,0,0.0,0,0,0.0,1,23,0.0417,3,23,0.1154,3,24,0.1111,4,24,0.1429,4,24,0.1429,0,23,0.0,0,0,0.0
2026-04-03 21:40:20,test_2430.jpg,300,54,354,0.1525,13,31,32,6,21,0.2222,0,20,0.0,7,23,0.2333,0,11,0.0,0,0,0.0,0,0,0.0,0,0,0.0,0,0,0.0,0,0,0.0,0,0,0.0,2,4,0.3333,0,0,0.0,0,0,0.0,0,0,0.0,0,0,0.0,0,0,0.0,0,0,0.0,0,0,0.0,0,0,0.0,0,0,0.0,0,0,0.0,8,24,0.25,0,0,0.0,0,0,0.0,0,0,0.0,9,33,0.2143,5,27,0.1562,1,35,0.0278,5,35,0.125,3,29,0.0938,7,17,0.2917,1,21,0.0455
2026-04-03 21:40:20,test_2431.jpg,127,22,149,0.1477,7,31,32,0,0,0.0,0,0,0.0,0,0,0.0,0,0,0.0,0,0,0.0,0,0,0.0,0,0,0.0,0,0,0.0,0,0,0.0,0,0,0.0,0,20,0.0,0,0,0.0,0,0,0.0,0,0,0.0,0,0,0.0,0,0,0.0,0,0,0.0,0,0,0.0,0,0,0.0,0,0,0.0,0,0,0.0,8,18,0.3077,0,0,0.0,0,0,0.0,0,0,0.0,2,20,0.0909,0,20,0.0,5,20,0.2,4,17,0.1905,3,12,0.2,0,0,0.0,0,0,0.0
2026-04-03 21:40:20,test_2432.jpg,117,15,132,0.1136,6,31,32,0,0,0.0,0,0,0.0,0,0,0.0,0,0,0.0,0,0,0.0,0,0,0.0,0,0,0.0,0,0,0.0,0,0,0.0,0,0,0.0,0,13,0.0,0,0,0.0,0,0,0.0,0,0,0.0,0,0,0.0,0,0,0.0,0,0,0.0,0,0,0.0,0,0,0.0,0,0,0.0,0,0,0.0,2,18,0.1,0,0,0.0,0,0,0.0,0,0,0.0,0,18,0.0,4,17,0.1905,6,27,0.1818,3,24,0.1111,0,0,0.0,0,0,0.0,0,0,0.0
2026-04-03 21:40:20,test_2433.jpg,156,20,176,0.1136,6,31,32,0,0,0.0,0,0,0.0,0,0,0.0,0,0,0.0,0,0,0.0,0,0,0.0,0,0,0.0,0,0,0.0,0,0,0.0,0,0,0.0,2,9,0.1818,0,0,0.0,0,0,0.0,0,0,0.0,0,0,0.0,0,0,0.0,0,0,0.0,0,0,0.0,0,0,0.0,0,0,0.0,0,0,0.0,1,34,0.0286,0,0,0.0,0,0,0.0,0,0,0.0,1,29,0.0333,0,33,0.0,13,33,0.2826,3,18,0.1429,0,0,0.0,0,0,0.0,0,0,0.0
2026-04-03 21:40:20,test_2434.jpg,145,1,146,0.0068,6,31,32,0,0,0.0,0,0,0.0,0,0,0.0,0,0,0.0,0,0,0.0,0,0,0.0,0,0,0.0,0,0,0.0,0,0,0.0,0,0,0.0,0,22,0.0,0,0,0.0,0,0,0.0,0,0,0.0,0,0,0.0,0,0,0.0,0,0,0.0,0,0,0.0,0,0,0.0,0,0,0.0,0,0,0.0,0,21,0.0,0,0,0.0,0,0,0.0,0,0,0.0,0,22,0.0,1,25,0.0385,0,30,0.0,0,25,0.0,0,0,0.0,0,0,0.0,0,0,0.0
2026-04-03 21:40:20,test_2435.jpg,172,10,182,0.0549,6,31,32,0,0,0.0,0,0,0.0,0,0,0.0,0,0,0.0,0,0,0.0,0,0,0.0,0,0,0.0,0,0,0.0,0,0,0.0,0,0,0.0,0,14,0.0,0,0,0.0,0,0,0.0,0,0,0.0,0,0,0.0,0,0,0.0,0,0,0.0,0,0,0.0,0,0,0.0,0,0,0.0,0,0,0.0,0,25,0.0,0,0,0.0,0,0,0.0,0,0,0.0,0,26,0.0,0,29,0.0,10,32,0.2381,0,46,0.0,0,0,0.0,0,0,0.0,0,0,0.0
2026-04-03 21:40:20,test_2436.jpg,175,94,269,0.3494,5,31,32,0,0,0.0,0,0,0.0,0,0,0.0,0,0,0.0,0,0,0.0,0,0,0.0,0,0,0.0,0,0,0.0,0,0,0.0,0,0,0.0,1,20,0.0476,0,0,0.0,0,0,0.0,0,0,0.0,0,0,0.0,0,0,0.0,0,0,0.0,0,0,0.0,0,0,0.0,0,0,0.0,0,0,0.0,0,23,0.0,0,0,0.0,0,0,0.0,0,0,0.0,17,42,0.2881,61,67,0.4766,15,23,0.3947,0,0,0.0,0,0,0.0,0,0,0.0,0,0,0.0
2026-04-03 21:40:20,test_2437.jpg,131,28,159,0.1761,6,31,32,0,0,0.0,0,0,0.0,0,0,0.0,0,0,0.0,0,0,0.0,0,0,0.0,0,0,0.0,0,0,0.0,0,0,0.0,0,0,0.0,6,26,0.1875,0,0,0.0,0,0,0.0,0,0,0.0,0,0,0.0,0,0,0.0,0,0,0.0,0,0,0.0,0,0,0.0,0,0,0.0,0,0,0.0,5,27,0.1562,0,0,0.0,0,0,0.0,0,0,0.0,3,23,0.1154,7,20,0.2593,2,27,0.069,5,8,0.3846,0,0,0.0,0,0,0.0,0,0,0.0
2026-04-03 21:40:20,test_2438.jpg,166,34,200,0.17,8,31,32,0,0,0.0,0,0,0.0,0,0,0.0,0,0,0.0,0,0,0.0,0,0,0.0,0,0,0.0,0,0,0.0,0,0,0.0,0,0,0.0,1,9,0.1,0,0,0.0,0,0,0.0,0,0,0.0,0,0,0.0,0,0,0.0,0,0,0.0,0,0,0.0,0,0,0.0,0,0,0.0,0,0,0.0,1,17,0.0556,0,0,0.0,0,0,0.0,0,0,0.0,5,21,0.1923,4,28,0.125,6,27,0.1818,4,21,0.16,11,35,0.2391,2,8,0.2,0,0,0.0
2026-04-03 21:40:20,test_2439.jpg,93,31,124,0.25,5,31,32,0,0,0.0,0,0,0.0,0,0,0.0,0,0,0.0,0,0,0.0,0,0,0.0,0,0,0.0,0,0,0.0,0,0,0.0,0,0,0.0,2,18,0.1,0,0,0.0,0,0,0.0,0,0,0.0,0,0,0.0,0,0,0.0,0,0,0.0,0,0,0.0,0,0,0.0,0,0,0.0,0,0,0.0,7,20,0.2593,0,0,0.0,0,0,0.0,0,0,0.0,5,17,0.2273,17,32,0.3469,0,6,0.0,0,0,0.0,0,0,0.0,0,0,0.0,0,0,0.0
2026-04-03 21:40:20,test_244.jpg,154,30,184,0.163,8,31,32,0,0,0.0,0,0,0.0,0,0,0.0,0,0,0.0,0,0,0.0,0,0,0.0,0,0,0.0,0,0,0.0,0,0,0.0,0,0,0.0,2,17,0.1053,0,0,0.0,0,0,0.0,0,0,0.0,0,0,0.0,0,0,0.0,0,0,0.0,0,0,0.0,0,0,0.0,0,0,0.0,0,0,0.0,5,23,0.1786,0,0,0.0,0,0,0.0,0,0,0.0,5,19,0.2083,8,22,0.2667,3,15,0.1667,0,20,0.0,3,20,0.1304,4,18,0.1818,0,0,0.0
2026-04-03 21:40:20,test_2440.jpg,252,49,301,0.1628,7,31,32,0,0,0.0,0,0,0.0,0,0,0.0,0,0,0.0,0,0,0.0,0,0,0.0,0,0,0.0,0,0,0.0,0,0,0.0,0,0,0.0,2,22,0.0833,0,0,0.0,0,0,0.0,0,0,0.0,0,0,0.0,0,0,0.0,0,0,0.0,0,0,0.0,0,0,0.0,0,0,0.0,0,0,0.0,6,59,0.0923,0,0,0.0,0,0,0.0,0,0,0.0,0,52,0.0,7,33,0.175,13,38,0.2549,21,33,0.3889,0,15,0.0,0,0,0.0,0,0,0.0
2026-04-03 21:40:20,test_2441.jpg,127,24,151,0.1589,7,31,32,0,0,0.0,0,0,0.0,0,0,0.0,0,0,0.0,0,0,0.0,0,0,0.0,0,0,0.0,0,0,0.0,0,0,0.0,0,0,0.0,2,15,0.1176,0,0,0.0,0,0,0.0,0,0,0.0,0,0,0.0,0,0,0.0,0,0,0.0,0,0,0.0,0,0,0.0,0,0,0.0,0,0,0.0,3,24,0.1111,0,0,0.0,0,0,0.0,0,0,0.0,6,17,0.2609,8,22,0.2667,1,18,0.0526,4,22,0.1538,0,9,0.0,0,0,0.0,0,0,0.0
2026-04-03 21:40:20,test_2442.jpg,193,121,314,0.3854,4,31,32,0,0,0.0,0,0,0.0,0,0,0.0,0,0,0.0,0,0,0.0,0,0,0.0,0,0,0.0,0,0,0.0,0,0,0.0,0,0,0.0,0,17,0.0,0,0,0.0,0,0,0.0,0,0,0.0,0,0,0.0,0,0,0.0,0,0,0.0,0,0,0.0,0,0,0.0,0,0,0.0,0,0,0.0,2,28,0.0667,0,0,0.0,0,0,0.0,0,0,0.0,49,95,0.3403,70,53,0.5691,0,0,0.0,0,0,0.0,0,0,0.0,0,0,0.0,0,0,0.0
2026-04-03 21:40:20,test_2443.jpg,121,28,149,0.1879,5,31,32,0,0,0.0,0,0,0.0,0,0,0.0,0,0,0.0,0,0,0.0,0,0,0.0,0,0,0.0,0,0,0.0,0,0,0.0,0,0,0.0,5,16,0.2381,0,0,0.0,0,0,0.0,0,0,0.0,0,0,0.0,0,0,0.0,0,0,0.0,0,0,0.0,0,0,0.0,0,0,0.0,0,0,0.0,9,26,0.2571,0,0,0.0,0,0,0.0,0,0,0.0,3,21,0.125,6,39,0.1333,5,19,0.2083,0,0,0.0,0,0,0.0,0,0,0.0,0,0,0.0
2026-04-03 21:40:20,test_2444.jpg,115,33,148,0.223,7,31,32,0,0,0.0,0,0,0.0,0,0,0.0,0,0,0.0,0,0,0.0,0,0,0.0,0,0,0.0,0,0,0.0,0,0,0.0,0,0,0.0,0,8,0.0,0,0,0.0,0,0,0.0,0,0,0.0,0,0,0.0,0,0,0.0,0,0,0.0,0,0,0.0,0,0,0.0,0,0,0.0,0,0,0.0,9,25,0.2647,0,0,0.0,0,0,0.0,0,0,0.0,0,13,0.0,0,18,0.0,7,12,0.3684,14,29,0.3256,3,10,0.2308,0,0,0.0,0,0,0.0
2026-04-03 21:40:20,test_2445.jpg,169,61,230,0.2652,8,31,32,0,0,0.0,0,0,0.0,0,0,0.0,0,0,0.0,0,0,0.0,0,0,0.0,0,0,0.0,0,0,0.0,0,0,0.0,0,0,0.0,0,21,0.0,0,0,0.0,0,0,0.0,0,0,0.0,0,0,0.0,0,0,0.0,0,0,0.0,0,0,0.0,0,0,0.0,0,0,0.0,0,0,0.0,8,25,0.2424,0,0,0.0,0,0,0.0,0,0,0.0,2,9,0.1818,8,26,0.2353,19,31,0.38,17,20,0.4595,7,36,0.1628,0,1,0.0,0,0,0.0
2026-04-03 21:40:20,test_2446.jpg,166,51,217,0.235,8,31,32,0,0,0.0,0,0,0.0,0,0,0.0,0,0,0.0,0,0,0.0,0,0,0.0,0,0,0.0,0,0,0.0,0,0,0.0,0,0,0.0,0,14,0.0,0,0,0.0,0,0,0.0,0,0,0.0,0,0,0.0,0,0,0.0,0,0,0.0,0,0,0.0,0,0,0.0,0,0,0.0,0,0,0.0,1,22,0.0435,0,0,0.0,0,0,0.0,0,0,0.0,6,21,0.2222,14,28,0.3333,11,15,0.4231,0,13,0.0,6,27,0.1818,13,26,0.3333,0,0,0.0
2026-04-03 21:40:20,test_2447.jpg,227,123,350,0.3514,5,31,32,0,0,0.0,0,0,0.0,0,0,0.0,0,0,0.0,0,0,0.0,0,0,0.0,0,0,0.0,0,0,0.0,0,0,0.0,0,0,0.0,16,40,0.2857,0,0,0.0,0,0,0.0,0,0,0.0,0,0,0.0,0,0,0.0,0,0,0.0,0,0,0.0,0,0,0.0,0,0,0.0,0,0,0.0,3,29,0.0938,0,0,0.0,0,0,0.0,0,0,0.0,11,48,0.1864,56,74,0.4308,37,36,0.5068,0,0,0.0,0,0,0.0,0,0,0.0,0,0,0.0
2026-04-03 21:40:20,test_2448.jpg,184,38,222,0.1712,17,31,32,1,19,0.05,2,10,0.1667,4,16,0.2,0,22,0.0,5,18,0.2174,3,15,0.1667,8,19,0.2963,1,8,0.1111,0,0,0.0,0,0,0.0,0,2,0.0,0,0,0.0,0,0,0.0,0,0,0.0,0,0,0.0,0,0,0.0,0,0,0.0,0,0,0.0,0,0,0.0,0,0,0.0,0,0,0.0,4,5,0.4444,0,0,0.0,0,0,0.0,0,0,0.0,0,1,0.0,0,0,0.0,2,12,0.1429,4,7,0.3636,3,9,0.25,0,11,0.0,1,10,0.0909
2026-04-03 21:40:20,test_2449.jpg,239,151,390,0.3872,4,31,32,0,0,0.0,0,0,0.0,0,0,0.0,0,0,0.0,0,0,0.0,0,0,0.0,0,0,0.0,0,0,0.0,0,0,0.0,0,0,0.0,2,31,0.0606,0,0,0.0,0,0,0.0,0,0,0.0,0,0,0.0,0,0,0.0,0,0,0.0,0,0,0.0,0,0,0.0,0,0,0.0,0,0,0.0,27,88,0.2348,0,0,0.0,0,0,0.0,0,0,0.0,68,73,0.4823,54,47,0.5347,0,0,0.0,0,0,0.0,0,0,0.0,0,0,0.0,0,0,0.0
2026-04-03 21:40:20,test_245.jpg,173,47,220,0.2136,6,31,32,0,0,0.0,0,0,0.0,0,0,0.0,0,0,0.0,0,0,0.0,0,0,0.0,0,0,0.0,0,0,0.0,0,0,0.0,0,0,0.0,6,18,0.25,0,0,0.0,0,0,0.0,0,0,0.0,0,0,0.0,0,0,0.0,0,0,0.0,0,0,0.0,0,0,0.0,0,0,0.0,0,0,0.0,3,23,0.1154,0,0,0.0,0,0,0.0,0,0,0.0,4,18,0.1818,4,39,0.093,22,44,0.3333,8,31,0.2051,0,0,0.0,0,0,0.0,0,0,0.0
2026-04-03 21:40:20,test_2450.jpg,192,119,311,0.3826,4,31,32,0,0,0.0,0,0,0.0,0,0,0.0,0,0,0.0,0,0,0.0,0,0,0.0,0,0,0.0,0,0,0.0,0,0,0.0,0,0,0.0,4,34,0.1053,0,0,0.0,0,0,0.0,0,0,0.0,0,0,0.0,0,0,0.0,0,0,0.0,0,0,0.0,0,0,0.0,0,0,0.0,0,0,0.0,20,63,0.241,0,0,0.0,0,0,0.0,0,0,0.0,75,62,0.5474,20,33,0.3774,0,0,0.0,0,0,0.0,0,0,0.0,0,0,0.0,0,0,0.0
2026-04-03 21:40:20,test_2451.jpg,203,56,259,0.2162,4,31,32,0,0,0.0,0,0,0.0,0,0,0.0,0,0,0.0,0,0,0.0,0,0,0.0,0,0,0.0,0,0,0.0,0,0,0.0,0,0,0.0,2,24,0.0769,0,0,0.0,0,0,0.0,0,0,0.0,0,0,0.0,0,0,0.0,0,0,0.0,0,0,0.0,0,0,0.0,0,0,0.0,0,0,0.0,24,84,0.2222,0,0,0.0,0,0,0.0,0,0,0.0,20,82,0.1961,10,13,0.4348,0,0,0.0,0,0,0.0,0,0,0.0,0,0,0.0,0,0,0.0
2026-04-03 21:40:20,test_2452.jpg,194,0,194,0.0,6,31,32,0,0,0.0,0,0,0.0,0,0,0.0,0,0,0.0,0,0,0.0,0,0,0.0,0,0,0.0,0,0,0.0,0,0,0.0,0,0,0.0,0,18,0.0,0,0,0.0,0,0,0.0,0,0,0.0,0,0,0.0,0,0,0.0,0,0,0.0,0,0,0.0,0,0,0.0,0,0,0.0,0,0,0.0,0,32,0.0,0,0,0.0,0,0,0.0,0,0,0.0,0,41,0.0,0,40,0.0,0,49,0.0,0,14,0.0,0,0,0.0,0,0,0.0,0,0,0.0
2026-04-03 21:40:20,test_2453.jpg,195,11,206,0.0534,6,31,32,0,0,0.0,0,0,0.0,0,0,0.0,0,0,0.0,0,0,0.0,0,0,0.0,0,0,0.0,0,0,0.0,0,0,0.0,0,0,0.0,0,31,0.0,0,0,0.0,0,0,0.0,0,0,0.0,0,0,0.0,0,0,0.0,0,0,0.0,0,0,0.0,0,0,0.0,0,0,0.0,0,0,0.0,4,27,0.129,0,0,0.0,0,0,0.0,0,0,0.0,2,29,0.0645,3,40,0.0698,1,38,0.0256,1,30,0.0323,0,0,0.0,0,0,0.0,0,0,0.0
2026-04-03 21:40:20,test_2454.jpg,299,244,543,0.4494,5,31,32,0,0,0.0,0,0,0.0,0,0,0.0,0,0,0.0,0,0,0.0,0,0,0.0,0,0,0.0,0,0,0.0,0,0,0.0,0,0,0.0,4,31,0.1143,0,0,0.0,0,0,0.0,0,0,0.0,0,0,0.0,0,0,0.0,0,0,0.0,0,0,0.0,0,0,0.0,0,0,0.0,0,0,0.0,15,72,0.1724,0,0,0.0,0,0,0.0,0,0,0.0,36,81,0.3077,126,80,0.6117,63,35,0.6429,0,0,0.0,0,0,0.0,0,0,0.0,0,0,0.0
2026-04-03 21:40:20,test_2455.jpg,151,24,175,0.1371,6,31,32,0,0,0.0,0,0,0.0,0,0,0.0,0,0,0.0,0,0,0.0,0,0,0.0,0,0,0.0,0,0,0.0,0,0,0.0,0,0,0.0,1,3,0.25,0,0,0.0,0,0,0.0,0,0,0.0,0,0,0.0,0,0,0.0,0,0,0.0,0,0,0.0,0,0,0.0,0,0,0.0,0,0,0.0,11,47,0.1897,0,0,0.0,0,0,0.0,0,0,0.0,5,26,0.1613,2,31,0.0606,4,24,0.1429,1,20,0.0476,0,0,0.0,0,0,0.0,0,0,0.0
2026-04-03 21:40:20,test_2456.jpg,146,40,186,0.2151,9,31,32,0,0,0.0,0,0,0.0,0,0,0.0,0,0,0.0,0,0,0.0,0,0,0.0,0,0,0.0,0,0,0.0,0,0,0.0,0,0,0.0,0,15,0.0,0,0,0.0,0,0,0.0,0,0,0.0,0,0,0.0,0,0,0.0,0,0,0.0,0,0,0.0,0,0,0.0,0,0,0.0,0,0,0.0,0,0,0.0,0,0,0.0,0,0,0.0,0,0,0.0,2,15,0.1176,1,16,0.0588,0,16,0.0,0,14,0.0,8,21,0.2759,26,44,0.3714,3,5,0.375
2026-04-03 21:40:20,test_2457.jpg,149,35,184,0.1902,11,31,32,11,26,0.2973,1,5,0.1667,0,0,0.0,0,0,0.0,0,0,0.0,0,0,0.0,0,0,0.0,0,0,0.0,0,0,0.0,0,0,0.0,1,3,0.25,0,0,0.0,0,0,0.0,0,0,0.0,0,0,0.0,0,0,0.0,0,0,0.0,0,0,0.0,0,0,0.0,0,0,0.0,0,0,0.0,0,5,0.0,0,0,0.0,0,0,0.0,0,0,0.0,2,14,0.125,4,12,0.25,2,15,0.1176,2,10,0.1667,0,12,0.0,10,25,0.2857,2,22,0.0833
2026-04-03 21:40:20,test_2458.jpg,177,88,265,0.3321,10,31,32,10,28,0.2632,0,0,0.0,0,0,0.0,0,0,0.0,0,0,0.0,0,0,0.0,0,0,0.0,0,0,0.0,0,0,0.0,0,0,0.0,11,21,0.3438,0,0,0.0,0,0,0.0,0,0,0.0,0,0,0.0,0,0,0.0,0,0,0.0,0,0,0.0,0,0,0.0,0,0,0.0,0,0,0.0,25,22,0.5319,0,0,0.0,0,0,0.0,0,0,0.0,3,9,0.25,7,10,0.4118,3,9,0.25,7,16,0.3043,4,15,0.2105,7,20,0.2593,11,27,0.2895
2026-04-03 21:40:20,test_2459.jpg,134,3,137,0.0219,7,31,32,0,0,0.0,0,0,0.0,0,0,0.0,0,0,0.0,0,0,0.0,0,0,0.0,0,0,0.0,0,0,0.0,0,0,0.0,0,0,0.0,0,14,0.0,0,0,0.0,0,0,0.0,0,0,0.0,0,0,0.0,0,0,0.0,0,0,0.0,0,0,0.0,0,0,0.0,0,0,0.0,0,0,0.0,0,28,0.0,0,0,0.0,0,0,0.0,0,0,0.0,0,25,0.0,2,15,0.1176,0,17,0.0,1,17,0.0556,0,18,0.0,0,0,0.0,0,0,0.0
2026-04-03 21:40:20,test_246.jpg,124,14,138,0.1014,7,31,32,0,0,0.0,0,0,0.0,0,0,0.0,0,0,0.0,0,0,0.0,0,0,0.0,0,0,0.0,0,0,0.0,0,0,0.0,0,0,0.0,1,13,0.0714,0,0,0.0,0,0,0.0,0,0,0.0,0,0,0.0,0,0,0.0,0,0,0.0,0,0,0.0,0,0,0.0,0,0,0.0,0,0,0.0,1,22,0.0435,0,0,0.0,0,0,0.0,0,0,0.0,4,21,0.16,3,20,0.1304,2,15,0.1176,0,14,0.0,3,19,0.1364,0,0,0.0,0,0,0.0
2026-04-03 21:40:20,test_2460.jpg,150,38,188,0.2021,8,31,32,0,0,0.0,0,0,0.0,0,0,0.0,0,0,0.0,0,0,0.0,0,0,0.0,0,0,0.0,0,0,0.0,0,0,0.0,0,0,0.0,16,17,0.4848,0,0,0.0,0,0,0.0,0,0,0.0,0,0,0.0,0,0,0.0,0,0,0.0,0,0,0.0,0,0,0.0,0,0,0.0,0,0,0.0,6,14,0.3,0,0,0.0,0,0,0.0,0,0,0.0,9,13,0.4091,4,19,0.1739,2,24,0.0769,0,22,0.0,0,21,0.0,1,20,0.0476,0,0,0.0
2026-04-03 21:40:20,test_2461.jpg,142,92,234,0.3932,3,31,32,0,0,0.0,0,0,0.0,0,0,0.0,0,0,0.0,0,0,0.0,0,0,0.0,0,0,0.0,0,0,0.0,0,0,0.0,0,0,0.0,2,10,0.1667,0,0,0.0,0,0,0.0,0,0,0.0,0,0,0.0,0,0,0.0,0,0,0.0,0,0,0.0,0,0,0.0,0,0,0.0,0,0,0.0,84,125,0.4019,0,0,0.0,0,0,0.0,0,0,0.0,6,7,0.4615,0,0,0.0,0,0,0.0,0,0,0.0,0,0,0.0,0,0,0.0,0,0,0.0
2026-04-03 21:40:20,test_2462.jpg,138,40,178,0.2247,7,31,32,0,0,0.0,0,0,0.0,0,0,0.0,0,0,0.0,0,0,0.0,0,0,0.0,0,0,0.0,0,0,0.0,0,0,0.0,0,0,0.0,2,16,0.1111,0,0,0.0,0,0,0.0,0,0,0.0,0,0,0.0,0,0,0.0,0,0,0.0,0,0,0.0,0,0,0.0,0,0,0.0,0,0,0.0,1,14,0.0667,0,0,0.0,0,0,0.0,0,0,0.0,0,14,0.0,3,17,0.15,11,22,0.3333,15,34,0.3061,8,21,0.2759,0,0,0.0,0,0,0.0
2026-04-03 21:40:20,test_2463.jpg,135,20,155,0.129,8,31,32,0,0,0.0,0,0,0.0,0,0,0.0,0,0,0.0,0,0,0.0,0,0,0.0,0,0,0.0,0,0,0.0,0,0,0.0,0,0,0.0,2,17,0.1053,0,0,0.0,0,0,0.0,0,0,0.0,0,0,0.0,0,0,0.0,0,0,0.0,0,0,0.0,0,0,0.0,0,0,0.0,0,0,0.0,2,16,0.1111,0,0,0.0,0,0,0.0,0,0,0.0,1,17,0.0556,4,17,0.1905,3,13,0.1875,3,13,0.1875,4,15,0.2105,1,27,0.0357,0,0,0.0
2026-04-03 21:40:20,test_2464.jpg,201,25,226,0.1106,14,31,32,8,8,0.5,1,11,0.0833,5,15,0.25,1,14,0.0667,0,13,0.0,0,0,0.0,0,0,0.0,0,0,0.0,0,0,0.0,0,0,0.0,0,17,0.0,0,0,0.0,0,0,0.0,0,0,0.0,0,0,0.0,0,0,0.0,0,0,0.0,0,0,0.0,0,0,0.0,0,0,0.0,0,0,0.0,0,21,0.0,0,0,0.0,0,0,0.0,0,0,0.0,3,26,0.1034,4,15,0.2105,0,15,0.0,1,10,0.0909,0,11,0.0,2,12,0.1429,0,13,0.0
2026-04-03 21:40:20,test_2465.jpg,194,21,215,0.0977,6,31,32,0,0,0.0,0,0,0.0,0,0,0.0,0,0,0.0,0,0,0.0,0,0,0.0,0,0,0.0,0,0,0.0,0,0,0.0,0,0,0.0,4,32,0.1111,0,0,0.0,0,0,0.0,0,0,0.0,0,0,0.0,0,0,0.0,0,0,0.0,0,0,0.0,0,0,0.0,0,0,0.0,0,0,0.0,6,37,0.1395,0,0,0.0,0,0,0.0,0,0,0.0,5,35,0.125,3,41,0.0682,3,25,0.1071,0,24,0.0,0,0,0.0,0,0,0.0,0,0,0.0
2026-04-03 21:40:20,test_2466.jpg,143,34,177,0.1921,5,31,32,0,0,0.0,0,0,0.0,0,0,0.0,0,0,0.0,0,0,0.0,0,0,0.0,0,0,0.0,0,0,0.0,0,0,0.0,0,0,0.0,0,18,0.0,0,0,0.0,0,0,0.0,0,0,0.0,0,0,0.0,0,0,0.0,0,0,0.0,0,0,0.0,0,0,0.0,0,0,0.0,0,0,0.0,0,29,0.0,0,0,0.0,0,0,0.0,0,0,0.0,5,37,0.119,16,35,0.3137,13,24,0.3514,0,0,0.0,0,0,0.0,0,0,0.0,0,0,0.0
2026-04-03 21:40:20,test_2467.jpg,122,35,157,0.2229,4,31,32,0,0,0.0,0,0,0.0,0,0,0.0,0,0,0.0,0,0,0.0,0,0,0.0,0,0,0.0,0,0,0.0,0,0,0.0,0,0,0.0,4,22,0.1538,0,0,0.0,0,0,0.0,0,0,0.0,0,0,0.0,0,0,0.0,0,0,0.0,0,0,0.0,0,0,0.0,0,0,0.0,0,0,0.0,2,38,0.05,0,0,0.0,0,0,0.0,0,0,0.0,20,48,0.2941,9,14,0.3913,0,0,0.0,0,0,0.0,0,0,0.0,0,0,0.0,0,0,0.0
2026-04-03 21:40:20,test_2468.jpg,153,42,195,0.2154,6,31,32,0,0,0.0,0,0,0.0,0,0,0.0,0,0,0.0,0,0,0.0,0,0,0.0,0,0,0.0,0,0,0.0,0,0,0.0,0,0,0.0,6,18,0.25,0,0,0.0,0,0,0.0,0,0,0.0,0,0,0.0,0,0,0.0,0,0,0.0,0,0,0.0,0,0,0.0,0,0,0.0,0,0,0.0,3,13,0.1875,0,0,0.0,0,0,0.0,0,0,0.0,6,23,0.2069,11,36,0.234,9,34,0.2093,7,29,0.1944,0,0,0.0,0,0,0.0,0,0,0.0
2026-04-03 21:40:20,test_2469.jpg,204,130,334,0.3892,7,31,32,0,0,0.0,0,0,0.0,0,0,0.0,0,0,0.0,0,0,0.0,0,0,0.0,0,0,0.0,0,0,0.0,0,0,0.0,0,0,0.0,0,9,0.0,0,0,0.0,0,0,0.0,0,0,0.0,0,0,0.0,0,0,0.0,0,0,0.0,0,0,0.0,0,0,0.0,0,0,0.0,0,0,0.0,1,22,0.0435,0,0,0.0,0,0,0.0,0,0,0.0,9,34,0.2093,15,22,0.4054,28,34,0.4516,52,42,0.5532,25,41,0.3788,0,0,0.0,0,0,0.0
2026-04-03 21:40:20,test_247.jpg,290,176,466,0.3777,6,31,32,0,0,0.0,0,0,0.0,0,0,0.0,0,0,0.0,0,0,0.0,0,0,0.0,0,0,0.0,0,0,0.0,0,0,0.0,0,0,0.0,3,12,0.2,0,0,0.0,0,0,0.0,0,0,0.0,0,0,0.0,0,0,0.0,0,0,0.0,0,0,0.0,0,0,0.0,0,0,0.0,0,0,0.0,20,79,0.202,0,0,0.0,0,0,0.0,0,0,0.0,23,70,0.2473,58,68,0.4603,62,43,0.5905,10,18,0.3571,0,0,0.0,0,0,0.0,0,0,0.0
2026-04-03 21:40:20,test_2470.jpg,116,22,138,0.1594,6,31,32,0,0,0.0,0,0,0.0,0,0,0.0,0,0,0.0,0,0,0.0,0,0,0.0,0,0,0.0,0,0,0.0,0,0,0.0,0,0,0.0,12,30,0.2857,0,0,0.0,0,0,0.0,0,0,0.0,0,0,0.0,0,0,0.0,0,0,0.0,0,0,0.0,0,0,0.0,0,0,0.0,0,0,0.0,2,16,0.1111,0,0,0.0,0,0,0.0,0,0,0.0,4,15,0.2105,0,18,0.0,1,14,0.0667,3,23,0.1154,0,0,0.0,0,0,0.0,0,0,0.0
2026-04-03 21:40:20,test_2471.jpg,181,81,262,0.3092,6,31,32,0,0,0.0,0,0,0.0,0,0,0.0,0,0,0.0,0,0,0.0,0,0,0.0,0,0,0.0,0,0,0.0,0,0,0.0,0,0,0.0,3,23,0.1154,0,0,0.0,0,0,0.0,0,0,0.0,0,0,0.0,0,0,0.0,0,0,0.0,0,0,0.0,0,0,0.0,0,0,0.0,0,0,0.0,6,30,0.1667,0,0,0.0,0,0,0.0,0,0,0.0,9,30,0.2308,14,30,0.3182,21,35,0.375,28,33,0.459,0,0,0.0,0,0,0.0,0,0,0.0
2026-04-03 21:40:20,test_2472.jpg,163,13,176,0.0739,8,31,32,0,0,0.0,0,0,0.0,0,0,0.0,0,0,0.0,0,0,0.0,0,0,0.0,0,0,0.0,0,0,0.0,0,0,0.0,0,0,0.0,0,17,0.0,0,0,0.0,0,0,0.0,0,0,0.0,0,0,0.0,0,0,0.0,0,0,0.0,0,0,0.0,0,0,0.0,0,0,0.0,0,0,0.0,0,18,0.0,0,0,0.0,0,0,0.0,0,0,0.0,8,25,0.2424,0,26,0.0,0,21,0.0,4,16,0.2,0,21,0.0,1,19,0.05,0,0,0.0
2026-04-03 21:40:20,test_2473.jpg,143,21,164,0.128,7,31,32,0,0,0.0,0,0,0.0,0,0,0.0,0,0,0.0,0,0,0.0,0,0,0.0,0,0,0.0,0,0,0.0,0,0,0.0,0,0,0.0,2,17,0.1053,0,0,0.0,0,0,0.0,0,0,0.0,0,0,0.0,0,0,0.0,0,0,0.0,0,0,0.0,0,0,0.0,0,0,0.0,0,0,0.0,4,14,0.2222,0,0,0.0,0,0,0.0,0,0,0.0,1,22,0.0435,4,21,0.16,4,26,0.1333,3,19,0.1364,3,24,0.1111,0,0,0.0,0,0,0.0
2026-04-03 21:40:20,test_2474.jpg,131,41,172,0.2384,7,31,32,0,0,0.0,0,0,0.0,0,0,0.0,0,0,0.0,0,0,0.0,0,0,0.0,0,0,0.0,0,0,0.0,0,0,0.0,0,0,0.0,1,13,0.0714,0,0,0.0,0,0,0.0,0,0,0.0,0,0,0.0,0,0,0.0,0,0,0.0,0,0,0.0,0,0,0.0,0,0,0.0,0,0,0.0,6,30,0.1667,0,0,0.0,0,0,0.0,0,0,0.0,17,22,0.4359,2,13,0.1333,5,19,0.2083,6,17,0.2609,4,17,0.1905,0,0,0.0,0,0,0.0
2026-04-03 21:40:20,test_2475.jpg,119,19,138,0.1377,8,31,32,0,0,0.0,0,0,0.0,0,0,0.0,0,0,0.0,0,0,0.0,0,0,0.0,0,0,0.0,0,0,0.0,0,0,0.0,0,0,0.0,0,15,0.0,0,0,0.0,0,0,0.0,0,0,0.0,0,0,0.0,0,0,0.0,0,0,0.0,0,0,0.0,0,0,0.0,0,0,0.0,0,0,0.0,1,16,0.0588,0,0,0.0,0,0,0.0,0,0,0.0,0,17,0.0,4,14,0.2222,2,10,0.1667,0,15,0.0,6,20,0.2308,6,12,0.3333,0,0,0.0
2026-04-03 21:40:20,test_2476.jpg,161,27,188,0.1436,7,31,32,0,0,0.0,0,0,0.0,0,0,0.0,0,0,0.0,0,0,0.0,0,0,0.0,0,0,0.0,0,0,0.0,0,0,0.0,0,0,0.0,17,23,0.425,0,0,0.0,0,0,0.0,0,0,0.0,0,0,0.0,0,0,0.0,0,0,0.0,0,0,0.0,0,0,0.0,0,0,0.0,0,0,0.0,1,26,0.037,0,0,0.0,0,0,0.0,0,0,0.0,1,26,0.037,2,22,0.0833,0,26,0.0,3,20,0.1304,3,18,0.1429,0,0,0.0,0,0,0.0
2026-04-03 21:40:20,test_2477.jpg,160,41,201,0.204,9,31,32,0,0,0.0,0,0,0.0,0,0,0.0,0,0,0.0,0,0,0.0,0,0,0.0,0,0,0.0,0,0,0.0,0,0,0.0,0,0,0.0,2,28,0.0667,0,0,0.0,0,0,0.0,0,0,0.0,0,0,0.0,0,0,0.0,0,0,0.0,0,0,0.0,0,0,0.0,0,0,0.0,0,0,0.0,5,26,0.1613,0,0,0.0,0,0,0.0,0,0,0.0,4,13,0.2353,4,14,0.2222,2,16,0.1111,3,13,0.1875,1,15,0.0625,20,28,0.4167,0,7,0.0
2026-04-03 21:40:20,test_2478.jpg,233,13,246,0.0528,7,31,32,0,0,0.0,0,0,0.0,0,0,0.0,0,0,0.0,0,0,0.0,0,0,0.0,0,0,0.0,0,0,0.0,0,0,0.0,0,0,0.0,0,14,0.0,0,0,0.0,0,0,0.0,0,0,0.0,0,0,0.0,0,0,0.0,0,0,0.0,0,0,0.0,0,0,0.0,0,0,0.0,0,0,0.0,2,53,0.0364,0,0,0.0,0,0,0.0,0,0,0.0,2,29,0.0645,3,28,0.0968,2,38,0.05,2,54,0.0357,2,17,0.1053,0,0,0.0,0,0,0.0
2026-04-03 21:40:20,test_2479.jpg,148,23,171,0.1345,7,31,32,0,0,0.0,0,0,0.0,0,0,0.0,0,0,0.0,0,0,0.0,0,0,0.0,0,0,0.0,0,0,0.0,0,0,0.0,0,0,0.0,0,19,0.0,0,0,0.0,0,0,0.0,0,0,0.0,0,0,0.0,0,0,0.0,0,0,0.0,0,0,0.0,0,0,0.0,0,0,0.0,0,0,0.0,9,14,0.3913,0,0,0.0,0,0,0.0,0,0,0.0,9,23,0.2812,3,19,0.1364,0,18,0.0,0,22,0.0,2,33,0.0571,0,0,0.0,0,0,0.0
2026-04-03 21:40:20,test_248.jpg,143,49,192,0.2552,5,31,32,0,0,0.0,0,0,0.0,0,0,0.0,0,0,0.0,0,0,0.0,0,0,0.0,0,0,0.0,0,0,0.0,0,0,0.0,0,0,0.0,5,21,0.1923,0,0,0.0,0,0,0.0,0,0,0.0,0,0,0.0,0,0,0.0,0,0,0.0,0,0,0.0,0,0,0.0,0,0,0.0,0,0,0.0,2,25,0.0741,0,0,0.0,0,0,0.0,0,0,0.0,6,38,0.1364,22,35,0.386,14,24,0.3684,0,0,0.0,0,0,0.0,0,0,0.0,0,0,0.0
2026-04-03 21:40:20,test_2480.jpg,171,38,209,0.1818,10,31,32,2,20,0.0909,0,0,0.0,0,0,0.0,0,0,0.0,0,0,0.0,0,0,0.0,0,0,0.0,0,0,0.0,0,0,0.0,0,0,0.0,0,4,0.0,0,0,0.0,0,0,0.0,0,0,0.0,0,0,0.0,0,0,0.0,0,0,0.0,0,0,0.0,0,0,0.0,0,0,0.0,0,0,0.0,0,12,0.0,0,0,0.0,0,0,0.0,0,0,0.0,7,20,0.2593,2,19,0.0952,3,17,0.15,4,21,0.16,7,18,0.28,6,21,0.2222,7,19,0.2692
2026-04-03 21:40:20,test_2481.jpg,145,39,184,0.212,6,31,32,0,0,0.0,0,0,0.0,0,0,0.0,0,0,0.0,0,0,0.0,0,0,0.0,0,0,0.0,0,0,0.0,0,0,0.0,0,0,0.0,0,22,0.0,0,0,0.0,0,0,0.0,0,0,0.0,0,0,0.0,0,0,0.0,0,0,0.0,0,0,0.0,0,0,0.0,0,0,0.0,0,0,0.0,1,17,0.0556,0,0,0.0,0,0,0.0,0,0,0.0,3,24,0.1111,8,21,0.2759,18,40,0.3103,9,21,0.3,0,0,0.0,0,0,0.0,0,0,0.0
2026-04-03 21:40:20,test_2482.jpg,131,44,175,0.2514,3,31,32,0,0,0.0,0,0,0.0,0,0,0.0,0,0,0.0,0,0,0.0,0,0,0.0,0,0,0.0,0,0,0.0,0,0,0.0,0,0,0.0,3,9,0.25,0,0,0.0,0,0,0.0,0,0,0.0,0,0,0.0,0,0,0.0,0,0,0.0,0,0,0.0,0,0,0.0,0,0,0.0,0,0,0.0,17,69,0.1977,0,0,0.0,0,0,0.0,0,0,0.0,24,53,0.3117,0,0,0.0,0,0,0.0,0,0,0.0,0,0,0.0,0,0,0.0,0,0,0.0
2026-04-03 21:40:20,test_2483.jpg,127,1,128,0.0078,6,31,32,0,0,0.0,0,0,0.0,0,0,0.0,0,0,0.0,0,0,0.0,0,0,0.0,0,0,0.0,0,0,0.0,0,0,0.0,0,0,0.0,0,25,0.0,0,0,0.0,0,0,0.0,0,0,0.0,0,0,0.0,0,0,0.0,0,0,0.0,0,0,0.0,0,0,0.0,0,0,0.0,0,0,0.0,0,18,0.0,0,0,0.0,0,0,0.0,0,0,0.0,1,19,0.05,0,21,0.0,0,22,0.0,0,22,0.0,0,0,0.0,0,0,0.0,0,0,0.0
2026-04-03 21:40:20,test_2484.jpg,204,153,357,0.4286,10,31,32,1,6,0.1429,0,0,0.0,0,0,0.0,0,0,0.0,0,0,0.0,0,0,0.0,0,0,0.0,0,0,0.0,0,0,0.0,0,0,0.0,9,11,0.45,0,0,0.0,0,0,0.0,0,0,0.0,0,0,0.0,0,0,0.0,0,0,0.0,0,0,0.0,0,0,0.0,0,0,0.0,0,0,0.0,9,11,0.45,0,0,0.0,0,0,0.0,0,0,0.0,14,22,0.3889,17,28,0.3778,35,34,0.5072,24,35,0.4068,26,28,0.4815,16,18,0.4706,2,11,0.1538
2026-04-03 21:40:20,test_2485.jpg,219,11,230,0.0478,7,31,32,0,0,0.0,0,0,0.0,0,0,0.0,0,0,0.0,0,0,0.0,0,0,0.0,0,0,0.0,0,0,0.0,0,0,0.0,0,0,0.0,1,33,0.0294,0,0,0.0,0,0,0.0,0,0,0.0,0,0,0.0,0,0,0.0,0,0,0.0,0,0,0.0,0,0,0.0,0,0,0.0,0,0,0.0,1,26,0.037,0,0,0.0,0,0,0.0,0,0,0.0,0,29,0.0,2,27,0.069,1,30,0.0323,2,36,0.0526,4,38,0.0952,0,0,0.0,0,0,0.0
2026-04-03 21:40:20,test_2486.jpg,160,86,246,0.3496,8,31,32,0,0,0.0,0,0,0.0,0,0,0.0,0,0,0.0,0,0,0.0,0,0,0.0,0,0,0.0,0,0,0.0,0,0,0.0,0,0,0.0,0,0,0.0,0,0,0.0,0,0,0.0,0,0,0.0,0,0,0.0,0,0,0.0,0,0,0.0,0,0,0.0,0,0,0.0,0,0,0.0,0,0,0.0,9,24,0.2727,0,0,0.0,0,0,0.0,0,0,0.0,9,27,0.25,4,25,0.1379,9,24,0.2727,27,31,0.4655,26,26,0.5,2,3,0.4,0,0,0.0
2026-04-03 21:40:20,test_2487.jpg,158,96,254,0.378,4,31,32,0,0,0.0,0,0,0.0,0,0,0.0,0,0,0.0,0,0,0.0,0,0,0.0,0,0,0.0,0,0,0.0,0,0,0.0,0,0,0.0,3,18,0.1429,0,0,0.0,0,0,0.0,0,0,0.0,0,0,0.0,0,0,0.0,0,0,0.0,0,0,0.0,0,0,0.0,0,0,0.0,0,0,0.0,17,55,0.2361,0,0,0.0,0,0,0.0,0,0,0.0,65,65,0.5,11,20,0.3548,0,0,0.0,0,0,0.0,0,0,0.0,0,0,0.0,0,0,0.0
2026-04-03 21:40:20,test_2488.jpg,133,31,164,0.189,9,31,32,0,0,0.0,0,0,0.0,0,0,0.0,0,0,0.0,0,0,0.0,0,0,0.0,0,0,0.0,0,0,0.0,0,0,0.0,0,0,0.0,0,6,0.0,0,0,0.0,0,0,0.0,0,0,0.0,0,0,0.0,0,0,0.0,0,0,0.0,0,0,0.0,0,0,0.0,0,0,0.0,0,0,0.0,2,24,0.0769,0,0,0.0,0,0,0.0,0,0,0.0,6,12,0.3333,5,11,0.3125,0,19,0.0,3,19,0.1364,4,21,0.16,11,21,0.3438,0,0,0.0
2026-04-03 21:40:20,test_2489.jpg,175,77,252,0.3056,9,31,32,0,0,0.0,0,0,0.0,0,0,0.0,0,0,0.0,0,0,0.0,0,0,0.0,0,0,0.0,0,0,0.0,0,0,0.0,0,0,0.0,1,13,0.0714,0,0,0.0,0,0,0.0,0,0,0.0,0,0,0.0,0,0,0.0,0,0,0.0,0,0,0.0,0,0,0.0,0,0,0.0,0,0,0.0,1,8,0.1111,0,0,0.0,0,0,0.0,0,0,0.0,2,22,0.0833,13,22,0.3714,13,13,0.5,9,14,0.3913,18,29,0.383,7,26,0.2121,13,28,0.3171
2026-04-03 21:40:20,test_249.jpg,148,42,190,0.2211,9,31,32,0,0,0.0,0,0,0.0,0,0,0.0,0,0,0.0,0,0,0.0,0,0,0.0,0,0,0.0,0,0,0.0,0,0,0.0,0,0,0.0,14,29,0.3256,0,0,0.0,0,0,0.0,0,0,0.0,0,0,0.0,0,0,0.0,0,0,0.0,0,0,0.0,0,0,0.0,0,0,0.0,0,0,0.0,5,20,0.2,0,0,0.0,0,0,0.0,0,0,0.0,3,8,0.2727,1,14,0.0667,5,13,0.2778,5,16,0.2381,3,16,0.1579,6,15,0.2857,0,17,0.0
2026-04-03 21:40:20,test_2490.jpg,130,14,144,0.0972,7,31,32,0,0,0.0,0,0,0.0,0,0,0.0,0,0,0.0,0,0,0.0,0,0,0.0,0,0,0.0,0,0,0.0,0,0,0.0,0,0,0.0,0,17,0.0,0,0,0.0,0,0,0.0,0,0,0.0,0,0,0.0,0,0,0.0,0,0,0.0,0,0,0.0,0,0,0.0,0,0,0.0,0,0,0.0,3,15,0.1667,0,0,0.0,0,0,0.0,0,0,0.0,2,16,0.1111,1,13,0.0714,6,30,0.1667,1,18,0.0526,1,21,0.0455,0,0,0.0,0,0,0.0
2026-04-03 21:40:20,test_2491.jpg,129,15,144,0.1042,8,31,32,0,0,0.0,0,0,0.0,0,0,0.0,0,0,0.0,0,0,0.0,0,0,0.0,0,0,0.0,0,0,0.0,0,0,0.0,0,0,0.0,2,8,0.2,0,0,0.0,0,0,0.0,0,0,0.0,0,0,0.0,0,0,0.0,0,0,0.0,0,0,0.0,0,0,0.0,0,0,0.0,0,0,0.0,0,18,0.0,0,0,0.0,0,0,0.0,0,0,0.0,2,14,0.125,1,15,0.0625,5,18,0.2174,4,22,0.1538,0,23,0.0,1,11,0.0833,0,0,0.0
2026-04-03 21:40:20,test_2492.jpg,294,161,455,0.3538,7,31,32,0,0,0.0,0,0,0.0,0,0,0.0,0,0,0.0,0,0,0.0,0,0,0.0,0,0,0.0,0,0,0.0,0,0,0.0,0,0,0.0,0,8,0.0,0,0,0.0,0,0,0.0,0,0,0.0,0,0,0.0,0,0,0.0,0,0,0.0,0,0,0.0,0,0,0.0,0,0,0.0,0,0,0.0,0,39,0.0,0,0,0.0,0,0,0.0,0,0,0.0,9,26,0.2571,9,54,0.1429,31,68,0.3131,92,63,0.5935,20,36,0.3571,0,0,0.0,0,0,0.0
2026-04-03 21:40:20,test_2493.jpg,127,25,152,0.1645,5,31,32,0,0,0.0,0,0,0.0,0,0,0.0,0,0,0.0,0,0,0.0,0,0,0.0,0,0,0.0,0,0,0.0,0,0,0.0,0,0,0.0,4,17,0.1905,0,0,0.0,0,0,0.0,0,0,0.0,0,0,0.0,0,0,0.0,0,0,0.0,0,0,0.0,0,0,0.0,0,0,0.0,0,0,0.0,6,27,0.1818,0,0,0.0,0,0,0.0,0,0,0.0,3,30,0.0909,11,31,0.2619,1,22,0.0435,0,0,0.0,0,0,0.0,0,0,0.0,0,0,0.0
2026-04-03 21:40:20,test_2494.jpg,108,34,142,0.2394,4,31,32,0,0,0.0,0,0,0.0,0,0,0.0,0,0,0.0,0,0,0.0,0,0,0.0,0,0,0.0,0,0,0.0,0,0,0.0,0,0,0.0,5,21,0.1923,0,0,0.0,0,0,0.0,0,0,0.0,0,0,0.0,0,0,0.0,0,0,0.0,0,0,0.0,0,0,0.0,0,0,0.0,0,0,0.0,9,44,0.1698,0,0,0.0,0,0,0.0,0,0,0.0,20,34,0.3704,0,9,0.0,0,0,0.0,0,0,0.0,0,0,0.0,0,0,0.0,0,0,0.0
2026-04-03 21:40:20,test_2495.jpg,138,18,156,0.1154,7,31,32,0,0,0.0,0,0,0.0,0,0,0.0,0,0,0.0,0,0,0.0,0,0,0.0,0,0,0.0,0,0,0.0,0,0,0.0,0,0,0.0,6,11,0.3529,0,0,0.0,0,0,0.0,0,0,0.0,0,0,0.0,0,0,0.0,0,0,0.0,0,0,0.0,0,0,0.0,0,0,0.0,0,0,0.0,1,22,0.0435,0,0,0.0,0,0,0.0,0,0,0.0,0,20,0.0,0,22,0.0,9,36,0.2,2,13,0.1333,0,14,0.0,0,0,0.0,0,0,0.0
2026-04-03 21:40:20,test_2496.jpg,182,2,184,0.0109,8,31,32,0,0,0.0,0,0,0.0,0,0,0.0,0,0,0.0,0,0,0.0,0,0,0.0,0,0,0.0,0,0,0.0,0,0,0.0,0,0,0.0,0,23,0.0,0,0,0.0,0,0,0.0,0,0,0.0,0,0,0.0,0,0,0.0,0,0,0.0,0,0,0.0,0,0,0.0,0,0,0.0,0,0,0.0,0,24,0.0,0,0,0.0,0,0,0.0,0,0,0.0,0,24,0.0,0,25,0.0,0,20,0.0,0,23,0.0,2,22,0.0833,0,21,0.0,0,0,0.0
2026-04-03 21:40:20,test_2497.jpg,214,4,218,0.0183,16,31,32,1,13,0.0714,0,14,0.0,0,9,0.0,0,11,0.0,1,10,0.0909,0,11,0.0,1,18,0.0526,0,0,0.0,0,0,0.0,0,0,0.0,0,17,0.0,0,0,0.0,0,0,0.0,0,0,0.0,0,0,0.0,0,0,0.0,0,0,0.0,0,0,0.0,0,0,0.0,0,0,0.0,0,0,0.0,0,22,0.0,0,0,0.0,0,0,0.0,0,0,0.0,0,9,0.0,0,9,0.0,0,11,0.0,1,16,0.0588,0,17,0.0,0,14,0.0,0,13,0.0
2026-04-03 21:40:20,test_2498.jpg,131,22,153,0.1438,7,31,32,0,0,0.0,0,0,0.0,0,0,0.0,0,0,0.0,0,0,0.0,0,0,0.0,0,0,0.0,0,0,0.0,0,0,0.0,0,0,0.0,1,11,0.0833,0,0,0.0,0,0,0.0,0,0,0.0,0,0,0.0,0,0,0.0,0,0,0.0,0,0,0.0,0,0,0.0,0,0,0.0,0,0,0.0,1,17,0.0556,0,0,0.0,0,0,0.0,0,0,0.0,4,21,0.16,1,24,0.04,8,19,0.2963,7,23,0.2333,0,16,0.0,0,0,0.0,0,0,0.0
2026-04-03 21:40:20,test_2499.jpg,126,13,139,0.0935,6,31,32,0,0,0.0,0,0,0.0,0,0,0.0,0,0,0.0,0,0,0.0,0,0,0.0,0,0,0.0,0,0,0.0,0,0,0.0,0,0,0.0,6,19,0.24,0,0,0.0,0,0,0.0,0,0,0.0,0,0,0.0,0,0,0.0,0,0,0.0,0,0,0.0,0,0,0.0,0,0,0.0,0,0,0.0,1,25,0.0385,0,0,0.0,0,0,0.0,0,0,0.0,1,23,0.0417,0,19,0.0,2,20,0.0909,3,20,0.1304,0,0,0.0,0,0,0.0,0,0,0.0
2026-04-03 21:40:20,test_25.jpg,132,28,160,0.175,7,31,32,0,0,0.0,0,0,0.0,0,0,0.0,0,0,0.0,0,0,0.0,0,0,0.0,0,0,0.0,0,0,0.0,0,0,0.0,0,0,0.0,2,14,0.125,0,0,0.0,0,0,0.0,0,0,0.0,0,0,0.0,0,0,0.0,0,0,0.0,0,0,0.0,0,0,0.0,0,0,0.0,0,0,0.0,11,14,0.44,0,0,0.0,0,0,0.0,0,0,0.0,6,14,0.3,6,15,0.2857,2,25,0.0741,1,26,0.037,0,24,0.0,0,0,0.0,0,0,0.0
2026-04-03 21:40:20,test_250.jpg,162,21,183,0.1148,9,31,32,0,0,0.0,0,0,0.0,0,0,0.0,0,0,0.0,0,0,0.0,0,0,0.0,0,0,0.0,0,0,0.0,0,0,0.0,0,0,0.0,0,21,0.0,0,0,0.0,0,0,0.0,0,0,0.0,0,0,0.0,0,0,0.0,0,0,0.0,0,0,0.0,0,0,0.0,0,0,0.0,0,0,0.0,6,20,0.2308,0,0,0.0,0,0,0.0,0,0,0.0,2,13,0.1333,0,27,0.0,0,15,0.0,6,19,0.24,0,11,0.0,5,16,0.2381,2,20,0.0909
2026-04-03 21:40:20,test_2500.jpg,136,4,140,0.0286,5,31,32,0,0,0.0,0,0,0.0,0,0,0.0,0,0,0.0,0,0,0.0,0,0,0.0,0,0,0.0,0,0,0.0,0,0,0.0,0,0,0.0,1,38,0.0256,0,0,0.0,0,0,0.0,0,0,0.0,0,0,0.0,0,0,0.0,0,0,0.0,0,0,0.0,0,0,0.0,0,0,0.0,0,0,0.0,0,29,0.0,0,0,0.0,0,0,0.0,0,0,0.0,0,33,0.0,1,22,0.0435,2,14,0.125,0,0,0.0,0,0,0.0,0,0,0.0,0,0,0.0
2026-04-03 21:40:20,test_2501.jpg,177,82,259,0.3166,6,31,32,0,0,0.0,0,0,0.0,0,0,0.0,0,0,0.0,0,0,0.0,0,0,0.0,0,0,0.0,0,0,0.0,0,0,0.0,0,0,0.0,8,22,0.2667,0,0,0.0,0,0,0.0,0,0,0.0,0,0,0.0,0,0,0.0,0,0,0.0,0,0,0.0,0,0,0.0,0,0,0.0,0,0,0.0,12,28,0.3,0,0,0.0,0,0,0.0,0,0,0.0,14,29,0.3256,15,35,0.3,13,28,0.3171,20,35,0.3636,0,0,0.0,0,0,0.0,0,0,0.0
2026-04-03 21:40:20,test_2502.jpg,156,21,177,0.1186,11,31,32,2,8,0.2,1,17,0.0556,0,0,0.0,0,0,0.0,0,0,0.0,0,0,0.0,0,0,0.0,0,0,0.0,0,0,0.0,0,0,0.0,1,23,0.0417,0,0,0.0,0,0,0.0,0,0,0.0,0,0,0.0,0,0,0.0,0,0,0.0,0,0,0.0,0,0,0.0,0,0,0.0,0,0,0.0,0,2,0.0,0,0,0.0,0,0,0.0,0,0,0.0,4,20,0.1667,1,18,0.0526,4,16,0.2,2,17,0.1053,2,12,0.1429,1,14,0.0667,3,9,0.25
2026-04-03 21:40:20,test_2503.jpg,165,18,183,0.0984,6,31,32,0,0,0.0,0,0,0.0,0,0,0.0,0,0,0.0,0,0,0.0,0,0,0.0,0,0,0.0,0,0,0.0,0,0,0.0,0,0,0.0,6,48,0.1111,0,0,0.0,0,0,0.0,0,0,0.0,0,0,0.0,0,0,0.0,0,0,0.0,0,0,0.0,0,0,0.0,0,0,0.0,0,0,0.0,4,16,0.2,0,0,0.0,0,0,0.0,0,0,0.0,2,20,0.0909,2,26,0.0714,2,25,0.0741,2,30,0.0625,0,0,0.0,0,0,0.0,0,0,0.0
2026-04-03 21:40:20,test_2504.jpg,127,31,158,0.1962,6,31,32,0,0,0.0,0,0,0.0,0,0,0.0,0,0,0.0,0,0,0.0,0,0,0.0,0,0,0.0,0,0,0.0,0,0,0.0,0,0,0.0,1,16,0.0588,0,0,0.0,0,0,0.0,0,0,0.0,0,0,0.0,0,0,0.0,0,0,0.0,0,0,0.0,0,0,0.0,0,0,0.0,0,0,0.0,5,17,0.2273,0,0,0.0,0,0,0.0,0,0,0.0,0,20,0.0,4,19,0.1739,15,35,0.3,6,20,0.2308,0,0,0.0,0,0,0.0,0,0,0.0
2026-04-03 21:40:20,test_2505.jpg,105,25,130,0.1923,8,31,32,0,0,0.0,0,0,0.0,0,0,0.0,0,0,0.0,0,0,0.0,0,0,0.0,0,0,0.0,0,0,0.0,0,0,0.0,0,0,0.0,0,12,0.0,0,0,0.0,0,0,0.0,0,0,0.0,0,0,0.0,0,0,0.0,0,0,0.0,0,0,0.0,0,0,0.0,0,0,0.0,0,0,0.0,0,16,0.0,0,0,0.0,0,0,0.0,0,0,0.0,2,11,0.1538,2,11,0.1538,0,15,0.0,5,13,0.2778,8,14,0.3636,8,13,0.381,0,0,0.0
2026-04-03 21:40:20,test_2506.jpg,168,32,200,0.16,9,31,32,0,0,0.0,0,0,0.0,0,0,0.0,0,0,0.0,0,0,0.0,0,0,0.0,0,0,0.0,0,0,0.0,0,0,0.0,0,0,0.0,4,15,0.2105,0,0,0.0,0,0,0.0,0,0,0.0,0,0,0.0,0,0,0.0,0,0,0.0,0,0,0.0,0,0,0.0,0,0,0.0,0,0,0.0,0,21,0.0,0,0,0.0,0,0,0.0,0,0,0.0,3,9,0.25,7,26,0.2121,3,13,0.1875,2,20,0.0909,6,17,0.2609,0,22,0.0,7,25,0.2188
2026-04-03 21:40:20,test_2507.jpg,118,32,150,0.2133,8,31,32,0,0,0.0,0,0,0.0,0,0,0.0,0,0,0.0,0,0,0.0,0,0,0.0,0,0,0.0,0,0,0.0,0,0,0.0,0,0,0.0,4,9,0.3077,0,0,0.0,0,0,0.0,0,0,0.0,0,0,0.0,0,0,0.0,0,0,0.0,0,0,0.0,0,0,0.0,0,0,0.0,0,0,0.0,3,11,0.2143,0,0,0.0,0,0,0.0,0,0,0.0,2,12,0.1429,0,9,0.0,5,16,0.2381,8,22,0.2667,5,29,0.1471,5,10,0.3333,0,0,0.0
2026-04-03 21:40:20,test_2508.jpg,240,50,290,0.1724,6,31,32,0,0,0.0,0,0,0.0,0,0,0.0,0,0,0.0,0,0,0.0,0,0,0.0,0,0,0.0,0,0,0.0,0,0,0.0,0,0,0.0,0,5,0.0,0,0,0.0,0,0,0.0,0,0,0.0,0,0,0.0,0,0,0.0,0,0,0.0,0,0,0.0,0,0,0.0,0,0,0.0,0,0,0.0,15,64,0.1899,0,0,0.0,0,0,0.0,0,0,0.0,6,31,0.1622,8,36,0.1818,21,99,0.175,0,5,0.0,0,0,0.0,0,0,0.0,0,0,0.0
2026-04-03 21:40:20,test_2509.jpg,161,38,199,0.191,8,31,32,0,0,0.0,0,0,0.0,0,0,0.0,0,0,0.0,0,0,0.0,0,0,0.0,0,0,0.0,0,0,0.0,0,0,0.0,0,0,0.0,9,21,0.3,0,0,0.0,0,0,0.0,0,0,0.0,0,0,0.0,0,0,0.0,0,0,0.0,0,0,0.0,0,0,0.0,0,0,0.0,0,0,0.0,3,12,0.2,0,0,0.0,0,0,0.0,0,0,0.0,1,23,0.0417,1,16,0.0588,1,23,0.0417,1,24,0.04,10,20,0.3333,12,22,0.3529,0,0,0.0
2026-04-03 21:40:20,test_251.jpg,131,44,175,0.2514,7,31,32,0,0,0.0,0,0,0.0,0,0,0.0,0,0,0.0,0,0,0.0,0,0,0.0,0,0,0.0,0,0,0.0,0,0,0.0,0,0,0.0,10,26,0.2778,0,0,0.0,0,0,0.0,0,0,0.0,0,0,0.0,0,0,0.0,0,0,0.0,0,0,0.0,0,0,0.0,0,0,0.0,0,0,0.0,5,19,0.2083,0,0,0.0,0,0,0.0,0,0,0.0,7,17,0.2917,12,20,0.375,5,18,0.2174,4,16,0.2,1,15,0.0625,0,0,0.0,0,0,0.0
2026-04-03 21:40:20,test_2510.jpg,145,104,249,0.4177,6,31,32,0,0,0.0,0,0,0.0,0,0,0.0,0,0,0.0,0,0,0.0,0,0,0.0,0,0,0.0,0,0,0.0,0,0,0.0,0,0,0.0,0,2,0.0,0,0,0.0,0,0,0.0,0,0,0.0,0,0,0.0,0,0,0.0,0,0,0.0,0,0,0.0,0,0,0.0,0,0,0.0,0,0,0.0,6,38,0.1364,0,0,0.0,0,0,0.0,0,0,0.0,9,29,0.2368,25,26,0.4902,47,33,0.5875,17,17,0.5,0,0,0.0,0,0,0.0,0,0,0.0
2026-04-03 21:40:20,test_2511.jpg,167,55,222,0.2477,11,31,32,19,28,0.4043,5,22,0.1852,0,0,0.0,0,0,0.0,0,0,0.0,0,0,0.0,0,0,0.0,0,0,0.0,0,0,0.0,0,0,0.0,0,5,0.0,0,0,0.0,0,0,0.0,0,0,0.0,0,0,0.0,0,0,0.0,0,0,0.0,0,0,0.0,0,0,0.0,0,0,0.0,0,0,0.0,3,17,0.15,0,0,0.0,0,0,0.0,0,0,0.0,10,26,0.2778,2,12,0.1429,2,10,0.1667,7,11,0.3889,0,11,0.0,5,11,0.3125,2,14,0.125
2026-04-03 21:40:20,test_2512.jpg,161,26,187,0.139,6,31,32,0,0,0.0,0,0,0.0,0,0,0.0,0,0,0.0,0,0,0.0,0,0,0.0,0,0,0.0,0,0,0.0,0,0,0.0,0,0,0.0,2,20,0.0909,0,0,0.0,0,0,0.0,0,0,0.0,0,0,0.0,0,0,0.0,0,0,0.0,0,0,0.0,0,0,0.0,0,0,0.0,0,0,0.0,0,24,0.0,0,0,0.0,0,0,0.0,0,0,0.0,0,23,0.0,6,36,0.1429,17,40,0.2982,1,18,0.0526,0,0,0.0,0,0,0.0,0,0,0.0
2026-04-03 21:40:20,test_2513.jpg,119,35,154,0.2273,6,31,32,0,0,0.0,0,0,0.0,0,0,0.0,0,0,0.0,0,0,0.0,0,0,0.0,0,0,0.0,0,0,0.0,0,0,0.0,0,0,0.0,0,13,0.0,0,0,0.0,0,0,0.0,0,0,0.0,0,0,0.0,0,0,0.0,0,0,0.0,0,0,0.0,0,0,0.0,0,0,0.0,0,0,0.0,0,13,0.0,0,0,0.0,0,0,0.0,0,0,0.0,9,20,0.3103,10,17,0.3704,13,33,0.2826,3,23,0.1154,0,0,0.0,0,0,0.0,0,0,0.0
2026-04-03 21:40:20,test_2514.jpg,148,50,198,0.2525,7,31,32,0,0,0.0,0,0,0.0,0,0,0.0,0,0,0.0,0,0,0.0,0,0,0.0,0,0,0.0,0,0,0.0,0,0,0.0,0,0,0.0,8,23,0.2581,0,0,0.0,0,0,0.0,0,0,0.0,0,0,0.0,0,0,0.0,0,0,0.0,0,0,0.0,0,0,0.0,0,0,0.0,0,0,0.0,2,17,0.1053,0,0,0.0,0,0,0.0,0,0,0.0,9,20,0.3103,2,15,0.1176,5,22,0.1852,17,32,0.3469,7,19,0.2692,0,0,0.0,0,0,0.0
2026-04-03 21:40:20,test_2515.jpg,150,36,186,0.1935,9,31,32,0,0,0.0,0,0,0.0,0,0,0.0,0,0,0.0,0,0,0.0,0,0,0.0,0,0,0.0,0,0,0.0,0,0,0.0,0,0,0.0,3,15,0.1667,0,0,0.0,0,0,0.0,0,0,0.0,0,0,0.0,0,0,0.0,0,0,0.0,0,0,0.0,0,0,0.0,0,0,0.0,0,0,0.0,4,19,0.1739,0,0,0.0,0,0,0.0,0,0,0.0,6,18,0.25,2,17,0.1053,6,17,0.2609,8,12,0.4,3,16,0.1579,3,15,0.1667,1,21,0.0455
2026-04-03 21:40:20,test_2516.jpg,130,25,155,0.1613,3,31,32,0,0,0.0,0,0,0.0,0,0,0.0,0,0,0.0,0,0,0.0,0,0,0.0,0,0,0.0,0,0,0.0,0,0,0.0,0,0,0.0,7,28,0.2,0,0,0.0,0,0,0.0,0,0,0.0,0,0,0.0,0,0,0.0,0,0,0.0,0,0,0.0,0,0,0.0,0,0,0.0,0,0,0.0,7,50,0.1228,0,0,0.0,0,0,0.0,0,0,0.0,11,52,0.1746,0,0,0.0,0,0,0.0,0,0,0.0,0,0,0.0,0,0,0.0,0,0,0.0
2026-04-03 21:40:20,test_2517.jpg,224,90,314,0.2866,8,31,32,0,0,0.0,0,0,0.0,0,0,0.0,0,0,0.0,0,0,0.0,0,0,0.0,0,0,0.0,0,0,0.0,0,0,0.0,0,0,0.0,6,17,0.2609,0,0,0.0,0,0,0.0,0,0,0.0,0,0,0.0,0,0,0.0,0,0,0.0,0,0,0.0,0,0,0.0,0,0,0.0,0,0,0.0,17,48,0.2615,0,0,0.0,0,0,0.0,0,0,0.0,11,45,0.1964,6,19,0.24,6,17,0.2609,10,30,0.25,22,31,0.4151,12,17,0.4138,0,0,0.0
2026-04-03 21:40:20,test_2518.jpg,136,42,178,0.236,7,31,32,0,0,0.0,0,0,0.0,0,0,0.0,0,0,0.0,0,0,0.0,0,0,0.0,0,0,0.0,0,0,0.0,0,0,0.0,0,0,0.0,0,19,0.0,0,0,0.0,0,0,0.0,0,0,0.0,0,0,0.0,0,0,0.0,0,0,0.0,0,0,0.0,0,0,0.0,0,0,0.0,0,0,0.0,0,18,0.0,0,0,0.0,0,0,0.0,0,0,0.0,2,18,0.1,0,15,0.0,2,15,0.1176,25,29,0.463,13,22,0.3714,0,0,0.0,0,0,0.0
2026-04-03 21:40:20,test_2519.jpg,146,7,153,0.0458,7,31,32,0,0,0.0,0,0,0.0,0,0,0.0,0,0,0.0,0,0,0.0,0,0,0.0,0,0,0.0,0,0,0.0,0,0,0.0,0,0,0.0,0,20,0.0,0,0,0.0,0,0,0.0,0,0,0.0,0,0,0.0,0,0,0.0,0,0,0.0,0,0,0.0,0,0,0.0,0,0,0.0,0,0,0.0,0,15,0.0,0,0,0.0,0,0,0.0,0,0,0.0,0,22,0.0,1,20,0.0476,1,19,0.05,3,25,0.1071,2,25,0.0741,0,0,0.0,0,0,0.0
2026-04-03 21:40:20,test_252.jpg,171,43,214,0.2009,8,31,32,0,0,0.0,0,0,0.0,0,0,0.0,0,0,0.0,0,0,0.0,0,0,0.0,0,0,0.0,0,0,0.0,0,0,0.0,0,0,0.0,4,20,0.1667,0,0,0.0,0,0,0.0,0,0,0.0,0,0,0.0,0,0,0.0,0,0,0.0,0,0,0.0,0,0,0.0,0,0,0.0,0,0,0.0,0,15,0.0,0,0,0.0,0,0,0.0,0,0,0.0,4,24,0.1429,7,22,0.2414,3,18,0.1429,7,25,0.2188,9,28,0.2432,9,19,0.3214,0,0,0.0
2026-04-03 21:40:20,test_2520.jpg,182,68,250,0.272,7,31,32,0,0,0.0,0,0,0.0,0,0,0.0,0,0,0.0,0,0,0.0,0,0,0.0,0,0,0.0,0,0,0.0,0,0,0.0,0,0,0.0,6,26,0.1875,0,0,0.0,0,0,0.0,0,0,0.0,0,0,0.0,0,0,0.0,0,0,0.0,0,0,0.0,0,0,0.0,0,0,0.0,0,0,0.0,6,19,0.24,0,0,0.0,0,0,0.0,0,0,0.0,8,21,0.2759,5,22,0.1852,8,28,0.2222,26,41,0.3881,9,25,0.2647,0,0,0.0,0,0,0.0
2026-04-03 21:40:20,test_2521.jpg,143,23,166,0.1386,9,31,32,0,0,0.0,0,0,0.0,0,0,0.0,0,0,0.0,0,0,0.0,0,0,0.0,0,0,0.0,0,0,0.0,0,0,0.0,0,0,0.0,2,10,0.1667,0,0,0.0,0,0,0.0,0,0,0.0,0,0,0.0,0,0,0.0,0,0,0.0,0,0,0.0,0,0,0.0,0,0,0.0,0,0,0.0,1,15,0.0625,0,0,0.0,0,0,0.0,0,0,0.0,1,10,0.0909,0,17,0.0,0,16,0.0,7,19,0.2692,0,18,0.0,8,19,0.2963,4,19,0.1739
2026-04-03 21:40:20,test_2522.jpg,128,14,142,0.0986,4,31,32,0,0,0.0,0,0,0.0,0,0,0.0,0,0,0.0,0,0,0.0,0,0,0.0,0,0,0.0,0,0,0.0,0,0,0.0,0,0,0.0,0,23,0.0,0,0,0.0,0,0,0.0,0,0,0.0,0,0,0.0,0,0,0.0,0,0,0.0,0,0,0.0,0,0,0.0,0,0,0.0,0,0,0.0,6,37,0.1395,0,0,0.0,0,0,0.0,0,0,0.0,8,42,0.16,0,26,0.0,0,0,0.0,0,0,0.0,0,0,0.0,0,0,0.0,0,0,0.0
2026-04-03 21:40:20,test_2523.jpg,146,11,157,0.0701,6,31,32,0,0,0.0,0,0,0.0,0,0,0.0,0,0,0.0,0,0,0.0,0,0,0.0,0,0,0.0,0,0,0.0,0,0,0.0,0,0,0.0,3,27,0.1,0,0,0.0,0,0,0.0,0,0,0.0,0,0,0.0,0,0,0.0,0,0,0.0,0,0,0.0,0,0,0.0,0,0,0.0,0,0,0.0,0,23,0.0,0,0,0.0,0,0,0.0,0,0,0.0,2,25,0.0741,0,24,0.0,5,21,0.1923,1,26,0.037,0,0,0.0,0,0,0.0,0,0,0.0
2026-04-03 21:40:20,test_2524.jpg,155,50,205,0.2439,11,31,32,10,24,0.2941,6,31,0.1622,0,0,0.0,0,0,0.0,0,0,0.0,0,0,0.0,0,0,0.0,0,0,0.0,0,0,0.0,0,0,0.0,3,7,0.3,0,0,0.0,0,0,0.0,0,0,0.0,0,0,0.0,0,0,0.0,0,0,0.0,0,0,0.0,0,0,0.0,0,0,0.0,0,0,0.0,4,14,0.2222,0,0,0.0,0,0,0.0,0,0,0.0,3,11,0.2143,6,8,0.4286,1,16,0.0588,4,12,0.25,7,12,0.3684,2,11,0.1538,4,9,0.3077
2026-04-03 21:40:20,test_2525.jpg,121,49,170,0.2882,7,31,32,0,0,0.0,0,0,0.0,0,0,0.0,0,0,0.0,0,0,0.0,0,0,0.0,0,0,0.0,0,0,0.0,0,0,0.0,0,0,0.0,7,13,0.35,0,0,0.0,0,0,0.0,0,0,0.0,0,0,0.0,0,0,0.0,0,0,0.0,0,0,0.0,0,0,0.0,0,0,0.0,0,0,0.0,4,18,0.1818,0,0,0.0,0,0,0.0,0,0,0.0,3,14,0.1765,1,16,0.0588,5,18,0.2174,18,27,0.4,11,15,0.4231,0,0,0.0,0,0,0.0
2026-04-03 21:40:20,test_2526.jpg,210,114,324,0.3519,6,31,32,0,0,0.0,0,0,0.0,0,0,0.0,0,0,0.0,0,0,0.0,0,0,0.0,0,0,0.0,0,0,0.0,0,0,0.0,0,0,0.0,17,23,0.425,0,0,0.0,0,0,0.0,0,0,0.0,0,0,0.0,0,0,0.0,0,0,0.0,0,0,0.0,0,0,0.0,0,0,0.0,0,0,0.0,27,35,0.4355,0,0,0.0,0,0,0.0,0,0,0.0,18,37,0.3273,24,44,0.3529,14,42,0.25,14,29,0.3256,0,0,0.0,0,0,0.0,0,0,0.0
2026-04-03 21:40:20,test_2527.jpg,144,71,215,0.3302,5,31,32,0,0,0.0,0,0,0.0,0,0,0.0,0,0,0.0,0,0,0.0,0,0,0.0,0,0,0.0,0,0,0.0,0,0,0.0,0,0,0.0,5,17,0.2273,0,0,0.0,0,0,0.0,0,0,0.0,0,0,0.0,0,0,0.0,0,0,0.0,0,0,0.0,0,0,0.0,0,0,0.0,0,0,0.0,12,17,0.4138,0,0,0.0,0,0,0.0,0,0,0.0,11,37,0.2292,28,49,0.3636,15,24,0.3846,0,0,0.0,0,0,0.0,0,0,0.0,0,0,0.0
2026-04-03 21:40:20,test_2528.jpg,142,9,151,0.0596,8,31,32,0,0,0.0,0,0,0.0,0,0,0.0,0,0,0.0,0,0,0.0,0,0,0.0,0,0,0.0,0,0,0.0,0,0,0.0,0,0,0.0,0,21,0.0,0,0,0.0,0,0,0.0,0,0,0.0,0,0,0.0,0,0,0.0,0,0,0.0,0,0,0.0,0,0,0.0,0,0,0.0,0,0,0.0,1,18,0.0526,0,0,0.0,0,0,0.0,0,0,0.0,1,13,0.0714,1,15,0.0625,4,17,0.1905,0,14,0.0,0,17,0.0,2,27,0.069,0,0,0.0
2026-04-03 21:40:20,test_2529.jpg,107,29,136,0.2132,7,31,32,0,0,0.0,0,0,0.0,0,0,0.0,0,0,0.0,0,0,0.0,0,0,0.0,0,0,0.0,0,0,0.0,0,0,0.0,0,0,0.0,1,10,0.0909,0,0,0.0,0,0,0.0,0,0,0.0,0,0,0.0,0,0,0.0,0,0,0.0,0,0,0.0,0,0,0.0,0,0,0.0,0,0,0.0,1,23,0.0417,0,0,0.0,0,0,0.0,0,0,0.0,2,15,0.1176,0,13,0.0,4,19,0.1739,7,12,0.3684,14,15,0.4828,0,0,0.0,0,0,0.0
2026-04-03 21:40:20,test_253.jpg,197,45,242,0.186,7,31,32,0,0,0.0,0,0,0.0,0,0,0.0,0,0,0.0,0,0,0.0,0,0,0.0,0,0,0.0,0,0,0.0,0,0,0.0,0,0,0.0,0,0,0.0,0,0,0.0,0,0,0.0,0,0,0.0,0,0,0.0,0,0,0.0,0,0,0.0,0,0,0.0,0,0,0.0,0,0,0.0,0,0,0.0,2,54,0.0357,0,0,0.0,0,0,0.0,0,0,0.0,3,15,0.1667,12,35,0.2553,7,32,0.1795,21,59,0.2625,0,2,0.0,0,0,0.0,0,0,0.0
2026-04-03 21:40:20,test_2530.jpg,166,62,228,0.2719,13,31,32,6,19,0.24,6,21,0.2222,14,13,0.5185,6,14,0.3,0,0,0.0,0,0,0.0,0,0,0.0,0,0,0.0,0,0,0.0,0,0,0.0,0,5,0.0,0,0,0.0,0,0,0.0,0,0,0.0,0,0,0.0,0,0,0.0,0,0,0.0,0,0,0.0,0,0,0.0,0,0,0.0,0,0,0.0,3,11,0.2143,0,0,0.0,0,0,0.0,0,0,0.0,2,16,0.1111,3,9,0.25,0,11,0.0,0,7,0.0,10,19,0.3448,8,10,0.4444,4,11,0.2667
2026-04-03 21:40:20,test_2531.jpg,205,39,244,0.1598,9,31,32,0,0,0.0,0,0,0.0,0,0,0.0,0,0,0.0,0,0,0.0,0,0,0.0,0,0,0.0,0,0,0.0,0,0,0.0,0,0,0.0,2,4,0.3333,0,0,0.0,0,0,0.0,0,0,0.0,0,0,0.0,0,0,0.0,0,0,0.0,0,0,0.0,0,0,0.0,0,0,0.0,0,0,0.0,2,45,0.0426,0,0,0.0,0,0,0.0,0,0,0.0,5,19,0.2083,5,26,0.1613,6,21,0.2222,3,23,0.1154,0,26,0.0,13,34,0.2766,3,7,0.3
2026-04-03 21:40:20,test_2532.jpg,143,127,270,0.4704,4,31,32,0,0,0.0,0,0,0.0,0,0,0.0,0,0,0.0,0,0,0.0,0,0,0.0,0,0,0.0,0,0,0.0,0,0,0.0,0,0,0.0,6,28,0.1765,0,0,0.0,0,0,0.0,0,0,0.0,0,0,0.0,0,0,0.0,0,0,0.0,0,0,0.0,0,0,0.0,0,0,0.0,0,0,0.0,9,36,0.2,0,0,0.0,0,0,0.0,0,0,0.0,96,61,0.6115,16,18,0.4706,0,0,0.0,0,0,0.0,0,0,0.0,0,0,0.0,0,0,0.0
2026-04-03 21:40:20,test_2533.jpg,124,12,136,0.0882,6,31,32,0,0,0.0,0,0,0.0,0,0,0.0,0,0,0.0,0,0,0.0,0,0,0.0,0,0,0.0,0,0,0.0,0,0,0.0,0,0,0.0,3,22,0.12,0,0,0.0,0,0,0.0,0,0,0.0,0,0,0.0,0,0,0.0,0,0,0.0,0,0,0.0,0,0,0.0,0,0,0.0,0,0,0.0,1,16,0.0588,0,0,0.0,0,0,0.0,0,0,0.0,2,19,0.0952,0,22,0.0,0,22,0.0,6,23,0.2069,0,0,0.0,0,0,0.0,0,0,0.0
2026-04-03 21:40:20,test_2534.jpg,124,29,153,0.1895,6,31,32,0,0,0.0,0,0,0.0,0,0,0.0,0,0,0.0,0,0,0.0,0,0,0.0,0,0,0.0,0,0,0.0,0,0,0.0,0,0,0.0,0,14,0.0,0,0,0.0,0,0,0.0,0,0,0.0,0,0,0.0,0,0,0.0,0,0,0.0,0,0,0.0,0,0,0.0,0,0,0.0,0,0,0.0,3,20,0.1304,0,0,0.0,0,0,0.0,0,0,0.0,6,20,0.2308,5,28,0.1515,10,23,0.303,5,19,0.2083,0,0,0.0,0,0,0.0,0,0,0.0
2026-04-03 21:40:20,test_2535.jpg,145,44,189,0.2328,6,31,32,0,0,0.0,0,0,0.0,0,0,0.0,0,0,0.0,0,0,0.0,0,0,0.0,0,0,0.0,0,0,0.0,0,0,0.0,0,0,0.0,0,19,0.0,0,0,0.0,0,0,0.0,0,0,0.0,0,0,0.0,0,0,0.0,0,0,0.0,0,0,0.0,0,0,0.0,0,0,0.0,0,0,0.0,0,18,0.0,0,0,0.0,0,0,0.0,0,0,0.0,1,23,0.0417,8,32,0.2,28,36,0.4375,7,17,0.2917,0,0,0.0,0,0,0.0,0,0,0.0
2026-04-03 21:40:20,test_2536.jpg,146,12,158,0.0759,7,31,32,0,0,0.0,0,0,0.0,0,0,0.0,0,0,0.0,0,0,0.0,0,0,0.0,0,0,0.0,0,0,0.0,0,0,0.0,0,0,0.0,0,24,0.0,0,0,0.0,0,0,0.0,0,0,0.0,0,0,0.0,0,0,0.0,0,0,0.0,0,0,0.0,0,0,0.0,0,0,0.0,0,0,0.0,0,16,0.0,0,0,0.0,0,0,0.0,0,0,0.0,2,12,0.1429,2,16,0.1111,2,19,0.0952,4,38,0.0952,2,21,0.087,0,0,0.0,0,0,0.0
2026-04-03 21:40:20,test_2537.jpg,126,34,160,0.2125,6,31,32,0,0,0.0,0,0,0.0,0,0,0.0,0,0,0.0,0,0,0.0,0,0,0.0,0,0,0.0,0,0,0.0,0,0,0.0,0,0,0.0,0,14,0.0,0,0,0.0,0,0,0.0,0,0,0.0,0,0,0.0,0,0,0.0,0,0,0.0,0,0,0.0,0,0,0.0,0,0,0.0,0,0,0.0,0,16,0.0,0,0,0.0,0,0,0.0,0,0,0.0,0,19,0.0,1,28,0.0345,13,25,0.3421,20,24,0.4545,0,0,0.0,0,0,0.0,0,0,0.0
2026-04-03 21:40:20,test_2538.jpg,180,20,200,0.1,9,31,32,0,0,0.0,0,0,0.0,0,0,0.0,0,0,0.0,0,0,0.0,0,0,0.0,0,0,0.0,0,0,0.0,0,0,0.0,0,0,0.0,1,18,0.0526,0,0,0.0,0,0,0.0,0,0,0.0,0,0,0.0,0,0,0.0,0,0,0.0,0,0,0.0,0,0,0.0,0,0,0.0,0,0,0.0,5,18,0.2174,0,0,0.0,0,0,0.0,0,0,0.0,1,24,0.04,0,25,0.0,2,19,0.0952,1,18,0.0526,3,18,0.1429,0,22,0.0,7,18,0.28
2026-04-03 21:40:20,test_2539.jpg,156,9,165,0.0545,6,31,32,0,0,0.0,0,0,0.0,0,0,0.0,0,0,0.0,0,0,0.0,0,0,0.0,0,0,0.0,0,0,0.0,0,0,0.0,0,0,0.0,0,28,0.0,0,0,0.0,0,0,0.0,0,0,0.0,0,0,0.0,0,0,0.0,0,0,0.0,0,0,0.0,0,0,0.0,0,0,0.0,0,0,0.0,0,24,0.0,0,0,0.0,0,0,0.0,0,0,0.0,0,22,0.0,0,22,0.0,5,28,0.1515,4,32,0.1111,0,0,0.0,0,0,0.0,0,0,0.0
2026-04-03 21:40:20,test_254.jpg,134,12,146,0.0822,7,31,32,0,0,0.0,0,0,0.0,0,0,0.0,0,0,0.0,0,0,0.0,0,0,0.0,0,0,0.0,0,0,0.0,0,0,0.0,0,0,0.0,0,17,0.0,0,0,0.0,0,0,0.0,0,0,0.0,0,0,0.0,0,0,0.0,0,0,0.0,0,0,0.0,0,0,0.0,0,0,0.0,0,0,0.0,1,17,0.0556,0,0,0.0,0,0,0.0,0,0,0.0,0,21,0.0,2,23,0.08,2,17,0.1053,1,22,0.0435,6,17,0.2609,0,0,0.0,0,0,0.0
2026-04-03 21:40:20,test_2540.jpg,145,20,165,0.1212,6,31,32,0,0,0.0,0,0,0.0,0,0,0.0,0,0,0.0,0,0,0.0,0,0,0.0,0,0,0.0,0,0,0.0,0,0,0.0,0,0,0.0,1,21,0.0455,0,0,0.0,0,0,0.0,0,0,0.0,0,0,0.0,0,0,0.0,0,0,0.0,0,0,0.0,0,0,0.0,0,0,0.0,0,0,0.0,0,25,0.0,0,0,0.0,0,0,0.0,0,0,0.0,4,23,0.1481,3,39,0.0714,3,22,0.12,9,15,0.375,0,0,0.0,0,0,0.0,0,0,0.0
2026-04-03 21:40:20,test_2541.jpg,185,22,207,0.1063,6,31,32,0,0,0.0,0,0,0.0,0,0,0.0,0,0,0.0,0,0,0.0,0,0,0.0,0,0,0.0,0,0,0.0,0,0,0.0,0,0,0.0,3,28,0.0968,0,0,0.0,0,0,0.0,0,0,0.0,0,0,0.0,0,0,0.0,0,0,0.0,0,0,0.0,0,0,0.0,0,0,0.0,0,0,0.0,1,28,0.0345,0,0,0.0,0,0,0.0,0,0,0.0,6,33,0.1538,9,30,0.2308,3,35,0.0789,0,31,0.0,0,0,0.0,0,0,0.0,0,0,0.0
2026-04-03 21:40:20,test_2542.jpg,139,37,176,0.2102,7,31,32,0,0,0.0,0,0,0.0,0,0,0.0,0,0,0.0,0,0,0.0,0,0,0.0,0,0,0.0,0,0,0.0,0,0,0.0,0,0,0.0,4,20,0.1667,0,0,0.0,0,0,0.0,0,0,0.0,0,0,0.0,0,0,0.0,0,0,0.0,0,0,0.0,0,0,0.0,0,0,0.0,0,0,0.0,3,18,0.1429,0,0,0.0,0,0,0.0,0,0,0.0,0,22,0.0,0,14,0.0,1,16,0.0588,24,29,0.4528,5,20,0.2,0,0,0.0,0,0,0.0
2026-04-03 21:40:20,test_2543.jpg,238,77,315,0.2444,10,31,32,2,27,0.069,0,0,0.0,0,0,0.0,0,0,0.0,0,0,0.0,0,0,0.0,0,0,0.0,0,0,0.0,0,0,0.0,0,0,0.0,0,0,0.0,0,0,0.0,0,0,0.0,0,0,0.0,0,0,0.0,0,0,0.0,0,0,0.0,0,0,0.0,0,0,0.0,0,0,0.0,0,0,0.0,14,32,0.3043,0,0,0.0,0,0,0.0,0,0,0.0,4,13,0.2353,0,20,0.0,3,25,0.1071,15,36,0.2941,19,32,0.3725,11,18,0.3793,9,35,0.2045
2026-04-03 21:40:20,test_2544.jpg,186,77,263,0.2928,7,31,32,0,0,0.0,0,0,0.0,0,0,0.0,0,0,0.0,0,0,0.0,0,0,0.0,0,0,0.0,0,0,0.0,0,0,0.0,0,0,0.0,4,22,0.1538,0,0,0.0,0,0,0.0,0,0,0.0,0,0,0.0,0,0,0.0,0,0,0.0,0,0,0.0,0,0,0.0,0,0,0.0,0,0,0.0,15,32,0.3191,0,0,0.0,0,0,0.0,0,0,0.0,16,30,0.3478,12,34,0.2609,9,27,0.25,15,25,0.375,6,16,0.2727,0,0,0.0,0,0,0.0
2026-04-03 21:40:20,test_2545.jpg,115,9,124,0.0726,7,31,32,0,0,0.0,0,0,0.0,0,0,0.0,0,0,0.0,0,0,0.0,0,0,0.0,0,0,0.0,0,0,0.0,0,0,0.0,0,0,0.0,3,11,0.2143,0,0,0.0,0,0,0.0,0,0,0.0,0,0,0.0,0,0,0.0,0,0,0.0,0,0,0.0,0,0,0.0,0,0,0.0,0,0,0.0,2,16,0.1111,0,0,0.0,0,0,0.0,0,0,0.0,0,16,0.0,0,17,0.0,1,18,0.0526,1,18,0.0526,2,19,0.0952,0,0,0.0,0,0,0.0
2026-04-03 21:40:20,test_2546.jpg,128,18,146,0.1233,7,31,32,0,0,0.0,0,0,0.0,0,0,0.0,0,0,0.0,0,0,0.0,0,0,0.0,0,0,0.0,0,0,0.0,0,0,0.0,0,0,0.0,3,18,0.1429,0,0,0.0,0,0,0.0,0,0,0.0,0,0,0.0,0,0,0.0,0,0,0.0,0,0,0.0,0,0,0.0,0,0,0.0,0,0,0.0,2,21,0.087,0,0,0.0,0,0,0.0,0,0,0.0,2,18,0.1,5,17,0.2273,1,18,0.0526,3,18,0.1429,2,18,0.1,0,0,0.0,0,0,0.0
2026-04-03 21:40:20,test_2547.jpg,126,14,140,0.1,6,31,32,0,0,0.0,0,0,0.0,0,0,0.0,0,0,0.0,0,0,0.0,0,0,0.0,0,0,0.0,0,0,0.0,0,0,0.0,0,0,0.0,2,21,0.087,0,0,0.0,0,0,0.0,0,0,0.0,0,0,0.0,0,0,0.0,0,0,0.0,0,0,0.0,0,0,0.0,0,0,0.0,0,0,0.0,1,19,0.05,0,0,0.0,0,0,0.0,0,0,0.0,1,21,0.0455,3,23,0.1154,4,21,0.16,3,21,0.125,0,0,0.0,0,0,0.0,0,0,0.0
2026-04-03 21:40:20,test_2548.jpg,142,31,173,0.1792,10,31,32,0,1,0.0,0,0,0.0,0,0,0.0,0,0,0.0,0,0,0.0,0,0,0.0,0,0,0.0,0,0,0.0,0,0,0.0,0,0,0.0,2,9,0.1818,0,0,0.0,0,0,0.0,0,0,0.0,0,0,0.0,0,0,0.0,0,0,0.0,0,0,0.0,0,0,0.0,0,0,0.0,0,0,0.0,0,0,0.0,0,0,0.0,0,0,0.0,0,0,0.0,0,14,0.0,5,15,0.25,3,18,0.1429,8,19,0.2963,3,19,0.1364,3,18,0.1429,7,29,0.1944
2026-04-03 21:40:20,test_2549.jpg,226,71,297,0.2391,4,31,32,0,0,0.0,0,0,0.0,0,0,0.0,0,0,0.0,0,0,0.0,0,0,0.0,0,0,0.0,0,0,0.0,0,0,0.0,0,0,0.0,0,26,0.0,0,0,0.0,0,0,0.0,0,0,0.0,0,0,0.0,0,0,0.0,0,0,0.0,0,0,0.0,0,0,0.0,0,0,0.0,0,0,0.0,10,94,0.0962,0,0,0.0,0,0,0.0,0,0,0.0,26,83,0.2385,35,23,0.6034,0,0,0.0,0,0,0.0,0,0,0.0,0,0,0.0,0,0,0.0
2026-04-03 21:40:20,test_255.jpg,145,11,156,0.0705,7,31,32,0,0,0.0,0,0,0.0,0,0,0.0,0,0,0.0,0,0,0.0,0,0,0.0,0,0,0.0,0,0,0.0,0,0,0.0,0,0,0.0,4,18,0.1818,0,0,0.0,0,0,0.0,0,0,0.0,0,0,0.0,0,0,0.0,0,0,0.0,0,0,0.0,0,0,0.0,0,0,0.0,0,0,0.0,0,19,0.0,0,0,0.0,0,0,0.0,0,0,0.0,2,22,0.0833,1,23,0.0417,2,21,0.087,0,22,0.0,2,20,0.0909,0,0,0.0,0,0,0.0
2026-04-03 21:40:20,test_2550.jpg,156,2,158,0.0127,8,31,32,0,0,0.0,0,0,0.0,0,0,0.0,0,0,0.0,0,0,0.0,0,0,0.0,0,0,0.0,0,0,0.0,0,0,0.0,0,0,0.0,0,18,0.0,0,0,0.0,0,0,0.0,0,0,0.0,0,0,0.0,0,0,0.0,0,0,0.0,0,0,0.0,0,0,0.0,0,0,0.0,0,0,0.0,0,19,0.0,0,0,0.0,0,0,0.0,0,0,0.0,0,18,0.0,0,19,0.0,0,21,0.0,0,21,0.0,1,23,0.0417,1,17,0.0556,0,0,0.0
2026-04-03 21:40:20,test_2551.jpg,159,69,228,0.3026,11,31,32,7,23,0.2333,7,32,0.1795,0,0,0.0,0,0,0.0,0,0,0.0,0,0,0.0,0,0,0.0,0,0,0.0,0,0,0.0,0,0,0.0,0,5,0.0,0,0,0.0,0,0,0.0,0,0,0.0,0,0,0.0,0,0,0.0,0,0,0.0,0,0,0.0,0,0,0.0,0,0,0.0,0,0,0.0,0,5,0.0,0,0,0.0,0,0,0.0,0,0,0.0,0,13,0.0,11,22,0.3333,10,11,0.4762,9,17,0.3462,2,15,0.1176,8,5,0.6154,15,11,0.5769
2026-04-03 21:40:20,test_2552.jpg,132,28,160,0.175,6,31,32,0,0,0.0,0,0,0.0,0,0,0.0,0,0,0.0,0,0,0.0,0,0,0.0,0,0,0.0,0,0,0.0,0,0,0.0,0,0,0.0,3,19,0.1364,0,0,0.0,0,0,0.0,0,0,0.0,0,0,0.0,0,0,0.0,0,0,0.0,0,0,0.0,0,0,0.0,0,0,0.0,0,0,0.0,0,23,0.0,0,0,0.0,0,0,0.0,0,0,0.0,0,24,0.0,5,25,0.1667,6,28,0.1765,14,13,0.5185,0,0,0.0,0,0,0.0,0,0,0.0
2026-04-03 21:40:20,test_2553.jpg,129,16,145,0.1103,7,31,32,0,0,0.0,0,0,0.0,0,0,0.0,0,0,0.0,0,0,0.0,0,0,0.0,0,0,0.0,0,0,0.0,0,0,0.0,0,0,0.0,1,18,0.0526,0,0,0.0,0,0,0.0,0,0,0.0,0,0,0.0,0,0,0.0,0,0,0.0,0,0,0.0,0,0,0.0,0,0,0.0,0,0,0.0,5,15,0.25,0,0,0.0,0,0,0.0,0,0,0.0,3,16,0.1579,1,18,0.0526,0,21,0.0,3,19,0.1364,3,22,0.12,0,0,0.0,0,0,0.0
2026-04-03 21:40:20,test_2554.jpg,141,16,157,0.1019,5,31,32,0,0,0.0,0,0,0.0,0,0,0.0,0,0,0.0,0,0,0.0,0,0,0.0,0,0,0.0,0,0,0.0,0,0,0.0,0,0,0.0,6,34,0.15,0,0,0.0,0,0,0.0,0,0,0.0,0,0,0.0,0,0,0.0,0,0,0.0,0,0,0.0,0,0,0.0,0,0,0.0,0,0,0.0,1,25,0.0385,0,0,0.0,0,0,0.0,0,0,0.0,2,23,0.08,5,28,0.1515,2,31,0.0606,0,0,0.0,0,0,0.0,0,0,0.0,0,0,0.0
2026-04-03 21:40:20,test_2555.jpg,120,38,158,0.2405,5,31,32,0,0,0.0,0,0,0.0,0,0,0.0,0,0,0.0,0,0,0.0,0,0,0.0,0,0,0.0,0,0,0.0,0,0,0.0,0,0,0.0,2,15,0.1176,0,0,0.0,0,0,0.0,0,0,0.0,0,0,0.0,0,0,0.0,0,0,0.0,0,0,0.0,0,0,0.0,0,0,0.0,0,0,0.0,3,15,0.1667,0,0,0.0,0,0,0.0,0,0,0.0,2,23,0.08,1,24,0.04,30,43,0.411,0,0,0.0,0,0,0.0,0,0,0.0,0,0,0.0
2026-04-03 21:40:20,test_2556.jpg,150,8,158,0.0506,8,31,32,0,0,0.0,0,0,0.0,0,0,0.0,0,0,0.0,0,0,0.0,0,0,0.0,0,0,0.0,0,0,0.0,0,0,0.0,0,0,0.0,0,16,0.0,0,0,0.0,0,0,0.0,0,0,0.0,0,0,0.0,0,0,0.0,0,0,0.0,0,0,0.0,0,0,0.0,0,0,0.0,0,0,0.0,2,17,0.1053,0,0,0.0,0,0,0.0,0,0,0.0,0,20,0.0,0,19,0.0,0,21,0.0,0,20,0.0,0,20,0.0,6,17,0.2609,0,0,0.0
2026-04-03 21:40:20,test_2557.jpg,149,24,173,0.1387,9,31,32,0,0,0.0,0,0,0.0,0,0,0.0,0,0,0.0,0,0,0.0,0,0,0.0,0,0,0.0,0,0,0.0,0,0,0.0,0,0,0.0,3,9,0.25,0,0,0.0,0,0,0.0,0,0,0.0,0,0,0.0,0,0,0.0,0,0,0.0,0,0,0.0,0,0,0.0,0,0,0.0,0,0,0.0,3,14,0.1765,0,0,0.0,0,0,0.0,0,0,0.0,0,16,0.0,3,14,0.1765,3,19,0.1364,2,17,0.1053,3,16,0.1579,4,24,0.1429,3,20,0.1304
2026-04-03 21:40:20,test_2558.jpg,87,8,95,0.0842,7,31,32,0,0,0.0,0,0,0.0,0,0,0.0,0,0,0.0,0,0,0.0,0,0,0.0,0,0,0.0,0,0,0.0,0,0,0.0,0,0,0.0,3,16,0.1579,0,0,0.0,0,0,0.0,0,0,0.0,0,0,0.0,0,0,0.0,0,0,0.0,0,0,0.0,0,0,0.0,0,0,0.0,0,0,0.0,0,15,0.0,0,0,0.0,0,0,0.0,0,0,0.0,0,10,0.0,3,13,0.1875,0,19,0.0,1,8,0.1111,1,6,0.1429,0,0,0.0,0,0,0.0
2026-04-03 21:40:20,test_2559.jpg,145,16,161,0.0994,7,31,32,0,0,0.0,0,0,0.0,0,0,0.0,0,0,0.0,0,0,0.0,0,0,0.0,0,0,0.0,0,0,0.0,0,0,0.0,0,0,0.0,0,17,0.0,0,0,0.0,0,0,0.0,0,0,0.0,0,0,0.0,0,0,0.0,0,0,0.0,0,0,0.0,0,0,0.0,0,0,0.0,0,0,0.0,0,17,0.0,0,0,0.0,0,0,0.0,0,0,0.0,0,18,0.0,1,23,0.0417,6,21,0.2222,8,28,0.2222,1,21,0.0455,0,0,0.0,0,0,0.0
2026-04-03 21:40:20,test_256.jpg,149,15,164,0.0915,15,31,32,0,19,0.0,0,9,0.0,0,13,0.0,0,13,0.0,0,26,0.0,0,0,0.0,0,0,0.0,0,0,0.0,0,0,0.0,0,0,0.0,0,6,0.0,0,0,0.0,0,0,0.0,0,0,0.0,0,0,0.0,0,0,0.0,0,0,0.0,0,0,0.0,0,0,0.0,0,0,0.0,0,0,0.0,0,9,0.0,0,0,0.0,0,0,0.0,0,0,0.0,0,0,0.0,0,1,0.0,3,12,0.2,0,4,0.0,0,1,0.0,9,17,0.3462,3,19,0.1364
2026-04-03 21:40:20,test_2560.jpg,119,17,136,0.125,7,31,32,0,0,0.0,0,0,0.0,0,0,0.0,0,0,0.0,0,0,0.0,0,0,0.0,0,0,0.0,0,0,0.0,0,0,0.0,0,0,0.0,3,16,0.1579,0,0,0.0,0,0,0.0,0,0,0.0,0,0,0.0,0,0,0.0,0,0,0.0,0,0,0.0,0,0,0.0,0,0,0.0,0,0,0.0,6,19,0.24,0,0,0.0,0,0,0.0,0,0,0.0,2,18,0.1,2,17,0.1053,2,16,0.1111,1,16,0.0588,1,17,0.0556,0,0,0.0,0,0,0.0
2026-04-03 21:40:20,test_2561.jpg,170,12,182,0.0659,6,31,32,0,0,0.0,0,0,0.0,0,0,0.0,0,0,0.0,0,0,0.0,0,0,0.0,0,0,0.0,0,0,0.0,0,0,0.0,0,0,0.0,1,19,0.05,0,0,0.0,0,0,0.0,0,0,0.0,0,0,0.0,0,0,0.0,0,0,0.0,0,0,0.0,0,0,0.0,0,0,0.0,0,0,0.0,0,27,0.0,0,0,0.0,0,0,0.0,0,0,0.0,2,26,0.0714,9,43,0.1731,0,31,0.0,0,24,0.0,0,0,0.0,0,0,0.0,0,0,0.0
2026-04-03 21:40:20,test_2562.jpg,134,31,165,0.1879,8,31,32,0,0,0.0,0,0,0.0,0,0,0.0,0,0,0.0,0,0,0.0,0,0,0.0,0,0,0.0,0,0,0.0,0,0,0.0,0,0,0.0,1,18,0.0526,0,0,0.0,0,0,0.0,0,0,0.0,0,0,0.0,0,0,0.0,0,0,0.0,0,0,0.0,0,0,0.0,0,0,0.0,0,0,0.0,3,23,0.1154,0,0,0.0,0,0,0.0,0,0,0.0,0,15,0.0,1,15,0.0625,2,13,0.1333,1,19,0.05,15,17,0.4688,8,14,0.3636,0,0,0.0
2026-04-03 21:40:20,test_2563.jpg,103,19,122,0.1557,9,31,32,0,0,0.0,0,0,0.0,0,0,0.0,0,0,0.0,0,0,0.0,0,0,0.0,0,0,0.0,0,0,0.0,0,0,0.0,0,0,0.0,2,11,0.1538,0,0,0.0,0,0,0.0,0,0,0.0,0,0,0.0,0,0,0.0,0,0,0.0,0,0,0.0,0,0,0.0,0,0,0.0,0,0,0.0,4,13,0.2353,0,0,0.0,0,0,0.0,0,0,0.0,3,9,0.25,1,10,0.0909,1,10,0.0909,0,11,0.0,3,10,0.2308,2,16,0.1111,3,13,0.1875
2026-04-03 21:40:20,test_2564.jpg,136,41,177,0.2316,8,31,32,0,0,0.0,0,0,0.0,0,0,0.0,0,0,0.0,0,0,0.0,0,0,0.0,0,0,0.0,0,0,0.0,0,0,0.0,0,0,0.0,8,13,0.381,0,0,0.0,0,0,0.0,0,0,0.0,0,0,0.0,0,0,0.0,0,0,0.0,0,0,0.0,0,0,0.0,0,0,0.0,0,0,0.0,5,24,0.1724,0,0,0.0,0,0,0.0,0,0,0.0,2,13,0.1333,5,15,0.25,2,19,0.0952,5,20,0.2,13,28,0.3171,1,4,0.2,0,0,0.0
2026-04-03 21:40:20,test_2565.jpg,57,30,87,0.3448,5,31,32,0,0,0.0,0,0,0.0,0,0,0.0,0,0,0.0,0,0,0.0,0,0,0.0,0,0,0.0,0,0,0.0,0,0,0.0,0,0,0.0,3,5,0.375,0,0,0.0,0,0,0.0,0,0,0.0,0,0,0.0,0,0,0.0,0,0,0.0,0,0,0.0,0,0,0.0,0,0,0.0,0,0,0.0,9,19,0.3214,0,0,0.0,0,0,0.0,0,0,0.0,6,11,0.3529,11,20,0.3548,1,2,0.3333,0,0,0.0,0,0,0.0,0,0,0.0,0,0,0.0
2026-04-03 21:40:20,test_2566.jpg,140,9,149,0.0604,7,31,32,0,0,0.0,0,0,0.0,0,0,0.0,0,0,0.0,0,0,0.0,0,0,0.0,0,0,0.0,0,0,0.0,0,0,0.0,0,0,0.0,0,28,0.0,0,0,0.0,0,0,0.0,0,0,0.0,0,0,0.0,0,0,0.0,0,0,0.0,0,0,0.0,0,0,0.0,0,0,0.0,0,0,0.0,0,17,0.0,0,0,0.0,0,0,0.0,0,0,0.0,0,19,0.0,0,19,0.0,1,12,0.0769,6,24,0.2,2,21,0.087,0,0,0.0,0,0,0.0
2026-04-03 21:40:20,test_2567.jpg,169,106,275,0.3855,5,31,32,0,0,0.0,0,0,0.0,0,0,0.0,0,0,0.0,0,0,0.0,0,0,0.0,0,0,0.0,0,0,0.0,0,0,0.0,0,0,0.0,0,16,0.0,0,0,0.0,0,0,0.0,0,0,0.0,0,0,0.0,0,0,0.0,0,0,0.0,0,0,0.0,0,0,0.0,0,0,0.0,0,0,0.0,1,20,0.0476,0,0,0.0,0,0,0.0,0,0,0.0,24,57,0.2963,64,51,0.5565,17,25,0.4048,0,0,0.0,0,0,0.0,0,0,0.0,0,0,0.0
2026-04-03 21:40:20,test_2568.jpg,112,72,184,0.3913,4,31,32,0,0,0.0,0,0,0.0,0,0,0.0,0,0,0.0,0,0,0.0,0,0,0.0,0,0,0.0,0,0,0.0,0,0,0.0,0,0,0.0,1,18,0.0526,0,0,0.0,0,0,0.0,0,0,0.0,0,0,0.0,0,0,0.0,0,0,0.0,0,0,0.0,0,0,0.0,0,0,0.0,0,0,0.0,4,25,0.1379,0,0,0.0,0,0,0.0,0,0,0.0,24,32,0.4286,43,37,0.5375,0,0,0.0,0,0,0.0,0,0,0.0,0,0,0.0,0,0,0.0
2026-04-03 21:40:20,test_2569.jpg,133,29,162,0.179,8,31,32,0,0,0.0,0,0,0.0,0,0,0.0,0,0,0.0,0,0,0.0,0,0,0.0,0,0,0.0,0,0,0.0,0,0,0.0,0,0,0.0,0,0,0.0,0,0,0.0,0,0,0.0,0,0,0.0,0,0,0.0,0,0,0.0,0,0,0.0,0,0,0.0,0,0,0.0,0,0,0.0,0,0,0.0,3,39,0.0714,0,0,0.0,0,0,0.0,0,0,0.0,4,16,0.2,7,14,0.3333,3,16,0.1579,4,14,0.2222,8,21,0.2759,0,13,0.0,0,0,0.0
2026-04-03 21:40:20,test_257.jpg,119,25,144,0.1736,5,31,32,0,0,0.0,0,0,0.0,0,0,0.0,0,0,0.0,0,0,0.0,0,0,0.0,0,0,0.0,0,0,0.0,0,0,0.0,0,0,0.0,6,19,0.24,0,0,0.0,0,0,0.0,0,0,0.0,0,0,0.0,0,0,0.0,0,0,0.0,0,0,0.0,0,0,0.0,0,0,0.0,0,0,0.0,11,28,0.2821,0,0,0.0,0,0,0.0,0,0,0.0,2,24,0.0769,1,22,0.0435,5,26,0.1613,0,0,0.0,0,0,0.0,0,0,0.0,0,0,0.0
2026-04-03 21:40:20,test_2570.jpg,132,58,190,0.3053,7,31,32,0,0,0.0,0,0,0.0,0,0,0.0,0,0,0.0,0,0,0.0,0,0,0.0,0,0,0.0,0,0,0.0,0,0,0.0,0,0,0.0,1,4,0.2,0,0,0.0,0,0,0.0,0,0,0.0,0,0,0.0,0,0,0.0,0,0,0.0,0,0,0.0,0,0,0.0,0,0,0.0,0,0,0.0,14,35,0.2857,0,0,0.0,0,0,0.0,0,0,0.0,5,22,0.1852,1,18,0.0526,7,16,0.3043,24,19,0.5581,6,18,0.25,0,0,0.0,0,0,0.0
2026-04-03 21:40:20,test_2571.jpg,117,8,125,0.064,6,31,32,0,0,0.0,0,0,0.0,0,0,0.0,0,0,0.0,0,0,0.0,0,0,0.0,0,0,0.0,0,0,0.0,0,0,0.0,0,0,0.0,0,1,0.0,0,0,0.0,0,0,0.0,0,0,0.0,0,0,0.0,0,0,0.0,0,0,0.0,0,0,0.0,0,0,0.0,0,0,0.0,0,0,0.0,4,42,0.087,0,0,0.0,0,0,0.0,0,0,0.0,0,19,0.0,2,22,0.0833,0,20,0.0,2,13,0.1333,0,0,0.0,0,0,0.0,0,0,0.0
2026-04-03 21:40:20,test_2572.jpg,197,62,259,0.2394,3,31,32,0,0,0.0,0,0,0.0,0,0,0.0,0,0,0.0,0,0,0.0,0,0,0.0,0,0,0.0,0,0,0.0,0,0,0.0,0,0,0.0,15,94,0.1376,0,0,0.0,0,0,0.0,0,0,0.0,0,0,0.0,0,0,0.0,0,0,0.0,0,0,0.0,0,0,0.0,0,0,0.0,0,0,0.0,30,72,0.2941,0,0,0.0,0,0,0.0,0,0,0.0,17,31,0.3542,0,0,0.0,0,0,0.0,0,0,0.0,0,0,0.0,0,0,0.0,0,0,0.0
2026-04-03 21:40:20,test_2573.jpg,177,36,213,0.169,8,31,32,0,0,0.0,0,0,0.0,0,0,0.0,0,0,0.0,0,0,0.0,0,0,0.0,0,0,0.0,0,0,0.0,0,0,0.0,0,0,0.0,6,33,0.1538,0,0,0.0,0,0,0.0,0,0,0.0,0,0,0.0,0,0,0.0,0,0,0.0,0,0,0.0,0,0,0.0,0,0,0.0,0,0,0.0,9,27,0.25,0,0,0.0,0,0,0.0,0,0,0.0,2,15,0.1176,1,17,0.0556,0,16,0.0,3,20,0.1304,14,31,0.3111,1,18,0.0526,0,0,0.0
2026-04-03 21:40:20,test_2574.jpg,152,65,217,0.2995,8,31,32,0,0,0.0,0,0,0.0,0,0,0.0,0,0,0.0,0,0,0.0,0,0,0.0,0,0,0.0,0,0,0.0,0,0,0.0,0,0,0.0,0,12,0.0,0,0,0.0,0,0,0.0,0,0,0.0,0,0,0.0,0,0,0.0,0,0,0.0,0,0,0.0,0,0,0.0,0,0,0.0,0,0,0.0,0,17,0.0,0,0,0.0,0,0,0.0,0,0,0.0,14,16,0.4667,3,28,0.0968,14,27,0.3415,21,31,0.4038,6,9,0.4,7,12,0.3684,0,0,0.0
2026-04-03 21:40:20,test_2575.jpg,142,29,171,0.1696,9,31,32,0,0,0.0,0,0,0.0,0,0,0.0,0,0,0.0,0,0,0.0,0,0,0.0,0,0,0.0,0,0,0.0,0,0,0.0,0,0,0.0,1,21,0.0455,0,0,0.0,0,0,0.0,0,0,0.0,0,0,0.0,0,0,0.0,0,0,0.0,0,0,0.0,0,0,0.0,0,0,0.0,0,0,0.0,6,25,0.1935,0,0,0.0,0,0,0.0,0,0,0.0,16,30,0.3478,5,7,0.4167,0,14,0.0,1,12,0.0769,0,14,0.0,0,19,0.0,0,0,0.0
2026-04-03 21:40:20,test_2576.jpg,146,7,153,0.0458,8,31,32,0,0,0.0,0,0,0.0,0,0,0.0,0,0,0.0,0,0,0.0,0,0,0.0,0,0,0.0,0,0,0.0,0,0,0.0,0,0,0.0,0,19,0.0,0,0,0.0,0,0,0.0,0,0,0.0,0,0,0.0,0,0,0.0,0,0,0.0,0,0,0.0,0,0,0.0,0,0,0.0,0,0,0.0,0,20,0.0,0,0,0.0,0,0,0.0,0,0,0.0,0,19,0.0,4,16,0.2,2,16,0.1111,0,24,0.0,0,16,0.0,1,16,0.0588,0,0,0.0
2026-04-03 21:40:20,test_2577.jpg,134,36,170,0.2118,6,31,32,0,0,0.0,0,0,0.0,0,0,0.0,0,0,0.0,0,0,0.0,0,0,0.0,0,0,0.0,0,0,0.0,0,0,0.0,0,0,0.0,1,17,0.0556,0,0,0.0,0,0,0.0,0,0,0.0,0,0,0.0,0,0,0.0,0,0,0.0,0,0,0.0,0,0,0.0,0,0,0.0,0,0,0.0,7,38,0.1556,0,0,0.0,0,0,0.0,0,0,0.0,8,20,0.2857,8,18,0.3077,8,27,0.2286,4,14,0.2222,0,0,0.0,0,0,0.0,0,0,0.0
2026-04-03 21:40:20,test_2578.jpg,168,49,217,0.2258,3,31,32,0,0,0.0,0,0,0.0,0,0,0.0,0,0,0.0,0,0,0.0,0,0,0.0,0,0,0.0,0,0,0.0,0,0,0.0,0,0,0.0,5,31,0.1389,0,0,0.0,0,0,0.0,0,0,0.0,0,0,0.0,0,0,0.0,0,0,0.0,0,0,0.0,0,0,0.0,0,0,0.0,0,0,0.0,37,68,0.3524,0,0,0.0,0,0,0.0,0,0,0.0,7,69,0.0921,0,0,0.0,0,0,0.0,0,0,0.0,0,0,0.0,0,0,0.0,0,0,0.0
2026-04-03 21:40:20,test_2579.jpg,145,27,172,0.157,7,31,32,0,0,0.0,0,0,0.0,0,0,0.0,0,0,0.0,0,0,0.0,0,0,0.0,0,0,0.0,0,0,0.0,0,0,0.0,0,0,0.0,1,16,0.0588,0,0,0.0,0,0,0.0,0,0,0.0,0,0,0.0,0,0,0.0,0,0,0.0,0,0,0.0,0,0,0.0,0,0,0.0,0,0,0.0,3,21,0.125,0,0,0.0,0,0,0.0,0,0,0.0,1,22,0.0435,0,23,0.0,2,13,0.1333,4,16,0.2,16,34,0.32,0,0,0.0,0,0,0.0
2026-04-03 21:40:20,test_258.jpg,140,26,166,0.1566,6,31,32,0,0,0.0,0,0,0.0,0,0,0.0,0,0,0.0,0,0,0.0,0,0,0.0,0,0,0.0,0,0,0.0,0,0,0.0,0,0,0.0,3,17,0.15,0,0,0.0,0,0,0.0,0,0,0.0,0,0,0.0,0,0,0.0,0,0,0.0,0,0,0.0,0,0,0.0,0,0,0.0,0,0,0.0,4,20,0.1667,0,0,0.0,0,0,0.0,0,0,0.0,11,26,0.2973,3,35,0.0789,2,20,0.0909,3,22,0.12,0,0,0.0,0,0,0.0,0,0,0.0
2026-04-03 21:40:20,test_2580.jpg,134,19,153,0.1242,12,31,32,2,20,0.0909,0,2,0.0,7,26,0.2121,0,0,0.0,0,0,0.0,0,0,0.0,0,0,0.0,0,0,0.0,0,0,0.0,0,0,0.0,6,15,0.2857,0,0,0.0,0,0,0.0,0,0,0.0,0,0,0.0,0,0,0.0,0,0,0.0,0,0,0.0,0,0,0.0,0,0,0.0,0,0,0.0,1,8,0.1111,0,0,0.0,0,0,0.0,0,0,0.0,0,8,0.0,0,9,0.0,0,9,0.0,2,8,0.2,1,9,0.1,0,10,0.0,0,10,0.0
2026-04-03 21:40:20,test_2581.jpg,123,66,189,0.3492,7,31,32,0,0,0.0,0,0,0.0,0,0,0.0,0,0,0.0,0,0,0.0,0,0,0.0,0,0,0.0,0,0,0.0,0,0,0.0,0,0,0.0,1,10,0.0909,0,0,0.0,0,0,0.0,0,0,0.0,0,0,0.0,0,0,0.0,0,0,0.0,0,0,0.0,0,0,0.0,0,0,0.0,0,0,0.0,1,13,0.0714,0,0,0.0,0,0,0.0,0,0,0.0,1,8,0.1111,4,12,0.25,13,24,0.3514,23,24,0.4894,23,32,0.4182,0,0,0.0,0,0,0.0
2026-04-03 21:40:20,test_2582.jpg,134,32,166,0.1928,6,31,32,0,0,0.0,0,0,0.0,0,0,0.0,0,0,0.0,0,0,0.0,0,0,0.0,0,0,0.0,0,0,0.0,0,0,0.0,0,0,0.0,0,9,0.0,0,0,0.0,0,0,0.0,0,0,0.0,0,0,0.0,0,0,0.0,0,0,0.0,0,0,0.0,0,0,0.0,0,0,0.0,0,0,0.0,0,12,0.0,0,0,0.0,0,0,0.0,0,0,0.0,0,18,0.0,2,21,0.087,6,22,0.2143,24,52,0.3158,0,0,0.0,0,0,0.0,0,0,0.0
2026-04-03 21:40:20,test_2583.jpg,129,41,170,0.2412,7,31,32,0,0,0.0,0,0,0.0,0,0,0.0,0,0,0.0,0,0,0.0,0,0,0.0,0,0,0.0,0,0,0.0,0,0,0.0,0,0,0.0,2,11,0.1538,0,0,0.0,0,0,0.0,0,0,0.0,0,0,0.0,0,0,0.0,0,0,0.0,0,0,0.0,0,0,0.0,0,0,0.0,0,0,0.0,2,13,0.1333,0,0,0.0,0,0,0.0,0,0,0.0,6,12,0.3333,1,12,0.0769,13,30,0.3023,7,28,0.2,10,23,0.303,0,0,0.0,0,0,0.0
2026-04-03 21:40:20,test_2584.jpg,132,18,150,0.12,6,31,32,0,0,0.0,0,0,0.0,0,0,0.0,0,0,0.0,0,0,0.0,0,0,0.0,0,0,0.0,0,0,0.0,0,0,0.0,0,0,0.0,0,18,0.0,0,0,0.0,0,0,0.0,0,0,0.0,0,0,0.0,0,0,0.0,0,0,0.0,0,0,0.0,0,0,0.0,0,0,0.0,0,0,0.0,0,21,0.0,0,0,0.0,0,0,0.0,0,0,0.0,7,23,0.2333,4,21,0.16,0,33,0.0,7,16,0.3043,0,0,0.0,0,0,0.0,0,0,0.0
2026-04-03 21:40:20,test_2585.jpg,142,20,162,0.1235,7,31,32,0,0,0.0,0,0,0.0,0,0,0.0,0,0,0.0,0,0,0.0,0,0,0.0,0,0,0.0,0,0,0.0,0,0,0.0,0,0,0.0,2,21,0.087,0,0,0.0,0,0,0.0,0,0,0.0,0,0,0.0,0,0,0.0,0,0,0.0,0,0,0.0,0,0,0.0,0,0,0.0,0,0,0.0,6,16,0.2727,0,0,0.0,0,0,0.0,0,0,0.0,1,18,0.0526,8,21,0.2759,1,23,0.0417,0,21,0.0,2,22,0.0833,0,0,0.0,0,0,0.0
2026-04-03 21:40:20,test_2586.jpg,139,41,180,0.2278,6,31,32,0,0,0.0,0,0,0.0,0,0,0.0,0,0,0.0,0,0,0.0,0,0,0.0,0,0,0.0,0,0,0.0,0,0,0.0,0,0,0.0,15,36,0.2941,0,0,0.0,0,0,0.0,0,0,0.0,0,0,0.0,0,0,0.0,0,0,0.0,0,0,0.0,0,0,0.0,0,0,0.0,0,0,0.0,5,30,0.1429,0,0,0.0,0,0,0.0,0,0,0.0,8,26,0.2353,12,30,0.2857,1,17,0.0556,0,0,0.0,0,0,0.0,0,0,0.0,0,0,0.0
2026-04-03 21:40:20,test_2587.jpg,129,25,154,0.1623,5,31,32,0,0,0.0,0,0,0.0,0,0,0.0,0,0,0.0,0,0,0.0,0,0,0.0,0,0,0.0,0,0,0.0,0,0,0.0,0,0,0.0,1,22,0.0435,0,0,0.0,0,0,0.0,0,0,0.0,0,0,0.0,0,0,0.0,0,0,0.0,0,0,0.0,0,0,0.0,0,0,0.0,0,0,0.0,4,23,0.1481,0,0,0.0,0,0,0.0,0,0,0.0,1,23,0.0417,15,41,0.2679,4,20,0.1667,0,0,0.0,0,0,0.0,0,0,0.0,0,0,0.0
2026-04-03 21:40:20,test_2588.jpg,149,21,170,0.1235,6,31,32,0,0,0.0,0,0,0.0,0,0,0.0,0,0,0.0,0,0,0.0,0,0,0.0,0,0,0.0,0,0,0.0,0,0,0.0,0,0,0.0,4,34,0.1053,0,0,0.0,0,0,0.0,0,0,0.0,0,0,0.0,0,0,0.0,0,0,0.0,0,0,0.0,0,0,0.0,0,0,0.0,0,0,0.0,2,26,0.0714,0,0,0.0,0,0,0.0,0,0,0.0,3,30,0.0909,2,18,0.1,9,26,0.2571,1,15,0.0625,0,0,0.0,0,0,0.0,0,0,0.0
2026-04-03 21:40:20,test_2589.jpg,123,30,153,0.1961,8,31,32,0,0,0.0,0,0,0.0,0,0,0.0,0,0,0.0,0,0,0.0,0,0,0.0,0,0,0.0,0,0,0.0,0,0,0.0,0,0,0.0,0,3,0.0,0,0,0.0,0,0,0.0,0,0,0.0,0,0,0.0,0,0,0.0,0,0,0.0,0,0,0.0,0,0,0.0,0,0,0.0,0,0,0.0,0,17,0.0,0,0,0.0,0,0,0.0,0,0,0.0,7,20,0.2593,3,18,0.1429,0,15,0.0,12,27,0.3077,4,14,0.2222,4,9,0.3077,0,0,0.0
2026-04-03 21:40:20,test_259.jpg,116,49,165,0.297,6,31,32,0,0,0.0,0,0,0.0,0,0,0.0,0,0,0.0,0,0,0.0,0,0,0.0,0,0,0.0,0,0,0.0,0,0,0.0,0,0,0.0,2,18,0.1,0,0,0.0,0,0,0.0,0,0,0.0,0,0,0.0,0,0,0.0,0,0,0.0,0,0,0.0,0,0,0.0,0,0,0.0,0,0,0.0,0,24,0.0,0,0,0.0,0,0,0.0,0,0,0.0,12,20,0.375,15,21,0.4167,4,16,0.2,16,17,0.4848,0,0,0.0,0,0,0.0,0,0,0.0
2026-04-03 21:40:20,test_2590.jpg,108,29,137,0.2117,8,31,32,0,0,0.0,0,0,0.0,0,0,0.0,0,0,0.0,0,0,0.0,0,0,0.0,0,0,0.0,0,0,0.0,0,0,0.0,0,0,0.0,0,8,0.0,0,0,0.0,0,0,0.0,0,0,0.0,0,0,0.0,0,0,0.0,0,0,0.0,0,0,0.0,0,0,0.0,0,0,0.0,0,0,0.0,4,7,0.3636,0,0,0.0,0,0,0.0,0,0,0.0,1,10,0.0909,1,10,0.0909,3,10,0.2308,2,13,0.1333,5,20,0.2,13,30,0.3023,0,0,0.0
2026-04-03 21:40:20,test_2591.jpg,244,101,345,0.2928,18,31,32,16,24,0.4,9,22,0.2903,5,18,0.2174,15,21,0.4167,18,36,0.3333,2,9,0.1818,0,4,0.0,7,6,0.5385,8,23,0.2581,0,0,0.0,0,13,0.0,0,0,0.0,0,0,0.0,0,0,0.0,0,0,0.0,0,0,0.0,0,0,0.0,0,0,0.0,0,0,0.0,0,0,0.0,0,0,0.0,0,4,0.0,0,0,0.0,0,0,0.0,0,0,0.0,0,0,0.0,3,10,0.2308,0,8,0.0,0,0,0.0,1,6,0.1429,7,14,0.3333,10,26,0.2778
2026-04-03 21:40:20,test_2592.jpg,125,15,140,0.1071,12,31,32,0,11,0.0,0,22,0.0,0,0,0.0,0,0,0.0,0,0,0.0,0,0,0.0,0,0,0.0,0,0,0.0,0,0,0.0,0,0,0.0,0,0,0.0,0,0,0.0,0,0,0.0,0,0,0.0,0,0,0.0,0,0,0.0,0,0,0.0,0,0,0.0,0,0,0.0,0,0,0.0,0,0,0.0,6,23,0.2069,0,0,0.0,0,0,0.0,0,0,0.0,0,11,0.0,0,11,0.0,2,9,0.1818,7,10,0.4118,0,8,0.0,0,11,0.0,0,9,0.0
2026-04-03 21:40:20,test_2593.jpg,129,4,133,0.0301,7,31,32,0,0,0.0,0,0,0.0,0,0,0.0,0,0,0.0,0,0,0.0,0,0,0.0,0,0,0.0,0,0,0.0,0,0,0.0,0,0,0.0,0,18,0.0,0,0,0.0,0,0,0.0,0,0,0.0,0,0,0.0,0,0,0.0,0,0,0.0,0,0,0.0,0,0,0.0,0,0,0.0,0,0,0.0,0,16,0.0,0,0,0.0,0,0,0.0,0,0,0.0,0,19,0.0,0,22,0.0,2,18,0.1,2,17,0.1053,0,19,0.0,0,0,0.0,0,0,0.0
2026-04-03 21:40:20,test_2594.jpg,180,6,186,0.0323,8,31,32,0,0,0.0,0,0,0.0,0,0,0.0,0,0,0.0,0,0,0.0,0,0,0.0,0,0,0.0,0,0,0.0,0,0,0.0,0,0,0.0,2,24,0.0769,0,0,0.0,0,0,0.0,0,0,0.0,0,0,0.0,0,0,0.0,0,0,0.0,0,0,0.0,0,0,0.0,0,0,0.0,0,0,0.0,0,22,0.0,0,0,0.0,0,0,0.0,0,0,0.0,0,22,0.0,0,23,0.0,1,22,0.0435,0,24,0.0,3,19,0.1364,0,24,0.0,0,0,0.0
2026-04-03 21:40:20,test_2595.jpg,145,15,160,0.0938,9,31,32,0,0,0.0,0,0,0.0,0,0,0.0,0,0,0.0,0,0,0.0,0,0,0.0,0,0,0.0,0,0,0.0,0,0,0.0,0,0,0.0,5,13,0.2778,0,0,0.0,0,0,0.0,0,0,0.0,0,0,0.0,0,0,0.0,0,0,0.0,0,0,0.0,0,0,0.0,0,0,0.0,0,0,0.0,1,23,0.0417,0,0,0.0,0,0,0.0,0,0,0.0,2,13,0.1333,0,10,0.0,0,12,0.0,2,18,0.1,1,21,0.0455,4,35,0.1026,0,0,0.0
2026-04-03 21:40:20,test_2596.jpg,129,6,135,0.0444,7,31,32,0,0,0.0,0,0,0.0,0,0,0.0,0,0,0.0,0,0,0.0,0,0,0.0,0,0,0.0,0,0,0.0,0,0,0.0,0,0,0.0,1,13,0.0714,0,0,0.0,0,0,0.0,0,0,0.0,0,0,0.0,0,0,0.0,0,0,0.0,0,0,0.0,0,0,0.0,0,0,0.0,0,0,0.0,0,15,0.0,0,0,0.0,0,0,0.0,0,0,0.0,3,13,0.1875,1,14,0.0667,1,20,0.0476,0,27,0.0,0,27,0.0,0,0,0.0,0,0,0.0
2026-04-03 21:40:20,test_2597.jpg,151,15,166,0.0904,7,31,32,0,0,0.0,0,0,0.0,0,0,0.0,0,0,0.0,0,0,0.0,0,0,0.0,0,0,0.0,0,0,0.0,0,0,0.0,0,0,0.0,0,19,0.0,0,0,0.0,0,0,0.0,0,0,0.0,0,0,0.0,0,0,0.0,0,0,0.0,0,0,0.0,0,0,0.0,0,0,0.0,0,0,0.0,2,19,0.0952,0,0,0.0,0,0,0.0,0,0,0.0,2,22,0.0833,4,18,0.1818,1,24,0.04,5,24,0.1724,1,25,0.0385,0,0,0.0,0,0,0.0
2026-04-03 21:40:20,test_2598.jpg,125,7,132,0.053,5,31,32,0,0,0.0,0,0,0.0,0,0,0.0,0,0,0.0,0,0,0.0,0,0,0.0,0,0,0.0,0,0,0.0,0,0,0.0,0,0,0.0,0,22,0.0,0,0,0.0,0,0,0.0,0,0,0.0,0,0,0.0,0,0,0.0,0,0,0.0,0,0,0.0,0,0,0.0,0,0,0.0,0,0,0.0,0,29,0.0,0,0,0.0,0,0,0.0,0,0,0.0,0,23,0.0,4,28,0.125,3,23,0.1154,0,0,0.0,0,0,0.0,0,0,0.0,0,0,0.0
2026-04-03 21:40:20,test_2599.jpg,163,31,194,0.1598,6,31,32,0,0,0.0,0,0,0.0,0,0,0.0,0,0,0.0,0,0,0.0,0,0,0.0,0,0,0.0,0,0,0.0,0,0,0.0,0,0,0.0,9,17,0.3462,0,0,0.0,0,0,0.0,0,0,0.0,0,0,0.0,0,0,0.0,0,0,0.0,0,0,0.0,0,0,0.0,0,0,0.0,0,0,0.0,2,21,0.087,0,0,0.0,0,0,0.0,0,0,0.0,4,22,0.1538,6,37,0.1395,6,39,0.1333,4,27,0.129,0,0,0.0,0,0,0.0,0,0,0.0
2026-04-03 21:40:20,test_26.jpg,104,46,150,0.3067,9,31,32,0,0,0.0,0,0,0.0,0,0,0.0,0,0,0.0,0,0,0.0,0,0,0.0,0,0,0.0,0,0,0.0,0,0,0.0,0,0,0.0,6,10,0.375,0,0,0.0,0,0,0.0,0,0,0.0,0,0,0.0,0,0,0.0,0,0,0.0,0,0,0.0,0,0,0.0,0,0,0.0,0,0,0.0,0,10,0.0,0,0,0.0,0,0,0.0,0,0,0.0,5,12,0.2941,5,11,0.3125,3,16,0.1579,8,15,0.3478,9,14,0.3913,4,12,0.25,6,4,0.6
2026-04-03 21:40:20,test_260.jpg,148,23,171,0.1345,5,31,32,0,0,0.0,0,0,0.0,0,0,0.0,0,0,0.0,0,0,0.0,0,0,0.0,0,0,0.0,0,0,0.0,0,0,0.0,0,0,0.0,5,26,0.1613,0,0,0.0,0,0,0.0,0,0,0.0,0,0,0.0,0,0,0.0,0,0,0.0,0,0,0.0,0,0,0.0,0,0,0.0,0,0,0.0,1,29,0.0333,0,0,0.0,0,0,0.0,0,0,0.0,7,31,0.1842,0,28,0.0,10,34,0.2273,0,0,0.0,0,0,0.0,0,0,0.0,0,0,0.0
2026-04-03 21:40:20,test_2600.jpg,179,132,311,0.4244,3,31,32,0,0,0.0,0,0,0.0,0,0,0.0,0,0,0.0,0,0,0.0,0,0,0.0,0,0,0.0,0,0,0.0,0,0,0.0,0,0,0.0,13,48,0.2131,0,0,0.0,0,0,0.0,0,0,0.0,0,0,0.0,0,0,0.0,0,0,0.0,0,0,0.0,0,0,0.0,0,0,0.0,0,0,0.0,78,75,0.5098,0,0,0.0,0,0,0.0,0,0,0.0,41,56,0.4227,0,0,0.0,0,0,0.0,0,0,0.0,0,0,0.0,0,0,0.0,0,0,0.0
2026-04-03 21:40:20,test_2601.jpg,110,14,124,0.1129,6,31,32,0,0,0.0,0,0,0.0,0,0,0.0,0,0,0.0,0,0,0.0,0,0,0.0,0,0,0.0,0,0,0.0,0,0,0.0,0,0,0.0,4,20,0.1667,0,0,0.0,0,0,0.0,0,0,0.0,0,0,0.0,0,0,0.0,0,0,0.0,0,0,0.0,0,0,0.0,0,0,0.0,0,0,0.0,1,15,0.0625,0,0,0.0,0,0,0.0,0,0,0.0,2,18,0.1,3,18,0.1429,2,20,0.0909,2,19,0.0952,0,0,0.0,0,0,0.0,0,0,0.0
2026-04-03 21:40:20,test_2602.jpg,132,14,146,0.0959,7,31,32,0,0,0.0,0,0,0.0,0,0,0.0,0,0,0.0,0,0,0.0,0,0,0.0,0,0,0.0,0,0,0.0,0,0,0.0,0,0,0.0,0,21,0.0,0,0,0.0,0,0,0.0,0,0,0.0,0,0,0.0,0,0,0.0,0,0,0.0,0,0,0.0,0,0,0.0,0,0,0.0,0,0,0.0,0,19,0.0,0,0,0.0,0,0,0.0,0,0,0.0,1,17,0.0556,1,22,0.0435,7,18,0.28,5,15,0.25,0,20,0.0,0,0,0.0,0,0,0.0
2026-04-03 21:40:20,test_2603.jpg,171,17,188,0.0904,7,31,32,0,0,0.0,0,0,0.0,0,0,0.0,0,0,0.0,0,0,0.0,0,0,0.0,0,0,0.0,0,0,0.0,0,0,0.0,0,0,0.0,4,45,0.0816,0,0,0.0,0,0,0.0,0,0,0.0,0,0,0.0,0,0,0.0,0,0,0.0,0,0,0.0,0,0,0.0,0,0,0.0,0,0,0.0,0,19,0.0,0,0,0.0,0,0,0.0,0,0,0.0,1,22,0.0435,0,19,0.0,2,21,0.087,4,22,0.1538,6,23,0.2069,0,0,0.0,0,0,0.0
2026-04-03 21:40:20,test_2604.jpg,124,31,155,0.2,3,31,32,0,0,0.0,0,0,0.0,0,0,0.0,0,0,0.0,0,0,0.0,0,0,0.0,0,0,0.0,0,0,0.0,0,0,0.0,0,0,0.0,6,32,0.1579,0,0,0.0,0,0,0.0,0,0,0.0,0,0,0.0,0,0,0.0,0,0,0.0,0,0,0.0,0,0,0.0,0,0,0.0,0,0,0.0,15,64,0.1899,0,0,0.0,0,0,0.0,0,0,0.0,10,28,0.2632,0,0,0.0,0,0,0.0,0,0,0.0,0,0,0.0,0,0,0.0,0,0,0.0
2026-04-03 21:40:20,test_2605.jpg,228,62,290,0.2138,7,31,32,0,0,0.0,0,0,0.0,0,0,0.0,0,0,0.0,0,0,0.0,0,0,0.0,0,0,0.0,0,0,0.0,0,0,0.0,0,0,0.0,3,18,0.1429,0,0,0.0,0,0,0.0,0,0,0.0,0,0,0.0,0,0,0.0,0,0,0.0,0,0,0.0,0,0,0.0,0,0,0.0,0,0,0.0,12,20,0.375,0,0,0.0,0,0,0.0,0,0,0.0,4,22,0.1538,18,64,0.2195,22,52,0.2973,2,44,0.0435,1,8,0.1111,0,0,0.0,0,0,0.0
2026-04-03 21:40:20,test_2606.jpg,107,20,127,0.1575,5,31,32,0,0,0.0,0,0,0.0,0,0,0.0,0,0,0.0,0,0,0.0,0,0,0.0,0,0,0.0,0,0,0.0,0,0,0.0,0,0,0.0,0,14,0.0,0,0,0.0,0,0,0.0,0,0,0.0,0,0,0.0,0,0,0.0,0,0,0.0,0,0,0.0,0,0,0.0,0,0,0.0,0,0,0.0,5,23,0.1786,0,0,0.0,0,0,0.0,0,0,0.0,4,27,0.129,6,21,0.2222,5,22,0.1852,0,0,0.0,0,0,0.0,0,0,0.0,0,0,0.0
2026-04-03 21:40:20,test_2607.jpg,155,47,202,0.2327,7,31,32,0,0,0.0,0,0,0.0,0,0,0.0,0,0,0.0,0,0,0.0,0,0,0.0,0,0,0.0,0,0,0.0,0,0,0.0,0,0,0.0,4,14,0.2222,0,0,0.0,0,0,0.0,0,0,0.0,0,0,0.0,0,0,0.0,0,0,0.0,0,0,0.0,0,0,0.0,0,0,0.0,0,0,0.0,4,17,0.1905,0,0,0.0,0,0,0.0,0,0,0.0,1,14,0.0667,10,28,0.2632,11,36,0.234,12,31,0.2791,5,15,0.25,0,0,0.0,0,0,0.0
2026-04-03 21:40:20,test_2608.jpg,174,39,213,0.1831,14,31,32,5,15,0.25,4,10,0.2857,0,15,0.0,4,20,0.1667,2,13,0.1333,0,0,0.0,0,0,0.0,0,0,0.0,0,0,0.0,0,0,0.0,0,0,0.0,0,0,0.0,0,0,0.0,0,0,0.0,0,0,0.0,0,0,0.0,0,0,0.0,0,0,0.0,0,0,0.0,0,0,0.0,0,0,0.0,4,27,0.129,0,0,0.0,0,0,0.0,0,0,0.0,2,5,0.2857,2,8,0.2,0,6,0.0,2,9,0.1818,3,15,0.1667,11,15,0.4231,0,16,0.0
2026-04-03 21:40:20,test_2609.jpg,143,12,155,0.0774,8,31,32,0,0,0.0,0,0,0.0,0,0,0.0,0,0,0.0,0,0,0.0,0,0,0.0,0,0,0.0,0,0,0.0,0,0,0.0,0,0,0.0,4,16,0.2,0,0,0.0,0,0,0.0,0,0,0.0,0,0,0.0,0,0,0.0,0,0,0.0,0,0,0.0,0,0,0.0,0,0,0.0,0,0,0.0,0,17,0.0,0,0,0.0,0,0,0.0,0,0,0.0,0,20,0.0,3,20,0.1304,1,21,0.0455,1,13,0.0714,1,17,0.0556,2,19,0.0952,0,0,0.0
2026-04-03 21:40:20,test_261.jpg,136,6,142,0.0423,5,31,32,0,0,0.0,0,0,0.0,0,0,0.0,0,0,0.0,0,0,0.0,0,0,0.0,0,0,0.0,0,0,0.0,0,0,0.0,0,0,0.0,1,27,0.0357,0,0,0.0,0,0,0.0,0,0,0.0,0,0,0.0,0,0,0.0,0,0,0.0,0,0,0.0,0,0,0.0,0,0,0.0,0,0,0.0,0,26,0.0,0,0,0.0,0,0,0.0,0,0,0.0,5,29,0.1471,0,30,0.0,0,24,0.0,0,0,0.0,0,0,0.0,0,0,0.0,0,0,0.0
2026-04-03 21:40:20,test_2610.jpg,143,81,224,0.3616,6,31,32,0,0,0.0,0,0,0.0,0,0,0.0,0,0,0.0,0,0,0.0,0,0,0.0,0,0,0.0,0,0,0.0,0,0,0.0,0,0,0.0,2,19,0.0952,0,0,0.0,0,0,0.0,0,0,0.0,0,0,0.0,0,0,0.0,0,0,0.0,0,0,0.0,0,0,0.0,0,0,0.0,0,0,0.0,10,23,0.303,0,0,0.0,0,0,0.0,0,0,0.0,14,31,0.3111,12,19,0.3871,28,34,0.4516,15,17,0.4688,0,0,0.0,0,0,0.0,0,0,0.0
2026-04-03 21:40:20,test_2611.jpg,149,28,177,0.1582,8,31,32,0,0,0.0,0,0,0.0,0,0,0.0,0,0,0.0,0,0,0.0,0,0,0.0,0,0,0.0,0,0,0.0,0,0,0.0,0,0,0.0,6,31,0.1622,0,0,0.0,0,0,0.0,0,0,0.0,0,0,0.0,0,0,0.0,0,0,0.0,0,0,0.0,0,0,0.0,0,0,0.0,0,0,0.0,3,16,0.1579,0,0,0.0,0,0,0.0,0,0,0.0,0,16,0.0,4,15,0.2105,2,13,0.1333,1,19,0.05,6,19,0.24,6,20,0.2308,0,0,0.0
2026-04-03 21:40:20,test_2612.jpg,143,26,169,0.1538,6,31,32,0,0,0.0,0,0,0.0,0,0,0.0,0,0,0.0,0,0,0.0,0,0,0.0,0,0,0.0,0,0,0.0,0,0,0.0,0,0,0.0,0,21,0.0,0,0,0.0,0,0,0.0,0,0,0.0,0,0,0.0,0,0,0.0,0,0,0.0,0,0,0.0,0,0,0.0,0,0,0.0,0,0,0.0,5,26,0.1613,0,0,0.0,0,0,0.0,0,0,0.0,5,28,0.1515,9,27,0.25,7,23,0.2333,0,18,0.0,0,0,0.0,0,0,0.0,0,0,0.0
2026-04-03 21:40:20,test_2613.jpg,144,22,166,0.1325,5,31,32,0,0,0.0,0,0,0.0,0,0,0.0,0,0,0.0,0,0,0.0,0,0,0.0,0,0,0.0,0,0,0.0,0,0,0.0,0,0,0.0,5,17,0.2273,0,0,0.0,0,0,0.0,0,0,0.0,0,0,0.0,0,0,0.0,0,0,0.0,0,0,0.0,0,0,0.0,0,0,0.0,0,0,0.0,2,24,0.0769,0,0,0.0,0,0,0.0,0,0,0.0,10,42,0.1923,5,40,0.1111,0,21,0.0,0,0,0.0,0,0,0.0,0,0,0.0,0,0,0.0
2026-04-03 21:40:20,test_2614.jpg,129,41,170,0.2412,8,31,32,0,0,0.0,0,0,0.0,0,0,0.0,0,0,0.0,0,0,0.0,0,0,0.0,0,0,0.0,0,0,0.0,0,0,0.0,0,0,0.0,4,10,0.2857,0,0,0.0,0,0,0.0,0,0,0.0,0,0,0.0,0,0,0.0,0,0,0.0,0,0,0.0,0,0,0.0,0,0,0.0,0,0,0.0,1,18,0.0526,0,0,0.0,0,0,0.0,0,0,0.0,3,22,0.12,3,17,0.15,8,19,0.2963,4,16,0.2,10,13,0.4348,8,14,0.3636,0,0,0.0
2026-04-03 21:40:20,test_2615.jpg,206,80,286,0.2797,10,31,32,16,27,0.3721,0,0,0.0,0,0,0.0,0,0,0.0,0,0,0.0,0,0,0.0,0,0,0.0,0,0,0.0,0,0,0.0,0,0,0.0,1,7,0.125,0,0,0.0,0,0,0.0,0,0,0.0,0,0,0.0,0,0,0.0,0,0,0.0,0,0,0.0,0,0,0.0,0,0,0.0,0,0,0.0,3,17,0.15,0,0,0.0,0,0,0.0,0,0,0.0,2,17,0.1053,9,21,0.3,6,23,0.2069,14,18,0.4375,6,17,0.2609,8,13,0.381,15,46,0.2459
2026-04-03 21:40:20,test_2616.jpg,128,7,135,0.0519,8,31,32,0,0,0.0,0,0,0.0,0,0,0.0,0,0,0.0,0,0,0.0,0,0,0.0,0,0,0.0,0,0,0.0,0,0,0.0,0,0,0.0,1,11,0.0833,0,0,0.0,0,0,0.0,0,0,0.0,0,0,0.0,0,0,0.0,0,0,0.0,0,0,0.0,0,0,0.0,0,0,0.0,0,0,0.0,1,10,0.0909,0,0,0.0,0,0,0.0,0,0,0.0,0,15,0.0,2,16,0.1111,2,16,0.1111,0,18,0.0,0,21,0.0,1,21,0.0455,0,0,0.0
2026-04-03 21:40:20,test_2617.jpg,148,44,192,0.2292,4,31,32,0,0,0.0,0,0,0.0,0,0,0.0,0,0,0.0,0,0,0.0,0,0,0.0,0,0,0.0,0,0,0.0,0,0,0.0,0,0,0.0,3,25,0.1071,0,0,0.0,0,0,0.0,0,0,0.0,0,0,0.0,0,0,0.0,0,0,0.0,0,0,0.0,0,0,0.0,0,0,0.0,0,0,0.0,5,52,0.0877,0,0,0.0,0,0,0.0,0,0,0.0,11,50,0.1803,25,21,0.5435,0,0,0.0,0,0,0.0,0,0,0.0,0,0,0.0,0,0,0.0
2026-04-03 21:40:20,test_2618.jpg,143,22,165,0.1333,7,31,32,0,0,0.0,0,0,0.0,0,0,0.0,0,0,0.0,0,0,0.0,0,0,0.0,0,0,0.0,0,0,0.0,0,0,0.0,0,0,0.0,1,23,0.0417,0,0,0.0,0,0,0.0,0,0,0.0,0,0,0.0,0,0,0.0,0,0,0.0,0,0,0.0,0,0,0.0,0,0,0.0,0,0,0.0,12,25,0.3243,0,0,0.0,0,0,0.0,0,0,0.0,0,18,0.0,3,20,0.1304,0,15,0.0,5,23,0.1786,1,19,0.05,0,0,0.0,0,0,0.0
2026-04-03 21:40:20,test_2619.jpg,142,1,143,0.007,7,31,32,0,0,0.0,0,0,0.0,0,0,0.0,0,0,0.0,0,0,0.0,0,0,0.0,0,0,0.0,0,0,0.0,0,0,0.0,0,0,0.0,1,20,0.0476,0,0,0.0,0,0,0.0,0,0,0.0,0,0,0.0,0,0,0.0,0,0,0.0,0,0,0.0,0,0,0.0,0,0,0.0,0,0,0.0,0,19,0.0,0,0,0.0,0,0,0.0,0,0,0.0,0,19,0.0,0,20,0.0,0,21,0.0,0,21,0.0,0,22,0.0,0,0,0.0,0,0,0.0
2026-04-03 21:40:20,test_262.jpg,136,7,143,0.049,8,31,32,0,0,0.0,0,0,0.0,0,0,0.0,0,0,0.0,0,0,0.0,0,0,0.0,0,0,0.0,0,0,0.0,0,0,0.0,0,0,0.0,1,13,0.0714,0,0,0.0,0,0,0.0,0,0,0.0,0,0,0.0,0,0,0.0,0,0,0.0,0,0,0.0,0,0,0.0,0,0,0.0,0,0,0.0,2,14,0.125,0,0,0.0,0,0,0.0,0,0,0.0,0,16,0.0,2,15,0.1176,2,21,0.087,0,20,0.0,0,20,0.0,0,17,0.0,0,0,0.0
2026-04-03 21:40:20,test_2620.jpg,134,39,173,0.2254,9,31,32,0,0,0.0,0,0,0.0,0,0,0.0,0,0,0.0,0,0,0.0,0,0,0.0,0,0,0.0,0,0,0.0,0,0,0.0,0,0,0.0,3,15,0.1667,0,0,0.0,0,0,0.0,0,0,0.0,0,0,0.0,0,0,0.0,0,0,0.0,0,0,0.0,0,0,0.0,0,0,0.0,0,0,0.0,2,7,0.2222,0,0,0.0,0,0,0.0,0,0,0.0,0,13,0.0,10,24,0.2941,11,23,0.3235,2,21,0.087,6,17,0.2609,4,7,0.3636,1,7,0.125
2026-04-03 21:40:20,test_2621.jpg,244,164,408,0.402,5,31,32,0,0,0.0,0,0,0.0,0,0,0.0,0,0,0.0,0,0,0.0,0,0,0.0,0,0,0.0,0,0,0.0,0,0,0.0,0,0,0.0,1,23,0.0417,0,0,0.0,0,0,0.0,0,0,0.0,0,0,0.0,0,0,0.0,0,0,0.0,0,0,0.0,0,0,0.0,0,0,0.0,0,0,0.0,2,44,0.0435,0,0,0.0,0,0,0.0,0,0,0.0,30,72,0.2941,74,61,0.5481,57,44,0.5644,0,0,0.0,0,0,0.0,0,0,0.0,0,0,0.0
2026-04-03 21:40:20,test_2622.jpg,174,35,209,0.1675,6,31,32,0,0,0.0,0,0,0.0,0,0,0.0,0,0,0.0,0,0,0.0,0,0,0.0,0,0,0.0,0,0,0.0,0,0,0.0,0,0,0.0,1,24,0.04,0,0,0.0,0,0,0.0,0,0,0.0,0,0,0.0,0,0,0.0,0,0,0.0,0,0,0.0,0,0,0.0,0,0,0.0,0,0,0.0,9,30,0.2308,0,0,0.0,0,0,0.0,0,0,0.0,9,24,0.2727,7,33,0.175,9,59,0.1324,0,4,0.0,0,0,0.0,0,0,0.0,0,0,0.0
2026-04-03 21:40:20,test_2623.jpg,133,13,146,0.089,7,31,32,0,0,0.0,0,0,0.0,0,0,0.0,0,0,0.0,0,0,0.0,0,0,0.0,0,0,0.0,0,0,0.0,0,0,0.0,0,0,0.0,5,20,0.2,0,0,0.0,0,0,0.0,0,0,0.0,0,0,0.0,0,0,0.0,0,0,0.0,0,0,0.0,0,0,0.0,0,0,0.0,0,0,0.0,0,21,0.0,0,0,0.0,0,0,0.0,0,0,0.0,1,18,0.0526,0,15,0.0,3,19,0.1364,4,19,0.1739,0,21,0.0,0,0,0.0,0,0,0.0
2026-04-03 21:40:20,test_2624.jpg,124,41,165,0.2485,10,31,32,11,21,0.3438,0,0,0.0,0,0,0.0,0,0,0.0,0,0,0.0,0,0,0.0,0,0,0.0,0,0,0.0,0,0,0.0,0,0,0.0,1,5,0.1667,0,0,0.0,0,0,0.0,0,0,0.0,0,0,0.0,0,0,0.0,0,0,0.0,0,0,0.0,0,0,0.0,0,0,0.0,0,0,0.0,1,9,0.1,0,0,0.0,0,0,0.0,0,0,0.0,1,9,0.1,3,11,0.2143,2,12,0.1429,4,15,0.2105,0,11,0.0,10,13,0.4348,8,18,0.3077
2026-04-03 21:40:20,test_2625.jpg,126,37,163,0.227,6,31,32,0,0,0.0,0,0,0.0,0,0,0.0,0,0,0.0,0,0,0.0,0,0,0.0,0,0,0.0,0,0,0.0,0,0,0.0,0,0,0.0,2,11,0.1538,0,0,0.0,0,0,0.0,0,0,0.0,0,0,0.0,0,0,0.0,0,0,0.0,0,0,0.0,0,0,0.0,0,0,0.0,0,0,0.0,0,24,0.0,0,0,0.0,0,0,0.0,0,0,0.0,17,32,0.3469,9,18,0.3333,7,23,0.2333,2,18,0.1,0,0,0.0,0,0,0.0,0,0,0.0
2026-04-03 21:40:20,test_2626.jpg,188,117,305,0.3836,5,31,32,0,0,0.0,0,0,0.0,0,0,0.0,0,0,0.0,0,0,0.0,0,0,0.0,0,0,0.0,0,0,0.0,0,0,0.0,0,0,0.0,1,15,0.0625,0,0,0.0,0,0,0.0,0,0,0.0,0,0,0.0,0,0,0.0,0,0,0.0,0,0,0.0,0,0,0.0,0,0,0.0,0,0,0.0,0,19,0.0,0,0,0.0,0,0,0.0,0,0,0.0,14,65,0.1772,70,54,0.5645,32,35,0.4776,0,0,0.0,0,0,0.0,0,0,0.0,0,0,0.0
2026-04-03 21:40:20,test_2627.jpg,108,32,140,0.2286,5,31,32,0,0,0.0,0,0,0.0,0,0,0.0,0,0,0.0,0,0,0.0,0,0,0.0,0,0,0.0,0,0,0.0,0,0,0.0,0,0,0.0,14,27,0.3415,0,0,0.0,0,0,0.0,0,0,0.0,0,0,0.0,0,0,0.0,0,0,0.0,0,0,0.0,0,0,0.0,0,0,0.0,0,0,0.0,4,29,0.1212,0,0,0.0,0,0,0.0,0,0,0.0,3,13,0.1875,6,19,0.24,5,20,0.2,0,0,0.0,0,0,0.0,0,0,0.0,0,0,0.0
2026-04-03 21:40:20,test_2628.jpg,142,15,157,0.0955,6,31,32,0,0,0.0,0,0,0.0,0,0,0.0,0,0,0.0,0,0,0.0,0,0,0.0,0,0,0.0,0,0,0.0,0,0,0.0,0,0,0.0,0,28,0.0,0,0,0.0,0,0,0.0,0,0,0.0,0,0,0.0,0,0,0.0,0,0,0.0,0,0,0.0,0,0,0.0,0,0,0.0,0,0,0.0,1,40,0.0244,0,0,0.0,0,0,0.0,0,0,0.0,4,29,0.1212,4,21,0.16,5,16,0.2381,1,8,0.1111,0,0,0.0,0,0,0.0,0,0,0.0
2026-04-03 21:40:20,test_2629.jpg,112,38,150,0.2533,11,31,32,15,31,0.3261,0,0,0.0,0,0,0.0,0,0,0.0,0,0,0.0,0,0,0.0,0,0,0.0,0,0,0.0,0,0,0.0,0,0,0.0,0,0,0.0,0,0,0.0,0,0,0.0,0,0,0.0,0,0,0.0,0,0,0.0,0,0,0.0,0,0,0.0,0,0,0.0,0,0,0.0,0,0,0.0,0,10,0.0,0,0,0.0,0,0,0.0,0,0,0.0,0,7,0.0,3,9,0.25,2,10,0.1667,3,9,0.25,6,15,0.2857,0,9,0.0,9,12,0.4286
2026-04-03 21:40:20,test_263.jpg,150,56,206,0.2718,9,31,32,0,0,0.0,0,0,0.0,0,0,0.0,0,0,0.0,0,0,0.0,0,0,0.0,0,0,0.0,0,0,0.0,0,0,0.0,0,0,0.0,0,2,0.0,0,0,0.0,0,0,0.0,0,0,0.0,0,0,0.0,0,0,0.0,0,0,0.0,0,0,0.0,0,0,0.0,0,0,0.0,0,0,0.0,10,29,0.2564,0,0,0.0,0,0,0.0,0,0,0.0,4,14,0.2222,4,19,0.1739,4,18,0.1818,4,17,0.1905,6,22,0.2143,6,12,0.3333,18,17,0.5143
2026-04-03 21:40:20,test_2630.jpg,141,21,162,0.1296,11,31,32,3,15,0.1667,5,16,0.2381,0,0,0.0,0,0,0.0,0,0,0.0,0,0,0.0,0,0,0.0,0,0,0.0,0,0,0.0,0,0,0.0,0,17,0.0,0,0,0.0,0,0,0.0,0,0,0.0,0,0,0.0,0,0,0.0,0,0,0.0,0,0,0.0,0,0,0.0,0,0,0.0,0,0,0.0,3,13,0.1875,0,0,0.0,0,0,0.0,0,0,0.0,0,13,0.0,1,8,0.1111,1,8,0.1111,5,10,0.3333,2,19,0.0952,1,11,0.0833,0,11,0.0
2026-04-03 21:40:20,test_2631.jpg,133,9,142,0.0634,9,31,32,0,0,0.0,0,0,0.0,0,0,0.0,0,0,0.0,0,0,0.0,0,0,0.0,0,0,0.0,0,0,0.0,0,0,0.0,0,0,0.0,2,9,0.1818,0,0,0.0,0,0,0.0,0,0,0.0,0,0,0.0,0,0,0.0,0,0,0.0,0,0,0.0,0,0,0.0,0,0,0.0,0,0,0.0,1,10,0.0909,0,0,0.0,0,0,0.0,0,0,0.0,0,17,0.0,0,14,0.0,0,15,0.0,0,14,0.0,5,16,0.2381,0,20,0.0,1,18,0.0526
2026-04-03 21:40:20,test_2632.jpg,167,69,236,0.2924,7,31,32,0,0,0.0,0,0,0.0,0,0,0.0,0,0,0.0,0,0,0.0,0,0,0.0,0,0,0.0,0,0,0.0,0,0,0.0,0,0,0.0,7,24,0.2258,0,0,0.0,0,0,0.0,0,0,0.0,0,0,0.0,0,0,0.0,0,0,0.0,0,0,0.0,0,0,0.0,0,0,0.0,0,0,0.0,3,23,0.1154,0,0,0.0,0,0,0.0,0,0,0.0,14,25,0.359,19,28,0.4043,3,24,0.1111,14,22,0.3889,9,21,0.3,0,0,0.0,0,0,0.0
2026-04-03 21:40:20,test_2633.jpg,120,38,158,0.2405,6,31,32,0,0,0.0,0,0,0.0,0,0,0.0,0,0,0.0,0,0,0.0,0,0,0.0,0,0,0.0,0,0,0.0,0,0,0.0,0,0,0.0,5,15,0.25,0,0,0.0,0,0,0.0,0,0,0.0,0,0,0.0,0,0,0.0,0,0,0.0,0,0,0.0,0,0,0.0,0,0,0.0,0,0,0.0,2,13,0.1333,0,0,0.0,0,0,0.0,0,0,0.0,2,19,0.0952,2,24,0.0769,18,30,0.375,9,19,0.3214,0,0,0.0,0,0,0.0,0,0,0.0
2026-04-03 21:40:20,test_2634.jpg,133,31,164,0.189,5,31,32,0,0,0.0,0,0,0.0,0,0,0.0,0,0,0.0,0,0,0.0,0,0,0.0,0,0,0.0,0,0,0.0,0,0,0.0,0,0,0.0,12,37,0.2449,0,0,0.0,0,0,0.0,0,0,0.0,0,0,0.0,0,0,0.0,0,0,0.0,0,0,0.0,0,0,0.0,0,0,0.0,0,0,0.0,1,20,0.0476,0,0,0.0,0,0,0.0,0,0,0.0,4,23,0.1481,3,27,0.1,11,26,0.2973,0,0,0.0,0,0,0.0,0,0,0.0,0,0,0.0
2026-04-03 21:40:20,test_2635.jpg,171,18,189,0.0952,8,31,32,0,0,0.0,0,0,0.0,0,0,0.0,0,0,0.0,0,0,0.0,0,0,0.0,0,0,0.0,0,0,0.0,0,0,0.0,0,0,0.0,3,22,0.12,0,0,0.0,0,0,0.0,0,0,0.0,0,0,0.0,0,0,0.0,0,0,0.0,0,0,0.0,0,0,0.0,0,0,0.0,0,0,0.0,3,19,0.1364,0,0,0.0,0,0,0.0,0,0,0.0,4,18,0.1818,1,21,0.0455,6,21,0.2222,0,21,0.0,0,26,0.0,1,23,0.0417,0,0,0.0
2026-04-03 21:40:20,test_2636.jpg,121,45,166,0.2711,8,31,32,0,0,0.0,0,0,0.0,0,0,0.0,0,0,0.0,0,0,0.0,0,0,0.0,0,0,0.0,0,0,0.0,0,0,0.0,0,0,0.0,7,20,0.2593,0,0,0.0,0,0,0.0,0,0,0.0,0,0,0.0,0,0,0.0,0,0,0.0,0,0,0.0,0,0,0.0,0,0,0.0,0,0,0.0,7,13,0.35,0,0,0.0,0,0,0.0,0,0,0.0,2,3,0.4,6,16,0.2727,1,21,0.0455,8,18,0.3077,8,16,0.3333,6,14,0.3,0,0,0.0
2026-04-03 21:40:20,test_2637.jpg,126,18,144,0.125,8,31,32,0,0,0.0,0,0,0.0,0,0,0.0,0,0,0.0,0,0,0.0,0,0,0.0,0,0,0.0,0,0,0.0,0,0,0.0,0,0,0.0,0,12,0.0,0,0,0.0,0,0,0.0,0,0,0.0,0,0,0.0,0,0,0.0,0,0,0.0,0,0,0.0,0,0,0.0,0,0,0.0,0,0,0.0,0,13,0.0,0,0,0.0,0,0,0.0,0,0,0.0,0,13,0.0,0,14,0.0,0,8,0.0,9,29,0.2368,7,20,0.2593,2,17,0.1053,0,0,0.0
2026-04-03 21:40:20,test_2638.jpg,165,65,230,0.2826,12,31,32,8,15,0.3478,9,22,0.2903,7,16,0.3043,0,0,0.0,0,0,0.0,0,0,0.0,0,0,0.0,0,0,0.0,0,0,0.0,0,0,0.0,1,13,0.0714,0,0,0.0,0,0,0.0,0,0,0.0,0,0,0.0,0,0,0.0,0,0,0.0,0,0,0.0,0,0,0.0,0,0,0.0,0,0,0.0,4,12,0.25,0,0,0.0,0,0,0.0,0,0,0.0,0,0,0.0,1,11,0.0833,5,9,0.3571,6,12,0.3333,10,14,0.4167,8,27,0.2286,6,14,0.3
2026-04-03 21:40:20,test_2639.jpg,181,46,227,0.2026,4,31,32,0,0,0.0,0,0,0.0,0,0,0.0,0,0,0.0,0,0,0.0,0,0,0.0,0,0,0.0,0,0,0.0,0,0,0.0,0,0,0.0,2,30,0.0625,0,0,0.0,0,0,0.0,0,0,0.0,0,0,0.0,0,0,0.0,0,0,0.0,0,0,0.0,0,0,0.0,0,0,0.0,0,0,0.0,20,43,0.3175,0,0,0.0,0,0,0.0,0,0,0.0,1,46,0.0213,23,62,0.2706,0,0,0.0,0,0,0.0,0,0,0.0,0,0,0.0,0,0,0.0
2026-04-03 21:40:20,test_264.jpg,107,43,150,0.2867,8,31,32,0,0,0.0,0,0,0.0,0,0,0.0,0,0,0.0,0,0,0.0,0,0,0.0,0,0,0.0,0,0,0.0,0,0,0.0,0,0,0.0,3,14,0.1765,0,0,0.0,0,0,0.0,0,0,0.0,0,0,0.0,0,0,0.0,0,0,0.0,0,0,0.0,0,0,0.0,0,0,0.0,0,0,0.0,0,1,0.0,0,0,0.0,0,0,0.0,0,0,0.0,5,8,0.3846,0,0,0.0,0,2,0.0,0,10,0.0,33,62,0.3474,2,10,0.1667,0,0,0.0
2026-04-03 21:40:20,test_2640.jpg,236,19,255,0.0745,3,31,32,0,0,0.0,0,0,0.0,0,0,0.0,0,0,0.0,0,0,0.0,0,0,0.0,0,0,0.0,0,0,0.0,0,0,0.0,0,0,0.0,6,74,0.075,0,0,0.0,0,0,0.0,0,0,0.0,0,0,0.0,0,0,0.0,0,0,0.0,0,0,0.0,0,0,0.0,0,0,0.0,0,0,0.0,8,130,0.058,0,0,0.0,0,0,0.0,0,0,0.0,5,32,0.1351,0,0,0.0,0,0,0.0,0,0,0.0,0,0,0.0,0,0,0.0,0,0,0.0
2026-04-03 21:40:20,test_2641.jpg,110,30,140,0.2143,7,31,32,0,0,0.0,0,0,0.0,0,0,0.0,0,0,0.0,0,0,0.0,0,0,0.0,0,0,0.0,0,0,0.0,0,0,0.0,0,0,0.0,3,6,0.3333,0,0,0.0,0,0,0.0,0,0,0.0,0,0,0.0,0,0,0.0,0,0,0.0,0,0,0.0,0,0,0.0,0,0,0.0,0,0,0.0,1,11,0.0833,0,0,0.0,0,0,0.0,0,0,0.0,8,21,0.2759,6,15,0.2857,2,23,0.08,6,27,0.1818,4,7,0.3636,0,0,0.0,0,0,0.0
2026-04-03 21:40:20,test_2642.jpg,144,3,147,0.0204,7,31,32,0,0,0.0,0,0,0.0,0,0,0.0,0,0,0.0,0,0,0.0,0,0,0.0,0,0,0.0,0,0,0.0,0,0,0.0,0,0,0.0,0,15,0.0,0,0,0.0,0,0,0.0,0,0,0.0,0,0,0.0,0,0,0.0,0,0,0.0,0,0,0.0,0,0,0.0,0,0,0.0,0,0,0.0,0,15,0.0,0,0,0.0,0,0,0.0,0,0,0.0,2,21,0.087,1,16,0.0588,0,21,0.0,0,29,0.0,0,27,0.0,0,0,0.0,0,0,0.0
2026-04-03 21:40:20,test_2643.jpg,144,19,163,0.1166,6,31,32,0,0,0.0,0,0,0.0,0,0,0.0,0,0,0.0,0,0,0.0,0,0,0.0,0,0,0.0,0,0,0.0,0,0,0.0,0,0,0.0,0,19,0.0,0,0,0.0,0,0,0.0,0,0,0.0,0,0,0.0,0,0,0.0,0,0,0.0,0,0,0.0,0,0,0.0,0,0,0.0,0,0,0.0,2,16,0.1111,0,0,0.0,0,0,0.0,0,0,0.0,1,27,0.0357,4,25,0.1379,8,32,0.2,4,25,0.1379,0,0,0.0,0,0,0.0,0,0,0.0
2026-04-03 21:40:20,test_2644.jpg,134,20,154,0.1299,7,31,32,0,0,0.0,0,0,0.0,0,0,0.0,0,0,0.0,0,0,0.0,0,0,0.0,0,0,0.0,0,0,0.0,0,0,0.0,0,0,0.0,0,12,0.0,0,0,0.0,0,0,0.0,0,0,0.0,0,0,0.0,0,0,0.0,0,0,0.0,0,0,0.0,0,0,0.0,0,0,0.0,0,0,0.0,0,15,0.0,0,0,0.0,0,0,0.0,0,0,0.0,1,26,0.037,5,16,0.2381,3,23,0.1154,9,34,0.2093,2,8,0.2,0,0,0.0,0,0,0.0
2026-04-03 21:40:20,test_2645.jpg,120,17,137,0.1241,7,31,32,0,0,0.0,0,0,0.0,0,0,0.0,0,0,0.0,0,0,0.0,0,0,0.0,0,0,0.0,0,0,0.0,0,0,0.0,0,0,0.0,2,16,0.1111,0,0,0.0,0,0,0.0,0,0,0.0,0,0,0.0,0,0,0.0,0,0,0.0,0,0,0.0,0,0,0.0,0,0,0.0,0,0,0.0,3,13,0.1875,0,0,0.0,0,0,0.0,0,0,0.0,2,16,0.1111,1,17,0.0556,1,17,0.0556,3,22,0.12,5,19,0.2083,0,0,0.0,0,0,0.0
2026-04-03 21:40:20,test_2646.jpg,146,64,210,0.3048,5,31,32,0,0,0.0,0,0,0.0,0,0,0.0,0,0,0.0,0,0,0.0,0,0,0.0,0,0,0.0,0,0,0.0,0,0,0.0,0,0,0.0,0,30,0.0,0,0,0.0,0,0,0.0,0,0,0.0,0,0,0.0,0,0,0.0,0,0,0.0,0,0,0.0,0,0,0.0,0,0,0.0,0,0,0.0,0,29,0.0,0,0,0.0,0,0,0.0,0,0,0.0,26,30,0.4643,32,42,0.4324,6,15,0.2857,0,0,0.0,0,0,0.0,0,0,0.0,0,0,0.0
2026-04-03 21:40:20,test_2647.jpg,162,12,174,0.069,8,31,32,0,0,0.0,0,0,0.0,0,0,0.0,0,0,0.0,0,0,0.0,0,0,0.0,0,0,0.0,0,0,0.0,0,0,0.0,0,0,0.0,1,23,0.0417,0,0,0.0,0,0,0.0,0,0,0.0,0,0,0.0,0,0,0.0,0,0,0.0,0,0,0.0,0,0,0.0,0,0,0.0,0,0,0.0,9,25,0.2647,0,0,0.0,0,0,0.0,0,0,0.0,1,21,0.0455,0,22,0.0,0,18,0.0,0,18,0.0,0,18,0.0,1,17,0.0556,0,0,0.0
2026-04-03 21:40:20,test_2648.jpg,110,30,140,0.2143,7,31,32,0,0,0.0,0,0,0.0,0,0,0.0,0,0,0.0,0,0,0.0,0,0,0.0,0,0,0.0,0,0,0.0,0,0,0.0,0,0,0.0,0,10,0.0,0,0,0.0,0,0,0.0,0,0,0.0,0,0,0.0,0,0,0.0,0,0,0.0,0,0,0.0,0,0,0.0,0,0,0.0,0,0,0.0,6,28,0.1765,0,0,0.0,0,0,0.0,0,0,0.0,1,30,0.0323,7,9,0.4375,9,18,0.3333,7,15,0.3182,0,0,0.0,0,0,0.0,0,0,0.0
2026-04-03 21:40:20,test_2649.jpg,169,37,206,0.1796,7,31,32,0,0,0.0,0,0,0.0,0,0,0.0,0,0,0.0,0,0,0.0,0,0,0.0,0,0,0.0,0,0,0.0,0,0,0.0,0,0,0.0,5,26,0.1613,0,0,0.0,0,0,0.0,0,0,0.0,0,0,0.0,0,0,0.0,0,0,0.0,0,0,0.0,0,0,0.0,0,0,0.0,0,0,0.0,9,22,0.2903,0,0,0.0,0,0,0.0,0,0,0.0,5,25,0.1667,10,38,0.2083,6,22,0.2143,1,17,0.0556,1,19,0.05,0,0,0.0,0,0,0.0
2026-04-03 21:40:20,test_265.jpg,148,23,171,0.1345,6,31,32,0,0,0.0,0,0,0.0,0,0,0.0,0,0,0.0,0,0,0.0,0,0,0.0,0,0,0.0,0,0,0.0,0,0,0.0,0,0,0.0,2,18,0.1,0,0,0.0,0,0,0.0,0,0,0.0,0,0,0.0,0,0,0.0,0,0,0.0,0,0,0.0,0,0,0.0,0,0,0.0,0,0,0.0,4,18,0.1818,0,0,0.0,0,0,0.0,0,0,0.0,5,32,0.1351,0,24,0.0,9,36,0.2,3,20,0.1304,0,0,0.0,0,0,0.0,0,0,0.0
2026-04-03 21:40:20,test_2650.jpg,152,37,189,0.1958,12,31,32,12,13,0.48,2,15,0.1176,20,24,0.4545,0,0,0.0,0,0,0.0,0,0,0.0,0,0,0.0,0,0,0.0,0,0,0.0,0,0,0.0,1,10,0.0909,0,0,0.0,0,0,0.0,0,0,0.0,0,0,0.0,0,0,0.0,0,0,0.0,0,0,0.0,0,0,0.0,0,0,0.0,0,0,0.0,0,10,0.0,0,0,0.0,0,0,0.0,0,0,0.0,0,10,0.0,0,10,0.0,0,10,0.0,0,11,0.0,2,9,0.1818,0,11,0.0,0,19,0.0
2026-04-03 21:40:20,test_2651.jpg,148,16,164,0.0976,12,31,32,2,13,0.1333,4,11,0.2667,0,11,0.0,0,0,0.0,0,0,0.0,0,0,0.0,0,0,0.0,0,0,0.0,0,0,0.0,0,0,0.0,0,0,0.0,0,0,0.0,0,0,0.0,0,0,0.0,0,0,0.0,0,0,0.0,0,0,0.0,0,0,0.0,0,0,0.0,0,0,0.0,0,0,0.0,1,26,0.037,0,0,0.0,0,0,0.0,0,0,0.0,1,14,0.0667,4,13,0.2353,0,12,0.0,0,12,0.0,0,13,0.0,4,11,0.2667,0,12,0.0
2026-04-03 21:40:20,test_2652.jpg,169,24,193,0.1244,8,31,32,0,0,0.0,0,0,0.0,0,0,0.0,0,0,0.0,0,0,0.0,0,0,0.0,0,0,0.0,0,0,0.0,0,0,0.0,0,0,0.0,3,20,0.1304,0,0,0.0,0,0,0.0,0,0,0.0,0,0,0.0,0,0,0.0,0,0,0.0,0,0,0.0,0,0,0.0,0,0,0.0,0,0,0.0,1,18,0.0526,0,0,0.0,0,0,0.0,0,0,0.0,1,21,0.0455,3,18,0.1429,1,23,0.0417,7,24,0.2258,4,21,0.16,4,24,0.1429,0,0,0.0
2026-04-03 21:40:20,test_2653.jpg,151,12,163,0.0736,5,31,32,0,0,0.0,0,0,0.0,0,0,0.0,0,0,0.0,0,0,0.0,0,0,0.0,0,0,0.0,0,0,0.0,0,0,0.0,0,0,0.0,4,29,0.1212,0,0,0.0,0,0,0.0,0,0,0.0,0,0,0.0,0,0,0.0,0,0,0.0,0,0,0.0,0,0,0.0,0,0,0.0,0,0,0.0,1,22,0.0435,0,0,0.0,0,0,0.0,0,0,0.0,1,23,0.0417,2,44,0.0435,4,33,0.1081,0,0,0.0,0,0,0.0,0,0,0.0,0,0,0.0
2026-04-03 21:40:20,test_2654.jpg,137,54,191,0.2827,10,31,32,13,20,0.3939,0,0,0.0,0,0,0.0,0,0,0.0,0,0,0.0,0,0,0.0,0,0,0.0,0,0,0.0,0,0,0.0,0,0,0.0,3,11,0.2143,0,0,0.0,0,0,0.0,0,0,0.0,0,0,0.0,0,0,0.0,0,0,0.0,0,0,0.0,0,0,0.0,0,0,0.0,0,0,0.0,0,13,0.0,0,0,0.0,0,0,0.0,0,0,0.0,5,9,0.3571,0,9,0.0,4,13,0.2353,3,13,0.1875,4,15,0.2105,15,17,0.4688,7,17,0.2917
2026-04-03 21:40:20,test_2655.jpg,127,14,141,0.0993,7,31,32,0,0,0.0,0,0,0.0,0,0,0.0,0,0,0.0,0,0,0.0,0,0,0.0,0,0,0.0,0,0,0.0,0,0,0.0,0,0,0.0,4,16,0.2,0,0,0.0,0,0,0.0,0,0,0.0,0,0,0.0,0,0,0.0,0,0,0.0,0,0,0.0,0,0,0.0,0,0,0.0,0,0,0.0,0,17,0.0,0,0,0.0,0,0,0.0,0,0,0.0,3,12,0.2,0,15,0.0,0,14,0.0,4,26,0.1333,3,27,0.1,0,0,0.0,0,0,0.0
2026-04-03 21:40:20,test_2656.jpg,151,20,171,0.117,6,31,32,0,0,0.0,0,0,0.0,0,0,0.0,0,0,0.0,0,0,0.0,0,0,0.0,0,0,0.0,0,0,0.0,0,0,0.0,0,0,0.0,2,20,0.0909,0,0,0.0,0,0,0.0,0,0,0.0,0,0,0.0,0,0,0.0,0,0,0.0,0,0,0.0,0,0,0.0,0,0,0.0,0,0,0.0,1,18,0.0526,0,0,0.0,0,0,0.0,0,0,0.0,0,32,0.0,6,40,0.1304,3,24,0.1111,8,17,0.32,0,0,0.0,0,0,0.0,0,0,0.0
2026-04-03 21:40:20,test_2657.jpg,125,40,165,0.2424,6,31,32,0,0,0.0,0,0,0.0,0,0,0.0,0,0,0.0,0,0,0.0,0,0,0.0,0,0,0.0,0,0,0.0,0,0,0.0,0,0,0.0,1,13,0.0714,0,0,0.0,0,0,0.0,0,0,0.0,0,0,0.0,0,0,0.0,0,0,0.0,0,0,0.0,0,0,0.0,0,0,0.0,0,0,0.0,3,21,0.125,0,0,0.0,0,0,0.0,0,0,0.0,6,19,0.24,9,28,0.2432,13,27,0.325,8,17,0.32,0,0,0.0,0,0,0.0,0,0,0.0
2026-04-03 21:40:20,test_2658.jpg,169,1,170,0.0059,5,31,32,0,0,0.0,0,0,0.0,0,0,0.0,0,0,0.0,0,0,0.0,0,0,0.0,0,0,0.0,0,0,0.0,0,0,0.0,0,0,0.0,1,39,0.025,0,0,0.0,0,0,0.0,0,0,0.0,0,0,0.0,0,0,0.0,0,0,0.0,0,0,0.0,0,0,0.0,0,0,0.0,0,0,0.0,0,38,0.0,0,0,0.0,0,0,0.0,0,0,0.0,0,35,0.0,0,31,0.0,0,26,0.0,0,0,0.0,0,0,0.0,0,0,0.0,0,0,0.0
2026-04-03 21:40:20,test_2659.jpg,182,24,206,0.1165,4,31,32,0,0,0.0,0,0,0.0,0,0,0.0,0,0,0.0,0,0,0.0,0,0,0.0,0,0,0.0,0,0,0.0,0,0,0.0,0,0,0.0,7,43,0.14,0,0,0.0,0,0,0.0,0,0,0.0,0,0,0.0,0,0,0.0,0,0,0.0,0,0,0.0,0,0,0.0,0,0,0.0,0,0,0.0,7,39,0.1522,0,0,0.0,0,0,0.0,0,0,0.0,7,61,0.1029,3,39,0.0714,0,0,0.0,0,0,0.0,0,0,0.0,0,0,0.0,0,0,0.0
2026-04-03 21:40:20,test_266.jpg,130,37,167,0.2216,7,31,32,0,0,0.0,0,0,0.0,0,0,0.0,0,0,0.0,0,0,0.0,0,0,0.0,0,0,0.0,0,0,0.0,0,0,0.0,0,0,0.0,11,19,0.3667,0,0,0.0,0,0,0.0,0,0,0.0,0,0,0.0,0,0,0.0,0,0,0.0,0,0,0.0,0,0,0.0,0,0,0.0,0,0,0.0,7,16,0.3043,0,0,0.0,0,0,0.0,0,0,0.0,1,17,0.0556,6,18,0.25,7,20,0.2593,5,21,0.1923,0,19,0.0,0,0,0.0,0,0,0.0
2026-04-03 21:40:20,test_2660.jpg,148,28,176,0.1591,10,31,32,2,22,0.0833,0,0,0.0,0,0,0.0,0,0,0.0,0,0,0.0,0,0,0.0,0,0,0.0,0,0,0.0,0,0,0.0,0,0,0.0,2,14,0.125,0,0,0.0,0,0,0.0,0,0,0.0,0,0,0.0,0,0,0.0,0,0,0.0,0,0,0.0,0,0,0.0,0,0,0.0,0,0,0.0,0,0,0.0,0,0,0.0,0,0,0.0,0,0,0.0,0,0,0.0,7,13,0.35,8,20,0.2857,5,16,0.2381,2,15,0.1176,2,21,0.087,0,27,0.0
2026-04-03 21:40:20,test_2661.jpg,151,43,194,0.2216,9,31,32,0,0,0.0,0,0,0.0,0,0,0.0,0,0,0.0,0,0,0.0,0,0,0.0,0,0,0.0,0,0,0.0,0,0,0.0,0,0,0.0,0,19,0.0,0,0,0.0,0,0,0.0,0,0,0.0,0,0,0.0,0,0,0.0,0,0,0.0,0,0,0.0,0,0,0.0,0,0,0.0,0,0,0.0,6,16,0.2727,0,0,0.0,0,0,0.0,0,0,0.0,0,20,0.0,5,20,0.2,4,18,0.1818,0,12,0.0,6,13,0.3158,17,20,0.4595,5,13,0.2778
2026-04-03 21:40:20,test_2662.jpg,154,24,178,0.1348,6,31,32,0,0,0.0,0,0,0.0,0,0,0.0,0,0,0.0,0,0,0.0,0,0,0.0,0,0,0.0,0,0,0.0,0,0,0.0,0,0,0.0,3,19,0.1364,0,0,0.0,0,0,0.0,0,0,0.0,0,0,0.0,0,0,0.0,0,0,0.0,0,0,0.0,0,0,0.0,0,0,0.0,0,0,0.0,2,28,0.0667,0,0,0.0,0,0,0.0,0,0,0.0,1,36,0.027,8,31,0.2051,6,21,0.2222,4,19,0.1739,0,0,0.0,0,0,0.0,0,0,0.0
2026-04-03 21:40:20,test_2663.jpg,159,26,185,0.1405,7,31,32,0,0,0.0,0,0,0.0,0,0,0.0,0,0,0.0,0,0,0.0,0,0,0.0,0,0,0.0,0,0,0.0,0,0,0.0,0,0,0.0,0,0,0.0,0,0,0.0,0,0,0.0,0,0,0.0,0,0,0.0,0,0,0.0,0,0,0.0,0,0,0.0,0,0,0.0,0,0,0.0,0,0,0.0,10,44,0.1852,0,0,0.0,0,0,0.0,0,0,0.0,1,19,0.05,6,28,0.1765,4,26,0.1333,3,22,0.12,2,20,0.0909,0,0,0.0,0,0,0.0
2026-04-03 21:40:20,test_2664.jpg,118,18,136,0.1324,9,31,32,0,0,0.0,0,0,0.0,0,0,0.0,0,0,0.0,0,0,0.0,0,0,0.0,0,0,0.0,0,0,0.0,0,0,0.0,0,0,0.0,2,14,0.125,0,0,0.0,0,0,0.0,0,0,0.0,0,0,0.0,0,0,0.0,0,0,0.0,0,0,0.0,0,0,0.0,0,0,0.0,0,0,0.0,1,9,0.1,0,0,0.0,0,0,0.0,0,0,0.0,1,15,0.0625,2,5,0.2857,0,9,0.0,1,18,0.0526,2,18,0.1,7,13,0.35,2,17,0.1053
2026-04-03 21:40:20,test_2665.jpg,127,45,172,0.2616,5,31,32,0,0,0.0,0,0,0.0,0,0,0.0,0,0,0.0,0,0,0.0,0,0,0.0,0,0,0.0,0,0,0.0,0,0,0.0,0,0,0.0,0,21,0.0,0,0,0.0,0,0,0.0,0,0,0.0,0,0,0.0,0,0,0.0,0,0,0.0,0,0,0.0,0,0,0.0,0,0,0.0,0,0,0.0,0,25,0.0,0,0,0.0,0,0,0.0,0,0,0.0,1,24,0.04,27,39,0.4091,17,18,0.4857,0,0,0.0,0,0,0.0,0,0,0.0,0,0,0.0
2026-04-03 21:40:20,test_2666.jpg,194,21,215,0.0977,9,31,32,0,0,0.0,0,0,0.0,0,0,0.0,0,0,0.0,0,0,0.0,0,0,0.0,0,0,0.0,0,0,0.0,0,0,0.0,0,0,0.0,0,17,0.0,0,0,0.0,0,0,0.0,0,0,0.0,0,0,0.0,0,0,0.0,0,0,0.0,0,0,0.0,0,0,0.0,0,0,0.0,0,0,0.0,0,16,0.0,0,0,0.0,0,0,0.0,0,0,0.0,4,23,0.1481,0,22,0.0,0,26,0.0,7,26,0.2121,2,19,0.0952,6,26,0.1875,2,19,0.0952
2026-04-03 21:40:20,test_2667.jpg,129,40,169,0.2367,8,31,32,0,0,0.0,0,0,0.0,0,0,0.0,0,0,0.0,0,0,0.0,0,0,0.0,0,0,0.0,0,0,0.0,0,0,0.0,0,0,0.0,0,12,0.0,0,0,0.0,0,0,0.0,0,0,0.0,0,0,0.0,0,0,0.0,0,0,0.0,0,0,0.0,0,0,0.0,0,0,0.0,0,0,0.0,0,17,0.0,0,0,0.0,0,0,0.0,0,0,0.0,3,15,0.1667,14,20,0.4118,6,19,0.24,4,18,0.1818,13,28,0.3171,0,0,0.0,0,0,0.0
2026-04-03 21:40:20,test_2668.jpg,140,13,153,0.085,6,31,32,0,0,0.0,0,0,0.0,0,0,0.0,0,0,0.0,0,0,0.0,0,0,0.0,0,0,0.0,0,0,0.0,0,0,0.0,0,0,0.0,0,19,0.0,0,0,0.0,0,0,0.0,0,0,0.0,0,0,0.0,0,0,0.0,0,0,0.0,0,0,0.0,0,0,0.0,0,0,0.0,0,0,0.0,0,22,0.0,0,0,0.0,0,0,0.0,0,0,0.0,2,41,0.0465,2,18,0.1,0,18,0.0,9,22,0.2903,0,0,0.0,0,0,0.0,0,0,0.0
2026-04-03 21:40:20,test_2669.jpg,180,39,219,0.1781,9,31,32,0,0,0.0,0,0,0.0,0,0,0.0,0,0,0.0,0,0,0.0,0,0,0.0,0,0,0.0,0,0,0.0,0,0,0.0,0,0,0.0,1,8,0.1111,0,0,0.0,0,0,0.0,0,0,0.0,0,0,0.0,0,0,0.0,0,0,0.0,0,0,0.0,0,0,0.0,0,0,0.0,0,0,0.0,6,33,0.1538,0,0,0.0,0,0,0.0,0,0,0.0,6,16,0.2727,4,17,0.1905,0,20,0.0,2,16,0.1111,10,23,0.303,6,35,0.1463,4,12,0.25
2026-04-03 21:40:20,test_267.jpg,162,18,180,0.1,7,31,32,0,0,0.0,0,0,0.0,0,0,0.0,0,0,0.0,0,0,0.0,0,0,0.0,0,0,0.0,0,0,0.0,0,0,0.0,0,0,0.0,6,31,0.1622,0,0,0.0,0,0,0.0,0,0,0.0,0,0,0.0,0,0,0.0,0,0,0.0,0,0,0.0,0,0,0.0,0,0,0.0,0,0,0.0,0,26,0.0,0,0,0.0,0,0,0.0,0,0,0.0,4,21,0.16,0,21,0.0,4,24,0.1429,3,20,0.1304,1,19,0.05,0,0,0.0,0,0,0.0
2026-04-03 21:40:20,test_2670.jpg,131,11,142,0.0775,6,31,32,0,0,0.0,0,0,0.0,0,0,0.0,0,0,0.0,0,0,0.0,0,0,0.0,0,0,0.0,0,0,0.0,0,0,0.0,0,0,0.0,1,23,0.0417,0,0,0.0,0,0,0.0,0,0,0.0,0,0,0.0,0,0,0.0,0,0,0.0,0,0,0.0,0,0,0.0,0,0,0.0,0,0,0.0,1,17,0.0556,0,0,0.0,0,0,0.0,0,0,0.0,3,21,0.125,2,21,0.087,0,22,0.0,4,27,0.129,0,0,0.0,0,0,0.0,0,0,0.0
2026-04-03 21:40:20,test_2671.jpg,141,21,162,0.1296,7,31,32,0,0,0.0,0,0,0.0,0,0,0.0,0,0,0.0,0,0,0.0,0,0,0.0,0,0,0.0,0,0,0.0,0,0,0.0,0,0,0.0,1,19,0.05,0,0,0.0,0,0,0.0,0,0,0.0,0,0,0.0,0,0,0.0,0,0,0.0,0,0,0.0,0,0,0.0,0,0,0.0,0,0,0.0,5,24,0.1724,0,0,0.0,0,0,0.0,0,0,0.0,5,19,0.2083,1,16,0.0588,1,18,0.0526,5,26,0.1613,3,19,0.1364,0,0,0.0,0,0,0.0
2026-04-03 21:40:20,test_2672.jpg,193,40,233,0.1717,8,31,32,0,0,0.0,0,0,0.0,0,0,0.0,0,0,0.0,0,0,0.0,0,0,0.0,0,0,0.0,0,0,0.0,0,0,0.0,0,0,0.0,0,15,0.0,0,0,0.0,0,0,0.0,0,0,0.0,0,0,0.0,0,0,0.0,0,0,0.0,0,0,0.0,0,0,0.0,0,0,0.0,0,0,0.0,0,26,0.0,0,0,0.0,0,0,0.0,0,0,0.0,4,27,0.129,4,25,0.1379,15,30,0.3333,4,26,0.1333,11,33,0.25,2,11,0.1538,0,0,0.0
2026-04-03 21:40:20,test_2673.jpg,148,34,182,0.1868,7,31,32,0,0,0.0,0,0,0.0,0,0,0.0,0,0,0.0,0,0,0.0,0,0,0.0,0,0,0.0,0,0,0.0,0,0,0.0,0,0,0.0,1,13,0.0714,0,0,0.0,0,0,0.0,0,0,0.0,0,0,0.0,0,0,0.0,0,0,0.0,0,0,0.0,0,0,0.0,0,0,0.0,0,0,0.0,9,28,0.2432,0,0,0.0,0,0,0.0,0,0,0.0,3,19,0.1364,8,29,0.2162,11,32,0.2558,0,16,0.0,2,11,0.1538,0,0,0.0,0,0,0.0
2026-04-03 21:40:20,test_2674.jpg,132,14,146,0.0959,7,31,32,0,0,0.0,0,0,0.0,0,0,0.0,0,0,0.0,0,0,0.0,0,0,0.0,0,0,0.0,0,0,0.0,0,0,0.0,0,0,0.0,3,29,0.0938,0,0,0.0,0,0,0.0,0,0,0.0,0,0,0.0,0,0,0.0,0,0,0.0,0,0,0.0,0,0,0.0,0,0,0.0,0,0,0.0,0,17,0.0,0,0,0.0,0,0,0.0,0,0,0.0,1,17,0.0556,0,16,0.0,1,12,0.0769,0,13,0.0,9,28,0.2432,0,0,0.0,0,0,0.0
2026-04-03 21:40:20,test_2675.jpg,137,8,145,0.0552,6,31,32,0,0,0.0,0,0,0.0,0,0,0.0,0,0,0.0,0,0,0.0,0,0,0.0,0,0,0.0,0,0,0.0,0,0,0.0,0,0,0.0,0,19,0.0,0,0,0.0,0,0,0.0,0,0,0.0,0,0,0.0,0,0,0.0,0,0,0.0,0,0,0.0,0,0,0.0,0,0,0.0,0,0,0.0,0,11,0.0,0,0,0.0,0,0,0.0,0,0,0.0,1,24,0.04,0,27,0.0,2,25,0.0741,5,31,0.1389,0,0,0.0,0,0,0.0,0,0,0.0
2026-04-03 21:40:20,test_2676.jpg,155,18,173,0.104,7,31,32,0,0,0.0,0,0,0.0,0,0,0.0,0,0,0.0,0,0,0.0,0,0,0.0,0,0,0.0,0,0,0.0,0,0,0.0,0,0,0.0,8,20,0.2857,0,0,0.0,0,0,0.0,0,0,0.0,0,0,0.0,0,0,0.0,0,0,0.0,0,0,0.0,0,0,0.0,0,0,0.0,0,0,0.0,2,27,0.069,0,0,0.0,0,0,0.0,0,0,0.0,3,22,0.12,0,23,0.0,2,19,0.0952,2,22,0.0833,1,22,0.0435,0,0,0.0,0,0,0.0
2026-04-03 21:40:20,test_2677.jpg,158,73,231,0.316,8,31,32,0,0,0.0,0,0,0.0,0,0,0.0,0,0,0.0,0,0,0.0,0,0,0.0,0,0,0.0,0,0,0.0,0,0,0.0,0,0,0.0,11,20,0.3548,0,0,0.0,0,0,0.0,0,0,0.0,0,0,0.0,0,0,0.0,0,0,0.0,0,0,0.0,0,0,0.0,0,0,0.0,0,0,0.0,16,33,0.3265,0,0,0.0,0,0,0.0,0,0,0.0,1,16,0.0588,14,23,0.3784,4,11,0.2667,3,12,0.2,15,26,0.3659,9,17,0.3462,0,0,0.0
2026-04-03 21:40:20,test_2678.jpg,155,5,160,0.0312,6,31,32,0,0,0.0,0,0,0.0,0,0,0.0,0,0,0.0,0,0,0.0,0,0,0.0,0,0,0.0,0,0,0.0,0,0,0.0,0,0,0.0,0,26,0.0,0,0,0.0,0,0,0.0,0,0,0.0,0,0,0.0,0,0,0.0,0,0,0.0,0,0,0.0,0,0,0.0,0,0,0.0,0,0,0.0,0,23,0.0,0,0,0.0,0,0,0.0,0,0,0.0,1,23,0.0417,0,32,0.0,0,21,0.0,4,30,0.1176,0,0,0.0,0,0,0.0,0,0,0.0
2026-04-03 21:40:20,test_2679.jpg,129,21,150,0.14,6,31,32,0,0,0.0,0,0,0.0,0,0,0.0,0,0,0.0,0,0,0.0,0,0,0.0,0,0,0.0,0,0,0.0,0,0,0.0,0,0,0.0,0,12,0.0,0,0,0.0,0,0,0.0,0,0,0.0,0,0,0.0,0,0,0.0,0,0,0.0,0,0,0.0,0,0,0.0,0,0,0.0,0,0,0.0,4,27,0.129,0,0,0.0,0,0,0.0,0,0,0.0,1,24,0.04,1,26,0.037,2,23,0.08,13,17,0.4333,0,0,0.0,0,0,0.0,0,0,0.0
2026-04-03 21:40:20,test_268.jpg,132,37,169,0.2189,6,31,32,0,0,0.0,0,0,0.0,0,0,0.0,0,0,0.0,0,0,0.0,0,0,0.0,0,0,0.0,0,0,0.0,0,0,0.0,0,0,0.0,13,29,0.3095,0,0,0.0,0,0,0.0,0,0,0.0,0,0,0.0,0,0,0.0,0,0,0.0,0,0,0.0,0,0,0.0,0,0,0.0,0,0,0.0,12,26,0.3158,0,0,0.0,0,0,0.0,0,0,0.0,1,22,0.0435,0,19,0.0,2,19,0.0952,9,17,0.3462,0,0,0.0,0,0,0.0,0,0,0.0
2026-04-03 21:40:20,test_2680.jpg,112,49,161,0.3043,12,31,32,9,7,0.5625,12,12,0.5,8,15,0.3478,0,0,0.0,0,0,0.0,0,0,0.0,0,0,0.0,0,0,0.0,0,0,0.0,0,0,0.0,0,2,0.0,0,0,0.0,0,0,0.0,0,0,0.0,0,0,0.0,0,0,0.0,0,0,0.0,0,0,0.0,0,0,0.0,0,0,0.0,0,0,0.0,3,9,0.25,0,0,0.0,0,0,0.0,0,0,0.0,2,13,0.1333,1,12,0.0769,3,6,0.3333,0,8,0.0,2,1,0.6667,5,13,0.2778,4,14,0.2222
2026-04-03 21:40:20,test_2681.jpg,164,61,225,0.2711,6,31,32,0,0,0.0,0,0,0.0,0,0,0.0,0,0,0.0,0,0,0.0,0,0,0.0,0,0,0.0,0,0,0.0,0,0,0.0,0,0,0.0,0,18,0.0,0,0,0.0,0,0,0.0,0,0,0.0,0,0,0.0,0,0,0.0,0,0,0.0,0,0,0.0,0,0,0.0,0,0,0.0,0,0,0.0,5,21,0.1923,0,0,0.0,0,0,0.0,0,0,0.0,5,23,0.1786,21,28,0.4286,24,45,0.3478,6,29,0.1714,0,0,0.0,0,0,0.0,0,0,0.0
2026-04-03 21:40:20,test_2682.jpg,175,12,187,0.0642,7,31,32,0,0,0.0,0,0,0.0,0,0,0.0,0,0,0.0,0,0,0.0,0,0,0.0,0,0,0.0,0,0,0.0,0,0,0.0,0,0,0.0,2,24,0.0769,0,0,0.0,0,0,0.0,0,0,0.0,0,0,0.0,0,0,0.0,0,0,0.0,0,0,0.0,0,0,0.0,0,0,0.0,0,0,0.0,0,25,0.0,0,0,0.0,0,0,0.0,0,0,0.0,9,34,0.2093,0,26,0.0,1,30,0.0323,0,19,0.0,0,17,0.0,0,0,0.0,0,0,0.0
2026-04-03 21:40:20,test_2683.jpg,122,30,152,0.1974,6,31,32,0,0,0.0,0,0,0.0,0,0,0.0,0,0,0.0,0,0,0.0,0,0,0.0,0,0,0.0,0,0,0.0,0,0,0.0,0,0,0.0,1,20,0.0476,0,0,0.0,0,0,0.0,0,0,0.0,0,0,0.0,0,0,0.0,0,0,0.0,0,0,0.0,0,0,0.0,0,0,0.0,0,0,0.0,4,22,0.1538,0,0,0.0,0,0,0.0,0,0,0.0,2,21,0.087,10,24,0.2941,12,18,0.4,1,17,0.0556,0,0,0.0,0,0,0.0,0,0,0.0
2026-04-03 21:40:20,test_2684.jpg,157,37,194,0.1907,7,31,32,0,0,0.0,0,0,0.0,0,0,0.0,0,0,0.0,0,0,0.0,0,0,0.0,0,0,0.0,0,0,0.0,0,0,0.0,0,0,0.0,5,21,0.1923,0,0,0.0,0,0,0.0,0,0,0.0,0,0,0.0,0,0,0.0,0,0,0.0,0,0,0.0,0,0,0.0,0,0,0.0,0,0,0.0,5,23,0.1786,0,0,0.0,0,0,0.0,0,0,0.0,3,18,0.1429,7,24,0.2258,7,25,0.2188,8,33,0.1951,2,13,0.1333,0,0,0.0,0,0,0.0
2026-04-03 21:40:20,test_2685.jpg,161,47,208,0.226,8,31,32,0,0,0.0,0,0,0.0,0,0,0.0,0,0,0.0,0,0,0.0,0,0,0.0,0,0,0.0,0,0,0.0,0,0,0.0,0,0,0.0,12,19,0.3871,0,0,0.0,0,0,0.0,0,0,0.0,0,0,0.0,0,0,0.0,0,0,0.0,0,0,0.0,0,0,0.0,0,0,0.0,0,0,0.0,0,12,0.0,0,0,0.0,0,0,0.0,0,0,0.0,0,12,0.0,0,13,0.0,4,24,0.1429,5,26,0.1613,13,26,0.3333,13,29,0.3095,0,0,0.0
2026-04-03 21:40:20,test_2686.jpg,225,57,282,0.2021,6,31,32,0,0,0.0,0,0,0.0,0,0,0.0,0,0,0.0,0,0,0.0,0,0,0.0,0,0,0.0,0,0,0.0,0,0,0.0,0,0,0.0,0,18,0.0,0,0,0.0,0,0,0.0,0,0,0.0,0,0,0.0,0,0,0.0,0,0,0.0,0,0,0.0,0,0,0.0,0,0,0.0,0,0,0.0,2,18,0.1,0,0,0.0,0,0,0.0,0,0,0.0,3,27,0.1,14,50,0.2188,25,59,0.2976,13,53,0.197,0,0,0.0,0,0,0.0,0,0,0.0
2026-04-03 21:40:20,test_2687.jpg,161,44,205,0.2146,6,31,32,0,0,0.0,0,0,0.0,0,0,0.0,0,0,0.0,0,0,0.0,0,0,0.0,0,0,0.0,0,0,0.0,0,0,0.0,0,0,0.0,3,20,0.1304,0,0,0.0,0,0,0.0,0,0,0.0,0,0,0.0,0,0,0.0,0,0,0.0,0,0,0.0,0,0,0.0,0,0,0.0,0,0,0.0,1,25,0.0385,0,0,0.0,0,0,0.0,0,0,0.0,0,26,0.0,8,34,0.1905,9,31,0.225,23,25,0.4792,0,0,0.0,0,0,0.0,0,0,0.0
2026-04-03 21:40:20,test_2688.jpg,173,50,223,0.2242,7,31,32,0,0,0.0,0,0,0.0,0,0,0.0,0,0,0.0,0,0,0.0,0,0,0.0,0,0,0.0,0,0,0.0,0,0,0.0,0,0,0.0,0,13,0.0,0,0,0.0,0,0,0.0,0,0,0.0,0,0,0.0,0,0,0.0,0,0,0.0,0,0,0.0,0,0,0.0,0,0,0.0,0,0,0.0,7,26,0.2121,0,0,0.0,0,0,0.0,0,0,0.0,2,17,0.1053,1,18,0.0526,10,38,0.2083,17,23,0.425,13,38,0.2549,0,0,0.0,0,0,0.0
2026-04-03 21:40:20,test_2689.jpg,103,24,127,0.189,4,31,32,0,0,0.0,0,0,0.0,0,0,0.0,0,0,0.0,0,0,0.0,0,0,0.0,0,0,0.0,0,0,0.0,0,0,0.0,0,0,0.0,3,9,0.25,0,0,0.0,0,0,0.0,0,0,0.0,0,0,0.0,0,0,0.0,0,0,0.0,0,0,0.0,0,0,0.0,0,0,0.0,0,0,0.0,1,19,0.05,0,0,0.0,0,0,0.0,0,0,0.0,16,42,0.2759,4,33,0.1081,0,0,0.0,0,0,0.0,0,0,0.0,0,0,0.0,0,0,0.0
2026-04-03 21:40:20,test_269.jpg,132,42,174,0.2414,7,31,32,0,0,0.0,0,0,0.0,0,0,0.0,0,0,0.0,0,0,0.0,0,0,0.0,0,0,0.0,0,0,0.0,0,0,0.0,0,0,0.0,1,19,0.05,0,0,0.0,0,0,0.0,0,0,0.0,0,0,0.0,0,0,0.0,0,0,0.0,0,0,0.0,0,0,0.0,0,0,0.0,0,0,0.0,0,15,0.0,0,0,0.0,0,0,0.0,0,0,0.0,5,24,0.1724,11,19,0.3667,6,21,0.2222,13,21,0.3824,6,13,0.3158,0,0,0.0,0,0,0.0
2026-04-03 21:40:20,test_2690.jpg,133,31,164,0.189,9,31,32,0,0,0.0,0,0,0.0,0,0,0.0,0,0,0.0,0,0,0.0,0,0,0.0,0,0,0.0,0,0,0.0,0,0,0.0,0,0,0.0,0,11,0.0,0,0,0.0,0,0,0.0,0,0,0.0,0,0,0.0,0,0,0.0,0,0,0.0,0,0,0.0,0,0,0.0,0,0,0.0,0,0,0.0,2,4,0.3333,0,0,0.0,0,0,0.0,0,0,0.0,0,17,0.0,4,12,0.25,1,22,0.0435,4,9,0.3077,7,14,0.3333,13,31,0.2955,0,13,0.0
2026-04-03 21:40:20,test_2691.jpg,137,59,196,0.301,9,31,32,0,0,0.0,0,0,0.0,0,0,0.0,0,0,0.0,0,0,0.0,0,0,0.0,0,0,0.0,0,0,0.0,0,0,0.0,0,0,0.0,0,17,0.0,0,0,0.0,0,0,0.0,0,0,0.0,0,0,0.0,0,0,0.0,0,0,0.0,0,0,0.0,0,0,0.0,0,0,0.0,0,0,0.0,0,2,0.0,0,0,0.0,0,0,0.0,0,0,0.0,3,16,0.1579,5,17,0.2273,8,11,0.4211,7,19,0.2692,35,33,0.5147,0,18,0.0,1,4,0.2
2026-04-03 21:40:20,test_2692.jpg,299,173,472,0.3665,6,31,32,0,0,0.0,0,0,0.0,0,0,0.0,0,0,0.0,0,0,0.0,0,0,0.0,0,0,0.0,0,0,0.0,0,0,0.0,0,0,0.0,8,38,0.1739,0,0,0.0,0,0,0.0,0,0,0.0,0,0,0.0,0,0,0.0,0,0,0.0,0,0,0.0,0,0,0.0,0,0,0.0,0,0,0.0,6,43,0.1224,0,0,0.0,0,0,0.0,0,0,0.0,19,50,0.2754,46,66,0.4107,62,64,0.4921,32,38,0.4571,0,0,0.0,0,0,0.0,0,0,0.0
2026-04-03 21:40:20,test_2693.jpg,122,34,156,0.2179,7,31,32,0,0,0.0,0,0,0.0,0,0,0.0,0,0,0.0,0,0,0.0,0,0,0.0,0,0,0.0,0,0,0.0,0,0,0.0,0,0,0.0,1,17,0.0556,0,0,0.0,0,0,0.0,0,0,0.0,0,0,0.0,0,0,0.0,0,0,0.0,0,0,0.0,0,0,0.0,0,0,0.0,0,0,0.0,4,19,0.1739,0,0,0.0,0,0,0.0,0,0,0.0,3,17,0.15,6,21,0.2222,3,16,0.1579,13,16,0.4483,4,16,0.2,0,0,0.0,0,0,0.0
2026-04-03 21:40:20,test_2694.jpg,119,15,134,0.1119,6,31,32,0,0,0.0,0,0,0.0,0,0,0.0,0,0,0.0,0,0,0.0,0,0,0.0,0,0,0.0,0,0,0.0,0,0,0.0,0,0,0.0,1,15,0.0625,0,0,0.0,0,0,0.0,0,0,0.0,0,0,0.0,0,0,0.0,0,0,0.0,0,0,0.0,0,0,0.0,0,0,0.0,0,0,0.0,4,20,0.1667,0,0,0.0,0,0,0.0,0,0,0.0,1,26,0.037,6,23,0.2069,3,28,0.0968,0,7,0.0,0,0,0.0,0,0,0.0,0,0,0.0
2026-04-03 21:40:20,test_2695.jpg,117,57,174,0.3276,11,31,32,17,22,0.4359,2,3,0.4,0,0,0.0,0,0,0.0,0,0,0.0,0,0,0.0,0,0,0.0,0,0,0.0,0,0,0.0,0,0,0.0,0,4,0.0,0,0,0.0,0,0,0.0,0,0,0.0,0,0,0.0,0,0,0.0,0,0,0.0,0,0,0.0,0,0,0.0,0,0,0.0,0,0,0.0,14,17,0.4516,0,0,0.0,0,0,0.0,0,0,0.0,2,14,0.125,1,7,0.125,1,6,0.1429,0,7,0.0,2,16,0.1111,6,7,0.4615,12,14,0.4615
2026-04-03 21:40:20,test_2696.jpg,122,59,181,0.326,5,31,32,0,0,0.0,0,0,0.0,0,0,0.0,0,0,0.0,0,0,0.0,0,0,0.0,0,0,0.0,0,0,0.0,0,0,0.0,0,0,0.0,4,22,0.1538,0,0,0.0,0,0,0.0,0,0,0.0,0,0,0.0,0,0,0.0,0,0,0.0,0,0,0.0,0,0,0.0,0,0,0.0,0,0,0.0,5,19,0.2083,0,0,0.0,0,0,0.0,0,0,0.0,16,32,0.3333,24,38,0.3871,10,11,0.4762,0,0,0.0,0,0,0.0,0,0,0.0,0,0,0.0
2026-04-03 21:40:20,test_2697.jpg,160,29,189,0.1534,9,31,32,0,0,0.0,0,0,0.0,0,0,0.0,0,0,0.0,0,0,0.0,0,0,0.0,0,0,0.0,0,0,0.0,0,0,0.0,0,0,0.0,11,24,0.3143,0,0,0.0,0,0,0.0,0,0,0.0,0,0,0.0,0,0,0.0,0,0,0.0,0,0,0.0,0,0,0.0,0,0,0.0,0,0,0.0,1,17,0.0556,0,0,0.0,0,0,0.0,0,0,0.0,0,13,0.0,3,18,0.1429,7,17,0.2917,1,20,0.0476,3,19,0.1364,2,22,0.0833,1,10,0.0909
2026-04-03 21:40:20,test_2698.jpg,127,22,149,0.1477,6,31,32,0,0,0.0,0,0,0.0,0,0,0.0,0,0,0.0,0,0,0.0,0,0,0.0,0,0,0.0,0,0,0.0,0,0,0.0,0,0,0.0,2,16,0.1111,0,0,0.0,0,0,0.0,0,0,0.0,0,0,0.0,0,0,0.0,0,0,0.0,0,0,0.0,0,0,0.0,0,0,0.0,0,0,0.0,3,14,0.1765,0,0,0.0,0,0,0.0,0,0,0.0,5,27,0.1562,5,24,0.1724,3,25,0.1071,4,21,0.16,0,0,0.0,0,0,0.0,0,0,0.0
2026-04-03 21:40:20,test_2699.jpg,133,41,174,0.2356,4,31,32,0,0,0.0,0,0,0.0,0,0,0.0,0,0,0.0,0,0,0.0,0,0,0.0,0,0,0.0,0,0,0.0,0,0,0.0,0,0,0.0,4,26,0.1333,0,0,0.0,0,0,0.0,0,0,0.0,0,0,0.0,0,0,0.0,0,0,0.0,0,0,0.0,0,0,0.0,0,0,0.0,0,0,0.0,14,38,0.2692,0,0,0.0,0,0,0.0,0,0,0.0,11,23,0.3235,12,46,0.2069,0,0,0.0,0,0,0.0,0,0,0.0,0,0,0.0,0,0,0.0
2026-04-03 21:40:20,test_27.jpg,156,69,225,0.3067,5,31,32,0,0,0.0,0,0,0.0,0,0,0.0,0,0,0.0,0,0,0.0,0,0,0.0,0,0,0.0,0,0,0.0,0,0,0.0,0,0,0.0,4,22,0.1538,0,0,0.0,0,0,0.0,0,0,0.0,0,0,0.0,0,0,0.0,0,0,0.0,0,0,0.0,0,0,0.0,0,0,0.0,0,0,0.0,15,67,0.1829,0,0,0.0,0,0,0.0,0,0,0.0,18,29,0.383,32,38,0.4571,0,0,0.0,0,0,0.0,0,0,0.0,0,0,0.0,0,0,0.0
2026-04-03 21:40:20,test_270.jpg,194,36,230,0.1565,11,31,32,9,35,0.2045,7,7,0.5,0,0,0.0,0,0,0.0,0,0,0.0,0,0,0.0,0,0,0.0,0,0,0.0,0,0,0.0,0,0,0.0,0,18,0.0,0,0,0.0,0,0,0.0,0,0,0.0,0,0,0.0,0,0,0.0,0,0,0.0,0,0,0.0,0,0,0.0,0,0,0.0,0,0,0.0,0,13,0.0,0,0,0.0,0,0,0.0,0,0,0.0,1,12,0.0769,6,10,0.375,0,14,0.0,0,19,0.0,0,19,0.0,2,17,0.1053,11,30,0.2683
2026-04-03 21:40:20,test_2700.jpg,176,35,211,0.1659,7,31,32,0,0,0.0,0,0,0.0,0,0,0.0,0,0,0.0,0,0,0.0,0,0,0.0,0,0,0.0,0,0,0.0,0,0,0.0,0,0,0.0,0,27,0.0,0,0,0.0,0,0,0.0,0,0,0.0,0,0,0.0,0,0,0.0,0,0,0.0,0,0,0.0,0,0,0.0,0,0,0.0,0,0,0.0,5,28,0.1515,0,0,0.0,0,0,0.0,0,0,0.0,0,27,0.0,6,26,0.1875,4,20,0.1667,20,48,0.2941,0,0,0.0,0,0,0.0,0,0,0.0
2026-04-03 21:40:20,test_2701.jpg,298,143,441,0.3243,9,31,32,0,0,0.0,0,0,0.0,0,0,0.0,0,0,0.0,0,0,0.0,0,0,0.0,0,0,0.0,0,0,0.0,0,0,0.0,0,0,0.0,0,0,0.0,0,0,0.0,0,0,0.0,0,0,0.0,0,0,0.0,0,0,0.0,0,0,0.0,0,0,0.0,0,0,0.0,0,0,0.0,0,0,0.0,8,53,0.1311,0,0,0.0,0,0,0.0,0,0,0.0,26,64,0.2889,29,77,0.2736,61,60,0.5041,13,14,0.4815,0,8,0.0,3,9,0.25,3,13,0.1875
2026-04-03 21:40:20,test_2702.jpg,102,48,150,0.32,5,31,32,0,0,0.0,0,0,0.0,0,0,0.0,0,0,0.0,0,0,0.0,0,0,0.0,0,0,0.0,0,0,0.0,0,0,0.0,0,0,0.0,3,16,0.1579,0,0,0.0,0,0,0.0,0,0,0.0,0,0,0.0,0,0,0.0,0,0,0.0,0,0,0.0,0,0,0.0,0,0,0.0,0,0,0.0,6,21,0.2222,0,0,0.0,0,0,0.0,0,0,0.0,14,33,0.2979,20,24,0.4545,5,8,0.3846,0,0,0.0,0,0,0.0,0,0,0.0,0,0,0.0
2026-04-03 21:40:20,test_2703.jpg,174,57,231,0.2468,8,31,32,0,0,0.0,0,0,0.0,0,0,0.0,0,0,0.0,0,0,0.0,0,0,0.0,0,0,0.0,0,0,0.0,0,0,0.0,0,0,0.0,1,12,0.0769,0,0,0.0,0,0,0.0,0,0,0.0,0,0,0.0,0,0,0.0,0,0,0.0,0,0,0.0,0,0,0.0,0,0,0.0,0,0,0.0,4,19,0.1739,0,0,0.0,0,0,0.0,0,0,0.0,14,31,0.3111,6,24,0.2,4,20,0.1667,21,27,0.4375,7,24,0.2258,0,17,0.0,0,0,0.0
2026-04-03 21:40:20,test_2704.jpg,300,88,388,0.2268,14,31,32,10,18,0.3571,3,18,0.1429,8,30,0.2105,13,17,0.4333,7,12,0.3684,0,0,0.0,0,0,0.0,0,0,0.0,0,0,0.0,0,0,0.0,2,15,0.1176,0,0,0.0,0,0,0.0,0,0,0.0,0,0,0.0,0,0,0.0,0,0,0.0,0,0,0.0,0,0,0.0,0,0,0.0,0,0,0.0,3,31,0.0882,0,0,0.0,0,0,0.0,0,0,0.0,1,19,0.05,3,20,0.1304,0,19,0.0,9,23,0.2812,13,28,0.3171,7,26,0.2121,9,24,0.2727
2026-04-03 21:40:20,test_2705.jpg,162,55,217,0.2535,6,31,32,0,0,0.0,0,0,0.0,0,0,0.0,0,0,0.0,0,0,0.0,0,0,0.0,0,0,0.0,0,0,0.0,0,0,0.0,0,0,0.0,9,26,0.2571,0,0,0.0,0,0,0.0,0,0,0.0,0,0,0.0,0,0,0.0,0,0,0.0,0,0,0.0,0,0,0.0,0,0,0.0,0,0,0.0,4,21,0.16,0,0,0.0,0,0,0.0,0,0,0.0,9,26,0.2571,7,26,0.2121,15,50,0.2308,11,13,0.4583,0,0,0.0,0,0,0.0,0,0,0.0
2026-04-03 21:40:20,test_2706.jpg,187,10,197,0.0508,8,31,32,0,0,0.0,0,0,0.0,0,0,0.0,0,0,0.0,0,0,0.0,0,0,0.0,0,0,0.0,0,0,0.0,0,0,0.0,0,0,0.0,3,19,0.1364,0,0,0.0,0,0,0.0,0,0,0.0,0,0,0.0,0,0,0.0,0,0,0.0,0,0,0.0,0,0,0.0,0,0,0.0,0,0,0.0,1,21,0.0455,0,0,0.0,0,0,0.0,0,0,0.0,0,24,0.0,2,24,0.0769,1,25,0.0385,0,25,0.0,2,27,0.069,1,22,0.0435,0,0,0.0
2026-04-03 21:40:20,test_2707.jpg,220,127,347,0.366,6,31,32,0,0,0.0,0,0,0.0,0,0,0.0,0,0,0.0,0,0,0.0,0,0,0.0,0,0,0.0,0,0,0.0,0,0,0.0,0,0,0.0,0,22,0.0,0,0,0.0,0,0,0.0,0,0,0.0,0,0,0.0,0,0,0.0,0,0,0.0,0,0,0.0,0,0,0.0,0,0,0.0,0,0,0.0,0,28,0.0,0,0,0.0,0,0,0.0,0,0,0.0,1,53,0.0185,41,51,0.4457,73,51,0.5887,12,15,0.4444,0,0,0.0,0,0,0.0,0,0,0.0
2026-04-03 21:40:20,test_2708.jpg,143,27,170,0.1588,9,31,32,0,0,0.0,0,0,0.0,0,0,0.0,0,0,0.0,0,0,0.0,0,0,0.0,0,0,0.0,0,0,0.0,0,0,0.0,0,0,0.0,3,6,0.3333,0,0,0.0,0,0,0.0,0,0,0.0,0,0,0.0,0,0,0.0,0,0,0.0,0,0,0.0,0,0,0.0,0,0,0.0,0,0,0.0,3,22,0.12,0,0,0.0,0,0,0.0,0,0,0.0,1,14,0.0667,1,14,0.0667,3,15,0.1667,1,21,0.0455,3,18,0.1429,7,22,0.2414,5,11,0.3125
2026-04-03 21:40:20,test_2709.jpg,269,172,441,0.39,10,31,32,15,21,0.4167,0,0,0.0,0,0,0.0,0,0,0.0,0,0,0.0,0,0,0.0,0,0,0.0,0,0,0.0,0,0,0.0,0,0,0.0,5,15,0.25,0,0,0.0,0,0,0.0,0,0,0.0,0,0,0.0,0,0,0.0,0,0,0.0,0,0,0.0,0,0,0.0,0,0,0.0,0,0,0.0,2,23,0.08,0,0,0.0,0,0,0.0,0,0,0.0,5,18,0.2174,4,9,0.3077,3,26,0.1034,6,44,0.12,46,39,0.5412,42,34,0.5526,44,40,0.5238
2026-04-03 21:40:20,test_271.jpg,129,14,143,0.0979,7,31,32,0,0,0.0,0,0,0.0,0,0,0.0,0,0,0.0,0,0,0.0,0,0,0.0,0,0,0.0,0,0,0.0,0,0,0.0,0,0,0.0,0,15,0.0,0,0,0.0,0,0,0.0,0,0,0.0,0,0,0.0,0,0,0.0,0,0,0.0,0,0,0.0,0,0,0.0,0,0,0.0,0,0,0.0,3,14,0.1765,0,0,0.0,0,0,0.0,0,0,0.0,0,18,0.0,1,22,0.0435,0,17,0.0,8,19,0.2963,2,24,0.0769,0,0,0.0,0,0,0.0
2026-04-03 21:40:20,test_2710.jpg,142,19,161,0.118,6,31,32,0,0,0.0,0,0,0.0,0,0,0.0,0,0,0.0,0,0,0.0,0,0,0.0,0,0,0.0,0,0,0.0,0,0,0.0,0,0,0.0,0,21,0.0,0,0,0.0,0,0,0.0,0,0,0.0,0,0,0.0,0,0,0.0,0,0,0.0,0,0,0.0,0,0,0.0,0,0,0.0,0,0,0.0,3,20,0.1304,0,0,0.0,0,0,0.0,0,0,0.0,2,15,0.1176,7,30,0.1892,7,46,0.1321,0,10,0.0,0,0,0.0,0,0,0.0,0,0,0.0
2026-04-03 21:40:20,test_2711.jpg,132,22,154,0.1429,8,31,32,0,0,0.0,0,0,0.0,0,0,0.0,0,0,0.0,0,0,0.0,0,0,0.0,0,0,0.0,0,0,0.0,0,0,0.0,0,0,0.0,3,19,0.1364,0,0,0.0,0,0,0.0,0,0,0.0,0,0,0.0,0,0,0.0,0,0,0.0,0,0,0.0,0,0,0.0,0,0,0.0,0,0,0.0,10,25,0.2857,0,0,0.0,0,0,0.0,0,0,0.0,1,14,0.0667,0,13,0.0,0,12,0.0,1,16,0.0588,4,16,0.2,3,17,0.15,0,0,0.0
2026-04-03 21:40:20,test_2712.jpg,145,27,172,0.157,7,31,32,0,0,0.0,0,0,0.0,0,0,0.0,0,0,0.0,0,0,0.0,0,0,0.0,0,0,0.0,0,0,0.0,0,0,0.0,0,0,0.0,2,21,0.087,0,0,0.0,0,0,0.0,0,0,0.0,0,0,0.0,0,0,0.0,0,0,0.0,0,0,0.0,0,0,0.0,0,0,0.0,0,0,0.0,4,18,0.1818,0,0,0.0,0,0,0.0,0,0,0.0,1,21,0.0455,4,29,0.1212,3,15,0.1667,7,18,0.28,6,23,0.2069,0,0,0.0,0,0,0.0
2026-04-03 21:40:20,test_2713.jpg,130,29,159,0.1824,9,31,32,0,0,0.0,0,0,0.0,0,0,0.0,0,0,0.0,0,0,0.0,0,0,0.0,0,0,0.0,0,0,0.0,0,0,0.0,0,0,0.0,0,4,0.0,0,0,0.0,0,0,0.0,0,0,0.0,0,0,0.0,0,0,0.0,0,0,0.0,0,0,0.0,0,0,0.0,0,0,0.0,0,0,0.0,7,24,0.2258,0,0,0.0,0,0,0.0,0,0,0.0,3,18,0.1429,2,9,0.1818,3,13,0.1875,1,21,0.0455,2,16,0.1111,6,13,0.3158,5,12,0.2941
2026-04-03 21:40:20,test_2714.jpg,158,13,171,0.076,4,31,32,0,0,0.0,0,0,0.0,0,0,0.0,0,0,0.0,0,0,0.0,0,0,0.0,0,0,0.0,0,0,0.0,0,0,0.0,0,0,0.0,2,34,0.0556,0,0,0.0,0,0,0.0,0,0,0.0,0,0,0.0,0,0,0.0,0,0,0.0,0,0,0.0,0,0,0.0,0,0,0.0,0,0,0.0,2,40,0.0476,0,0,0.0,0,0,0.0,0,0,0.0,1,50,0.0196,8,34,0.1905,0,0,0.0,0,0,0.0,0,0,0.0,0,0,0.0,0,0,0.0
2026-04-03 21:40:20,test_2715.jpg,113,30,143,0.2098,9,31,32,0,0,0.0,0,0,0.0,0,0,0.0,0,0,0.0,0,0,0.0,0,0,0.0,0,0,0.0,0,0,0.0,0,0,0.0,0,0,0.0,2,16,0.1111,0,0,0.0,0,0,0.0,0,0,0.0,0,0,0.0,0,0,0.0,0,0,0.0,0,0,0.0,0,0,0.0,0,0,0.0,0,0,0.0,3,15,0.1667,0,0,0.0,0,0,0.0,0,0,0.0,1,7,0.125,1,11,0.0833,1,17,0.0556,12,14,0.4615,3,12,0.2,7,10,0.4118,0,11,0.0
2026-04-03 21:40:20,test_2716.jpg,127,31,158,0.1962,6,31,32,0,0,0.0,0,0,0.0,0,0,0.0,0,0,0.0,0,0,0.0,0,0,0.0,0,0,0.0,0,0,0.0,0,0,0.0,0,0,0.0,2,8,0.2,0,0,0.0,0,0,0.0,0,0,0.0,0,0,0.0,0,0,0.0,0,0,0.0,0,0,0.0,0,0,0.0,0,0,0.0,0,0,0.0,3,42,0.0667,0,0,0.0,0,0,0.0,0,0,0.0,2,21,0.087,2,22,0.0833,18,23,0.439,4,11,0.2667,0,0,0.0,0,0,0.0,0,0,0.0
2026-04-03 21:40:20,test_2717.jpg,202,74,276,0.2681,11,31,32,1,14,0.0667,14,21,0.4,0,0,0.0,0,0,0.0,0,0,0.0,0,0,0.0,0,0,0.0,0,0,0.0,0,0,0.0,0,0,0.0,2,4,0.3333,0,0,0.0,0,0,0.0,0,0,0.0,0,0,0.0,0,0,0.0,0,0,0.0,0,0,0.0,0,0,0.0,0,0,0.0,0,0,0.0,6,39,0.1333,0,0,0.0,0,0,0.0,0,0,0.0,12,15,0.4444,2,15,0.1176,7,22,0.2414,5,25,0.1667,9,13,0.4091,6,16,0.2727,10,18,0.3571
2026-04-03 21:40:20,test_2718.jpg,251,88,339,0.2596,17,31,32,5,15,0.25,3,13,0.1875,0,5,0.0,19,27,0.413,6,26,0.1875,0,0,0.0,13,47,0.2167,0,0,0.0,0,0,0.0,0,0,0.0,2,6,0.25,0,0,0.0,0,0,0.0,0,0,0.0,0,0,0.0,0,0,0.0,0,0,0.0,0,0,0.0,0,0,0.0,0,0,0.0,0,0,0.0,6,13,0.3158,0,0,0.0,0,0,0.0,0,0,0.0,0,0,0.0,0,1,0.0,10,16,0.3846,10,34,0.2273,12,33,0.2667,0,0,0.0,2,15,0.1176
2026-04-03 21:40:20,test_2719.jpg,151,56,207,0.2705,7,31,32,0,0,0.0,0,0,0.0,0,0,0.0,0,0,0.0,0,0,0.0,0,0,0.0,0,0,0.0,0,0,0.0,0,0,0.0,0,0,0.0,14,29,0.3256,0,0,0.0,0,0,0.0,0,0,0.0,0,0,0.0,0,0,0.0,0,0,0.0,0,0,0.0,0,0,0.0,0,0,0.0,0,0,0.0,1,23,0.0417,0,0,0.0,0,0,0.0,0,0,0.0,1,19,0.05,4,14,0.2222,2,25,0.0741,20,23,0.4651,14,18,0.4375,0,0,0.0,0,0,0.0
2026-04-03 21:40:20,test_272.jpg,188,57,245,0.2327,7,31,32,0,0,0.0,0,0,0.0,0,0,0.0,0,0,0.0,0,0,0.0,0,0,0.0,0,0,0.0,0,0,0.0,0,0,0.0,0,0,0.0,13,28,0.3171,0,0,0.0,0,0,0.0,0,0,0.0,0,0,0.0,0,0,0.0,0,0,0.0,0,0,0.0,0,0,0.0,0,0,0.0,0,0,0.0,1,22,0.0435,0,0,0.0,0,0,0.0,0,0,0.0,1,36,0.027,13,30,0.3023,14,32,0.3043,15,25,0.375,0,15,0.0,0,0,0.0,0,0,0.0
2026-04-03 21:40:20,test_2720.jpg,140,30,170,0.1765,8,31,32,0,0,0.0,0,0,0.0,0,0,0.0,0,0,0.0,0,0,0.0,0,0,0.0,0,0,0.0,0,0,0.0,0,0,0.0,0,0,0.0,3,26,0.1034,0,0,0.0,0,0,0.0,0,0,0.0,0,0,0.0,0,0,0.0,0,0,0.0,0,0,0.0,0,0,0.0,0,0,0.0,0,0,0.0,4,17,0.1905,0,0,0.0,0,0,0.0,0,0,0.0,4,12,0.25,3,15,0.1667,5,18,0.2174,3,20,0.1304,5,15,0.25,3,17,0.15,0,0,0.0
2026-04-03 21:40:20,test_2721.jpg,212,40,252,0.1587,8,31,32,0,0,0.0,0,0,0.0,0,0,0.0,0,0,0.0,0,0,0.0,0,0,0.0,0,0,0.0,0,0,0.0,0,0,0.0,0,0,0.0,7,9,0.4375,0,0,0.0,0,0,0.0,0,0,0.0,0,0,0.0,0,0,0.0,0,0,0.0,0,0,0.0,0,0,0.0,0,0,0.0,0,0,0.0,9,47,0.1607,0,0,0.0,0,0,0.0,0,0,0.0,12,30,0.2857,2,30,0.0625,0,21,0.0,2,25,0.0741,8,34,0.1905,0,16,0.0,0,0,0.0
2026-04-03 21:40:20,test_2722.jpg,142,8,150,0.0533,10,31,32,0,18,0.0,0,0,0.0,0,0,0.0,0,0,0.0,0,0,0.0,0,0,0.0,0,0,0.0,0,0,0.0,0,0,0.0,0,0,0.0,0,12,0.0,0,0,0.0,0,0,0.0,0,0,0.0,0,0,0.0,0,0,0.0,0,0,0.0,0,0,0.0,0,0,0.0,0,0,0.0,0,0,0.0,0,14,0.0,0,0,0.0,0,0,0.0,0,0,0.0,0,12,0.0,0,14,0.0,0,14,0.0,1,13,0.0714,0,14,0.0,1,12,0.0769,6,19,0.24
2026-04-03 21:40:20,test_2723.jpg,147,43,190,0.2263,11,31,32,4,12,0.25,14,18,0.4375,0,0,0.0,0,0,0.0,0,0,0.0,0,0,0.0,0,0,0.0,0,0,0.0,0,0,0.0,0,0,0.0,3,12,0.2,0,0,0.0,0,0,0.0,0,0,0.0,0,0,0.0,0,0,0.0,0,0,0.0,0,0,0.0,0,0,0.0,0,0,0.0,0,0,0.0,0,16,0.0,0,0,0.0,0,0,0.0,0,0,0.0,3,9,0.25,0,12,0.0,7,12,0.3684,0,15,0.0,5,11,0.3125,2,11,0.1538,5,19,0.2083
2026-04-03 21:40:20,test_2724.jpg,105,35,140,0.25,6,31,32,0,0,0.0,0,0,0.0,0,0,0.0,0,0,0.0,0,0,0.0,0,0,0.0,0,0,0.0,0,0,0.0,0,0,0.0,0,0,0.0,5,20,0.2,0,0,0.0,0,0,0.0,0,0,0.0,0,0,0.0,0,0,0.0,0,0,0.0,0,0,0.0,0,0,0.0,0,0,0.0,0,0,0.0,12,14,0.4615,0,0,0.0,0,0,0.0,0,0,0.0,8,20,0.2857,4,18,0.1818,5,16,0.2381,1,17,0.0556,0,0,0.0,0,0,0.0,0,0,0.0
2026-04-03 21:40:20,test_2725.jpg,135,43,178,0.2416,5,31,32,0,0,0.0,0,0,0.0,0,0,0.0,0,0,0.0,0,0,0.0,0,0,0.0,0,0,0.0,0,0,0.0,0,0,0.0,0,0,0.0,1,20,0.0476,0,0,0.0,0,0,0.0,0,0,0.0,0,0,0.0,0,0,0.0,0,0,0.0,0,0,0.0,0,0,0.0,0,0,0.0,0,0,0.0,0,21,0.0,0,0,0.0,0,0,0.0,0,0,0.0,12,28,0.3,15,39,0.2778,15,27,0.3571,0,0,0.0,0,0,0.0,0,0,0.0,0,0,0.0
2026-04-03 21:40:20,test_2726.jpg,158,24,182,0.1319,6,31,32,0,0,0.0,0,0,0.0,0,0,0.0,0,0,0.0,0,0,0.0,0,0,0.0,0,0,0.0,0,0,0.0,0,0,0.0,0,0,0.0,0,15,0.0,0,0,0.0,0,0,0.0,0,0,0.0,0,0,0.0,0,0,0.0,0,0,0.0,0,0,0.0,0,0,0.0,0,0,0.0,0,0,0.0,3,45,0.0625,0,0,0.0,0,0,0.0,0,0,0.0,6,28,0.1765,3,25,0.1071,8,31,0.2051,4,14,0.2222,0,0,0.0,0,0,0.0,0,0,0.0
2026-04-03 21:40:20,test_2727.jpg,208,53,261,0.2031,8,31,32,0,0,0.0,0,0,0.0,0,0,0.0,0,0,0.0,0,0,0.0,0,0,0.0,0,0,0.0,0,0,0.0,0,0,0.0,0,0,0.0,0,13,0.0,0,0,0.0,0,0,0.0,0,0,0.0,0,0,0.0,0,0,0.0,0,0,0.0,0,0,0.0,0,0,0.0,0,0,0.0,0,0,0.0,3,7,0.3,0,0,0.0,0,0,0.0,0,0,0.0,0,10,0.0,8,20,0.2857,11,52,0.1746,19,46,0.2923,8,25,0.2424,4,35,0.1026,0,0,0.0
2026-04-03 21:40:20,test_2728.jpg,117,37,154,0.2403,7,31,32,0,0,0.0,0,0,0.0,0,0,0.0,0,0,0.0,0,0,0.0,0,0,0.0,0,0,0.0,0,0,0.0,0,0,0.0,0,0,0.0,0,19,0.0,0,0,0.0,0,0,0.0,0,0,0.0,0,0,0.0,0,0,0.0,0,0,0.0,0,0,0.0,0,0,0.0,0,0,0.0,0,0,0.0,4,16,0.2,0,0,0.0,0,0,0.0,0,0,0.0,8,16,0.3333,2,16,0.1111,16,13,0.5517,5,20,0.2,2,17,0.1053,0,0,0.0,0,0,0.0
2026-04-03 21:40:20,test_2729.jpg,137,44,181,0.2431,6,31,32,0,0,0.0,0,0,0.0,0,0,0.0,0,0,0.0,0,0,0.0,0,0,0.0,0,0,0.0,0,0,0.0,0,0,0.0,0,0,0.0,0,12,0.0,0,0,0.0,0,0,0.0,0,0,0.0,0,0,0.0,0,0,0.0,0,0,0.0,0,0,0.0,0,0,0.0,0,0,0.0,0,0,0.0,2,17,0.1053,0,0,0.0,0,0,0.0,0,0,0.0,3,20,0.1304,14,29,0.3256,11,34,0.2444,14,25,0.359,0,0,0.0,0,0,0.0,0,0,0.0
2026-04-03 21:40:20,test_273.jpg,167,52,219,0.2374,9,31,32,0,0,0.0,0,0,0.0,0,0,0.0,0,0,0.0,0,0,0.0,0,0,0.0,0,0,0.0,0,0,0.0,0,0,0.0,0,0,0.0,1,11,0.0833,0,0,0.0,0,0,0.0,0,0,0.0,0,0,0.0,0,0,0.0,0,0,0.0,0,0,0.0,0,0,0.0,0,0,0.0,0,0,0.0,3,8,0.2727,0,0,0.0,0,0,0.0,0,0,0.0,0,20,0.0,3,26,0.1034,22,24,0.4783,4,21,0.16,16,18,0.4706,2,21,0.087,1,18,0.0526
2026-04-03 21:40:20,test_2730.jpg,136,23,159,0.1447,5,31,32,0,0,0.0,0,0,0.0,0,0,0.0,0,0,0.0,0,0,0.0,0,0,0.0,0,0,0.0,0,0,0.0,0,0,0.0,0,0,0.0,4,21,0.16,0,0,0.0,0,0,0.0,0,0,0.0,0,0,0.0,0,0,0.0,0,0,0.0,0,0,0.0,0,0,0.0,0,0,0.0,0,0,0.0,7,30,0.1892,0,0,0.0,0,0,0.0,0,0,0.0,5,29,0.1471,3,39,0.0714,4,17,0.1905,0,0,0.0,0,0,0.0,0,0,0.0,0,0,0.0
2026-04-03 21:40:20,test_2731.jpg,141,11,152,0.0724,6,31,32,0,0,0.0,0,0,0.0,0,0,0.0,0,0,0.0,0,0,0.0,0,0,0.0,0,0,0.0,0,0,0.0,0,0,0.0,0,0,0.0,0,24,0.0,0,0,0.0,0,0,0.0,0,0,0.0,0,0,0.0,0,0,0.0,0,0,0.0,0,0,0.0,0,0,0.0,0,0,0.0,0,0,0.0,3,19,0.1364,0,0,0.0,0,0,0.0,0,0,0.0,3,20,0.1304,0,17,0.0,5,40,0.1111,0,21,0.0,0,0,0.0,0,0,0.0,0,0,0.0
2026-04-03 21:40:20,test_2732.jpg,159,35,194,0.1804,11,31,32,9,15,0.375,0,0,0.0,0,0,0.0,0,0,0.0,0,0,0.0,0,0,0.0,0,0,0.0,0,0,0.0,0,0,0.0,0,0,0.0,0,17,0.0,0,0,0.0,0,0,0.0,0,0,0.0,0,0,0.0,0,0,0.0,0,0,0.0,0,0,0.0,0,0,0.0,0,0,0.0,0,0,0.0,3,21,0.125,0,0,0.0,0,0,0.0,0,0,0.0,0,25,0.0,5,19,0.2083,6,17,0.2609,0,14,0.0,6,6,0.5,2,12,0.1429,4,13,0.2353
2026-04-03 21:40:20,test_2733.jpg,142,46,188,0.2447,13,31,32,15,11,0.5769,13,13,0.5,4,6,0.4,0,10,0.0,0,0,0.0,0,0,0.0,0,0,0.0,0,0,0.0,0,0,0.0,0,0,0.0,3,5,0.375,0,0,0.0,0,0,0.0,0,0,0.0,0,0,0.0,0,0,0.0,0,0,0.0,0,0,0.0,0,0,0.0,0,0,0.0,0,0,0.0,0,8,0.0,0,0,0.0,0,0,0.0,0,0,0.0,0,4,0.0,0,22,0.0,6,5,0.5455,0,10,0.0,1,13,0.0714,2,14,0.125,2,21,0.087
2026-04-03 21:40:20,test_2734.jpg,149,24,173,0.1387,6,31,32,0,0,0.0,0,0,0.0,0,0,0.0,0,0,0.0,0,0,0.0,0,0,0.0,0,0,0.0,0,0,0.0,0,0,0.0,0,0,0.0,8,21,0.2759,0,0,0.0,0,0,0.0,0,0,0.0,0,0,0.0,0,0,0.0,0,0,0.0,0,0,0.0,0,0,0.0,0,0,0.0,0,0,0.0,1,20,0.0476,0,0,0.0,0,0,0.0,0,0,0.0,3,19,0.1364,6,33,0.1538,4,32,0.1111,2,24,0.0769,0,0,0.0,0,0,0.0,0,0,0.0
2026-04-03 21:40:20,test_2735.jpg,144,35,179,0.1955,9,31,32,0,0,0.0,0,0,0.0,0,0,0.0,0,0,0.0,0,0,0.0,0,0,0.0,0,0,0.0,0,0,0.0,0,0,0.0,0,0,0.0,4,17,0.1905,0,0,0.0,0,0,0.0,0,0,0.0,0,0,0.0,0,0,0.0,0,0,0.0,0,0,0.0,0,0,0.0,0,0,0.0,0,0,0.0,3,18,0.1429,0,0,0.0,0,0,0.0,0,0,0.0,0,14,0.0,0,20,0.0,6,21,0.2222,5,6,0.4545,0,12,0.0,8,22,0.2667,9,14,0.3913
2026-04-03 21:40:20,test_2736.jpg,154,66,220,0.3,5,31,32,0,0,0.0,0,0,0.0,0,0,0.0,0,0,0.0,0,0,0.0,0,0,0.0,0,0,0.0,0,0,0.0,0,0,0.0,0,0,0.0,0,16,0.0,0,0,0.0,0,0,0.0,0,0,0.0,0,0,0.0,0,0,0.0,0,0,0.0,0,0,0.0,0,0,0.0,0,0,0.0,0,0,0.0,0,31,0.0,0,0,0.0,0,0,0.0,0,0,0.0,9,44,0.1698,53,43,0.5521,4,20,0.1667,0,0,0.0,0,0,0.0,0,0,0.0,0,0,0.0
2026-04-03 21:40:20,test_2737.jpg,101,33,134,0.2463,6,31,32,0,0,0.0,0,0,0.0,0,0,0.0,0,0,0.0,0,0,0.0,0,0,0.0,0,0,0.0,0,0,0.0,0,0,0.0,0,0,0.0,1,14,0.0667,0,0,0.0,0,0,0.0,0,0,0.0,0,0,0.0,0,0,0.0,0,0,0.0,0,0,0.0,0,0,0.0,0,0,0.0,0,0,0.0,2,12,0.1429,0,0,0.0,0,0,0.0,0,0,0.0,0,16,0.0,4,21,0.16,3,20,0.1304,23,18,0.561,0,0,0.0,0,0,0.0,0,0,0.0
2026-04-03 21:40:20,test_2738.jpg,154,26,180,0.1444,4,31,32,0,0,0.0,0,0,0.0,0,0,0.0,0,0,0.0,0,0,0.0,0,0,0.0,0,0,0.0,0,0,0.0,0,0,0.0,0,0,0.0,1,29,0.0333,0,0,0.0,0,0,0.0,0,0,0.0,0,0,0.0,0,0,0.0,0,0,0.0,0,0,0.0,0,0,0.0,0,0,0.0,0,0,0.0,10,53,0.1587,0,0,0.0,0,0,0.0,0,0,0.0,11,51,0.1774,4,21,0.16,0,0,0.0,0,0,0.0,0,0,0.0,0,0,0.0,0,0,0.0
2026-04-03 21:40:20,test_2739.jpg,152,20,172,0.1163,9,31,32,0,0,0.0,0,0,0.0,0,0,0.0,0,0,0.0,0,0,0.0,0,0,0.0,0,0,0.0,0,0,0.0,0,0,0.0,0,0,0.0,0,1,0.0,0,0,0.0,0,0,0.0,0,0,0.0,0,0,0.0,0,0,0.0,0,0,0.0,0,0,0.0,0,0,0.0,0,0,0.0,0,0,0.0,0,35,0.0,0,0,0.0,0,0,0.0,0,0,0.0,0,0,0.0,6,32,0.1579,2,11,0.1538,0,0,0.0,7,32,0.1795,5,41,0.1087,0,0,0.0
2026-04-03 21:40:20,test_274.jpg,132,19,151,0.1258,6,31,32,0,0,0.0,0,0,0.0,0,0,0.0,0,0,0.0,0,0,0.0,0,0,0.0,0,0,0.0,0,0,0.0,0,0,0.0,0,0,0.0,2,17,0.1053,0,0,0.0,0,0,0.0,0,0,0.0,0,0,0.0,0,0,0.0,0,0,0.0,0,0,0.0,0,0,0.0,0,0,0.0,0,0,0.0,2,13,0.1333,0,0,0.0,0,0,0.0,0,0,0.0,4,28,0.125,6,25,0.1935,1,24,0.04,4,25,0.1379,0,0,0.0,0,0,0.0,0,0,0.0
2026-04-03 21:40:20,test_2740.jpg,148,178,326,0.546,3,31,32,0,0,0.0,0,0,0.0,0,0,0.0,0,0,0.0,0,0,0.0,0,0,0.0,0,0,0.0,0,0,0.0,0,0,0.0,0,0,0.0,6,24,0.2,0,0,0.0,0,0,0.0,0,0,0.0,0,0,0.0,0,0,0.0,0,0,0.0,0,0,0.0,0,0,0.0,0,0,0.0,0,0,0.0,138,94,0.5948,0,0,0.0,0,0,0.0,0,0,0.0,34,30,0.5312,0,0,0.0,0,0,0.0,0,0,0.0,0,0,0.0,0,0,0.0,0,0,0.0
2026-04-03 21:40:20,test_2741.jpg,122,37,159,0.2327,5,31,32,0,0,0.0,0,0,0.0,0,0,0.0,0,0,0.0,0,0,0.0,0,0,0.0,0,0,0.0,0,0,0.0,0,0,0.0,0,0,0.0,0,9,0.0,0,0,0.0,0,0,0.0,0,0,0.0,0,0,0.0,0,0,0.0,0,0,0.0,0,0,0.0,0,0,0.0,0,0,0.0,0,0,0.0,5,25,0.1667,0,0,0.0,0,0,0.0,0,0,0.0,4,26,0.1333,24,40,0.375,4,22,0.1538,0,0,0.0,0,0,0.0,0,0,0.0,0,0,0.0
2026-04-03 21:40:20,test_2742.jpg,121,15,136,0.1103,7,31,32,0,0,0.0,0,0,0.0,0,0,0.0,0,0,0.0,0,0,0.0,0,0,0.0,0,0,0.0,0,0,0.0,0,0,0.0,0,0,0.0,0,18,0.0,0,0,0.0,0,0,0.0,0,0,0.0,0,0,0.0,0,0,0.0,0,0,0.0,0,0,0.0,0,0,0.0,0,0,0.0,0,0,0.0,2,15,0.1176,0,0,0.0,0,0,0.0,0,0,0.0,0,16,0.0,3,15,0.1667,1,22,0.0435,4,21,0.16,5,14,0.2632,0,0,0.0,0,0,0.0
2026-04-03 21:40:20,test_2743.jpg,187,17,204,0.0833,13,31,32,0,11,0.0,0,13,0.0,2,23,0.08,0,13,0.0,0,0,0.0,0,0,0.0,0,0,0.0,0,0,0.0,0,0,0.0,0,0,0.0,2,8,0.2,0,0,0.0,0,0,0.0,0,0,0.0,0,0,0.0,0,0,0.0,0,0,0.0,0,0,0.0,0,0,0.0,0,0,0.0,0,0,0.0,0,24,0.0,0,0,0.0,0,0,0.0,0,0,0.0,0,17,0.0,0,13,0.0,4,17,0.1905,0,14,0.0,3,13,0.1875,0,13,0.0,6,8,0.4286
2026-04-03 21:40:20,test_2744.jpg,156,24,180,0.1333,9,31,32,0,0,0.0,0,0,0.0,0,0,0.0,0,0,0.0,0,0,0.0,0,0,0.0,0,0,0.0,0,0,0.0,0,0,0.0,0,0,0.0,0,5,0.0,0,0,0.0,0,0,0.0,0,0,0.0,0,0,0.0,0,0,0.0,0,0,0.0,0,0,0.0,0,0,0.0,0,0,0.0,0,0,0.0,4,26,0.1333,0,0,0.0,0,0,0.0,0,0,0.0,1,14,0.0667,0,13,0.0,2,20,0.0909,1,19,0.05,11,17,0.3929,2,35,0.0541,3,7,0.3
2026-04-03 21:40:20,test_2745.jpg,168,44,212,0.2075,13,31,32,0,9,0.0,3,20,0.1304,3,17,0.15,7,15,0.3182,0,0,0.0,0,0,0.0,0,0,0.0,0,0,0.0,0,0,0.0,0,0,0.0,3,11,0.2143,0,0,0.0,0,0,0.0,0,0,0.0,0,0,0.0,0,0,0.0,0,0,0.0,0,0,0.0,0,0,0.0,0,0,0.0,0,0,0.0,1,13,0.0714,0,0,0.0,0,0,0.0,0,0,0.0,9,11,0.45,3,12,0.2,2,13,0.1333,4,11,0.2667,1,12,0.0769,2,11,0.1538,6,13,0.3158
2026-04-03 21:40:20,test_2746.jpg,141,35,176,0.1989,5,31,32,0,0,0.0,0,0,0.0,0,0,0.0,0,0,0.0,0,0,0.0,0,0,0.0,0,0,0.0,0,0,0.0,0,0,0.0,0,0,0.0,4,29,0.1212,0,0,0.0,0,0,0.0,0,0,0.0,0,0,0.0,0,0,0.0,0,0,0.0,0,0,0.0,0,0,0.0,0,0,0.0,0,0,0.0,0,33,0.0,0,0,0.0,0,0,0.0,0,0,0.0,8,25,0.2424,12,38,0.24,11,16,0.4074,0,0,0.0,0,0,0.0,0,0,0.0,0,0,0.0
2026-04-03 21:40:20,test_2747.jpg,184,39,223,0.1749,9,31,32,0,0,0.0,0,0,0.0,0,0,0.0,0,0,0.0,0,0,0.0,0,0,0.0,0,0,0.0,0,0,0.0,0,0,0.0,0,0,0.0,0,14,0.0,0,0,0.0,0,0,0.0,0,0,0.0,0,0,0.0,0,0,0.0,0,0,0.0,0,0,0.0,0,0,0.0,0,0,0.0,0,0,0.0,1,13,0.0714,0,0,0.0,0,0,0.0,0,0,0.0,1,14,0.0667,10,22,0.3125,4,24,0.1429,5,26,0.1613,5,29,0.1471,11,23,0.3235,2,19,0.0952
2026-04-03 21:40:20,test_2748.jpg,144,24,168,0.1429,11,31,32,8,29,0.2162,0,2,0.0,0,0,0.0,0,0,0.0,0,0,0.0,0,0,0.0,0,0,0.0,0,0,0.0,0,0,0.0,0,0,0.0,1,17,0.0556,0,0,0.0,0,0,0.0,0,0,0.0,0,0,0.0,0,0,0.0,0,0,0.0,0,0,0.0,0,0,0.0,0,0,0.0,0,0,0.0,0,0,0.0,0,0,0.0,0,0,0.0,0,0,0.0,1,11,0.0833,4,22,0.1538,3,12,0.2,3,15,0.1667,3,15,0.1667,1,10,0.0909,0,11,0.0
2026-04-03 21:40:20,test_2749.jpg,177,7,184,0.038,5,31,32,0,0,0.0,0,0,0.0,0,0,0.0,0,0,0.0,0,0,0.0,0,0,0.0,0,0,0.0,0,0,0.0,0,0,0.0,0,0,0.0,1,22,0.0435,0,0,0.0,0,0,0.0,0,0,0.0,0,0,0.0,0,0,0.0,0,0,0.0,0,0,0.0,0,0,0.0,0,0,0.0,0,0,0.0,1,28,0.0345,0,0,0.0,0,0,0.0,0,0,0.0,2,36,0.0526,1,56,0.0175,2,35,0.0541,0,0,0.0,0,0,0.0,0,0,0.0,0,0,0.0
2026-04-03 21:40:20,test_275.jpg,134,13,147,0.0884,7,31,32,0,0,0.0,0,0,0.0,0,0,0.0,0,0,0.0,0,0,0.0,0,0,0.0,0,0,0.0,0,0,0.0,0,0,0.0,0,0,0.0,3,20,0.1304,0,0,0.0,0,0,0.0,0,0,0.0,0,0,0.0,0,0,0.0,0,0,0.0,0,0,0.0,0,0,0.0,0,0,0.0,0,0,0.0,1,15,0.0625,0,0,0.0,0,0,0.0,0,0,0.0,0,20,0.0,0,20,0.0,1,22,0.0435,4,19,0.1739,4,18,0.1818,0,0,0.0,0,0,0.0
2026-04-03 21:40:20,test_2750.jpg,127,30,157,0.1911,8,31,32,0,0,0.0,0,0,0.0,0,0,0.0,0,0,0.0,0,0,0.0,0,0,0.0,0,0,0.0,0,0,0.0,0,0,0.0,0,0,0.0,5,18,0.2174,0,0,0.0,0,0,0.0,0,0,0.0,0,0,0.0,0,0,0.0,0,0,0.0,0,0,0.0,0,0,0.0,0,0,0.0,0,0,0.0,5,17,0.2273,0,0,0.0,0,0,0.0,0,0,0.0,2,14,0.125,1,14,0.0667,1,15,0.0625,2,19,0.0952,9,17,0.3462,5,13,0.2778,0,0,0.0
2026-04-03 21:40:20,test_2751.jpg,150,14,164,0.0854,6,31,32,0,0,0.0,0,0,0.0,0,0,0.0,0,0,0.0,0,0,0.0,0,0,0.0,0,0,0.0,0,0,0.0,0,0,0.0,0,0,0.0,1,24,0.04,0,0,0.0,0,0,0.0,0,0,0.0,0,0,0.0,0,0,0.0,0,0,0.0,0,0,0.0,0,0,0.0,0,0,0.0,0,0,0.0,3,27,0.1,0,0,0.0,0,0,0.0,0,0,0.0,0,20,0.0,1,26,0.037,6,35,0.1463,3,18,0.1429,0,0,0.0,0,0,0.0,0,0,0.0
2026-04-03 21:40:20,test_2752.jpg,119,25,144,0.1736,7,31,32,0,0,0.0,0,0,0.0,0,0,0.0,0,0,0.0,0,0,0.0,0,0,0.0,0,0,0.0,0,0,0.0,0,0,0.0,0,0,0.0,2,17,0.1053,0,0,0.0,0,0,0.0,0,0,0.0,0,0,0.0,0,0,0.0,0,0,0.0,0,0,0.0,0,0,0.0,0,0,0.0,0,0,0.0,0,11,0.0,0,0,0.0,0,0,0.0,0,0,0.0,5,12,0.2941,4,13,0.2353,0,12,0.0,4,11,0.2667,10,43,0.1887,0,0,0.0,0,0,0.0
2026-04-03 21:40:20,test_2753.jpg,242,95,337,0.2819,5,31,32,0,0,0.0,0,0,0.0,0,0,0.0,0,0,0.0,0,0,0.0,0,0,0.0,0,0,0.0,0,0,0.0,0,0,0.0,0,0,0.0,18,47,0.2769,0,0,0.0,0,0,0.0,0,0,0.0,0,0,0.0,0,0,0.0,0,0,0.0,0,0,0.0,0,0,0.0,0,0,0.0,0,0,0.0,0,45,0.0,0,0,0.0,0,0,0.0,0,0,0.0,9,39,0.1875,30,47,0.3896,38,64,0.3725,0,0,0.0,0,0,0.0,0,0,0.0,0,0,0.0
2026-04-03 21:40:20,test_2754.jpg,164,12,176,0.0682,6,31,32,0,0,0.0,0,0,0.0,0,0,0.0,0,0,0.0,0,0,0.0,0,0,0.0,0,0,0.0,0,0,0.0,0,0,0.0,0,0,0.0,2,4,0.3333,0,0,0.0,0,0,0.0,0,0,0.0,0,0,0.0,0,0,0.0,0,0,0.0,0,0,0.0,0,0,0.0,0,0,0.0,0,0,0.0,2,52,0.037,0,0,0.0,0,0,0.0,0,0,0.0,3,30,0.0909,3,30,0.0909,0,27,0.0,2,21,0.087,0,0,0.0,0,0,0.0,0,0,0.0
2026-04-03 21:40:20,test_2755.jpg,84,33,117,0.2821,8,31,32,0,0,0.0,0,0,0.0,0,0,0.0,0,0,0.0,0,0,0.0,0,0,0.0,0,0,0.0,0,0,0.0,0,0,0.0,0,0,0.0,4,3,0.5714,0,0,0.0,0,0,0.0,0,0,0.0,0,0,0.0,0,0,0.0,0,0,0.0,0,0,0.0,0,0,0.0,0,0,0.0,0,0,0.0,4,8,0.3333,0,0,0.0,0,0,0.0,0,0,0.0,1,10,0.0909,2,10,0.1667,1,11,0.0833,3,14,0.1765,6,14,0.3,12,14,0.4615,0,0,0.0
2026-04-03 21:40:20,test_2756.jpg,204,172,376,0.4574,4,31,32,0,0,0.0,0,0,0.0,0,0,0.0,0,0,0.0,0,0,0.0,0,0,0.0,0,0,0.0,0,0,0.0,0,0,0.0,0,0,0.0,10,22,0.3125,0,0,0.0,0,0,0.0,0,0,0.0,0,0,0.0,0,0,0.0,0,0,0.0,0,0,0.0,0,0,0.0,0,0,0.0,0,0,0.0,12,64,0.1579,0,0,0.0,0,0,0.0,0,0,0.0,106,78,0.5761,44,40,0.5238,0,0,0.0,0,0,0.0,0,0,0.0,0,0,0.0,0,0,0.0
2026-04-03 21:40:20,test_2757.jpg,113,44,157,0.2803,3,31,32,0,0,0.0,0,0,0.0,0,0,0.0,0,0,0.0,0,0,0.0,0,0,0.0,0,0,0.0,0,0,0.0,0,0,0.0,0,0,0.0,16,30,0.3478,0,0,0.0,0,0,0.0,0,0,0.0,0,0,0.0,0,0,0.0,0,0,0.0,0,0,0.0,0,0,0.0,0,0,0.0,0,0,0.0,14,51,0.2154,0,0,0.0,0,0,0.0,0,0,0.0,14,32,0.3043,0,0,0.0,0,0,0.0,0,0,0.0,0,0,0.0,0,0,0.0,0,0,0.0
2026-04-03 21:40:20,test_2758.jpg,139,19,158,0.1203,6,31,32,0,0,0.0,0,0,0.0,0,0,0.0,0,0,0.0,0,0,0.0,0,0,0.0,0,0,0.0,0,0,0.0,0,0,0.0,0,0,0.0,1,23,0.0417,0,0,0.0,0,0,0.0,0,0,0.0,0,0,0.0,0,0,0.0,0,0,0.0,0,0,0.0,0,0,0.0,0,0,0.0,0,0,0.0,3,23,0.1154,0,0,0.0,0,0,0.0,0,0,0.0,0,19,0.0,0,19,0.0,9,35,0.2045,6,20,0.2308,0,0,0.0,0,0,0.0,0,0,0.0
2026-04-03 21:40:20,test_2759.jpg,129,8,137,0.0584,6,31,32,0,0,0.0,0,0,0.0,0,0,0.0,0,0,0.0,0,0,0.0,0,0,0.0,0,0,0.0,0,0,0.0,0,0,0.0,0,0,0.0,6,26,0.1875,0,0,0.0,0,0,0.0,0,0,0.0,0,0,0.0,0,0,0.0,0,0,0.0,0,0,0.0,0,0,0.0,0,0,0.0,0,0,0.0,1,25,0.0385,0,0,0.0,0,0,0.0,0,0,0.0,1,23,0.0417,0,19,0.0,0,19,0.0,0,17,0.0,0,0,0.0,0,0,0.0,0,0,0.0
2026-04-03 21:40:20,test_276.jpg,139,25,164,0.1524,6,31,32,0,0,0.0,0,0,0.0,0,0,0.0,0,0,0.0,0,0,0.0,0,0,0.0,0,0,0.0,0,0,0.0,0,0,0.0,0,0,0.0,0,19,0.0,0,0,0.0,0,0,0.0,0,0,0.0,0,0,0.0,0,0,0.0,0,0,0.0,0,0,0.0,0,0,0.0,0,0,0.0,0,0,0.0,1,22,0.0435,0,0,0.0,0,0,0.0,0,0,0.0,0,24,0.0,5,24,0.1724,9,27,0.25,10,23,0.303,0,0,0.0,0,0,0.0,0,0,0.0
2026-04-03 21:40:20,test_2760.jpg,223,62,285,0.2175,9,31,32,0,0,0.0,0,0,0.0,0,0,0.0,0,0,0.0,0,0,0.0,0,0,0.0,0,0,0.0,0,0,0.0,0,0,0.0,0,0,0.0,1,18,0.0526,0,0,0.0,0,0,0.0,0,0,0.0,0,0,0.0,0,0,0.0,0,0,0.0,0,0,0.0,0,0,0.0,0,0,0.0,0,0,0.0,6,25,0.1935,0,0,0.0,0,0,0.0,0,0,0.0,9,29,0.2368,6,14,0.3,3,19,0.1364,9,25,0.2647,12,34,0.2609,6,32,0.1579,10,27,0.2703
2026-04-03 21:40:20,test_2761.jpg,114,39,153,0.2549,8,31,32,0,0,0.0,0,0,0.0,0,0,0.0,0,0,0.0,0,0,0.0,0,0,0.0,0,0,0.0,0,0,0.0,0,0,0.0,0,0,0.0,0,8,0.0,0,0,0.0,0,0,0.0,0,0,0.0,0,0,0.0,0,0,0.0,0,0,0.0,0,0,0.0,0,0,0.0,0,0,0.0,0,0,0.0,0,6,0.0,0,0,0.0,0,0,0.0,0,0,0.0,0,8,0.0,0,10,0.0,3,14,0.1765,19,27,0.413,9,25,0.2647,8,16,0.3333,0,0,0.0
2026-04-03 21:40:20,test_2762.jpg,123,21,144,0.1458,8,31,32,0,0,0.0,0,0,0.0,0,0,0.0,0,0,0.0,0,0,0.0,0,0,0.0,0,0,0.0,0,0,0.0,0,0,0.0,0,0,0.0,0,15,0.0,0,0,0.0,0,0,0.0,0,0,0.0,0,0,0.0,0,0,0.0,0,0,0.0,0,0,0.0,0,0,0.0,0,0,0.0,0,0,0.0,0,12,0.0,0,0,0.0,0,0,0.0,0,0,0.0,0,14,0.0,1,13,0.0714,6,16,0.2727,4,16,0.2,2,23,0.08,8,14,0.3636,0,0,0.0
2026-04-03 21:40:20,test_2763.jpg,128,25,153,0.1634,6,31,32,0,0,0.0,0,0,0.0,0,0,0.0,0,0,0.0,0,0,0.0,0,0,0.0,0,0,0.0,0,0,0.0,0,0,0.0,0,0,0.0,1,18,0.0526,0,0,0.0,0,0,0.0,0,0,0.0,0,0,0.0,0,0,0.0,0,0,0.0,0,0,0.0,0,0,0.0,0,0,0.0,0,0,0.0,0,14,0.0,0,0,0.0,0,0,0.0,0,0,0.0,0,24,0.0,4,21,0.16,1,24,0.04,19,27,0.413,0,0,0.0,0,0,0.0,0,0,0.0
2026-04-03 21:40:20,test_2764.jpg,166,34,200,0.17,7,31,32,0,0,0.0,0,0,0.0,0,0,0.0,0,0,0.0,0,0,0.0,0,0,0.0,0,0,0.0,0,0,0.0,0,0,0.0,0,0,0.0,1,7,0.125,0,0,0.0,0,0,0.0,0,0,0.0,0,0,0.0,0,0,0.0,0,0,0.0,0,0,0.0,0,0,0.0,0,0,0.0,0,0,0.0,3,41,0.0682,0,0,0.0,0,0,0.0,0,0,0.0,9,27,0.25,5,27,0.1562,2,20,0.0909,11,34,0.2444,3,10,0.2308,0,0,0.0,0,0,0.0
2026-04-03 21:40:20,test_2765.jpg,139,8,147,0.0544,7,31,32,0,0,0.0,0,0,0.0,0,0,0.0,0,0,0.0,0,0,0.0,0,0,0.0,0,0,0.0,0,0,0.0,0,0,0.0,0,0,0.0,1,20,0.0476,0,0,0.0,0,0,0.0,0,0,0.0,0,0,0.0,0,0,0.0,0,0,0.0,0,0,0.0,0,0,0.0,0,0,0.0,0,0,0.0,1,18,0.0526,0,0,0.0,0,0,0.0,0,0,0.0,2,16,0.1111,1,18,0.0526,0,21,0.0,0,20,0.0,3,26,0.1034,0,0,0.0,0,0,0.0
2026-04-03 21:40:20,test_2766.jpg,134,27,161,0.1677,6,31,32,0,0,0.0,0,0,0.0,0,0,0.0,0,0,0.0,0,0,0.0,0,0,0.0,0,0,0.0,0,0,0.0,0,0,0.0,0,0,0.0,7,15,0.3182,0,0,0.0,0,0,0.0,0,0,0.0,0,0,0.0,0,0,0.0,0,0,0.0,0,0,0.0,0,0,0.0,0,0,0.0,0,0,0.0,0,17,0.0,0,0,0.0,0,0,0.0,0,0,0.0,3,15,0.1667,2,29,0.0645,5,31,0.1389,10,27,0.2703,0,0,0.0,0,0,0.0,0,0,0.0
2026-04-03 21:40:20,test_2767.jpg,203,34,237,0.1435,8,31,32,0,0,0.0,0,0,0.0,0,0,0.0,0,0,0.0,0,0,0.0,0,0,0.0,0,0,0.0,0,0,0.0,0,0,0.0,0,0,0.0,2,10,0.1667,0,0,0.0,0,0,0.0,0,0,0.0,0,0,0.0,0,0,0.0,0,0,0.0,0,0,0.0,0,0,0.0,0,0,0.0,0,0,0.0,1,10,0.0909,0,0,0.0,0,0,0.0,0,0,0.0,0,24,0.0,12,43,0.2182,7,32,0.1795,3,30,0.0909,6,32,0.1579,3,22,0.12,0,0,0.0
2026-04-03 21:40:20,test_2768.jpg,169,66,235,0.2809,7,31,32,0,0,0.0,0,0,0.0,0,0,0.0,0,0,0.0,0,0,0.0,0,0,0.0,0,0,0.0,0,0,0.0,0,0,0.0,0,0,0.0,9,30,0.2308,0,0,0.0,0,0,0.0,0,0,0.0,0,0,0.0,0,0,0.0,0,0,0.0,0,0,0.0,0,0,0.0,0,0,0.0,0,0,0.0,0,9,0.0,0,0,0.0,0,0,0.0,0,0,0.0,12,32,0.2727,7,14,0.3333,18,34,0.3462,13,31,0.2955,7,19,0.2692,0,0,0.0,0,0,0.0
2026-04-03 21:40:20,test_2769.jpg,126,32,158,0.2025,7,31,32,0,0,0.0,0,0,0.0,0,0,0.0,0,0,0.0,0,0,0.0,0,0,0.0,0,0,0.0,0,0,0.0,0,0,0.0,0,0,0.0,3,15,0.1667,0,0,0.0,0,0,0.0,0,0,0.0,0,0,0.0,0,0,0.0,0,0,0.0,0,0,0.0,0,0,0.0,0,0,0.0,0,0,0.0,11,20,0.3548,0,0,0.0,0,0,0.0,0,0,0.0,10,31,0.2439,5,21,0.1923,3,18,0.1429,0,14,0.0,0,7,0.0,0,0,0.0,0,0,0.0
2026-04-03 21:40:20,test_277.jpg,137,21,158,0.1329,7,31,32,0,0,0.0,0,0,0.0,0,0,0.0,0,0,0.0,0,0,0.0,0,0,0.0,0,0,0.0,0,0,0.0,0,0,0.0,0,0,0.0,1,19,0.05,0,0,0.0,0,0,0.0,0,0,0.0,0,0,0.0,0,0,0.0,0,0,0.0,0,0,0.0,0,0,0.0,0,0,0.0,0,0,0.0,0,13,0.0,0,0,0.0,0,0,0.0,0,0,0.0,2,16,0.1111,4,22,0.1538,4,26,0.1333,6,21,0.2222,4,20,0.1667,0,0,0.0,0,0,0.0
2026-04-03 21:40:20,test_2770.jpg,175,36,211,0.1706,6,31,32,0,0,0.0,0,0,0.0,0,0,0.0,0,0,0.0,0,0,0.0,0,0,0.0,0,0,0.0,0,0,0.0,0,0,0.0,0,0,0.0,6,26,0.1875,0,0,0.0,0,0,0.0,0,0,0.0,0,0,0.0,0,0,0.0,0,0,0.0,0,0,0.0,0,0,0.0,0,0,0.0,0,0,0.0,4,29,0.1212,0,0,0.0,0,0,0.0,0,0,0.0,5,37,0.119,7,27,0.2059,5,33,0.1316,9,23,0.2812,0,0,0.0,0,0,0.0,0,0,0.0
2026-04-03 21:40:20,test_2771.jpg,168,70,238,0.2941,5,31,32,0,0,0.0,0,0,0.0,0,0,0.0,0,0,0.0,0,0,0.0,0,0,0.0,0,0,0.0,0,0,0.0,0,0,0.0,0,0,0.0,1,20,0.0476,0,0,0.0,0,0,0.0,0,0,0.0,0,0,0.0,0,0,0.0,0,0,0.0,0,0,0.0,0,0,0.0,0,0,0.0,0,0,0.0,3,19,0.1364,0,0,0.0,0,0,0.0,0,0,0.0,11,51,0.1774,39,51,0.4333,16,27,0.3721,0,0,0.0,0,0,0.0,0,0,0.0,0,0,0.0
2026-04-03 21:40:20,test_2772.jpg,170,39,209,0.1866,12,31,32,3,20,0.1304,4,18,0.1818,0,15,0.0,0,0,0.0,0,0,0.0,0,0,0.0,0,0,0.0,0,0,0.0,0,0,0.0,0,0,0.0,4,10,0.2857,0,0,0.0,0,0,0.0,0,0,0.0,0,0,0.0,0,0,0.0,0,0,0.0,0,0,0.0,0,0,0.0,0,0,0.0,0,0,0.0,5,19,0.2083,0,0,0.0,0,0,0.0,0,0,0.0,8,10,0.4444,1,13,0.0714,2,15,0.1176,2,13,0.1333,4,11,0.2667,4,10,0.2857,2,16,0.1111
2026-04-03 21:40:20,test_2773.jpg,120,11,131,0.084,6,31,32,0,0,0.0,0,0,0.0,0,0,0.0,0,0,0.0,0,0,0.0,0,0,0.0,0,0,0.0,0,0,0.0,0,0,0.0,0,0,0.0,0,16,0.0,0,0,0.0,0,0,0.0,0,0,0.0,0,0,0.0,0,0,0.0,0,0,0.0,0,0,0.0,0,0,0.0,0,0,0.0,0,0,0.0,2,23,0.08,0,0,0.0,0,0,0.0,0,0,0.0,0,19,0.0,4,19,0.1739,2,20,0.0909,3,23,0.1154,0,0,0.0,0,0,0.0,0,0,0.0
2026-04-03 21:40:20,test_2774.jpg,125,33,158,0.2089,6,31,32,0,0,0.0,0,0,0.0,0,0,0.0,0,0,0.0,0,0,0.0,0,0,0.0,0,0,0.0,0,0,0.0,0,0,0.0,0,0,0.0,4,10,0.2857,0,0,0.0,0,0,0.0,0,0,0.0,0,0,0.0,0,0,0.0,0,0,0.0,0,0,0.0,0,0,0.0,0,0,0.0,0,0,0.0,3,27,0.1,0,0,0.0,0,0,0.0,0,0,0.0,5,25,0.1667,2,24,0.0769,11,22,0.3333,8,17,0.32,0,0,0.0,0,0,0.0,0,0,0.0
2026-04-03 21:40:20,test_2775.jpg,133,60,193,0.3109,6,31,32,0,0,0.0,0,0,0.0,0,0,0.0,0,0,0.0,0,0,0.0,0,0,0.0,0,0,0.0,0,0,0.0,0,0,0.0,0,0,0.0,1,14,0.0667,0,0,0.0,0,0,0.0,0,0,0.0,0,0,0.0,0,0,0.0,0,0,0.0,0,0,0.0,0,0,0.0,0,0,0.0,0,0,0.0,4,36,0.1,0,0,0.0,0,0,0.0,0,0,0.0,24,19,0.5581,5,16,0.2381,19,27,0.413,7,21,0.25,0,0,0.0,0,0,0.0,0,0,0.0
2026-04-03 21:40:20,test_2776.jpg,155,28,183,0.153,4,31,32,0,0,0.0,0,0,0.0,0,0,0.0,0,0,0.0,0,0,0.0,0,0,0.0,0,0,0.0,0,0,0.0,0,0,0.0,0,0,0.0,2,28,0.0667,0,0,0.0,0,0,0.0,0,0,0.0,0,0,0.0,0,0,0.0,0,0,0.0,0,0,0.0,0,0,0.0,0,0,0.0,0,0,0.0,7,54,0.1148,0,0,0.0,0,0,0.0,0,0,0.0,12,44,0.2143,7,29,0.1944,0,0,0.0,0,0,0.0,0,0,0.0,0,0,0.0,0,0,0.0
2026-04-03 21:40:20,test_2777.jpg,157,4,161,0.0248,6,31,32,0,0,0.0,0,0,0.0,0,0,0.0,0,0,0.0,0,0,0.0,0,0,0.0,0,0,0.0,0,0,0.0,0,0,0.0,0,0,0.0,0,17,0.0,0,0,0.0,0,0,0.0,0,0,0.0,0,0,0.0,0,0,0.0,0,0,0.0,0,0,0.0,0,0,0.0,0,0,0.0,0,0,0.0,1,23,0.0417,0,0,0.0,0,0,0.0,0,0,0.0,1,23,0.0417,0,26,0.0,2,47,0.0408,0,21,0.0,0,0,0.0,0,0,0.0,0,0,0.0
2026-04-03 21:40:20,test_2778.jpg,155,47,202,0.2327,10,31,32,2,16,0.1111,0,0,0.0,0,0,0.0,0,0,0.0,0,0,0.0,0,0,0.0,0,0,0.0,0,0,0.0,0,0,0.0,0,0,0.0,2,19,0.0952,0,0,0.0,0,0,0.0,0,0,0.0,0,0,0.0,0,0,0.0,0,0,0.0,0,0,0.0,0,0,0.0,0,0,0.0,0,0,0.0,10,11,0.4762,0,0,0.0,0,0,0.0,0,0,0.0,2,12,0.1429,2,18,0.1,3,17,0.15,4,17,0.1905,10,11,0.4762,2,12,0.1429,10,22,0.3125
2026-04-03 21:40:20,test_2779.jpg,152,55,207,0.2657,9,31,32,0,0,0.0,0,0,0.0,0,0,0.0,0,0,0.0,0,0,0.0,0,0,0.0,0,0,0.0,0,0,0.0,0,0,0.0,0,0,0.0,4,12,0.25,0,0,0.0,0,0,0.0,0,0,0.0,0,0,0.0,0,0,0.0,0,0,0.0,0,0,0.0,0,0,0.0,0,0,0.0,0,0,0.0,1,19,0.05,0,0,0.0,0,0,0.0,0,0,0.0,0,11,0.0,2,12,0.1429,0,14,0.0,1,22,0.0435,9,26,0.2571,9,14,0.3913,29,22,0.5686
2026-04-03 21:40:20,test_278.jpg,156,53,209,0.2536,6,31,32,0,0,0.0,0,0,0.0,0,0,0.0,0,0,0.0,0,0,0.0,0,0,0.0,0,0,0.0,0,0,0.0,0,0,0.0,0,0,0.0,0,14,0.0,0,0,0.0,0,0,0.0,0,0,0.0,0,0,0.0,0,0,0.0,0,0,0.0,0,0,0.0,0,0,0.0,0,0,0.0,0,0,0.0,4,19,0.1739,0,0,0.0,0,0,0.0,0,0,0.0,4,18,0.1818,13,26,0.3333,13,29,0.3095,19,50,0.2754,0,0,0.0,0,0,0.0,0,0,0.0
2026-04-03 21:40:20,test_2780.jpg,151,10,161,0.0621,8,31,32,0,0,0.0,0,0,0.0,0,0,0.0,0,0,0.0,0,0,0.0,0,0,0.0,0,0,0.0,0,0,0.0,0,0,0.0,0,0,0.0,2,23,0.08,0,0,0.0,0,0,0.0,0,0,0.0,0,0,0.0,0,0,0.0,0,0,0.0,0,0,0.0,0,0,0.0,0,0,0.0,0,0,0.0,0,19,0.0,0,0,0.0,0,0,0.0,0,0,0.0,0,17,0.0,2,16,0.1111,2,17,0.1053,1,23,0.0417,0,19,0.0,3,17,0.15,0,0,0.0
2026-04-03 21:40:20,test_2781.jpg,127,12,139,0.0863,8,31,32,0,0,0.0,0,0,0.0,0,0,0.0,0,0,0.0,0,0,0.0,0,0,0.0,0,0,0.0,0,0,0.0,0,0,0.0,0,0,0.0,0,13,0.0,0,0,0.0,0,0,0.0,0,0,0.0,0,0,0.0,0,0,0.0,0,0,0.0,0,0,0.0,0,0,0.0,0,0,0.0,0,0,0.0,3,16,0.1579,0,0,0.0,0,0,0.0,0,0,0.0,0,14,0.0,1,13,0.0714,0,20,0.0,3,20,0.1304,3,14,0.1765,2,17,0.1053,0,0,0.0
2026-04-03 21:40:20,test_2782.jpg,145,13,158,0.0823,11,31,32,0,16,0.0,1,19,0.05,0,0,0.0,0,0,0.0,0,0,0.0,0,0,0.0,0,0,0.0,0,0,0.0,0,0,0.0,0,0,0.0,3,8,0.2727,0,0,0.0,0,0,0.0,0,0,0.0,0,0,0.0,0,0,0.0,0,0,0.0,0,0,0.0,0,0,0.0,0,0,0.0,0,0,0.0,0,10,0.0,0,0,0.0,0,0,0.0,0,0,0.0,0,11,0.0,0,9,0.0,3,11,0.2143,0,15,0.0,6,25,0.1935,0,10,0.0,0,11,0.0
2026-04-03 21:40:20,test_2783.jpg,148,36,184,0.1957,7,31,32,0,0,0.0,0,0,0.0,0,0,0.0,0,0,0.0,0,0,0.0,0,0,0.0,0,0,0.0,0,0,0.0,0,0,0.0,0,0,0.0,9,29,0.2368,0,0,0.0,0,0,0.0,0,0,0.0,0,0,0.0,0,0,0.0,0,0,0.0,0,0,0.0,0,0,0.0,0,0,0.0,0,0,0.0,9,34,0.2093,0,0,0.0,0,0,0.0,0,0,0.0,12,24,0.3333,5,20,0.2,0,17,0.0,1,15,0.0625,0,9,0.0,0,0,0.0,0,0,0.0
2026-04-03 21:40:20,test_2784.jpg,289,153,442,0.3462,9,31,32,0,0,0.0,0,0,0.0,0,0,0.0,0,0,0.0,0,0,0.0,0,0,0.0,0,0,0.0,0,0,0.0,0,0,0.0,0,0,0.0,10,32,0.2381,0,0,0.0,0,0,0.0,0,0,0.0,0,0,0.0,0,0,0.0,0,0,0.0,0,0,0.0,0,0,0.0,0,0,0.0,0,0,0.0,4,28,0.125,0,0,0.0,0,0,0.0,0,0,0.0,7,18,0.28,4,18,0.1818,25,46,0.3521,41,43,0.4881,34,46,0.425,23,36,0.3898,5,22,0.1852
2026-04-03 21:40:20,test_2785.jpg,118,47,165,0.2848,8,31,32,0,0,0.0,0,0,0.0,0,0,0.0,0,0,0.0,0,0,0.0,0,0,0.0,0,0,0.0,0,0,0.0,0,0,0.0,0,0,0.0,0,14,0.0,0,0,0.0,0,0,0.0,0,0,0.0,0,0,0.0,0,0,0.0,0,0,0.0,0,0,0.0,0,0,0.0,0,0,0.0,0,0,0.0,0,3,0.0,0,0,0.0,0,0,0.0,0,0,0.0,1,20,0.0476,10,18,0.3571,6,10,0.375,2,19,0.0952,15,20,0.4286,13,14,0.4815,0,0,0.0
2026-04-03 21:40:20,test_2786.jpg,191,56,247,0.2267,5,31,32,0,0,0.0,0,0,0.0,0,0,0.0,0,0,0.0,0,0,0.0,0,0,0.0,0,0,0.0,0,0,0.0,0,0,0.0,0,0,0.0,0,27,0.0,0,0,0.0,0,0,0.0,0,0,0.0,0,0,0.0,0,0,0.0,0,0,0.0,0,0,0.0,0,0,0.0,0,0,0.0,0,0,0.0,7,38,0.1556,0,0,0.0,0,0,0.0,0,0,0.0,7,33,0.175,10,37,0.2128,32,56,0.3636,0,0,0.0,0,0,0.0,0,0,0.0,0,0,0.0
2026-04-03 21:40:20,test_2787.jpg,152,111,263,0.4221,9,31,32,0,0,0.0,0,0,0.0,0,0,0.0,0,0,0.0,0,0,0.0,0,0,0.0,0,0,0.0,0,0,0.0,0,0,0.0,0,0,0.0,12,13,0.48,0,0,0.0,0,0,0.0,0,0,0.0,0,0,0.0,0,0,0.0,0,0,0.0,0,0,0.0,0,0,0.0,0,0,0.0,0,0,0.0,6,8,0.4286,0,0,0.0,0,0,0.0,0,0,0.0,5,4,0.5556,11,18,0.3793,9,20,0.3103,19,24,0.4419,19,24,0.4419,19,27,0.413,11,14,0.44
2026-04-03 21:40:20,test_2788.jpg,139,37,176,0.2102,8,31,32,0,0,0.0,0,0,0.0,0,0,0.0,0,0,0.0,0,0,0.0,0,0,0.0,0,0,0.0,0,0,0.0,0,0,0.0,0,0,0.0,0,14,0.0,0,0,0.0,0,0,0.0,0,0,0.0,0,0,0.0,0,0,0.0,0,0,0.0,0,0,0.0,0,0,0.0,0,0,0.0,0,0,0.0,3,19,0.1364,0,0,0.0,0,0,0.0,0,0,0.0,3,20,0.1304,6,17,0.2609,6,19,0.24,7,18,0.28,6,19,0.24,6,13,0.3158,0,0,0.0
2026-04-03 21:40:20,test_2789.jpg,150,3,153,0.0196,8,31,32,0,0,0.0,0,0,0.0,0,0,0.0,0,0,0.0,0,0,0.0,0,0,0.0,0,0,0.0,0,0,0.0,0,0,0.0,0,0,0.0,0,23,0.0,0,0,0.0,0,0,0.0,0,0,0.0,0,0,0.0,0,0,0.0,0,0,0.0,0,0,0.0,0,0,0.0,0,0,0.0,0,0,0.0,0,23,0.0,0,0,0.0,0,0,0.0,0,0,0.0,0,19,0.0,0,18,0.0,3,17,0.15,0,16,0.0,0,17,0.0,0,17,0.0,0,0,0.0
2026-04-03 21:40:20,test_279.jpg,117,33,150,0.22,7,31,32,0,0,0.0,0,0,0.0,0,0,0.0,0,0,0.0,0,0,0.0,0,0,0.0,0,0,0.0,0,0,0.0,0,0,0.0,0,0,0.0,13,20,0.3939,0,0,0.0,0,0,0.0,0,0,0.0,0,0,0.0,0,0,0.0,0,0,0.0,0,0,0.0,0,0,0.0,0,0,0.0,0,0,0.0,12,17,0.4138,0,0,0.0,0,0,0.0,0,0,0.0,1,22,0.0435,1,10,0.0909,3,17,0.15,0,12,0.0,3,19,0.1364,0,0,0.0,0,0,0.0
2026-04-03 21:40:20,test_2790.jpg,137,38,175,0.2171,7,31,32,0,0,0.0,0,0,0.0,0,0,0.0,0,0,0.0,0,0,0.0,0,0,0.0,0,0,0.0,0,0,0.0,0,0,0.0,0,0,0.0,2,19,0.0952,0,0,0.0,0,0,0.0,0,0,0.0,0,0,0.0,0,0,0.0,0,0,0.0,0,0,0.0,0,0,0.0,0,0,0.0,0,0,0.0,10,16,0.3846,0,0,0.0,0,0,0.0,0,0,0.0,5,18,0.2174,3,16,0.1579,4,17,0.1905,7,32,0.1795,7,19,0.2692,0,0,0.0,0,0,0.0
2026-04-03 21:40:20,test_2791.jpg,132,35,167,0.2096,8,31,32,0,0,0.0,0,0,0.0,0,0,0.0,0,0,0.0,0,0,0.0,0,0,0.0,0,0,0.0,0,0,0.0,0,0,0.0,0,0,0.0,2,14,0.125,0,0,0.0,0,0,0.0,0,0,0.0,0,0,0.0,0,0,0.0,0,0,0.0,0,0,0.0,0,0,0.0,0,0,0.0,0,0,0.0,2,17,0.1053,0,0,0.0,0,0,0.0,0,0,0.0,2,17,0.1053,5,22,0.1852,7,22,0.2414,5,14,0.2632,10,13,0.4348,2,13,0.1333,0,0,0.0
2026-04-03 21:40:20,test_2792.jpg,113,31,144,0.2153,6,31,32,0,0,0.0,0,0,0.0,0,0,0.0,0,0,0.0,0,0,0.0,0,0,0.0,0,0,0.0,0,0,0.0,0,0,0.0,0,0,0.0,3,12,0.2,0,0,0.0,0,0,0.0,0,0,0.0,0,0,0.0,0,0,0.0,0,0,0.0,0,0,0.0,0,0,0.0,0,0,0.0,0,0,0.0,6,13,0.3158,0,0,0.0,0,0,0.0,0,0,0.0,1,21,0.0455,1,19,0.05,17,30,0.3617,3,18,0.1429,0,0,0.0,0,0,0.0,0,0,0.0
2026-04-03 21:40:20,test_2793.jpg,137,4,141,0.0284,7,31,32,0,0,0.0,0,0,0.0,0,0,0.0,0,0,0.0,0,0,0.0,0,0,0.0,0,0,0.0,0,0,0.0,0,0,0.0,0,0,0.0,4,23,0.1481,0,0,0.0,0,0,0.0,0,0,0.0,0,0,0.0,0,0,0.0,0,0,0.0,0,0,0.0,0,0,0.0,0,0,0.0,0,0,0.0,0,12,0.0,0,0,0.0,0,0,0.0,0,0,0.0,0,35,0.0,0,14,0.0,0,18,0.0,0,18,0.0,0,17,0.0,0,0,0.0,0,0,0.0
2026-04-03 21:40:20,test_2794.jpg,176,14,190,0.0737,6,31,32,0,0,0.0,0,0,0.0,0,0,0.0,0,0,0.0,0,0,0.0,0,0,0.0,0,0,0.0,0,0,0.0,0,0,0.0,0,0,0.0,0,20,0.0,0,0,0.0,0,0,0.0,0,0,0.0,0,0,0.0,0,0,0.0,0,0,0.0,0,0,0.0,0,0,0.0,0,0,0.0,0,0,0.0,0,38,0.0,0,0,0.0,0,0,0.0,0,0,0.0,0,30,0.0,0,33,0.0,8,36,0.1818,6,19,0.24,0,0,0.0,0,0,0.0,0,0,0.0
2026-04-03 21:40:20,test_2795.jpg,169,36,205,0.1756,8,31,32,0,0,0.0,0,0,0.0,0,0,0.0,0,0,0.0,0,0,0.0,0,0,0.0,0,0,0.0,0,0,0.0,0,0,0.0,0,0,0.0,2,18,0.1,0,0,0.0,0,0,0.0,0,0,0.0,0,0,0.0,0,0,0.0,0,0,0.0,0,0,0.0,0,0,0.0,0,0,0.0,0,0,0.0,2,23,0.08,0,0,0.0,0,0,0.0,0,0,0.0,3,20,0.1304,1,16,0.0588,0,25,0.0,4,25,0.1379,11,26,0.2973,13,16,0.4483,0,0,0.0
2026-04-03 21:40:20,test_2796.jpg,153,38,191,0.199,6,31,32,0,0,0.0,0,0,0.0,0,0,0.0,0,0,0.0,0,0,0.0,0,0,0.0,0,0,0.0,0,0,0.0,0,0,0.0,0,0,0.0,1,21,0.0455,0,0,0.0,0,0,0.0,0,0,0.0,0,0,0.0,0,0,0.0,0,0,0.0,0,0,0.0,0,0,0.0,0,0,0.0,0,0,0.0,1,23,0.0417,0,0,0.0,0,0,0.0,0,0,0.0,3,23,0.1154,5,21,0.1923,13,43,0.2321,15,22,0.4054,0,0,0.0,0,0,0.0,0,0,0.0
2026-04-03 21:40:20,test_2797.jpg,133,31,164,0.189,7,31,32,0,0,0.0,0,0,0.0,0,0,0.0,0,0,0.0,0,0,0.0,0,0,0.0,0,0,0.0,0,0,0.0,0,0,0.0,0,0,0.0,3,17,0.15,0,0,0.0,0,0,0.0,0,0,0.0,0,0,0.0,0,0,0.0,0,0,0.0,0,0,0.0,0,0,0.0,0,0,0.0,0,0,0.0,5,20,0.2,0,0,0.0,0,0,0.0,0,0,0.0,2,18,0.1,11,18,0.3793,1,21,0.0455,2,20,0.0909,7,19,0.2692,0,0,0.0,0,0,0.0
2026-04-03 21:40:20,test_2798.jpg,183,108,291,0.3711,4,31,32,0,0,0.0,0,0,0.0,0,0,0.0,0,0,0.0,0,0,0.0,0,0,0.0,0,0,0.0,0,0,0.0,0,0,0.0,0,0,0.0,0,24,0.0,0,0,0.0,0,0,0.0,0,0,0.0,0,0,0.0,0,0,0.0,0,0,0.0,0,0,0.0,0,0,0.0,0,0,0.0,0,0,0.0,4,38,0.0952,0,0,0.0,0,0,0.0,0,0,0.0,71,85,0.4551,33,36,0.4783,0,0,0.0,0,0,0.0,0,0,0.0,0,0,0.0,0,0,0.0
2026-04-03 21:40:20,test_2799.jpg,134,32,166,0.1928,8,31,32,0,0,0.0,0,0,0.0,0,0,0.0,0,0,0.0,0,0,0.0,0,0,0.0,0,0,0.0,0,0,0.0,0,0,0.0,0,0,0.0,3,18,0.1429,0,0,0.0,0,0,0.0,0,0,0.0,0,0,0.0,0,0,0.0,0,0,0.0,0,0,0.0,0,0,0.0,0,0,0.0,0,0,0.0,4,24,0.1429,0,0,0.0,0,0,0.0,0,0,0.0,4,22,0.1538,7,10,0.4118,2,15,0.1176,7,14,0.3333,1,16,0.0588,4,15,0.2105,0,0,0.0
2026-04-03 21:40:20,test_28.jpg,134,5,139,0.036,7,31,32,0,0,0.0,0,0,0.0,0,0,0.0,0,0,0.0,0,0,0.0,0,0,0.0,0,0,0.0,0,0,0.0,0,0,0.0,0,0,0.0,1,17,0.0556,0,0,0.0,0,0,0.0,0,0,0.0,0,0,0.0,0,0,0.0,0,0,0.0,0,0,0.0,0,0,0.0,0,0,0.0,0,0,0.0,2,17,0.1053,0,0,0.0,0,0,0.0,0,0,0.0,0,17,0.0,0,18,0.0,0,20,0.0,0,20,0.0,2,25,0.0741,0,0,0.0,0,0,0.0
2026-04-03 21:40:20,test_280.jpg,127,12,139,0.0863,7,31,32,0,0,0.0,0,0,0.0,0,0,0.0,0,0,0.0,0,0,0.0,0,0,0.0,0,0,0.0,0,0,0.0,0,0,0.0,0,0,0.0,0,14,0.0,0,0,0.0,0,0,0.0,0,0,0.0,0,0,0.0,0,0,0.0,0,0,0.0,0,0,0.0,0,0,0.0,0,0,0.0,0,0,0.0,1,19,0.05,0,0,0.0,0,0,0.0,0,0,0.0,0,22,0.0,2,21,0.087,0,15,0.0,9,36,0.2,0,0,0.0,0,0,0.0,0,0,0.0
2026-04-03 21:40:20,test_2800.jpg,295,197,492,0.4004,5,31,32,0,0,0.0,0,0,0.0,0,0,0.0,0,0,0.0,0,0,0.0,0,0,0.0,0,0,0.0,0,0,0.0,0,0,0.0,0,0,0.0,6,49,0.1091,0,0,0.0,0,0,0.0,0,0,0.0,0,0,0.0,0,0,0.0,0,0,0.0,0,0,0.0,0,0,0.0,0,0,0.0,0,0,0.0,0,49,0.0,0,0,0.0,0,0,0.0,0,0,0.0,10,62,0.1389,121,90,0.5735,60,45,0.5714,0,0,0.0,0,0,0.0,0,0,0.0,0,0,0.0
2026-04-03 21:40:20,test_2801.jpg,138,25,163,0.1534,7,31,32,0,0,0.0,0,0,0.0,0,0,0.0,0,0,0.0,0,0,0.0,0,0,0.0,0,0,0.0,0,0,0.0,0,0,0.0,0,0,0.0,1,18,0.0526,0,0,0.0,0,0,0.0,0,0,0.0,0,0,0.0,0,0,0.0,0,0,0.0,0,0,0.0,0,0,0.0,0,0,0.0,0,0,0.0,3,14,0.1765,0,0,0.0,0,0,0.0,0,0,0.0,0,11,0.0,3,23,0.1154,0,21,0.0,7,28,0.2,11,23,0.3235,0,0,0.0,0,0,0.0
2026-04-03 21:40:20,test_2802.jpg,143,11,154,0.0714,3,31,32,0,0,0.0,0,0,0.0,0,0,0.0,0,0,0.0,0,0,0.0,0,0,0.0,0,0,0.0,0,0,0.0,0,0,0.0,0,0,0.0,6,38,0.1364,0,0,0.0,0,0,0.0,0,0,0.0,0,0,0.0,0,0,0.0,0,0,0.0,0,0,0.0,0,0,0.0,0,0,0.0,0,0,0.0,3,57,0.05,0,0,0.0,0,0,0.0,0,0,0.0,2,48,0.04,0,0,0.0,0,0,0.0,0,0,0.0,0,0,0.0,0,0,0.0,0,0,0.0
2026-04-03 21:40:20,test_2803.jpg,121,22,143,0.1538,7,31,32,0,0,0.0,0,0,0.0,0,0,0.0,0,0,0.0,0,0,0.0,0,0,0.0,0,0,0.0,0,0,0.0,0,0,0.0,0,0,0.0,1,16,0.0588,0,0,0.0,0,0,0.0,0,0,0.0,0,0,0.0,0,0,0.0,0,0,0.0,0,0,0.0,0,0,0.0,0,0,0.0,0,0,0.0,0,15,0.0,0,0,0.0,0,0,0.0,0,0,0.0,2,17,0.1053,0,19,0.0,1,12,0.0769,3,15,0.1667,15,27,0.3571,0,0,0.0,0,0,0.0
2026-04-03 21:40:20,test_2804.jpg,143,22,165,0.1333,7,31,32,0,0,0.0,0,0,0.0,0,0,0.0,0,0,0.0,0,0,0.0,0,0,0.0,0,0,0.0,0,0,0.0,0,0,0.0,0,0,0.0,0,16,0.0,0,0,0.0,0,0,0.0,0,0,0.0,0,0,0.0,0,0,0.0,0,0,0.0,0,0,0.0,0,0,0.0,0,0,0.0,0,0,0.0,4,18,0.1818,0,0,0.0,0,0,0.0,0,0,0.0,13,21,0.3824,0,28,0.0,1,22,0.0435,4,20,0.1667,0,18,0.0,0,0,0.0,0,0,0.0
2026-04-03 21:40:20,test_2805.jpg,151,21,172,0.1221,8,31,32,0,0,0.0,0,0,0.0,0,0,0.0,0,0,0.0,0,0,0.0,0,0,0.0,0,0,0.0,0,0,0.0,0,0,0.0,0,0,0.0,0,13,0.0,0,0,0.0,0,0,0.0,0,0,0.0,0,0,0.0,0,0,0.0,0,0,0.0,0,0,0.0,0,0,0.0,0,0,0.0,0,0,0.0,1,21,0.0455,0,0,0.0,0,0,0.0,0,0,0.0,1,25,0.0385,4,19,0.1739,1,20,0.0476,4,17,0.1905,3,21,0.125,7,15,0.3182,0,0,0.0
2026-04-03 21:40:20,test_2806.jpg,104,38,142,0.2676,8,31,32,0,0,0.0,0,0,0.0,0,0,0.0,0,0,0.0,0,0,0.0,0,0,0.0,0,0,0.0,0,0,0.0,0,0,0.0,0,0,0.0,2,6,0.25,0,0,0.0,0,0,0.0,0,0,0.0,0,0,0.0,0,0,0.0,0,0,0.0,0,0,0.0,0,0,0.0,0,0,0.0,0,0,0.0,5,11,0.3125,0,0,0.0,0,0,0.0,0,0,0.0,2,7,0.2222,2,12,0.1429,2,14,0.125,9,17,0.3462,7,19,0.2692,9,18,0.3333,0,0,0.0
2026-04-03 21:40:20,test_2807.jpg,225,77,302,0.255,8,31,32,0,0,0.0,0,0,0.0,0,0,0.0,0,0,0.0,0,0,0.0,0,0,0.0,0,0,0.0,0,0,0.0,0,0,0.0,0,0,0.0,5,16,0.2381,0,0,0.0,0,0,0.0,0,0,0.0,0,0,0.0,0,0,0.0,0,0,0.0,0,0,0.0,0,0,0.0,0,0,0.0,0,0,0.0,2,11,0.1538,0,0,0.0,0,0,0.0,0,0,0.0,6,27,0.1818,38,56,0.4043,3,29,0.0938,6,38,0.1364,11,33,0.25,6,15,0.2857,0,0,0.0
2026-04-03 21:40:20,test_2808.jpg,128,19,147,0.1293,7,31,32,0,0,0.0,0,0,0.0,0,0,0.0,0,0,0.0,0,0,0.0,0,0,0.0,0,0,0.0,0,0,0.0,0,0,0.0,0,0,0.0,0,12,0.0,0,0,0.0,0,0,0.0,0,0,0.0,0,0,0.0,0,0,0.0,0,0,0.0,0,0,0.0,0,0,0.0,0,0,0.0,0,0,0.0,0,19,0.0,0,0,0.0,0,0,0.0,0,0,0.0,0,17,0.0,4,16,0.2,6,30,0.1667,3,18,0.1429,6,16,0.2727,0,0,0.0,0,0,0.0
2026-04-03 21:40:20,test_2809.jpg,137,14,151,0.0927,6,31,32,0,0,0.0,0,0,0.0,0,0,0.0,0,0,0.0,0,0,0.0,0,0,0.0,0,0,0.0,0,0,0.0,0,0,0.0,0,0,0.0,0,22,0.0,0,0,0.0,0,0,0.0,0,0,0.0,0,0,0.0,0,0,0.0,0,0,0.0,0,0,0.0,0,0,0.0,0,0,0.0,0,0,0.0,1,25,0.0385,0,0,0.0,0,0,0.0,0,0,0.0,6,17,0.2609,5,25,0.1667,1,25,0.0385,1,23,0.0417,0,0,0.0,0,0,0.0,0,0,0.0
2026-04-03 21:40:20,test_281.jpg,151,227,378,0.6005,1,31,32,0,0,0.0,0,0,0.0,0,0,0.0,0,0,0.0,0,0,0.0,0,0,0.0,0,0,0.0,0,0,0.0,0,0,0.0,0,0,0.0,227,151,0.6005,0,0,0.0,0,0,0.0,0,0,0.0,0,0,0.0,0,0,0.0,0,0,0.0,0,0,0.0,0,0,0.0,0,0,0.0,0,0,0.0,0,0,0.0,0,0,0.0,0,0,0.0,0,0,0.0,0,0,0.0,0,0,0.0,0,0,0.0,0,0,0.0,0,0,0.0,0,0,0.0,0,0,0.0
2026-04-03 21:40:20,test_2810.jpg,213,54,267,0.2022,6,31,32,0,0,0.0,0,0,0.0,0,0,0.0,0,0,0.0,0,0,0.0,0,0,0.0,0,0,0.0,0,0,0.0,0,0,0.0,0,0,0.0,2,9,0.1818,0,0,0.0,0,0,0.0,0,0,0.0,0,0,0.0,0,0,0.0,0,0,0.0,0,0,0.0,0,0,0.0,0,0,0.0,0,0,0.0,19,50,0.2754,0,0,0.0,0,0,0.0,0,0,0.0,4,31,0.1143,5,34,0.1282,21,77,0.2143,3,12,0.2,0,0,0.0,0,0,0.0,0,0,0.0
2026-04-03 21:40:20,test_2811.jpg,130,25,155,0.1613,6,31,32,0,0,0.0,0,0,0.0,0,0,0.0,0,0,0.0,0,0,0.0,0,0,0.0,0,0,0.0,0,0,0.0,0,0,0.0,0,0,0.0,1,10,0.0909,0,0,0.0,0,0,0.0,0,0,0.0,0,0,0.0,0,0,0.0,0,0,0.0,0,0,0.0,0,0,0.0,0,0,0.0,0,0,0.0,7,32,0.1795,0,0,0.0,0,0,0.0,0,0,0.0,3,22,0.12,8,23,0.2581,3,21,0.125,3,22,0.12,0,0,0.0,0,0,0.0,0,0,0.0
2026-04-03 21:40:20,test_2812.jpg,149,36,185,0.1946,9,31,32,0,0,0.0,0,0,0.0,0,0,0.0,0,0,0.0,0,0,0.0,0,0,0.0,0,0,0.0,0,0,0.0,0,0,0.0,0,0,0.0,2,13,0.1333,0,0,0.0,0,0,0.0,0,0,0.0,0,0,0.0,0,0,0.0,0,0,0.0,0,0,0.0,0,0,0.0,0,0,0.0,0,0,0.0,0,4,0.0,0,0,0.0,0,0,0.0,0,0,0.0,2,23,0.08,6,25,0.1935,4,16,0.2,5,20,0.2,10,19,0.3448,2,20,0.0909,5,9,0.3571
2026-04-03 21:40:20,test_2813.jpg,134,7,141,0.0496,7,31,32,0,0,0.0,0,0,0.0,0,0,0.0,0,0,0.0,0,0,0.0,0,0,0.0,0,0,0.0,0,0,0.0,0,0,0.0,0,0,0.0,2,30,0.0625,0,0,0.0,0,0,0.0,0,0,0.0,0,0,0.0,0,0,0.0,0,0,0.0,0,0,0.0,0,0,0.0,0,0,0.0,0,0,0.0,1,14,0.0667,0,0,0.0,0,0,0.0,0,0,0.0,0,16,0.0,0,15,0.0,2,23,0.08,1,18,0.0526,1,18,0.0526,0,0,0.0,0,0,0.0
2026-04-03 21:40:20,test_2814.jpg,300,236,536,0.4403,8,31,32,0,0,0.0,0,0,0.0,0,0,0.0,0,0,0.0,0,0,0.0,0,0,0.0,0,0,0.0,0,0,0.0,0,0,0.0,0,0,0.0,4,8,0.3333,0,0,0.0,0,0,0.0,0,0,0.0,0,0,0.0,0,0,0.0,0,0,0.0,0,0,0.0,0,0,0.0,0,0,0.0,0,0,0.0,50,58,0.463,0,0,0.0,0,0,0.0,0,0,0.0,27,36,0.4286,33,35,0.4853,37,44,0.4568,37,45,0.4512,25,30,0.4545,23,44,0.3433,0,0,0.0
2026-04-03 21:40:20,test_2815.jpg,170,26,196,0.1327,7,31,32,0,0,0.0,0,0,0.0,0,0,0.0,0,0,0.0,0,0,0.0,0,0,0.0,0,0,0.0,0,0,0.0,0,0,0.0,0,0,0.0,2,21,0.087,0,0,0.0,0,0,0.0,0,0,0.0,0,0,0.0,0,0,0.0,0,0,0.0,0,0,0.0,0,0,0.0,0,0,0.0,0,0,0.0,5,23,0.1786,0,0,0.0,0,0,0.0,0,0,0.0,2,21,0.087,3,26,0.1034,4,22,0.1538,3,36,0.0769,7,21,0.25,0,0,0.0,0,0,0.0
2026-04-03 21:40:20,test_2816.jpg,166,94,260,0.3615,6,31,32,0,0,0.0,0,0,0.0,0,0,0.0,0,0,0.0,0,0,0.0,0,0,0.0,0,0,0.0,0,0,0.0,0,0,0.0,0,0,0.0,0,17,0.0,0,0,0.0,0,0,0.0,0,0,0.0,0,0,0.0,0,0,0.0,0,0,0.0,0,0,0.0,0,0,0.0,0,0,0.0,0,0,0.0,2,22,0.0833,0,0,0.0,0,0,0.0,0,0,0.0,7,48,0.1273,25,26,0.4902,44,32,0.5789,16,21,0.4324,0,0,0.0,0,0,0.0,0,0,0.0
2026-04-03 21:40:20,test_2817.jpg,141,9,150,0.06,6,31,32,0,0,0.0,0,0,0.0,0,0,0.0,0,0,0.0,0,0,0.0,0,0,0.0,0,0,0.0,0,0,0.0,0,0,0.0,0,0,0.0,1,26,0.037,0,0,0.0,0,0,0.0,0,0,0.0,0,0,0.0,0,0,0.0,0,0,0.0,0,0,0.0,0,0,0.0,0,0,0.0,0,0,0.0,1,26,0.037,0,0,0.0,0,0,0.0,0,0,0.0,2,18,0.1,2,24,0.0769,2,22,0.0833,1,25,0.0385,0,0,0.0,0,0,0.0,0,0,0.0
2026-04-03 21:40:20,test_2818.jpg,262,38,300,0.1267,4,31,32,0,0,0.0,0,0,0.0,0,0,0.0,0,0,0.0,0,0,0.0,0,0,0.0,0,0,0.0,0,0,0.0,0,0,0.0,0,0,0.0,0,3,0.0,0,0,0.0,0,0,0.0,0,0,0.0,0,0,0.0,0,0,0.0,0,0,0.0,0,0,0.0,0,0,0.0,0,0,0.0,0,0,0.0,10,93,0.0971,0,0,0.0,0,0,0.0,0,0,0.0,28,165,0.1451,0,1,0.0,0,0,0.0,0,0,0.0,0,0,0.0,0,0,0.0,0,0,0.0
2026-04-03 21:40:20,test_2819.jpg,149,9,158,0.057,7,31,32,0,0,0.0,0,0,0.0,0,0,0.0,0,0,0.0,0,0,0.0,0,0,0.0,0,0,0.0,0,0,0.0,0,0,0.0,0,0,0.0,0,29,0.0,0,0,0.0,0,0,0.0,0,0,0.0,0,0,0.0,0,0,0.0,0,0,0.0,0,0,0.0,0,0,0.0,0,0,0.0,0,0,0.0,0,17,0.0,0,0,0.0,0,0,0.0,0,0,0.0,3,13,0.1875,1,22,0.0435,0,28,0.0,2,26,0.0714,3,14,0.1765,0,0,0.0,0,0,0.0
2026-04-03 21:40:20,test_282.jpg,183,21,204,0.1029,8,31,32,0,0,0.0,0,0,0.0,0,0,0.0,0,0,0.0,0,0,0.0,0,0,0.0,0,0,0.0,0,0,0.0,0,0,0.0,0,0,0.0,0,29,0.0,0,0,0.0,0,0,0.0,0,0,0.0,0,0,0.0,0,0,0.0,0,0,0.0,0,0,0.0,0,0,0.0,0,0,0.0,0,0,0.0,6,24,0.2,0,0,0.0,0,0,0.0,0,0,0.0,2,17,0.1053,2,20,0.0909,0,20,0.0,10,26,0.2778,1,24,0.04,0,23,0.0,0,0,0.0
2026-04-03 21:40:20,test_2820.jpg,242,138,380,0.3632,4,31,32,0,0,0.0,0,0,0.0,0,0,0.0,0,0,0.0,0,0,0.0,0,0,0.0,0,0,0.0,0,0,0.0,0,0,0.0,0,0,0.0,9,25,0.2647,0,0,0.0,0,0,0.0,0,0,0.0,0,0,0.0,0,0,0.0,0,0,0.0,0,0,0.0,0,0,0.0,0,0,0.0,0,0,0.0,29,84,0.2566,0,0,0.0,0,0,0.0,0,0,0.0,87,112,0.4372,13,21,0.3824,0,0,0.0,0,0,0.0,0,0,0.0,0,0,0.0,0,0,0.0
2026-04-03 21:40:20,test_2821.jpg,172,15,187,0.0802,14,31,32,1,11,0.0833,0,11,0.0,2,23,0.08,4,8,0.3333,1,10,0.0909,0,0,0.0,0,0,0.0,0,0,0.0,0,0,0.0,0,0,0.0,3,10,0.2308,0,0,0.0,0,0,0.0,0,0,0.0,0,0,0.0,0,0,0.0,0,0,0.0,0,0,0.0,0,0,0.0,0,0,0.0,0,0,0.0,1,14,0.0667,0,0,0.0,0,0,0.0,0,0,0.0,1,15,0.0625,1,12,0.0769,0,12,0.0,1,12,0.0769,0,14,0.0,0,10,0.0,0,10,0.0
2026-04-03 21:40:20,test_2822.jpg,154,12,166,0.0723,5,31,32,0,0,0.0,0,0,0.0,0,0,0.0,0,0,0.0,0,0,0.0,0,0,0.0,0,0,0.0,0,0,0.0,0,0,0.0,0,0,0.0,0,31,0.0,0,0,0.0,0,0,0.0,0,0,0.0,0,0,0.0,0,0,0.0,0,0,0.0,0,0,0.0,0,0,0.0,0,0,0.0,0,0,0.0,6,33,0.1538,0,0,0.0,0,0,0.0,0,0,0.0,4,22,0.1538,0,39,0.0,2,29,0.0645,0,0,0.0,0,0,0.0,0,0,0.0,0,0,0.0
2026-04-03 21:40:20,test_2823.jpg,114,29,143,0.2028,5,31,32,0,0,0.0,0,0,0.0,0,0,0.0,0,0,0.0,0,0,0.0,0,0,0.0,0,0,0.0,0,0,0.0,0,0,0.0,0,0,0.0,1,14,0.0667,0,0,0.0,0,0,0.0,0,0,0.0,0,0,0.0,0,0,0.0,0,0,0.0,0,0,0.0,0,0,0.0,0,0,0.0,0,0,0.0,4,23,0.1481,0,0,0.0,0,0,0.0,0,0,0.0,9,27,0.25,7,27,0.2059,8,23,0.2581,0,0,0.0,0,0,0.0,0,0,0.0,0,0,0.0
2026-04-03 21:40:20,test_2824.jpg,128,6,134,0.0448,6,31,32,0,0,0.0,0,0,0.0,0,0,0.0,0,0,0.0,0,0,0.0,0,0,0.0,0,0,0.0,0,0,0.0,0,0,0.0,0,0,0.0,3,22,0.12,0,0,0.0,0,0,0.0,0,0,0.0,0,0,0.0,0,0,0.0,0,0,0.0,0,0,0.0,0,0,0.0,0,0,0.0,0,0,0.0,0,16,0.0,0,0,0.0,0,0,0.0,0,0,0.0,0,14,0.0,0,16,0.0,2,38,0.05,1,22,0.0435,0,0,0.0,0,0,0.0,0,0,0.0
2026-04-03 21:40:20,test_2825.jpg,257,209,466,0.4485,5,31,32,0,0,0.0,0,0,0.0,0,0,0.0,0,0,0.0,0,0,0.0,0,0,0.0,0,0,0.0,0,0,0.0,0,0,0.0,0,0,0.0,0,23,0.0,0,0,0.0,0,0,0.0,0,0,0.0,0,0,0.0,0,0,0.0,0,0,0.0,0,0,0.0,0,0,0.0,0,0,0.0,0,0,0.0,7,50,0.1228,0,0,0.0,0,0,0.0,0,0,0.0,29,85,0.2544,131,75,0.6359,42,24,0.6364,0,0,0.0,0,0,0.0,0,0,0.0,0,0,0.0
2026-04-03 21:40:20,test_2826.jpg,222,93,315,0.2952,12,31,32,10,32,0.2381,17,26,0.3953,11,29,0.275,0,0,0.0,0,0,0.0,0,0,0.0,0,0,0.0,0,0,0.0,0,0,0.0,0,0,0.0,5,7,0.4167,0,0,0.0,0,0,0.0,0,0,0.0,0,0,0.0,0,0,0.0,0,0,0.0,0,0,0.0,0,0,0.0,0,0,0.0,0,0,0.0,11,20,0.3548,0,0,0.0,0,0,0.0,0,0,0.0,10,22,0.3125,5,11,0.3125,0,8,0.0,2,22,0.0833,3,20,0.1304,14,13,0.5185,5,12,0.2941
2026-04-03 21:40:20,test_2827.jpg,154,25,179,0.1397,4,31,32,0,0,0.0,0,0,0.0,0,0,0.0,0,0,0.0,0,0,0.0,0,0,0.0,0,0,0.0,0,0,0.0,0,0,0.0,0,0,0.0,3,18,0.1429,0,0,0.0,0,0,0.0,0,0,0.0,0,0,0.0,0,0,0.0,0,0,0.0,0,0,0.0,0,0,0.0,0,0,0.0,0,0,0.0,7,62,0.1014,0,0,0.0,0,0,0.0,0,0,0.0,8,49,0.1404,7,25,0.2188,0,0,0.0,0,0,0.0,0,0,0.0,0,0,0.0,0,0,0.0
2026-04-03 21:40:20,test_2828.jpg,149,4,153,0.0261,7,31,32,0,0,0.0,0,0,0.0,0,0,0.0,0,0,0.0,0,0,0.0,0,0,0.0,0,0,0.0,0,0,0.0,0,0,0.0,0,0,0.0,2,22,0.0833,0,0,0.0,0,0,0.0,0,0,0.0,0,0,0.0,0,0,0.0,0,0,0.0,0,0,0.0,0,0,0.0,0,0,0.0,0,0,0.0,0,16,0.0,0,0,0.0,0,0,0.0,0,0,0.0,1,19,0.05,1,23,0.0417,0,21,0.0,0,24,0.0,0,24,0.0,0,0,0.0,0,0,0.0
2026-04-03 21:40:20,test_2829.jpg,211,101,312,0.3237,9,31,32,0,0,0.0,0,0,0.0,0,0,0.0,0,0,0.0,0,0,0.0,0,0,0.0,0,0,0.0,0,0,0.0,0,0,0.0,0,0,0.0,8,23,0.2581,0,0,0.0,0,0,0.0,0,0,0.0,0,0,0.0,0,0,0.0,0,0,0.0,0,0,0.0,0,0,0.0,0,0,0.0,0,0,0.0,10,28,0.2632,0,0,0.0,0,0,0.0,0,0,0.0,14,20,0.4118,8,23,0.2581,12,25,0.3243,8,19,0.2963,24,26,0.48,12,21,0.3636,5,26,0.1613
2026-04-03 21:40:20,test_283.jpg,161,36,197,0.1827,13,31,32,0,13,0.0,2,15,0.1176,15,24,0.3846,13,20,0.3939,0,0,0.0,0,0,0.0,0,0,0.0,0,0,0.0,0,0,0.0,0,0,0.0,3,7,0.3,0,0,0.0,0,0,0.0,0,0,0.0,0,0,0.0,0,0,0.0,0,0,0.0,0,0,0.0,0,0,0.0,0,0,0.0,0,0,0.0,0,12,0.0,0,0,0.0,0,0,0.0,0,0,0.0,0,0,0.0,0,11,0.0,0,11,0.0,0,16,0.0,0,10,0.0,0,12,0.0,3,10,0.2308
2026-04-03 21:40:20,test_2830.jpg,168,61,229,0.2664,4,31,32,0,0,0.0,0,0,0.0,0,0,0.0,0,0,0.0,0,0,0.0,0,0,0.0,0,0,0.0,0,0,0.0,0,0,0.0,0,0,0.0,10,30,0.25,0,0,0.0,0,0,0.0,0,0,0.0,0,0,0.0,0,0,0.0,0,0,0.0,0,0,0.0,0,0,0.0,0,0,0.0,0,0,0.0,11,54,0.1692,0,0,0.0,0,0,0.0,0,0,0.0,18,40,0.3103,22,44,0.3333,0,0,0.0,0,0,0.0,0,0,0.0,0,0,0.0,0,0,0.0
2026-04-03 21:40:20,test_2831.jpg,166,26,192,0.1354,17,31,32,5,14,0.2632,0,12,0.0,2,13,0.1333,2,10,0.1667,0,5,0.0,0,9,0.0,1,13,0.0714,0,4,0.0,0,0,0.0,0,0,0.0,0,3,0.0,0,0,0.0,0,0,0.0,0,0,0.0,0,0,0.0,0,0,0.0,0,0,0.0,0,0,0.0,0,0,0.0,0,0,0.0,0,0,0.0,0,4,0.0,0,0,0.0,0,0,0.0,0,0,0.0,0,0,0.0,6,14,0.3,2,16,0.1111,4,15,0.2105,0,13,0.0,4,9,0.3077,0,12,0.0
2026-04-03 21:40:20,test_2832.jpg,124,16,140,0.1143,7,31,32,0,0,0.0,0,0,0.0,0,0,0.0,0,0,0.0,0,0,0.0,0,0,0.0,0,0,0.0,0,0,0.0,0,0,0.0,0,0,0.0,4,12,0.25,0,0,0.0,0,0,0.0,0,0,0.0,0,0,0.0,0,0,0.0,0,0,0.0,0,0,0.0,0,0,0.0,0,0,0.0,0,0,0.0,3,20,0.1304,0,0,0.0,0,0,0.0,0,0,0.0,1,20,0.0476,2,17,0.1053,2,19,0.0952,1,23,0.0417,3,13,0.1875,0,0,0.0,0,0,0.0
2026-04-03 21:40:20,test_2833.jpg,141,35,176,0.1989,6,31,32,0,0,0.0,0,0,0.0,0,0,0.0,0,0,0.0,0,0,0.0,0,0,0.0,0,0,0.0,0,0,0.0,0,0,0.0,0,0,0.0,1,26,0.037,0,0,0.0,0,0,0.0,0,0,0.0,0,0,0.0,0,0,0.0,0,0,0.0,0,0,0.0,0,0,0.0,0,0,0.0,0,0,0.0,8,28,0.2222,0,0,0.0,0,0,0.0,0,0,0.0,4,32,0.1111,5,20,0.2,10,17,0.3704,7,18,0.28,0,0,0.0,0,0,0.0,0,0,0.0
2026-04-03 21:40:20,test_2834.jpg,168,45,213,0.2113,6,31,32,0,0,0.0,0,0,0.0,0,0,0.0,0,0,0.0,0,0,0.0,0,0,0.0,0,0,0.0,0,0,0.0,0,0,0.0,0,0,0.0,4,17,0.1905,0,0,0.0,0,0,0.0,0,0,0.0,0,0,0.0,0,0,0.0,0,0,0.0,0,0,0.0,0,0,0.0,0,0,0.0,0,0,0.0,1,26,0.037,0,0,0.0,0,0,0.0,0,0,0.0,6,30,0.1667,17,44,0.2787,11,35,0.2391,6,16,0.2727,0,0,0.0,0,0,0.0,0,0,0.0
2026-04-03 21:40:20,test_2835.jpg,145,34,179,0.1899,8,31,32,0,0,0.0,0,0,0.0,0,0,0.0,0,0,0.0,0,0,0.0,0,0,0.0,0,0,0.0,0,0,0.0,0,0,0.0,0,0,0.0,2,18,0.1,0,0,0.0,0,0,0.0,0,0,0.0,0,0,0.0,0,0,0.0,0,0,0.0,0,0,0.0,0,0,0.0,0,0,0.0,0,0,0.0,5,25,0.1667,0,0,0.0,0,0,0.0,0,0,0.0,3,21,0.125,1,24,0.04,8,18,0.3077,4,12,0.25,3,12,0.2,8,15,0.3478,0,0,0.0
2026-04-03 21:40:20,test_2836.jpg,178,10,188,0.0532,6,31,32,0,0,0.0,0,0,0.0,0,0,0.0,0,0,0.0,0,0,0.0,0,0,0.0,0,0,0.0,0,0,0.0,0,0,0.0,0,0,0.0,1,28,0.0345,0,0,0.0,0,0,0.0,0,0,0.0,0,0,0.0,0,0,0.0,0,0,0.0,0,0,0.0,0,0,0.0,0,0,0.0,0,0,0.0,0,28,0.0,0,0,0.0,0,0,0.0,0,0,0.0,0,33,0.0,1,31,0.0312,0,31,0.0,8,27,0.2286,0,0,0.0,0,0,0.0,0,0,0.0
2026-04-03 21:40:20,test_2837.jpg,139,19,158,0.1203,8,31,32,0,0,0.0,0,0,0.0,0,0,0.0,0,0,0.0,0,0,0.0,0,0,0.0,0,0,0.0,0,0,0.0,0,0,0.0,0,0,0.0,2,24,0.0769,0,0,0.0,0,0,0.0,0,0,0.0,0,0,0.0,0,0,0.0,0,0,0.0,0,0,0.0,0,0,0.0,0,0,0.0,0,0,0.0,0,14,0.0,0,0,0.0,0,0,0.0,0,0,0.0,0,13,0.0,4,19,0.1739,3,22,0.12,4,13,0.2353,0,19,0.0,6,15,0.2857,0,0,0.0
2026-04-03 21:40:20,test_2838.jpg,214,201,415,0.4843,4,31,32,0,0,0.0,0,0,0.0,0,0,0.0,0,0,0.0,0,0,0.0,0,0,0.0,0,0,0.0,0,0,0.0,0,0,0.0,0,0,0.0,8,21,0.2759,0,0,0.0,0,0,0.0,0,0,0.0,0,0,0.0,0,0,0.0,0,0,0.0,0,0,0.0,0,0,0.0,0,0,0.0,0,0,0.0,7,74,0.0864,0,0,0.0,0,0,0.0,0,0,0.0,126,81,0.6087,60,38,0.6122,0,0,0.0,0,0,0.0,0,0,0.0,0,0,0.0,0,0,0.0
2026-04-03 21:40:20,test_2839.jpg,167,23,190,0.1211,6,31,32,0,0,0.0,0,0,0.0,0,0,0.0,0,0,0.0,0,0,0.0,0,0,0.0,0,0,0.0,0,0,0.0,0,0,0.0,0,0,0.0,1,19,0.05,0,0,0.0,0,0,0.0,0,0,0.0,0,0,0.0,0,0,0.0,0,0,0.0,0,0,0.0,0,0,0.0,0,0,0.0,0,0,0.0,3,26,0.1034,0,0,0.0,0,0,0.0,0,0,0.0,1,25,0.0385,4,33,0.1081,10,31,0.2439,4,33,0.1081,0,0,0.0,0,0,0.0,0,0,0.0
2026-04-03 21:40:20,test_284.jpg,126,31,157,0.1975,7,31,32,0,0,0.0,0,0,0.0,0,0,0.0,0,0,0.0,0,0,0.0,0,0,0.0,0,0,0.0,0,0,0.0,0,0,0.0,0,0,0.0,6,12,0.3333,0,0,0.0,0,0,0.0,0,0,0.0,0,0,0.0,0,0,0.0,0,0,0.0,0,0,0.0,0,0,0.0,0,0,0.0,0,0,0.0,9,15,0.375,0,0,0.0,0,0,0.0,0,0,0.0,4,17,0.1905,7,20,0.2593,2,17,0.1053,3,26,0.1034,0,19,0.0,0,0,0.0,0,0,0.0
2026-04-03 21:40:20,test_2840.jpg,114,11,125,0.088,8,31,32,0,0,0.0,0,0,0.0,0,0,0.0,0,0,0.0,0,0,0.0,0,0,0.0,0,0,0.0,0,0,0.0,0,0,0.0,0,0,0.0,0,0,0.0,0,0,0.0,0,0,0.0,0,0,0.0,0,0,0.0,0,0,0.0,0,0,0.0,0,0,0.0,0,0,0.0,0,0,0.0,0,0,0.0,5,20,0.2,0,0,0.0,0,0,0.0,0,0,0.0,4,12,0.25,0,19,0.0,0,17,0.0,0,14,0.0,2,18,0.1,0,14,0.0,0,0,0.0
2026-04-03 21:40:20,test_2841.jpg,152,4,156,0.0256,7,31,32,0,0,0.0,0,0,0.0,0,0,0.0,0,0,0.0,0,0,0.0,0,0,0.0,0,0,0.0,0,0,0.0,0,0,0.0,0,0,0.0,3,31,0.0882,0,0,0.0,0,0,0.0,0,0,0.0,0,0,0.0,0,0,0.0,0,0,0.0,0,0,0.0,0,0,0.0,0,0,0.0,0,0,0.0,0,20,0.0,0,0,0.0,0,0,0.0,0,0,0.0,0,22,0.0,1,20,0.0476,0,15,0.0,0,19,0.0,0,25,0.0,0,0,0.0,0,0,0.0
2026-04-03 21:40:20,test_2842.jpg,125,13,138,0.0942,6,31,32,0,0,0.0,0,0,0.0,0,0,0.0,0,0,0.0,0,0,0.0,0,0,0.0,0,0,0.0,0,0,0.0,0,0,0.0,0,0,0.0,1,19,0.05,0,0,0.0,0,0,0.0,0,0,0.0,0,0,0.0,0,0,0.0,0,0,0.0,0,0,0.0,0,0,0.0,0,0,0.0,0,0,0.0,0,23,0.0,0,0,0.0,0,0,0.0,0,0,0.0,6,36,0.1429,4,15,0.2105,0,17,0.0,2,15,0.1176,0,0,0.0,0,0,0.0,0,0,0.0
2026-04-03 21:40:20,test_2843.jpg,114,21,135,0.1556,7,31,32,0,0,0.0,0,0,0.0,0,0,0.0,0,0,0.0,0,0,0.0,0,0,0.0,0,0,0.0,0,0,0.0,0,0,0.0,0,0,0.0,0,12,0.0,0,0,0.0,0,0,0.0,0,0,0.0,0,0,0.0,0,0,0.0,0,0,0.0,0,0,0.0,0,0,0.0,0,0,0.0,0,0,0.0,5,10,0.3333,0,0,0.0,0,0,0.0,0,0,0.0,4,22,0.1538,3,15,0.1667,1,21,0.0455,8,14,0.3636,0,20,0.0,0,0,0.0,0,0,0.0
2026-04-03 21:40:20,test_2844.jpg,138,31,169,0.1834,7,31,32,0,0,0.0,0,0,0.0,0,0,0.0,0,0,0.0,0,0,0.0,0,0,0.0,0,0,0.0,0,0,0.0,0,0,0.0,0,0,0.0,2,20,0.0909,0,0,0.0,0,0,0.0,0,0,0.0,0,0,0.0,0,0,0.0,0,0,0.0,0,0,0.0,0,0,0.0,0,0,0.0,0,0,0.0,7,23,0.2333,0,0,0.0,0,0,0.0,0,0,0.0,13,14,0.4815,2,29,0.0645,1,19,0.05,4,15,0.2105,2,18,0.1,0,0,0.0,0,0,0.0
2026-04-03 21:40:20,test_2845.jpg,137,25,162,0.1543,12,31,32,7,15,0.3182,0,3,0.0,2,10,0.1667,0,0,0.0,0,0,0.0,0,0,0.0,0,0,0.0,0,0,0.0,0,0,0.0,0,0,0.0,1,13,0.0714,0,0,0.0,0,0,0.0,0,0,0.0,0,0,0.0,0,0,0.0,0,0,0.0,0,0,0.0,0,0,0.0,0,0,0.0,0,0,0.0,2,16,0.1111,0,0,0.0,0,0,0.0,0,0,0.0,3,13,0.1875,0,11,0.0,0,11,0.0,0,11,0.0,0,10,0.0,0,10,0.0,10,14,0.4167
2026-04-03 21:40:20,test_2846.jpg,107,29,136,0.2132,7,31,32,0,0,0.0,0,0,0.0,0,0,0.0,0,0,0.0,0,0,0.0,0,0,0.0,0,0,0.0,0,0,0.0,0,0,0.0,0,0,0.0,1,10,0.0909,0,0,0.0,0,0,0.0,0,0,0.0,0,0,0.0,0,0,0.0,0,0,0.0,0,0,0.0,0,0,0.0,0,0,0.0,0,0,0.0,3,14,0.1765,0,0,0.0,0,0,0.0,0,0,0.0,6,17,0.2609,3,14,0.1765,3,20,0.1304,9,18,0.3333,4,14,0.2222,0,0,0.0,0,0,0.0
2026-04-03 21:40:20,test_2847.jpg,171,24,195,0.1231,6,31,32,0,0,0.0,0,0,0.0,0,0,0.0,0,0,0.0,0,0,0.0,0,0,0.0,0,0,0.0,0,0,0.0,0,0,0.0,0,0,0.0,0,19,0.0,0,0,0.0,0,0,0.0,0,0,0.0,0,0,0.0,0,0,0.0,0,0,0.0,0,0,0.0,0,0,0.0,0,0,0.0,0,0,0.0,0,16,0.0,0,0,0.0,0,0,0.0,0,0,0.0,2,25,0.0741,3,20,0.1304,8,64,0.1111,11,27,0.2895,0,0,0.0,0,0,0.0,0,0,0.0
2026-04-03 21:40:20,test_2848.jpg,153,41,194,0.2113,9,31,32,0,0,0.0,0,0,0.0,0,0,0.0,0,0,0.0,0,0,0.0,0,0,0.0,0,0,0.0,0,0,0.0,0,0,0.0,0,0,0.0,0,17,0.0,0,0,0.0,0,0,0.0,0,0,0.0,0,0,0.0,0,0,0.0,0,0,0.0,0,0,0.0,0,0,0.0,0,0,0.0,0,0,0.0,12,21,0.3636,0,0,0.0,0,0,0.0,0,0,0.0,2,27,0.069,7,23,0.2333,4,12,0.25,0,10,0.0,5,12,0.2941,0,12,0.0,11,19,0.3667
2026-04-03 21:40:20,test_2849.jpg,132,13,145,0.0897,5,31,32,0,0,0.0,0,0,0.0,0,0,0.0,0,0,0.0,0,0,0.0,0,0,0.0,0,0,0.0,0,0,0.0,0,0,0.0,0,0,0.0,3,21,0.125,0,0,0.0,0,0,0.0,0,0,0.0,0,0,0.0,0,0,0.0,0,0,0.0,0,0,0.0,0,0,0.0,0,0,0.0,0,0,0.0,1,14,0.0667,0,0,0.0,0,0,0.0,0,0,0.0,2,24,0.0769,3,38,0.0732,4,35,0.1026,0,0,0.0,0,0,0.0,0,0,0.0,0,0,0.0
2026-04-03 21:40:20,test_285.jpg,192,57,249,0.2289,8,31,32,0,0,0.0,0,0,0.0,0,0,0.0,0,0,0.0,0,0,0.0,0,0,0.0,0,0,0.0,0,0,0.0,0,0,0.0,0,0,0.0,3,21,0.125,0,0,0.0,0,0,0.0,0,0,0.0,0,0,0.0,0,0,0.0,0,0,0.0,0,0,0.0,0,0,0.0,0,0,0.0,0,0,0.0,4,29,0.1212,0,0,0.0,0,0,0.0,0,0,0.0,4,26,0.1333,3,24,0.1111,1,25,0.0385,13,23,0.3611,22,35,0.386,7,9,0.4375,0,0,0.0
2026-04-03 21:40:20,test_2850.jpg,171,50,221,0.2262,8,31,32,0,0,0.0,0,0,0.0,0,0,0.0,0,0,0.0,0,0,0.0,0,0,0.0,0,0,0.0,0,0,0.0,0,0,0.0,0,0,0.0,5,14,0.2632,0,0,0.0,0,0,0.0,0,0,0.0,0,0,0.0,0,0,0.0,0,0,0.0,0,0,0.0,0,0,0.0,0,0,0.0,0,0,0.0,10,19,0.3448,0,0,0.0,0,0,0.0,0,0,0.0,5,22,0.1852,3,23,0.1154,9,21,0.3,5,24,0.1724,13,48,0.2131,0,0,0.0,0,0,0.0
2026-04-03 21:40:20,test_2851.jpg,128,3,131,0.0229,7,31,32,0,0,0.0,0,0,0.0,0,0,0.0,0,0,0.0,0,0,0.0,0,0,0.0,0,0,0.0,0,0,0.0,0,0,0.0,0,0,0.0,0,19,0.0,0,0,0.0,0,0,0.0,0,0,0.0,0,0,0.0,0,0,0.0,0,0,0.0,0,0,0.0,0,0,0.0,0,0,0.0,0,0,0.0,0,13,0.0,0,0,0.0,0,0,0.0,0,0,0.0,1,17,0.0556,0,15,0.0,1,14,0.0667,1,27,0.0357,0,23,0.0,0,0,0.0,0,0,0.0
2026-04-03 21:40:20,test_2852.jpg,146,53,199,0.2663,7,31,32,0,0,0.0,0,0,0.0,0,0,0.0,0,0,0.0,0,0,0.0,0,0,0.0,0,0,0.0,0,0,0.0,0,0,0.0,0,0,0.0,1,23,0.0417,0,0,0.0,0,0,0.0,0,0,0.0,0,0,0.0,0,0,0.0,0,0,0.0,0,0,0.0,0,0,0.0,0,0,0.0,0,0,0.0,3,24,0.1111,0,0,0.0,0,0,0.0,0,0,0.0,13,21,0.3824,9,28,0.2432,5,13,0.2778,11,20,0.3548,11,17,0.3929,0,0,0.0,0,0,0.0
2026-04-03 21:40:20,test_2853.jpg,147,20,167,0.1198,8,31,32,0,0,0.0,0,0,0.0,0,0,0.0,0,0,0.0,0,0,0.0,0,0,0.0,0,0,0.0,0,0,0.0,0,0,0.0,0,0,0.0,12,32,0.2727,0,0,0.0,0,0,0.0,0,0,0.0,0,0,0.0,0,0,0.0,0,0,0.0,0,0,0.0,0,0,0.0,0,0,0.0,0,0,0.0,2,19,0.0952,0,0,0.0,0,0,0.0,0,0,0.0,0,17,0.0,1,16,0.0588,1,14,0.0667,0,17,0.0,4,16,0.2,0,16,0.0,0,0,0.0
2026-04-03 21:40:20,test_2854.jpg,169,10,179,0.0559,7,31,32,0,0,0.0,0,0,0.0,0,0,0.0,0,0,0.0,0,0,0.0,0,0,0.0,0,0,0.0,0,0,0.0,0,0,0.0,0,0,0.0,0,21,0.0,0,0,0.0,0,0,0.0,0,0,0.0,0,0,0.0,0,0,0.0,0,0,0.0,0,0,0.0,0,0,0.0,0,0,0.0,0,0,0.0,0,22,0.0,0,0,0.0,0,0,0.0,0,0,0.0,0,21,0.0,1,26,0.037,3,23,0.1154,1,29,0.0333,5,27,0.1562,0,0,0.0,0,0,0.0
2026-04-03 21:40:20,test_2855.jpg,160,57,217,0.2627,7,31,32,0,0,0.0,0,0,0.0,0,0,0.0,0,0,0.0,0,0,0.0,0,0,0.0,0,0,0.0,0,0,0.0,0,0,0.0,0,0,0.0,13,19,0.4062,0,0,0.0,0,0,0.0,0,0,0.0,0,0,0.0,0,0,0.0,0,0,0.0,0,0,0.0,0,0,0.0,0,0,0.0,0,0,0.0,9,26,0.2571,0,0,0.0,0,0,0.0,0,0,0.0,2,23,0.08,2,18,0.1,6,28,0.1765,8,24,0.25,17,22,0.4359,0,0,0.0,0,0,0.0
2026-04-03 21:40:20,test_2856.jpg,125,42,167,0.2515,8,31,32,0,0,0.0,0,0,0.0,0,0,0.0,0,0,0.0,0,0,0.0,0,0,0.0,0,0,0.0,0,0,0.0,0,0,0.0,0,0,0.0,1,8,0.1111,0,0,0.0,0,0,0.0,0,0,0.0,0,0,0.0,0,0,0.0,0,0,0.0,0,0,0.0,0,0,0.0,0,0,0.0,0,0,0.0,1,15,0.0625,0,0,0.0,0,0,0.0,0,0,0.0,2,14,0.125,2,19,0.0952,2,16,0.1111,13,21,0.3824,10,24,0.2941,11,8,0.5789,0,0,0.0
2026-04-03 21:40:20,test_2857.jpg,133,25,158,0.1582,5,31,32,0,0,0.0,0,0,0.0,0,0,0.0,0,0,0.0,0,0,0.0,0,0,0.0,0,0,0.0,0,0,0.0,0,0,0.0,0,0,0.0,5,20,0.2,0,0,0.0,0,0,0.0,0,0,0.0,0,0,0.0,0,0,0.0,0,0,0.0,0,0,0.0,0,0,0.0,0,0,0.0,0,0,0.0,0,18,0.0,0,0,0.0,0,0,0.0,0,0,0.0,4,21,0.16,11,44,0.2,5,30,0.1429,0,0,0.0,0,0,0.0,0,0,0.0,0,0,0.0
2026-04-03 21:40:20,test_2858.jpg,263,58,321,0.1807,16,31,32,0,11,0.0,0,11,0.0,4,13,0.2353,7,12,0.3684,15,20,0.4286,3,17,0.15,2,17,0.1053,0,0,0.0,0,0,0.0,0,0,0.0,1,13,0.0714,0,0,0.0,0,0,0.0,0,0,0.0,0,0,0.0,0,0,0.0,0,0,0.0,0,0,0.0,0,0,0.0,0,0,0.0,0,0,0.0,2,14,0.125,0,0,0.0,0,0,0.0,0,0,0.0,3,15,0.1667,4,23,0.1481,0,14,0.0,4,31,0.1143,5,11,0.3125,0,12,0.0,8,29,0.2162
2026-04-03 21:40:20,test_2859.jpg,150,25,175,0.1429,7,31,32,0,0,0.0,0,0,0.0,0,0,0.0,0,0,0.0,0,0,0.0,0,0,0.0,0,0,0.0,0,0,0.0,0,0,0.0,0,0,0.0,0,19,0.0,0,0,0.0,0,0,0.0,0,0,0.0,0,0,0.0,0,0,0.0,0,0,0.0,0,0,0.0,0,0,0.0,0,0,0.0,0,0,0.0,2,23,0.08,0,0,0.0,0,0,0.0,0,0,0.0,3,22,0.12,2,21,0.087,0,22,0.0,10,26,0.2778,8,17,0.32,0,0,0.0,0,0,0.0
2026-04-03 21:40:20,test_286.jpg,125,39,164,0.2378,6,31,32,0,0,0.0,0,0,0.0,0,0,0.0,0,0,0.0,0,0,0.0,0,0,0.0,0,0,0.0,0,0,0.0,0,0,0.0,0,0,0.0,7,27,0.2059,0,0,0.0,0,0,0.0,0,0,0.0,0,0,0.0,0,0,0.0,0,0,0.0,0,0,0.0,0,0,0.0,0,0,0.0,0,0,0.0,8,25,0.2424,0,0,0.0,0,0,0.0,0,0,0.0,8,17,0.32,2,17,0.1053,8,25,0.2424,6,14,0.3,0,0,0.0,0,0,0.0,0,0,0.0
2026-04-03 21:40:20,test_2860.jpg,134,3,137,0.0219,13,31,32,3,9,0.25,0,12,0.0,0,12,0.0,0,12,0.0,0,0,0.0,0,0,0.0,0,0,0.0,0,0,0.0,0,0,0.0,0,0,0.0,0,10,0.0,0,0,0.0,0,0,0.0,0,0,0.0,0,0,0.0,0,0,0.0,0,0,0.0,0,0,0.0,0,0,0.0,0,0,0.0,0,0,0.0,0,10,0.0,0,0,0.0,0,0,0.0,0,0,0.0,0,10,0.0,0,10,0.0,0,10,0.0,0,10,0.0,0,9,0.0,0,10,0.0,0,10,0.0
2026-04-03 21:40:20,test_2861.jpg,136,86,222,0.3874,4,31,32,0,0,0.0,0,0,0.0,0,0,0.0,0,0,0.0,0,0,0.0,0,0,0.0,0,0,0.0,0,0,0.0,0,0,0.0,0,0,0.0,2,18,0.1,0,0,0.0,0,0,0.0,0,0,0.0,0,0,0.0,0,0,0.0,0,0,0.0,0,0,0.0,0,0,0.0,0,0,0.0,0,0,0.0,10,37,0.2128,0,0,0.0,0,0,0.0,0,0,0.0,41,52,0.4409,33,29,0.5323,0,0,0.0,0,0,0.0,0,0,0.0,0,0,0.0,0,0,0.0
2026-04-03 21:40:20,test_2862.jpg,169,37,206,0.1796,5,31,32,0,0,0.0,0,0,0.0,0,0,0.0,0,0,0.0,0,0,0.0,0,0,0.0,0,0,0.0,0,0,0.0,0,0,0.0,0,0,0.0,2,26,0.0714,0,0,0.0,0,0,0.0,0,0,0.0,0,0,0.0,0,0,0.0,0,0,0.0,0,0,0.0,0,0,0.0,0,0,0.0,0,0,0.0,6,23,0.2069,0,0,0.0,0,0,0.0,0,0,0.0,2,32,0.0588,10,40,0.2,17,48,0.2615,0,0,0.0,0,0,0.0,0,0,0.0,0,0,0.0
2026-04-03 21:40:20,test_2863.jpg,117,51,168,0.3036,13,31,32,13,20,0.3939,7,8,0.4667,2,11,0.1538,11,21,0.3438,0,0,0.0,0,0,0.0,0,0,0.0,0,0,0.0,0,0,0.0,0,0,0.0,0,0,0.0,0,0,0.0,0,0,0.0,0,0,0.0,0,0,0.0,0,0,0.0,0,0,0.0,0,0,0.0,0,0,0.0,0,0,0.0,0,0,0.0,4,6,0.4,0,0,0.0,0,0,0.0,0,0,0.0,1,5,0.1667,0,6,0.0,5,12,0.2941,2,5,0.2857,2,9,0.1818,1,6,0.1429,3,8,0.2727
2026-04-03 21:40:20,test_2864.jpg,163,21,184,0.1141,10,31,32,3,19,0.1364,0,0,0.0,0,0,0.0,0,0,0.0,0,0,0.0,0,0,0.0,0,0,0.0,0,0,0.0,0,0,0.0,0,0,0.0,2,17,0.1053,0,0,0.0,0,0,0.0,0,0,0.0,0,0,0.0,0,0,0.0,0,0,0.0,0,0,0.0,0,0,0.0,0,0,0.0,0,0,0.0,1,13,0.0714,0,0,0.0,0,0,0.0,0,0,0.0,1,11,0.0833,2,13,0.1333,2,22,0.0833,1,17,0.0556,1,20,0.0476,4,13,0.2353,4,18,0.1818
2026-04-03 21:40:20,test_2865.jpg,171,60,231,0.2597,6,31,32,0,0,0.0,0,0,0.0,0,0,0.0,0,0,0.0,0,0,0.0,0,0,0.0,0,0,0.0,0,0,0.0,0,0,0.0,0,0,0.0,0,3,0.0,0,0,0.0,0,0,0.0,0,0,0.0,0,0,0.0,0,0,0.0,0,0,0.0,0,0,0.0,0,0,0.0,0,0,0.0,0,0,0.0,27,42,0.3913,0,0,0.0,0,0,0.0,0,0,0.0,16,33,0.3265,10,46,0.1786,6,31,0.1622,1,16,0.0588,0,0,0.0,0,0,0.0,0,0,0.0
2026-04-03 21:40:20,test_2866.jpg,91,27,118,0.2288,3,31,32,0,0,0.0,0,0,0.0,0,0,0.0,0,0,0.0,0,0,0.0,0,0,0.0,0,0,0.0,0,0,0.0,0,0,0.0,0,0,0.0,2,31,0.0606,0,0,0.0,0,0,0.0,0,0,0.0,0,0,0.0,0,0,0.0,0,0,0.0,0,0,0.0,0,0,0.0,0,0,0.0,0,0,0.0,16,33,0.3265,0,0,0.0,0,0,0.0,0,0,0.0,9,27,0.25,0,0,0.0,0,0,0.0,0,0,0.0,0,0,0.0,0,0,0.0,0,0,0.0
2026-04-03 21:40:20,test_2867.jpg,141,96,237,0.4051,5,31,32,0,0,0.0,0,0,0.0,0,0,0.0,0,0,0.0,0,0,0.0,0,0,0.0,0,0,0.0,0,0,0.0,0,0,0.0,0,0,0.0,1,21,0.0455,0,0,0.0,0,0,0.0,0,0,0.0,0,0,0.0,0,0,0.0,0,0,0.0,0,0,0.0,0,0,0.0,0,0,0.0,0,0,0.0,6,19,0.24,0,0,0.0,0,0,0.0,0,0,0.0,24,37,0.3934,45,38,0.5422,20,26,0.4348,0,0,0.0,0,0,0.0,0,0,0.0,0,0,0.0
2026-04-03 21:40:20,test_2868.jpg,135,26,161,0.1615,6,31,32,0,0,0.0,0,0,0.0,0,0,0.0,0,0,0.0,0,0,0.0,0,0,0.0,0,0,0.0,0,0,0.0,0,0,0.0,0,0,0.0,5,18,0.2174,0,0,0.0,0,0,0.0,0,0,0.0,0,0,0.0,0,0,0.0,0,0,0.0,0,0,0.0,0,0,0.0,0,0,0.0,0,0,0.0,4,20,0.1667,0,0,0.0,0,0,0.0,0,0,0.0,7,23,0.2333,4,27,0.129,2,26,0.0714,4,21,0.16,0,0,0.0,0,0,0.0,0,0,0.0
2026-04-03 21:40:20,test_2869.jpg,181,58,239,0.2427,8,31,32,0,0,0.0,0,0,0.0,0,0,0.0,0,0,0.0,0,0,0.0,0,0,0.0,0,0,0.0,0,0,0.0,0,0,0.0,0,0,0.0,12,24,0.3333,0,0,0.0,0,0,0.0,0,0,0.0,0,0,0.0,0,0,0.0,0,0,0.0,0,0,0.0,0,0,0.0,0,0,0.0,0,0,0.0,0,17,0.0,0,0,0.0,0,0,0.0,0,0,0.0,6,22,0.2143,1,31,0.0312,13,38,0.2549,1,15,0.0625,21,25,0.4565,4,9,0.3077,0,0,0.0
2026-04-03 21:40:20,test_287.jpg,171,50,221,0.2262,7,31,32,0,0,0.0,0,0,0.0,0,0,0.0,0,0,0.0,0,0,0.0,0,0,0.0,0,0,0.0,0,0,0.0,0,0,0.0,0,0,0.0,2,15,0.1176,0,0,0.0,0,0,0.0,0,0,0.0,0,0,0.0,0,0,0.0,0,0,0.0,0,0,0.0,0,0,0.0,0,0,0.0,0,0,0.0,6,27,0.1818,0,0,0.0,0,0,0.0,0,0,0.0,4,21,0.16,10,19,0.3448,4,18,0.1818,10,48,0.1724,14,23,0.3784,0,0,0.0,0,0,0.0
2026-04-03 21:40:20,test_2870.jpg,107,51,158,0.3228,8,31,32,0,0,0.0,0,0,0.0,0,0,0.0,0,0,0.0,0,0,0.0,0,0,0.0,0,0,0.0,0,0,0.0,0,0,0.0,0,0,0.0,2,9,0.1818,0,0,0.0,0,0,0.0,0,0,0.0,0,0,0.0,0,0,0.0,0,0,0.0,0,0,0.0,0,0,0.0,0,0,0.0,0,0,0.0,0,9,0.0,0,0,0.0,0,0,0.0,0,0,0.0,0,1,0.0,1,17,0.0556,2,13,0.1333,20,19,0.5128,17,18,0.4857,9,21,0.3,0,0,0.0
2026-04-03 21:40:20,test_2871.jpg,139,24,163,0.1472,6,31,32,0,0,0.0,0,0,0.0,0,0,0.0,0,0,0.0,0,0,0.0,0,0,0.0,0,0,0.0,0,0,0.0,0,0,0.0,0,0,0.0,3,20,0.1304,0,0,0.0,0,0,0.0,0,0,0.0,0,0,0.0,0,0,0.0,0,0,0.0,0,0,0.0,0,0,0.0,0,0,0.0,0,0,0.0,5,26,0.1613,0,0,0.0,0,0,0.0,0,0,0.0,5,20,0.2,4,21,0.16,4,33,0.1081,3,19,0.1364,0,0,0.0,0,0,0.0,0,0,0.0
2026-04-03 21:40:20,test_2872.jpg,142,67,209,0.3206,7,31,32,0,0,0.0,0,0,0.0,0,0,0.0,0,0,0.0,0,0,0.0,0,0,0.0,0,0,0.0,0,0,0.0,0,0,0.0,0,0,0.0,9,23,0.2812,0,0,0.0,0,0,0.0,0,0,0.0,0,0,0.0,0,0,0.0,0,0,0.0,0,0,0.0,0,0,0.0,0,0,0.0,0,0,0.0,9,23,0.2812,0,0,0.0,0,0,0.0,0,0,0.0,1,13,0.0714,11,12,0.4783,10,17,0.3704,14,34,0.2917,13,20,0.3939,0,0,0.0,0,0,0.0
2026-04-03 21:40:20,test_2873.jpg,208,46,254,0.1811,11,31,32,4,30,0.1176,19,34,0.3585,0,0,0.0,0,0,0.0,0,0,0.0,0,0,0.0,0,0,0.0,0,0,0.0,0,0,0.0,0,0,0.0,14,21,0.4,0,0,0.0,0,0,0.0,0,0,0.0,0,0,0.0,0,0,0.0,0,0,0.0,0,0,0.0,0,0,0.0,0,0,0.0,0,0,0.0,1,18,0.0526,0,0,0.0,0,0,0.0,0,0,0.0,0,17,0.0,4,11,0.2667,1,11,0.0833,0,16,0.0,0,16,0.0,2,17,0.1053,1,17,0.0556
2026-04-03 21:40:20,test_2874.jpg,162,49,211,0.2322,5,31,32,0,0,0.0,0,0,0.0,0,0,0.0,0,0,0.0,0,0,0.0,0,0,0.0,0,0,0.0,0,0,0.0,0,0,0.0,0,0,0.0,0,0,0.0,0,0,0.0,0,0,0.0,0,0,0.0,0,0,0.0,0,0,0.0,0,0,0.0,0,0,0.0,0,0,0.0,0,0,0.0,0,0,0.0,9,69,0.1154,0,0,0.0,0,0,0.0,0,0,0.0,7,25,0.2188,24,43,0.3582,9,25,0.2647,0,0,0.0,0,0,0.0,0,0,0.0,0,0,0.0
2026-04-03 21:40:20,test_2875.jpg,168,38,206,0.1845,7,31,32,0,0,0.0,0,0,0.0,0,0,0.0,0,0,0.0,0,0,0.0,0,0,0.0,0,0,0.0,0,0,0.0,0,0,0.0,0,0,0.0,0,17,0.0,0,0,0.0,0,0,0.0,0,0,0.0,0,0,0.0,0,0,0.0,0,0,0.0,0,0,0.0,0,0,0.0,0,0,0.0,0,0,0.0,1,17,0.0556,0,0,0.0,0,0,0.0,0,0,0.0,4,15,0.2105,3,28,0.0968,12,31,0.2791,15,34,0.3061,3,26,0.1034,0,0,0.0,0,0,0.0
2026-04-03 21:40:20,test_2876.jpg,191,70,261,0.2682,12,31,32,27,31,0.4655,13,25,0.3421,7,10,0.4118,0,0,0.0,0,0,0.0,0,0,0.0,0,0,0.0,0,0,0.0,0,0,0.0,0,0,0.0,2,4,0.3333,0,0,0.0,0,0,0.0,0,0,0.0,0,0,0.0,0,0,0.0,0,0,0.0,0,0,0.0,0,0,0.0,0,0,0.0,0,0,0.0,8,44,0.1538,0,0,0.0,0,0,0.0,0,0,0.0,0,11,0.0,0,8,0.0,1,9,0.1,1,9,0.1,2,16,0.1111,1,3,0.25,8,21,0.2759
2026-04-03 21:40:20,test_2877.jpg,161,87,248,0.3508,5,31,32,0,0,0.0,0,0,0.0,0,0,0.0,0,0,0.0,0,0,0.0,0,0,0.0,0,0,0.0,0,0,0.0,0,0,0.0,0,0,0.0,6,10,0.375,0,0,0.0,0,0,0.0,0,0,0.0,0,0,0.0,0,0,0.0,0,0,0.0,0,0,0.0,0,0,0.0,0,0,0.0,0,0,0.0,9,31,0.225,0,0,0.0,0,0,0.0,0,0,0.0,17,36,0.3208,24,44,0.3529,31,40,0.4366,0,0,0.0,0,0,0.0,0,0,0.0,0,0,0.0
2026-04-03 21:40:20,test_2878.jpg,144,4,148,0.027,6,31,32,0,0,0.0,0,0,0.0,0,0,0.0,0,0,0.0,0,0,0.0,0,0,0.0,0,0,0.0,0,0,0.0,0,0,0.0,0,0,0.0,0,28,0.0,0,0,0.0,0,0,0.0,0,0,0.0,0,0,0.0,0,0,0.0,0,0,0.0,0,0,0.0,0,0,0.0,0,0,0.0,0,0,0.0,0,21,0.0,0,0,0.0,0,0,0.0,0,0,0.0,0,22,0.0,2,21,0.087,2,34,0.0556,0,18,0.0,0,0,0.0,0,0,0.0,0,0,0.0
2026-04-03 21:40:20,test_2879.jpg,126,28,154,0.1818,6,31,32,0,0,0.0,0,0,0.0,0,0,0.0,0,0,0.0,0,0,0.0,0,0,0.0,0,0,0.0,0,0,0.0,0,0,0.0,0,0,0.0,7,23,0.2333,0,0,0.0,0,0,0.0,0,0,0.0,0,0,0.0,0,0,0.0,0,0,0.0,0,0,0.0,0,0,0.0,0,0,0.0,0,0,0.0,1,11,0.0833,0,0,0.0,0,0,0.0,0,0,0.0,5,19,0.2083,6,26,0.1875,5,26,0.1613,4,21,0.16,0,0,0.0,0,0,0.0,0,0,0.0
2026-04-03 21:40:20,test_288.jpg,139,16,155,0.1032,5,31,32,0,0,0.0,0,0,0.0,0,0,0.0,0,0,0.0,0,0,0.0,0,0,0.0,0,0,0.0,0,0,0.0,0,0,0.0,0,0,0.0,2,23,0.08,0,0,0.0,0,0,0.0,0,0,0.0,0,0,0.0,0,0,0.0,0,0,0.0,0,0,0.0,0,0,0.0,0,0,0.0,0,0,0.0,4,20,0.1667,0,0,0.0,0,0,0.0,0,0,0.0,4,20,0.1667,6,46,0.1154,0,30,0.0,0,0,0.0,0,0,0.0,0,0,0.0,0,0,0.0
2026-04-03 21:40:20,test_2880.jpg,144,27,171,0.1579,8,31,32,0,0,0.0,0,0,0.0,0,0,0.0,0,0,0.0,0,0,0.0,0,0,0.0,0,0,0.0,0,0,0.0,0,0,0.0,0,0,0.0,1,19,0.05,0,0,0.0,0,0,0.0,0,0,0.0,0,0,0.0,0,0,0.0,0,0,0.0,0,0,0.0,0,0,0.0,0,0,0.0,0,0,0.0,0,21,0.0,0,0,0.0,0,0,0.0,0,0,0.0,0,21,0.0,3,13,0.1875,0,20,0.0,6,26,0.1875,12,10,0.5455,5,14,0.2632,0,0,0.0
2026-04-03 21:40:20,test_2881.jpg,139,15,154,0.0974,8,31,32,0,0,0.0,0,0,0.0,0,0,0.0,0,0,0.0,0,0,0.0,0,0,0.0,0,0,0.0,0,0,0.0,0,0,0.0,0,0,0.0,0,17,0.0,0,0,0.0,0,0,0.0,0,0,0.0,0,0,0.0,0,0,0.0,0,0,0.0,0,0,0.0,0,0,0.0,0,0,0.0,0,0,0.0,3,15,0.1667,0,0,0.0,0,0,0.0,0,0,0.0,0,18,0.0,1,17,0.0556,0,18,0.0,4,19,0.1739,5,21,0.1923,2,14,0.125,0,0,0.0
2026-04-03 21:40:20,test_2882.jpg,117,51,168,0.3036,7,31,32,0,0,0.0,0,0,0.0,0,0,0.0,0,0,0.0,0,0,0.0,0,0,0.0,0,0,0.0,0,0,0.0,0,0,0.0,0,0,0.0,0,14,0.0,0,0,0.0,0,0,0.0,0,0,0.0,0,0,0.0,0,0,0.0,0,0,0.0,0,0,0.0,0,0,0.0,0,0,0.0,0,0,0.0,6,17,0.2609,0,0,0.0,0,0,0.0,0,0,0.0,4,15,0.2105,8,17,0.32,2,16,0.1111,21,20,0.5122,10,18,0.3571,0,0,0.0,0,0,0.0
2026-04-03 21:40:20,test_2883.jpg,130,21,151,0.1391,15,31,32,1,16,0.0588,0,12,0.0,10,10,0.5,0,10,0.0,0,10,0.0,2,11,0.1538,0,0,0.0,0,0,0.0,0,0,0.0,0,0,0.0,1,5,0.1667,0,0,0.0,0,0,0.0,0,0,0.0,0,0,0.0,0,0,0.0,0,0,0.0,0,0,0.0,0,0,0.0,0,0,0.0,0,0,0.0,0,1,0.0,0,0,0.0,0,0,0.0,0,0,0.0,0,0,0.0,4,13,0.2353,0,11,0.0,3,8,0.2727,0,10,0.0,0,6,0.0,0,7,0.0
2026-04-03 21:40:20,test_2884.jpg,209,62,271,0.2288,8,31,32,0,0,0.0,0,0,0.0,0,0,0.0,0,0,0.0,0,0,0.0,0,0,0.0,0,0,0.0,0,0,0.0,0,0,0.0,0,0,0.0,3,17,0.15,0,0,0.0,0,0,0.0,0,0,0.0,0,0,0.0,0,0,0.0,0,0,0.0,0,0,0.0,0,0,0.0,0,0,0.0,0,0,0.0,6,27,0.1818,0,0,0.0,0,0,0.0,0,0,0.0,9,28,0.2432,6,27,0.1818,10,26,0.2778,15,30,0.3333,13,32,0.2889,0,22,0.0,0,0,0.0
2026-04-03 21:40:20,test_2885.jpg,119,55,174,0.3161,8,31,32,0,0,0.0,0,0,0.0,0,0,0.0,0,0,0.0,0,0,0.0,0,0,0.0,0,0,0.0,0,0,0.0,0,0,0.0,0,0,0.0,0,1,0.0,0,0,0.0,0,0,0.0,0,0,0.0,0,0,0.0,0,0,0.0,0,0,0.0,0,0,0.0,0,0,0.0,0,0,0.0,0,0,0.0,1,13,0.0714,0,0,0.0,0,0,0.0,0,0,0.0,0,8,0.0,0,7,0.0,4,16,0.2,25,31,0.4464,23,34,0.4035,2,9,0.1818,0,0,0.0
2026-04-03 21:40:20,test_2886.jpg,120,18,138,0.1304,6,31,32,0,0,0.0,0,0,0.0,0,0,0.0,0,0,0.0,0,0,0.0,0,0,0.0,0,0,0.0,0,0,0.0,0,0,0.0,0,0,0.0,1,19,0.05,0,0,0.0,0,0,0.0,0,0,0.0,0,0,0.0,0,0,0.0,0,0,0.0,0,0,0.0,0,0,0.0,0,0,0.0,0,0,0.0,5,20,0.2,0,0,0.0,0,0,0.0,0,0,0.0,4,18,0.1818,4,26,0.1333,2,20,0.0909,2,17,0.1053,0,0,0.0,0,0,0.0,0,0,0.0
2026-04-03 21:40:20,test_2887.jpg,126,4,130,0.0308,6,31,32,0,0,0.0,0,0,0.0,0,0,0.0,0,0,0.0,0,0,0.0,0,0,0.0,0,0,0.0,0,0,0.0,0,0,0.0,0,0,0.0,0,12,0.0,0,0,0.0,0,0,0.0,0,0,0.0,0,0,0.0,0,0,0.0,0,0,0.0,0,0,0.0,0,0,0.0,0,0,0.0,0,0,0.0,3,22,0.12,0,0,0.0,0,0,0.0,0,0,0.0,0,22,0.0,1,22,0.0435,0,26,0.0,0,22,0.0,0,0,0.0,0,0,0.0,0,0,0.0
2026-04-03 21:40:20,test_2888.jpg,158,44,202,0.2178,8,31,32,0,0,0.0,0,0,0.0,0,0,0.0,0,0,0.0,0,0,0.0,0,0,0.0,0,0,0.0,0,0,0.0,0,0,0.0,0,0,0.0,2,14,0.125,0,0,0.0,0,0,0.0,0,0,0.0,0,0,0.0,0,0,0.0,0,0,0.0,0,0,0.0,0,0,0.0,0,0,0.0,0,0,0.0,2,20,0.0909,0,0,0.0,0,0,0.0,0,0,0.0,7,28,0.2,0,22,0.0,7,14,0.3333,6,21,0.2222,10,13,0.4348,10,26,0.2778,0,0,0.0
2026-04-03 21:40:20,test_2889.jpg,129,117,246,0.4756,6,31,32,0,0,0.0,0,0,0.0,0,0,0.0,0,0,0.0,0,0,0.0,0,0,0.0,0,0,0.0,0,0,0.0,0,0,0.0,0,0,0.0,2,12,0.1429,0,0,0.0,0,0,0.0,0,0,0.0,0,0,0.0,0,0,0.0,0,0,0.0,0,0,0.0,0,0,0.0,0,0,0.0,0,0,0.0,6,19,0.24,0,0,0.0,0,0,0.0,0,0,0.0,37,34,0.5211,46,31,0.5974,22,22,0.5,4,11,0.2667,0,0,0.0,0,0,0.0,0,0,0.0
2026-04-03 21:40:20,test_289.jpg,151,5,156,0.0321,8,31,32,0,0,0.0,0,0,0.0,0,0,0.0,0,0,0.0,0,0,0.0,0,0,0.0,0,0,0.0,0,0,0.0,0,0,0.0,0,0,0.0,0,20,0.0,0,0,0.0,0,0,0.0,0,0,0.0,0,0,0.0,0,0,0.0,0,0,0.0,0,0,0.0,0,0,0.0,0,0,0.0,0,0,0.0,1,16,0.0588,0,0,0.0,0,0,0.0,0,0,0.0,0,19,0.0,0,18,0.0,1,19,0.05,1,20,0.0476,1,21,0.0455,1,18,0.0526,0,0,0.0
2026-04-03 21:40:20,test_2890.jpg,137,34,171,0.1988,7,31,32,0,0,0.0,0,0,0.0,0,0,0.0,0,0,0.0,0,0,0.0,0,0,0.0,0,0,0.0,0,0,0.0,0,0,0.0,0,0,0.0,1,23,0.0417,0,0,0.0,0,0,0.0,0,0,0.0,0,0,0.0,0,0,0.0,0,0,0.0,0,0,0.0,0,0,0.0,0,0,0.0,0,0,0.0,1,16,0.0588,0,0,0.0,0,0,0.0,0,0,0.0,3,19,0.1364,7,18,0.28,8,26,0.2353,10,19,0.3448,4,16,0.2,0,0,0.0,0,0,0.0
2026-04-03 21:40:20,test_2891.jpg,176,18,194,0.0928,6,31,32,0,0,0.0,0,0,0.0,0,0,0.0,0,0,0.0,0,0,0.0,0,0,0.0,0,0,0.0,0,0,0.0,0,0,0.0,0,0,0.0,0,0,0.0,0,0,0.0,0,0,0.0,0,0,0.0,0,0,0.0,0,0,0.0,0,0,0.0,0,0,0.0,0,0,0.0,0,0,0.0,0,0,0.0,7,59,0.1061,0,0,0.0,0,0,0.0,0,0,0.0,0,29,0.0,2,28,0.0667,7,40,0.1489,2,20,0.0909,0,0,0.0,0,0,0.0,0,0,0.0
2026-04-03 21:40:20,test_2892.jpg,136,37,173,0.2139,6,31,32,0,0,0.0,0,0,0.0,0,0,0.0,0,0,0.0,0,0,0.0,0,0,0.0,0,0,0.0,0,0,0.0,0,0,0.0,0,0,0.0,8,24,0.25,0,0,0.0,0,0,0.0,0,0,0.0,0,0,0.0,0,0,0.0,0,0,0.0,0,0,0.0,0,0,0.0,0,0,0.0,0,0,0.0,0,18,0.0,0,0,0.0,0,0,0.0,0,0,0.0,0,20,0.0,6,28,0.1765,4,26,0.1333,19,20,0.4872,0,0,0.0,0,0,0.0,0,0,0.0
2026-04-03 21:40:20,test_2893.jpg,170,45,215,0.2093,8,31,32,0,0,0.0,0,0,0.0,0,0,0.0,0,0,0.0,0,0,0.0,0,0,0.0,0,0,0.0,0,0,0.0,0,0,0.0,0,0,0.0,1,8,0.1111,0,0,0.0,0,0,0.0,0,0,0.0,0,0,0.0,0,0,0.0,0,0,0.0,0,0,0.0,0,0,0.0,0,0,0.0,0,0,0.0,16,33,0.3265,0,0,0.0,0,0,0.0,0,0,0.0,2,23,0.08,2,23,0.08,8,27,0.2286,1,22,0.0435,14,23,0.3784,1,11,0.0833,0,0,0.0
2026-04-03 21:40:20,test_2894.jpg,163,80,243,0.3292,8,31,32,0,0,0.0,0,0,0.0,0,0,0.0,0,0,0.0,0,0,0.0,0,0,0.0,0,0,0.0,0,0,0.0,0,0,0.0,0,0,0.0,6,18,0.25,0,0,0.0,0,0,0.0,0,0,0.0,0,0,0.0,0,0,0.0,0,0,0.0,0,0,0.0,0,0,0.0,0,0,0.0,0,0,0.0,11,32,0.2558,0,0,0.0,0,0,0.0,0,0,0.0,4,14,0.2222,1,15,0.0625,16,21,0.4324,13,23,0.3611,23,29,0.4423,6,11,0.3529,0,0,0.0
2026-04-03 21:40:20,test_2895.jpg,131,46,177,0.2599,6,31,32,0,0,0.0,0,0,0.0,0,0,0.0,0,0,0.0,0,0,0.0,0,0,0.0,0,0,0.0,0,0,0.0,0,0,0.0,0,0,0.0,19,16,0.5429,0,0,0.0,0,0,0.0,0,0,0.0,0,0,0.0,0,0,0.0,0,0,0.0,0,0,0.0,0,0,0.0,0,0,0.0,0,0,0.0,8,16,0.3333,0,0,0.0,0,0,0.0,0,0,0.0,6,25,0.1935,0,21,0.0,7,27,0.2059,6,26,0.1875,0,0,0.0,0,0,0.0,0,0,0.0
2026-04-03 21:40:20,test_2896.jpg,195,128,323,0.3963,7,31,32,0,0,0.0,0,0,0.0,0,0,0.0,0,0,0.0,0,0,0.0,0,0,0.0,0,0,0.0,0,0,0.0,0,0,0.0,0,0,0.0,6,13,0.3158,0,0,0.0,0,0,0.0,0,0,0.0,0,0,0.0,0,0,0.0,0,0,0.0,0,0,0.0,0,0,0.0,0,0,0.0,0,0,0.0,9,23,0.2812,0,0,0.0,0,0,0.0,0,0,0.0,8,22,0.2667,9,35,0.2045,35,42,0.4545,57,48,0.5429,4,12,0.25,0,0,0.0,0,0,0.0
2026-04-03 21:40:20,test_2897.jpg,184,68,252,0.2698,13,31,32,3,11,0.2143,3,15,0.1667,4,13,0.2353,14,21,0.4,0,0,0.0,0,0,0.0,0,0,0.0,0,0,0.0,0,0,0.0,0,0,0.0,20,50,0.2857,0,0,0.0,0,0,0.0,0,0,0.0,0,0,0.0,0,0,0.0,0,0,0.0,0,0,0.0,0,0,0.0,0,0,0.0,0,0,0.0,0,7,0.0,0,0,0.0,0,0,0.0,0,0,0.0,0,11,0.0,3,4,0.4286,0,11,0.0,3,9,0.25,6,7,0.4615,3,11,0.2143,9,14,0.3913
2026-04-03 21:40:20,test_2898.jpg,137,7,144,0.0486,8,31,32,0,0,0.0,0,0,0.0,0,0,0.0,0,0,0.0,0,0,0.0,0,0,0.0,0,0,0.0,0,0,0.0,0,0,0.0,0,0,0.0,0,12,0.0,0,0,0.0,0,0,0.0,0,0,0.0,0,0,0.0,0,0,0.0,0,0,0.0,0,0,0.0,0,0,0.0,0,0,0.0,0,0,0.0,2,14,0.125,0,0,0.0,0,0,0.0,0,0,0.0,4,16,0.2,0,20,0.0,0,19,0.0,0,21,0.0,1,18,0.0526,0,17,0.0,0,0,0.0
2026-04-03 21:40:20,test_2899.jpg,180,22,202,0.1089,7,31,32,0,0,0.0,0,0,0.0,0,0,0.0,0,0,0.0,0,0,0.0,0,0,0.0,0,0,0.0,0,0,0.0,0,0,0.0,0,0,0.0,4,21,0.16,0,0,0.0,0,0,0.0,0,0,0.0,0,0,0.0,0,0,0.0,0,0,0.0,0,0,0.0,0,0,0.0,0,0,0.0,0,0,0.0,4,27,0.129,0,0,0.0,0,0,0.0,0,0,0.0,0,18,0.0,4,21,0.16,4,26,0.1333,6,41,0.1277,0,26,0.0,0,0,0.0,0,0,0.0
2026-04-03 21:40:20,test_29.jpg,151,16,167,0.0958,8,31,32,0,0,0.0,0,0,0.0,0,0,0.0,0,0,0.0,0,0,0.0,0,0,0.0,0,0,0.0,0,0,0.0,0,0,0.0,0,0,0.0,0,13,0.0,0,0,0.0,0,0,0.0,0,0,0.0,0,0,0.0,0,0,0.0,0,0,0.0,0,0,0.0,0,0,0.0,0,0,0.0,0,0,0.0,1,19,0.05,0,0,0.0,0,0,0.0,0,0,0.0,0,21,0.0,7,22,0.2414,4,25,0.1379,2,16,0.1111,1,17,0.0556,1,18,0.0526,0,0,0.0
2026-04-03 21:40:20,test_290.jpg,140,39,179,0.2179,9,31,32,0,0,0.0,0,0,0.0,0,0,0.0,0,0,0.0,0,0,0.0,0,0,0.0,0,0,0.0,0,0,0.0,0,0,0.0,0,0,0.0,0,12,0.0,0,0,0.0,0,0,0.0,0,0,0.0,0,0,0.0,0,0,0.0,0,0,0.0,0,0,0.0,0,0,0.0,0,0,0.0,0,0,0.0,0,0,0.0,0,0,0.0,0,0,0.0,0,0,0.0,0,0,0.0,5,20,0.2,4,19,0.1739,3,23,0.1154,4,29,0.1212,15,31,0.3261,8,6,0.5714
2026-04-03 21:40:20,test_2900.jpg,199,30,229,0.131,8,31,32,0,0,0.0,0,0,0.0,0,0,0.0,0,0,0.0,0,0,0.0,0,0,0.0,0,0,0.0,0,0,0.0,0,0,0.0,0,0,0.0,1,18,0.0526,0,0,0.0,0,0,0.0,0,0,0.0,0,0,0.0,0,0,0.0,0,0,0.0,0,0,0.0,0,0,0.0,0,0,0.0,0,0,0.0,10,47,0.1754,0,0,0.0,0,0,0.0,0,0,0.0,0,19,0.0,3,29,0.0938,11,22,0.3333,2,24,0.0769,0,17,0.0,3,23,0.1154,0,0,0.0
2026-04-03 21:40:20,test_2901.jpg,169,49,218,0.2248,5,31,32,0,0,0.0,0,0,0.0,0,0,0.0,0,0,0.0,0,0,0.0,0,0,0.0,0,0,0.0,0,0,0.0,0,0,0.0,0,0,0.0,10,22,0.3125,0,0,0.0,0,0,0.0,0,0,0.0,0,0,0.0,0,0,0.0,0,0,0.0,0,0,0.0,0,0,0.0,0,0,0.0,0,0,0.0,17,50,0.2537,0,0,0.0,0,0,0.0,0,0,0.0,7,32,0.1795,7,36,0.1628,8,29,0.2162,0,0,0.0,0,0,0.0,0,0,0.0,0,0,0.0
2026-04-03 21:40:20,test_2902.jpg,213,20,233,0.0858,5,31,32,0,0,0.0,0,0,0.0,0,0,0.0,0,0,0.0,0,0,0.0,0,0,0.0,0,0,0.0,0,0,0.0,0,0,0.0,0,0,0.0,4,24,0.1429,0,0,0.0,0,0,0.0,0,0,0.0,0,0,0.0,0,0,0.0,0,0,0.0,0,0,0.0,0,0,0.0,0,0,0.0,0,0,0.0,7,40,0.1489,0,0,0.0,0,0,0.0,0,0,0.0,8,56,0.125,1,61,0.0161,0,32,0.0,0,0,0.0,0,0,0.0,0,0,0.0,0,0,0.0
2026-04-03 21:40:20,test_2903.jpg,201,107,308,0.3474,8,31,32,0,0,0.0,0,0,0.0,0,0,0.0,0,0,0.0,0,0,0.0,0,0,0.0,0,0,0.0,0,0,0.0,0,0,0.0,0,0,0.0,17,17,0.5,0,0,0.0,0,0,0.0,0,0,0.0,0,0,0.0,0,0,0.0,0,0,0.0,0,0,0.0,0,0,0.0,0,0,0.0,0,0,0.0,28,27,0.5091,0,0,0.0,0,0,0.0,0,0,0.0,31,30,0.5082,15,38,0.283,7,27,0.2059,2,19,0.0952,4,22,0.1538,3,21,0.125,0,0,0.0
2026-04-03 21:40:20,test_2904.jpg,151,26,177,0.1469,9,31,32,0,0,0.0,0,0,0.0,0,0,0.0,0,0,0.0,0,0,0.0,0,0,0.0,0,0,0.0,0,0,0.0,0,0,0.0,0,0,0.0,0,1,0.0,0,0,0.0,0,0,0.0,0,0,0.0,0,0,0.0,0,0,0.0,0,0,0.0,0,0,0.0,0,0,0.0,0,0,0.0,0,0,0.0,1,41,0.0238,0,0,0.0,0,0,0.0,0,0,0.0,9,15,0.375,2,15,0.1176,4,15,0.2105,3,13,0.1875,3,16,0.1579,4,35,0.1026,0,0,0.0
2026-04-03 21:40:20,test_2905.jpg,147,22,169,0.1302,4,31,32,0,0,0.0,0,0,0.0,0,0,0.0,0,0,0.0,0,0,0.0,0,0,0.0,0,0,0.0,0,0,0.0,0,0,0.0,0,0,0.0,7,30,0.1892,0,0,0.0,0,0,0.0,0,0,0.0,0,0,0.0,0,0,0.0,0,0,0.0,0,0,0.0,0,0,0.0,0,0,0.0,0,0,0.0,2,41,0.0465,0,0,0.0,0,0,0.0,0,0,0.0,6,60,0.0909,7,16,0.3043,0,0,0.0,0,0,0.0,0,0,0.0,0,0,0.0,0,0,0.0
2026-04-03 21:40:20,test_2906.jpg,114,43,157,0.2739,7,31,32,0,0,0.0,0,0,0.0,0,0,0.0,0,0,0.0,0,0,0.0,0,0,0.0,0,0,0.0,0,0,0.0,0,0,0.0,0,0,0.0,4,10,0.2857,0,0,0.0,0,0,0.0,0,0,0.0,0,0,0.0,0,0,0.0,0,0,0.0,0,0,0.0,0,0,0.0,0,0,0.0,0,0,0.0,2,15,0.1176,0,0,0.0,0,0,0.0,0,0,0.0,3,13,0.1875,2,16,0.1111,14,27,0.3415,16,23,0.4103,2,10,0.1667,0,0,0.0,0,0,0.0
2026-04-03 21:40:20,test_2907.jpg,243,47,290,0.1621,13,31,32,6,16,0.2727,2,15,0.1176,9,29,0.2368,6,32,0.1579,0,0,0.0,0,0,0.0,0,0,0.0,0,0,0.0,0,0,0.0,0,0,0.0,0,1,0.0,0,0,0.0,0,0,0.0,0,0,0.0,0,0,0.0,0,0,0.0,0,0,0.0,0,0,0.0,0,0,0.0,0,0,0.0,0,0,0.0,0,27,0.0,0,0,0.0,0,0,0.0,0,0,0.0,8,19,0.2963,0,14,0.0,3,24,0.1111,4,15,0.2105,4,21,0.16,2,14,0.125,3,16,0.1579
2026-04-03 21:40:20,test_2908.jpg,166,32,198,0.1616,10,31,32,0,6,0.0,0,0,0.0,0,0,0.0,0,0,0.0,0,0,0.0,0,0,0.0,0,0,0.0,0,0,0.0,0,0,0.0,0,0,0.0,1,16,0.0588,0,0,0.0,0,0,0.0,0,0,0.0,0,0,0.0,0,0,0.0,0,0,0.0,0,0,0.0,0,0,0.0,0,0,0.0,0,0,0.0,0,0,0.0,0,0,0.0,0,0,0.0,0,0,0.0,3,21,0.125,3,22,0.12,0,13,0.0,4,20,0.1667,4,12,0.25,5,18,0.2174,12,38,0.24
2026-04-03 21:40:20,test_2909.jpg,130,15,145,0.1034,6,31,32,0,0,0.0,0,0,0.0,0,0,0.0,0,0,0.0,0,0,0.0,0,0,0.0,0,0,0.0,0,0,0.0,0,0,0.0,0,0,0.0,0,21,0.0,0,0,0.0,0,0,0.0,0,0,0.0,0,0,0.0,0,0,0.0,0,0,0.0,0,0,0.0,0,0,0.0,0,0,0.0,0,0,0.0,1,21,0.0455,0,0,0.0,0,0,0.0,0,0,0.0,5,24,0.1724,3,22,0.12,3,26,0.1034,3,16,0.1579,0,0,0.0,0,0,0.0,0,0,0.0
2026-04-03 21:40:20,test_291.jpg,129,23,152,0.1513,6,31,32,0,0,0.0,0,0,0.0,0,0,0.0,0,0,0.0,0,0,0.0,0,0,0.0,0,0,0.0,0,0,0.0,0,0,0.0,0,0,0.0,3,20,0.1304,0,0,0.0,0,0,0.0,0,0,0.0,0,0,0.0,0,0,0.0,0,0,0.0,0,0,0.0,0,0,0.0,0,0,0.0,0,0,0.0,1,21,0.0455,0,0,0.0,0,0,0.0,0,0,0.0,11,23,0.3235,1,25,0.0385,2,23,0.08,5,17,0.2273,0,0,0.0,0,0,0.0,0,0,0.0
2026-04-03 21:40:20,test_2910.jpg,223,77,300,0.2567,8,31,32,0,0,0.0,0,0,0.0,0,0,0.0,0,0,0.0,0,0,0.0,0,0,0.0,0,0,0.0,0,0,0.0,0,0,0.0,0,0,0.0,5,30,0.1429,0,0,0.0,0,0,0.0,0,0,0.0,0,0,0.0,0,0,0.0,0,0,0.0,0,0,0.0,0,0,0.0,0,0,0.0,0,0,0.0,6,17,0.2609,0,0,0.0,0,0,0.0,0,0,0.0,0,14,0.0,17,29,0.3696,11,34,0.2444,19,35,0.3519,18,36,0.3333,1,28,0.0345,0,0,0.0
2026-04-03 21:40:20,test_2911.jpg,298,87,385,0.226,17,31,32,0,15,0.0,13,18,0.4194,2,13,0.1333,6,16,0.2727,3,10,0.2308,7,14,0.3333,6,24,0.2,3,8,0.2727,0,0,0.0,0,0,0.0,2,23,0.08,0,0,0.0,0,0,0.0,0,0,0.0,0,0,0.0,0,0,0.0,0,0,0.0,0,0,0.0,0,0,0.0,0,0,0.0,0,0,0.0,10,38,0.2083,0,0,0.0,0,0,0.0,0,0,0.0,7,30,0.1892,9,30,0.2308,8,14,0.3636,6,20,0.2308,2,4,0.3333,0,5,0.0,3,16,0.1579
2026-04-03 21:40:20,test_2912.jpg,119,55,174,0.3161,5,31,32,0,0,0.0,0,0,0.0,0,0,0.0,0,0,0.0,0,0,0.0,0,0,0.0,0,0,0.0,0,0,0.0,0,0,0.0,0,0,0.0,1,12,0.0769,0,0,0.0,0,0,0.0,0,0,0.0,0,0,0.0,0,0,0.0,0,0,0.0,0,0,0.0,0,0,0.0,0,0,0.0,0,0,0.0,5,17,0.2273,0,0,0.0,0,0,0.0,0,0,0.0,11,28,0.2821,11,31,0.2619,27,31,0.4655,0,0,0.0,0,0,0.0,0,0,0.0,0,0,0.0
2026-04-03 21:40:20,test_2913.jpg,121,15,136,0.1103,7,31,32,0,0,0.0,0,0,0.0,0,0,0.0,0,0,0.0,0,0,0.0,0,0,0.0,0,0,0.0,0,0,0.0,0,0,0.0,0,0,0.0,2,13,0.1333,0,0,0.0,0,0,0.0,0,0,0.0,0,0,0.0,0,0,0.0,0,0,0.0,0,0,0.0,0,0,0.0,0,0,0.0,0,0,0.0,3,15,0.1667,0,0,0.0,0,0,0.0,0,0,0.0,0,19,0.0,1,17,0.0556,0,17,0.0,9,40,0.1837,0,0,0.0,0,0,0.0,0,0,0.0
2026-04-03 21:40:20,test_2914.jpg,193,52,245,0.2122,8,31,32,0,0,0.0,0,0,0.0,0,0,0.0,0,0,0.0,0,0,0.0,0,0,0.0,0,0,0.0,0,0,0.0,0,0,0.0,0,0,0.0,0,0,0.0,0,0,0.0,0,0,0.0,0,0,0.0,0,0,0.0,0,0,0.0,0,0,0.0,0,0,0.0,0,0,0.0,0,0,0.0,0,0,0.0,2,37,0.0513,0,0,0.0,0,0,0.0,0,0,0.0,9,27,0.25,9,36,0.2,14,36,0.28,5,26,0.1613,13,31,0.2955,0,0,0.0,0,0,0.0
2026-04-03 21:40:20,test_2915.jpg,118,19,137,0.1387,6,31,32,0,0,0.0,0,0,0.0,0,0,0.0,0,0,0.0,0,0,0.0,0,0,0.0,0,0,0.0,0,0,0.0,0,0,0.0,0,0,0.0,0,4,0.0,0,0,0.0,0,0,0.0,0,0,0.0,0,0,0.0,0,0,0.0,0,0,0.0,0,0,0.0,0,0,0.0,0,0,0.0,0,0,0.0,1,44,0.0222,0,0,0.0,0,0,0.0,0,0,0.0,2,19,0.0952,6,17,0.2609,9,22,0.2903,1,12,0.0769,0,0,0.0,0,0,0.0,0,0,0.0
2026-04-03 21:40:20,test_2916.jpg,98,33,131,0.2519,6,31,32,0,0,0.0,0,0,0.0,0,0,0.0,0,0,0.0,0,0,0.0,0,0,0.0,0,0,0.0,0,0,0.0,0,0,0.0,0,0,0.0,1,8,0.1111,0,0,0.0,0,0,0.0,0,0,0.0,0,0,0.0,0,0,0.0,0,0,0.0,0,0,0.0,0,0,0.0,0,0,0.0,0,0,0.0,1,13,0.0714,0,0,0.0,0,0,0.0,0,0,0.0,0,19,0.0,1,20,0.0476,6,17,0.2609,24,21,0.5333,0,0,0.0,0,0,0.0,0,0,0.0
2026-04-03 21:40:20,test_2917.jpg,145,22,167,0.1317,6,31,32,0,0,0.0,0,0,0.0,0,0,0.0,0,0,0.0,0,0,0.0,0,0,0.0,0,0,0.0,0,0,0.0,0,0,0.0,0,0,0.0,0,12,0.0,0,0,0.0,0,0,0.0,0,0,0.0,0,0,0.0,0,0,0.0,0,0,0.0,0,0,0.0,0,0,0.0,0,0,0.0,0,0,0.0,3,12,0.2,0,0,0.0,0,0,0.0,0,0,0.0,1,10,0.0909,0,20,0.0,9,47,0.1607,9,44,0.1698,0,0,0.0,0,0,0.0,0,0,0.0
2026-04-03 21:40:20,test_2918.jpg,136,80,216,0.3704,6,31,32,0,0,0.0,0,0,0.0,0,0,0.0,0,0,0.0,0,0,0.0,0,0,0.0,0,0,0.0,0,0,0.0,0,0,0.0,0,0,0.0,39,26,0.6,0,0,0.0,0,0,0.0,0,0,0.0,0,0,0.0,0,0,0.0,0,0,0.0,0,0,0.0,0,0,0.0,0,0,0.0,0,0,0.0,13,30,0.3023,0,0,0.0,0,0,0.0,0,0,0.0,15,29,0.3409,2,18,0.1,8,20,0.2857,3,13,0.1875,0,0,0.0,0,0,0.0,0,0,0.0
2026-04-03 21:40:20,test_2919.jpg,135,65,200,0.325,7,31,32,0,0,0.0,0,0,0.0,0,0,0.0,0,0,0.0,0,0,0.0,0,0,0.0,0,0,0.0,0,0,0.0,0,0,0.0,0,0,0.0,1,11,0.0833,0,0,0.0,0,0,0.0,0,0,0.0,0,0,0.0,0,0,0.0,0,0,0.0,0,0,0.0,0,0,0.0,0,0,0.0,0,0,0.0,3,19,0.1364,0,0,0.0,0,0,0.0,0,0,0.0,2,20,0.0909,10,21,0.3226,15,24,0.3846,26,27,0.4906,8,13,0.381,0,0,0.0,0,0,0.0
2026-04-03 21:40:20,test_292.jpg,113,43,156,0.2756,7,31,32,0,0,0.0,0,0,0.0,0,0,0.0,0,0,0.0,0,0,0.0,0,0,0.0,0,0,0.0,0,0,0.0,0,0,0.0,0,0,0.0,5,16,0.2381,0,0,0.0,0,0,0.0,0,0,0.0,0,0,0.0,0,0,0.0,0,0,0.0,0,0,0.0,0,0,0.0,0,0,0.0,0,0,0.0,3,17,0.15,0,0,0.0,0,0,0.0,0,0,0.0,6,14,0.3,12,16,0.4286,2,10,0.1667,2,9,0.1818,13,31,0.2955,0,0,0.0,0,0,0.0
2026-04-03 21:40:20,test_2920.jpg,138,88,226,0.3894,5,31,32,0,0,0.0,0,0,0.0,0,0,0.0,0,0,0.0,0,0,0.0,0,0,0.0,0,0,0.0,0,0,0.0,0,0,0.0,0,0,0.0,10,20,0.3333,0,0,0.0,0,0,0.0,0,0,0.0,0,0,0.0,0,0,0.0,0,0,0.0,0,0,0.0,0,0,0.0,0,0,0.0,0,0,0.0,3,18,0.1429,0,0,0.0,0,0,0.0,0,0,0.0,9,36,0.2,53,42,0.5579,13,22,0.3714,0,0,0.0,0,0,0.0,0,0,0.0,0,0,0.0
2026-04-03 21:40:20,test_2921.jpg,132,10,142,0.0704,6,31,32,0,0,0.0,0,0,0.0,0,0,0.0,0,0,0.0,0,0,0.0,0,0,0.0,0,0,0.0,0,0,0.0,0,0,0.0,0,0,0.0,0,0,0.0,0,0,0.0,0,0,0.0,0,0,0.0,0,0,0.0,0,0,0.0,0,0,0.0,0,0,0.0,0,0,0.0,0,0,0.0,0,0,0.0,5,35,0.125,0,0,0.0,0,0,0.0,0,0,0.0,0,27,0.0,1,17,0.0556,1,37,0.0263,3,16,0.1579,0,0,0.0,0,0,0.0,0,0,0.0
2026-04-03 21:40:20,test_2922.jpg,182,51,233,0.2189,8,31,32,0,0,0.0,0,0,0.0,0,0,0.0,0,0,0.0,0,0,0.0,0,0,0.0,0,0,0.0,0,0,0.0,0,0,0.0,0,0,0.0,1,2,0.3333,0,0,0.0,0,0,0.0,0,0,0.0,0,0,0.0,0,0,0.0,0,0,0.0,0,0,0.0,0,0,0.0,0,0,0.0,0,0,0.0,8,37,0.1778,0,0,0.0,0,0,0.0,0,0,0.0,2,19,0.0952,2,23,0.08,19,31,0.38,0,19,0.0,2,17,0.1053,17,34,0.3333,0,0,0.0
2026-04-03 21:40:20,test_2923.jpg,157,48,205,0.2341,9,31,32,0,0,0.0,0,0,0.0,0,0,0.0,0,0,0.0,0,0,0.0,0,0,0.0,0,0,0.0,0,0,0.0,0,0,0.0,0,0,0.0,3,3,0.5,0,0,0.0,0,0,0.0,0,0,0.0,0,0,0.0,0,0,0.0,0,0,0.0,0,0,0.0,0,0,0.0,0,0,0.0,0,0,0.0,3,16,0.1579,0,0,0.0,0,0,0.0,0,0,0.0,1,17,0.0556,2,22,0.0833,5,25,0.1667,11,19,0.3667,9,17,0.3462,5,18,0.2174,9,20,0.3103
2026-04-03 21:40:20,test_2924.jpg,215,70,285,0.2456,4,31,32,0,0,0.0,0,0,0.0,0,0,0.0,0,0,0.0,0,0,0.0,0,0,0.0,0,0,0.0,0,0,0.0,0,0,0.0,0,0,0.0,13,29,0.3095,0,0,0.0,0,0,0.0,0,0,0.0,0,0,0.0,0,0,0.0,0,0,0.0,0,0,0.0,0,0,0.0,0,0,0.0,0,0,0.0,19,44,0.3016,0,0,0.0,0,0,0.0,0,0,0.0,13,65,0.1667,25,77,0.2451,0,0,0.0,0,0,0.0,0,0,0.0,0,0,0.0,0,0,0.0
2026-04-03 21:40:20,test_2925.jpg,119,40,159,0.2516,5,31,32,0,0,0.0,0,0,0.0,0,0,0.0,0,0,0.0,0,0,0.0,0,0,0.0,0,0,0.0,0,0,0.0,0,0,0.0,0,0,0.0,0,23,0.0,0,0,0.0,0,0,0.0,0,0,0.0,0,0,0.0,0,0,0.0,0,0,0.0,0,0,0.0,0,0,0.0,0,0,0.0,0,0,0.0,11,32,0.2558,0,0,0.0,0,0,0.0,0,0,0.0,5,22,0.1852,11,25,0.3056,13,17,0.4333,0,0,0.0,0,0,0.0,0,0,0.0,0,0,0.0
2026-04-03 21:40:20,test_2926.jpg,145,32,177,0.1808,8,31,32,0,0,0.0,0,0,0.0,0,0,0.0,0,0,0.0,0,0,0.0,0,0,0.0,0,0,0.0,0,0,0.0,0,0,0.0,0,0,0.0,7,16,0.3043,0,0,0.0,0,0,0.0,0,0,0.0,0,0,0.0,0,0,0.0,0,0,0.0,0,0,0.0,0,0,0.0,0,0,0.0,0,0,0.0,3,13,0.1875,0,0,0.0,0,0,0.0,0,0,0.0,3,15,0.1667,0,21,0.0,0,18,0.0,16,27,0.3721,0,18,0.0,3,17,0.15,0,0,0.0
2026-04-03 21:40:20,test_2927.jpg,217,83,300,0.2767,7,31,32,0,0,0.0,0,0,0.0,0,0,0.0,0,0,0.0,0,0,0.0,0,0,0.0,0,0,0.0,0,0,0.0,0,0,0.0,0,0,0.0,8,24,0.25,0,0,0.0,0,0,0.0,0,0,0.0,0,0,0.0,0,0,0.0,0,0,0.0,0,0,0.0,0,0,0.0,0,0,0.0,0,0,0.0,12,31,0.2791,0,0,0.0,0,0,0.0,0,0,0.0,6,31,0.1622,13,29,0.3095,12,34,0.2609,12,33,0.2667,20,35,0.3636,0,0,0.0,0,0,0.0
2026-04-03 21:40:20,test_2928.jpg,143,25,168,0.1488,6,31,32,0,0,0.0,0,0,0.0,0,0,0.0,0,0,0.0,0,0,0.0,0,0,0.0,0,0,0.0,0,0,0.0,0,0,0.0,0,0,0.0,0,16,0.0,0,0,0.0,0,0,0.0,0,0,0.0,0,0,0.0,0,0,0.0,0,0,0.0,0,0,0.0,0,0,0.0,0,0,0.0,0,0,0.0,2,18,0.1,0,0,0.0,0,0,0.0,0,0,0.0,4,17,0.1905,1,23,0.0417,16,50,0.2424,2,19,0.0952,0,0,0.0,0,0,0.0,0,0,0.0
2026-04-03 21:40:20,test_2929.jpg,146,67,213,0.3146,6,31,32,0,0,0.0,0,0,0.0,0,0,0.0,0,0,0.0,0,0,0.0,0,0,0.0,0,0,0.0,0,0,0.0,0,0,0.0,0,0,0.0,5,21,0.1923,0,0,0.0,0,0,0.0,0,0,0.0,0,0,0.0,0,0,0.0,0,0,0.0,0,0,0.0,0,0,0.0,0,0,0.0,0,0,0.0,14,23,0.3784,0,0,0.0,0,0,0.0,0,0,0.0,9,21,0.3,5,26,0.1613,20,36,0.3571,14,19,0.4242,0,0,0.0,0,0,0.0,0,0,0.0
2026-04-03 21:40:20,test_293.jpg,123,25,148,0.1689,9,31,32,0,0,0.0,0,0,0.0,0,0,0.0,0,0,0.0,0,0,0.0,0,0,0.0,0,0,0.0,0,0,0.0,0,0,0.0,0,0,0.0,0,12,0.0,0,0,0.0,0,0,0.0,0,0,0.0,0,0,0.0,0,0,0.0,0,0,0.0,0,0,0.0,0,0,0.0,0,0,0.0,0,0,0.0,1,10,0.0909,0,0,0.0,0,0,0.0,0,0,0.0,2,11,0.1538,3,12,0.2,4,12,0.25,2,14,0.125,4,11,0.2667,6,22,0.2143,3,19,0.1364
2026-04-03 21:40:20,test_2930.jpg,132,37,169,0.2189,8,31,32,0,0,0.0,0,0,0.0,0,0,0.0,0,0,0.0,0,0,0.0,0,0,0.0,0,0,0.0,0,0,0.0,0,0,0.0,0,0,0.0,3,24,0.1111,0,0,0.0,0,0,0.0,0,0,0.0,0,0,0.0,0,0,0.0,0,0,0.0,0,0,0.0,0,0,0.0,0,0,0.0,0,0,0.0,4,25,0.1379,0,0,0.0,0,0,0.0,0,0,0.0,1,17,0.0556,12,17,0.4138,4,16,0.2,6,12,0.3333,6,14,0.3,1,7,0.125,0,0,0.0
2026-04-03 21:40:20,test_2931.jpg,143,31,174,0.1782,7,31,32,0,0,0.0,0,0,0.0,0,0,0.0,0,0,0.0,0,0,0.0,0,0,0.0,0,0,0.0,0,0,0.0,0,0,0.0,0,0,0.0,0,14,0.0,0,0,0.0,0,0,0.0,0,0,0.0,0,0,0.0,0,0,0.0,0,0,0.0,0,0,0.0,0,0,0.0,0,0,0.0,0,0,0.0,0,13,0.0,0,0,0.0,0,0,0.0,0,0,0.0,0,14,0.0,3,15,0.1667,14,37,0.2745,6,24,0.2,8,26,0.2353,0,0,0.0,0,0,0.0
2026-04-03 21:40:20,test_2932.jpg,192,83,275,0.3018,7,31,32,0,0,0.0,0,0,0.0,0,0,0.0,0,0,0.0,0,0,0.0,0,0,0.0,0,0,0.0,0,0,0.0,0,0,0.0,0,0,0.0,4,16,0.2,0,0,0.0,0,0,0.0,0,0,0.0,0,0,0.0,0,0,0.0,0,0,0.0,0,0,0.0,0,0,0.0,0,0,0.0,0,0,0.0,0,19,0.0,0,0,0.0,0,0,0.0,0,0,0.0,2,22,0.0833,8,59,0.1194,26,26,0.5,39,39,0.5,4,11,0.2667,0,0,0.0,0,0,0.0
2026-04-03 21:40:20,test_2933.jpg,159,33,192,0.1719,7,31,32,0,0,0.0,0,0,0.0,0,0,0.0,0,0,0.0,0,0,0.0,0,0,0.0,0,0,0.0,0,0,0.0,0,0,0.0,0,0,0.0,3,18,0.1429,0,0,0.0,0,0,0.0,0,0,0.0,0,0,0.0,0,0,0.0,0,0,0.0,0,0,0.0,0,0,0.0,0,0,0.0,0,0,0.0,0,31,0.0,0,0,0.0,0,0,0.0,0,0,0.0,2,25,0.0741,4,25,0.1379,4,20,0.1667,10,30,0.25,10,10,0.5,0,0,0.0,0,0,0.0
2026-04-03 21:40:20,test_2934.jpg,149,30,179,0.1676,7,31,32,0,0,0.0,0,0,0.0,0,0,0.0,0,0,0.0,0,0,0.0,0,0,0.0,0,0,0.0,0,0,0.0,0,0,0.0,0,0,0.0,2,15,0.1176,0,0,0.0,0,0,0.0,0,0,0.0,0,0,0.0,0,0,0.0,0,0,0.0,0,0,0.0,0,0,0.0,0,0,0.0,0,0,0.0,0,15,0.0,0,0,0.0,0,0,0.0,0,0,0.0,1,16,0.0588,3,20,0.1304,9,24,0.2727,7,26,0.2121,8,33,0.1951,0,0,0.0,0,0,0.0
2026-04-03 21:40:20,test_2935.jpg,146,41,187,0.2193,7,31,32,0,0,0.0,0,0,0.0,0,0,0.0,0,0,0.0,0,0,0.0,0,0,0.0,0,0,0.0,0,0,0.0,0,0,0.0,0,0,0.0,0,20,0.0,0,0,0.0,0,0,0.0,0,0,0.0,0,0,0.0,0,0,0.0,0,0,0.0,0,0,0.0,0,0,0.0,0,0,0.0,0,0,0.0,13,28,0.3171,0,0,0.0,0,0,0.0,0,0,0.0,1,21,0.0455,4,28,0.125,2,17,0.1053,6,18,0.25,15,14,0.5172,0,0,0.0,0,0,0.0
2026-04-03 21:40:20,test_2936.jpg,133,32,165,0.1939,6,31,32,0,0,0.0,0,0,0.0,0,0,0.0,0,0,0.0,0,0,0.0,0,0,0.0,0,0,0.0,0,0,0.0,0,0,0.0,0,0,0.0,5,20,0.2,0,0,0.0,0,0,0.0,0,0,0.0,0,0,0.0,0,0,0.0,0,0,0.0,0,0,0.0,0,0,0.0,0,0,0.0,0,0,0.0,7,19,0.2692,0,0,0.0,0,0,0.0,0,0,0.0,3,19,0.1364,2,29,0.0645,8,33,0.1951,7,13,0.35,0,0,0.0,0,0,0.0,0,0,0.0
2026-04-03 21:40:20,test_2937.jpg,142,58,200,0.29,7,31,32,0,0,0.0,0,0,0.0,0,0,0.0,0,0,0.0,0,0,0.0,0,0,0.0,0,0,0.0,0,0,0.0,0,0,0.0,0,0,0.0,16,15,0.5161,0,0,0.0,0,0,0.0,0,0,0.0,0,0,0.0,0,0,0.0,0,0,0.0,0,0,0.0,0,0,0.0,0,0,0.0,0,0,0.0,9,33,0.2143,0,0,0.0,0,0,0.0,0,0,0.0,0,23,0.0,3,16,0.1579,2,16,0.1111,11,25,0.3056,17,14,0.5484,0,0,0.0,0,0,0.0
2026-04-03 21:40:20,test_2938.jpg,138,39,177,0.2203,8,31,32,0,0,0.0,0,0,0.0,0,0,0.0,0,0,0.0,0,0,0.0,0,0,0.0,0,0,0.0,0,0,0.0,0,0,0.0,0,0,0.0,1,1,0.5,0,0,0.0,0,0,0.0,0,0,0.0,0,0,0.0,0,0,0.0,0,0,0.0,0,0,0.0,0,0,0.0,0,0,0.0,0,0,0.0,12,31,0.2791,0,0,0.0,0,0,0.0,0,0,0.0,6,23,0.2069,4,24,0.1429,0,12,0.0,6,17,0.2609,10,30,0.25,0,0,0.0,0,0,0.0
2026-04-03 21:40:20,test_2939.jpg,130,8,138,0.058,8,31,32,0,0,0.0,0,0,0.0,0,0,0.0,0,0,0.0,0,0,0.0,0,0,0.0,0,0,0.0,0,0,0.0,0,0,0.0,0,0,0.0,5,5,0.5,0,0,0.0,0,0,0.0,0,0,0.0,0,0,0.0,0,0,0.0,0,0,0.0,0,0,0.0,0,0,0.0,0,0,0.0,0,0,0.0,2,24,0.0769,0,0,0.0,0,0,0.0,0,0,0.0,1,17,0.0556,0,17,0.0,0,17,0.0,0,17,0.0,0,18,0.0,0,15,0.0,0,0,0.0
2026-04-03 21:40:20,test_294.jpg,120,66,186,0.3548,5,31,32,0,0,0.0,0,0,0.0,0,0,0.0,0,0,0.0,0,0,0.0,0,0,0.0,0,0,0.0,0,0,0.0,0,0,0.0,0,0,0.0,26,40,0.3939,0,0,0.0,0,0,0.0,0,0,0.0,0,0,0.0,0,0,0.0,0,0,0.0,0,0,0.0,0,0,0.0,0,0,0.0,0,0,0.0,20,30,0.4,0,0,0.0,0,0,0.0,0,0,0.0,14,26,0.35,4,14,0.2222,2,10,0.1667,0,0,0.0,0,0,0.0,0,0,0.0,0,0,0.0
2026-04-03 21:40:20,test_2940.jpg,132,9,141,0.0638,7,31,32,0,0,0.0,0,0,0.0,0,0,0.0,0,0,0.0,0,0,0.0,0,0,0.0,0,0,0.0,0,0,0.0,0,0,0.0,0,0,0.0,4,14,0.2222,0,0,0.0,0,0,0.0,0,0,0.0,0,0,0.0,0,0,0.0,0,0,0.0,0,0,0.0,0,0,0.0,0,0,0.0,0,0,0.0,0,14,0.0,0,0,0.0,0,0,0.0,0,0,0.0,1,19,0.05,0,21,0.0,2,22,0.0833,2,22,0.0833,0,20,0.0,0,0,0.0,0,0,0.0
2026-04-03 21:40:20,test_295.jpg,197,80,277,0.2888,7,31,32,0,0,0.0,0,0,0.0,0,0,0.0,0,0,0.0,0,0,0.0,0,0,0.0,0,0,0.0,0,0,0.0,0,0,0.0,0,0,0.0,3,16,0.1579,0,0,0.0,0,0,0.0,0,0,0.0,0,0,0.0,0,0,0.0,0,0,0.0,0,0,0.0,0,0,0.0,0,0,0.0,0,0,0.0,6,25,0.1935,0,0,0.0,0,0,0.0,0,0,0.0,10,25,0.2857,9,24,0.2727,13,25,0.3421,17,42,0.2881,22,40,0.3548,0,0,0.0,0,0,0.0
2026-04-03 21:40:20,test_296.jpg,134,41,175,0.2343,6,31,32,0,0,0.0,0,0,0.0,0,0,0.0,0,0,0.0,0,0,0.0,0,0,0.0,0,0,0.0,0,0,0.0,0,0,0.0,0,0,0.0,4,21,0.16,0,0,0.0,0,0,0.0,0,0,0.0,0,0,0.0,0,0,0.0,0,0,0.0,0,0,0.0,0,0,0.0,0,0,0.0,0,0,0.0,4,27,0.129,0,0,0.0,0,0,0.0,0,0,0.0,3,19,0.1364,11,25,0.3056,6,22,0.2143,13,20,0.3939,0,0,0.0,0,0,0.0,0,0,0.0
2026-04-03 21:40:20,test_297.jpg,115,13,128,0.1016,8,31,32,0,0,0.0,0,0,0.0,0,0,0.0,0,0,0.0,0,0,0.0,0,0,0.0,0,0,0.0,0,0,0.0,0,0,0.0,0,0,0.0,3,16,0.1579,0,0,0.0,0,0,0.0,0,0,0.0,0,0,0.0,0,0,0.0,0,0,0.0,0,0,0.0,0,0,0.0,0,0,0.0,0,0,0.0,7,17,0.2917,0,0,0.0,0,0,0.0,0,0,0.0,0,12,0.0,1,14,0.0667,2,14,0.125,0,9,0.0,0,16,0.0,0,17,0.0,0,0,0.0
2026-04-03 21:40:20,test_298.jpg,199,127,326,0.3896,5,31,32,0,0,0.0,0,0,0.0,0,0,0.0,0,0,0.0,0,0,0.0,0,0,0.0,0,0,0.0,0,0,0.0,0,0,0.0,0,0,0.0,3,24,0.1111,0,0,0.0,0,0,0.0,0,0,0.0,0,0,0.0,0,0,0.0,0,0,0.0,0,0,0.0,0,0,0.0,0,0,0.0,0,0,0.0,2,40,0.0476,0,0,0.0,0,0,0.0,0,0,0.0,38,50,0.4318,52,48,0.52,32,37,0.4638,0,0,0.0,0,0,0.0,0,0,0.0,0,0,0.0
2026-04-03 21:40:20,test_299.jpg,127,41,168,0.244,5,31,32,0,0,0.0,0,0,0.0,0,0,0.0,0,0,0.0,0,0,0.0,0,0,0.0,0,0,0.0,0,0,0.0,0,0,0.0,0,0,0.0,11,20,0.3548,0,0,0.0,0,0,0.0,0,0,0.0,0,0,0.0,0,0,0.0,0,0,0.0,0,0,0.0,0,0,0.0,0,0,0.0,0,0,0.0,8,19,0.2963,0,0,0.0,0,0,0.0,0,0,0.0,4,41,0.0889,8,19,0.2963,10,28,0.2632,0,0,0.0,0,0,0.0,0,0,0.0,0,0,0.0
2026-04-03 21:40:20,test_3.jpg,97,44,141,0.3121,6,31,32,0,0,0.0,0,0,0.0,0,0,0.0,0,0,0.0,0,0,0.0,0,0,0.0,0,0,0.0,0,0,0.0,0,0,0.0,0,0,0.0,9,16,0.36,0,0,0.0,0,0,0.0,0,0,0.0,0,0,0.0,0,0,0.0,0,0,0.0,0,0,0.0,0,0,0.0,0,0,0.0,0,0,0.0,8,26,0.2353,0,0,0.0,0,0,0.0,0,0,0.0,7,15,0.3182,9,13,0.4091,8,18,0.3077,3,9,0.25,0,0,0.0,0,0,0.0,0,0,0.0
2026-04-03 21:40:20,test_30.jpg,228,43,271,0.1587,7,31,32,0,0,0.0,0,0,0.0,0,0,0.0,0,0,0.0,0,0,0.0,0,0,0.0,0,0,0.0,0,0,0.0,0,0,0.0,0,0,0.0,4,37,0.0976,0,0,0.0,0,0,0.0,0,0,0.0,0,0,0.0,0,0,0.0,0,0,0.0,0,0,0.0,0,0,0.0,0,0,0.0,0,0,0.0,4,38,0.0952,0,0,0.0,0,0,0.0,0,0,0.0,8,39,0.1702,6,24,0.2,16,28,0.3636,5,38,0.1163,0,24,0.0,0,0,0.0,0,0,0.0
2026-04-03 21:40:20,test_300.jpg,160,70,230,0.3043,8,31,32,0,0,0.0,0,0,0.0,0,0,0.0,0,0,0.0,0,0,0.0,0,0,0.0,0,0,0.0,0,0,0.0,0,0,0.0,0,0,0.0,4,16,0.2,0,0,0.0,0,0,0.0,0,0,0.0,0,0,0.0,0,0,0.0,0,0,0.0,0,0,0.0,0,0,0.0,0,0,0.0,0,0,0.0,6,26,0.1875,0,0,0.0,0,0,0.0,0,0,0.0,5,12,0.2941,1,11,0.0833,7,15,0.3182,11,27,0.2895,24,37,0.3934,12,16,0.4286,0,0,0.0
2026-04-03 21:40:20,test_301.jpg,108,17,125,0.136,6,31,32,0,0,0.0,0,0,0.0,0,0,0.0,0,0,0.0,0,0,0.0,0,0,0.0,0,0,0.0,0,0,0.0,0,0,0.0,0,0,0.0,4,12,0.25,0,0,0.0,0,0,0.0,0,0,0.0,0,0,0.0,0,0,0.0,0,0,0.0,0,0,0.0,0,0,0.0,0,0,0.0,0,0,0.0,0,22,0.0,0,0,0.0,0,0,0.0,0,0,0.0,1,15,0.0625,5,23,0.1786,5,19,0.2083,2,17,0.1053,0,0,0.0,0,0,0.0,0,0,0.0
2026-04-03 21:40:20,test_302.jpg,246,69,315,0.219,15,31,32,7,20,0.2593,1,15,0.0625,5,18,0.2174,4,10,0.2857,6,21,0.2222,2,13,0.1333,0,0,0.0,0,0,0.0,0,0,0.0,0,0,0.0,3,16,0.1579,0,0,0.0,0,0,0.0,0,0,0.0,0,0,0.0,0,0,0.0,0,0,0.0,0,0,0.0,0,0,0.0,0,0,0.0,0,0,0.0,2,16,0.1111,0,0,0.0,0,0,0.0,0,0,0.0,11,22,0.3333,4,17,0.1905,2,14,0.125,3,14,0.1765,6,11,0.3529,5,14,0.2632,8,25,0.2424
2026-04-03 21:40:20,test_303.jpg,167,41,208,0.1971,8,31,32,0,0,0.0,0,0,0.0,0,0,0.0,0,0,0.0,0,0,0.0,0,0,0.0,0,0,0.0,0,0,0.0,0,0,0.0,0,0,0.0,8,33,0.1951,0,0,0.0,0,0,0.0,0,0,0.0,0,0,0.0,0,0,0.0,0,0,0.0,0,0,0.0,0,0,0.0,0,0,0.0,0,0,0.0,0,23,0.0,0,0,0.0,0,0,0.0,0,0,0.0,4,14,0.2222,8,20,0.2857,7,16,0.3043,7,21,0.25,5,19,0.2083,2,21,0.087,0,0,0.0
2026-04-03 21:40:20,test_304.jpg,131,16,147,0.1088,7,31,32,0,0,0.0,0,0,0.0,0,0,0.0,0,0,0.0,0,0,0.0,0,0,0.0,0,0,0.0,0,0,0.0,0,0,0.0,0,0,0.0,1,17,0.0556,0,0,0.0,0,0,0.0,0,0,0.0,0,0,0.0,0,0,0.0,0,0,0.0,0,0,0.0,0,0,0.0,0,0,0.0,0,0,0.0,5,18,0.2174,0,0,0.0,0,0,0.0,0,0,0.0,1,19,0.05,4,26,0.1333,2,21,0.087,2,14,0.125,1,16,0.0588,0,0,0.0,0,0,0.0
2026-04-03 21:40:20,test_305.jpg,171,36,207,0.1739,8,31,32,0,0,0.0,0,0,0.0,0,0,0.0,0,0,0.0,0,0,0.0,0,0,0.0,0,0,0.0,0,0,0.0,0,0,0.0,0,0,0.0,4,21,0.16,0,0,0.0,0,0,0.0,0,0,0.0,0,0,0.0,0,0,0.0,0,0,0.0,0,0,0.0,0,0,0.0,0,0,0.0,0,0,0.0,7,28,0.2,0,0,0.0,0,0,0.0,0,0,0.0,5,24,0.1724,4,22,0.1538,4,22,0.1538,5,20,0.2,4,18,0.1818,3,16,0.1579,0,0,0.0
2026-04-03 21:40:20,test_306.jpg,171,33,204,0.1618,7,31,32,0,0,0.0,0,0,0.0,0,0,0.0,0,0,0.0,0,0,0.0,0,0,0.0,0,0,0.0,0,0,0.0,0,0,0.0,0,0,0.0,6,18,0.25,0,0,0.0,0,0,0.0,0,0,0.0,0,0,0.0,0,0,0.0,0,0,0.0,0,0,0.0,0,0,0.0,0,0,0.0,0,0,0.0,2,40,0.0476,0,0,0.0,0,0,0.0,0,0,0.0,0,24,0.0,3,13,0.1875,7,36,0.1628,6,22,0.2143,9,18,0.3333,0,0,0.0,0,0,0.0
2026-04-03 21:40:20,test_307.jpg,115,22,137,0.1606,6,31,32,0,0,0.0,0,0,0.0,0,0,0.0,0,0,0.0,0,0,0.0,0,0,0.0,0,0,0.0,0,0,0.0,0,0,0.0,0,0,0.0,3,15,0.1667,0,0,0.0,0,0,0.0,0,0,0.0,0,0,0.0,0,0,0.0,0,0,0.0,0,0,0.0,0,0,0.0,0,0,0.0,0,0,0.0,4,22,0.1538,0,0,0.0,0,0,0.0,0,0,0.0,4,20,0.1667,4,20,0.1667,4,20,0.1667,3,18,0.1429,0,0,0.0,0,0,0.0,0,0,0.0
2026-04-03 21:40:20,test_308.jpg,133,18,151,0.1192,11,31,32,4,13,0.2353,0,10,0.0,0,0,0.0,0,0,0.0,0,0,0.0,0,0,0.0,0,0,0.0,0,0,0.0,0,0,0.0,0,0,0.0,8,11,0.4211,0,0,0.0,0,0,0.0,0,0,0.0,0,0,0.0,0,0,0.0,0,0,0.0,0,0,0.0,0,0,0.0,0,0,0.0,0,0,0.0,0,10,0.0,0,0,0.0,0,0,0.0,0,0,0.0,1,11,0.0833,1,11,0.0833,0,10,0.0,1,10,0.0909,0,12,0.0,0,12,0.0,3,23,0.1154
2026-04-03 21:40:20,test_309.jpg,162,19,181,0.105,6,31,32,0,0,0.0,0,0,0.0,0,0,0.0,0,0,0.0,0,0,0.0,0,0,0.0,0,0,0.0,0,0,0.0,0,0,0.0,0,0,0.0,0,23,0.0,0,0,0.0,0,0,0.0,0,0,0.0,0,0,0.0,0,0,0.0,0,0,0.0,0,0,0.0,0,0,0.0,0,0,0.0,0,0,0.0,2,23,0.08,0,0,0.0,0,0,0.0,0,0,0.0,8,25,0.2424,1,25,0.0385,6,31,0.1622,2,35,0.0541,0,0,0.0,0,0,0.0,0,0,0.0
2026-04-03 21:40:20,test_31.jpg,120,38,158,0.2405,10,31,32,7,10,0.4118,0,0,0.0,0,0,0.0,0,0,0.0,0,0,0.0,0,0,0.0,0,0,0.0,0,0,0.0,0,0,0.0,0,0,0.0,0,13,0.0,0,0,0.0,0,0,0.0,0,0,0.0,0,0,0.0,0,0,0.0,0,0,0.0,0,0,0.0,0,0,0.0,0,0,0.0,0,0,0.0,0,13,0.0,0,0,0.0,0,0,0.0,0,0,0.0,1,9,0.1,1,9,0.1,5,9,0.3571,0,14,0.0,0,12,0.0,7,17,0.2917,17,14,0.5484
2026-04-03 21:40:20,test_310.jpg,163,27,190,0.1421,8,31,32,0,0,0.0,0,0,0.0,0,0,0.0,0,0,0.0,0,0,0.0,0,0,0.0,0,0,0.0,0,0,0.0,0,0,0.0,0,0,0.0,2,26,0.0714,0,0,0.0,0,0,0.0,0,0,0.0,0,0,0.0,0,0,0.0,0,0,0.0,0,0,0.0,0,0,0.0,0,0,0.0,0,0,0.0,0,7,0.0,0,0,0.0,0,0,0.0,0,0,0.0,0,23,0.0,5,24,0.1724,3,23,0.1154,3,30,0.0909,5,13,0.2778,9,17,0.3462,0,0,0.0
2026-04-03 21:40:20,test_311.jpg,127,15,142,0.1056,8,31,32,0,0,0.0,0,0,0.0,0,0,0.0,0,0,0.0,0,0,0.0,0,0,0.0,0,0,0.0,0,0,0.0,0,0,0.0,0,0,0.0,1,4,0.2,0,0,0.0,0,0,0.0,0,0,0.0,0,0,0.0,0,0,0.0,0,0,0.0,0,0,0.0,0,0,0.0,0,0,0.0,0,0,0.0,1,25,0.0385,0,0,0.0,0,0,0.0,0,0,0.0,0,0,0.0,7,20,0.2593,0,14,0.0,0,32,0.0,2,16,0.1111,4,16,0.2,0,0,0.0
2026-04-03 21:40:20,test_312.jpg,120,92,212,0.434,5,31,32,0,0,0.0,0,0,0.0,0,0,0.0,0,0,0.0,0,0,0.0,0,0,0.0,0,0,0.0,0,0,0.0,0,0,0.0,0,0,0.0,1,7,0.125,0,0,0.0,0,0,0.0,0,0,0.0,0,0,0.0,0,0,0.0,0,0,0.0,0,0,0.0,0,0,0.0,0,0,0.0,0,0,0.0,18,25,0.4186,0,0,0.0,0,0,0.0,0,0,0.0,24,25,0.4898,41,48,0.4607,8,15,0.3478,0,0,0.0,0,0,0.0,0,0,0.0,0,0,0.0
2026-04-03 21:40:20,test_313.jpg,134,73,207,0.3527,5,31,32,0,0,0.0,0,0,0.0,0,0,0.0,0,0,0.0,0,0,0.0,0,0,0.0,0,0,0.0,0,0,0.0,0,0,0.0,0,0,0.0,0,10,0.0,0,0,0.0,0,0,0.0,0,0,0.0,0,0,0.0,0,0,0.0,0,0,0.0,0,0,0.0,0,0,0.0,0,0,0.0,0,0,0.0,9,40,0.1837,0,0,0.0,0,0,0.0,0,0,0.0,34,34,0.5,30,43,0.411,0,7,0.0,0,0,0.0,0,0,0.0,0,0,0.0,0,0,0.0
2026-04-03 21:40:20,test_314.jpg,209,46,255,0.1804,9,31,32,0,0,0.0,0,0,0.0,0,0,0.0,0,0,0.0,0,0,0.0,0,0,0.0,0,0,0.0,0,0,0.0,0,0,0.0,0,0,0.0,0,5,0.0,0,0,0.0,0,0,0.0,0,0,0.0,0,0,0.0,0,0,0.0,0,0,0.0,0,0,0.0,0,0,0.0,0,0,0.0,0,0,0.0,15,42,0.2632,0,0,0.0,0,0,0.0,0,0,0.0,7,30,0.1892,10,27,0.2703,5,31,0.1389,3,18,0.1429,0,14,0.0,6,42,0.125,0,0,0.0
2026-04-03 21:40:20,test_315.jpg,189,9,198,0.0455,5,31,32,0,0,0.0,0,0,0.0,0,0,0.0,0,0,0.0,0,0,0.0,0,0,0.0,0,0,0.0,0,0,0.0,0,0,0.0,0,0,0.0,3,42,0.0667,0,0,0.0,0,0,0.0,0,0,0.0,0,0,0.0,0,0,0.0,0,0,0.0,0,0,0.0,0,0,0.0,0,0,0.0,0,0,0.0,1,38,0.0256,0,0,0.0,0,0,0.0,0,0,0.0,3,37,0.075,2,35,0.0541,0,37,0.0,0,0,0.0,0,0,0.0,0,0,0.0,0,0,0.0
2026-04-03 21:40:20,test_316.jpg,133,10,143,0.0699,6,31,32,0,0,0.0,0,0,0.0,0,0,0.0,0,0,0.0,0,0,0.0,0,0,0.0,0,0,0.0,0,0,0.0,0,0,0.0,0,0,0.0,0,0,0.0,0,0,0.0,0,0,0.0,0,0,0.0,0,0,0.0,0,0,0.0,0,0,0.0,0,0,0.0,0,0,0.0,0,0,0.0,0,0,0.0,4,34,0.1053,0,0,0.0,0,0,0.0,0,0,0.0,3,24,0.1111,2,22,0.0833,0,46,0.0,1,7,0.125,0,0,0.0,0,0,0.0,0,0,0.0
2026-04-03 21:40:20,test_317.jpg,164,146,310,0.471,4,31,32,0,0,0.0,0,0,0.0,0,0,0.0,0,0,0.0,0,0,0.0,0,0,0.0,0,0,0.0,0,0,0.0,0,0,0.0,0,0,0.0,19,32,0.3725,0,0,0.0,0,0,0.0,0,0,0.0,0,0,0.0,0,0,0.0,0,0,0.0,0,0,0.0,0,0,0.0,0,0,0.0,0,0,0.0,24,44,0.3529,0,0,0.0,0,0,0.0,0,0,0.0,76,63,0.5468,27,25,0.5192,0,0,0.0,0,0,0.0,0,0,0.0,0,0,0.0,0,0,0.0
2026-04-03 21:40:20,test_318.jpg,187,72,259,0.278,6,31,32,0,0,0.0,0,0,0.0,0,0,0.0,0,0,0.0,0,0,0.0,0,0,0.0,0,0,0.0,0,0,0.0,0,0,0.0,0,0,0.0,5,21,0.1923,0,0,0.0,0,0,0.0,0,0,0.0,0,0,0.0,0,0,0.0,0,0,0.0,0,0,0.0,0,0,0.0,0,0,0.0,0,0,0.0,5,24,0.1724,0,0,0.0,0,0,0.0,0,0,0.0,1,36,0.027,20,34,0.3704,16,31,0.3404,25,41,0.3788,0,0,0.0,0,0,0.0,0,0,0.0
2026-04-03 21:40:20,test_319.jpg,176,52,228,0.2281,9,31,32,0,0,0.0,0,0,0.0,0,0,0.0,0,0,0.0,0,0,0.0,0,0,0.0,0,0,0.0,0,0,0.0,0,0,0.0,0,0,0.0,0,14,0.0,0,0,0.0,0,0,0.0,0,0,0.0,0,0,0.0,0,0,0.0,0,0,0.0,0,0,0.0,0,0,0.0,0,0,0.0,0,0,0.0,4,14,0.2222,0,0,0.0,0,0,0.0,0,0,0.0,7,23,0.2333,3,23,0.1154,1,25,0.0385,3,17,0.15,14,22,0.3889,16,36,0.3077,4,2,0.6667
2026-04-03 21:40:20,test_32.jpg,136,42,178,0.236,5,31,32,0,0,0.0,0,0,0.0,0,0,0.0,0,0,0.0,0,0,0.0,0,0,0.0,0,0,0.0,0,0,0.0,0,0,0.0,0,0,0.0,0,26,0.0,0,0,0.0,0,0,0.0,0,0,0.0,0,0,0.0,0,0,0.0,0,0,0.0,0,0,0.0,0,0,0.0,0,0,0.0,0,0,0.0,1,18,0.0526,0,0,0.0,0,0,0.0,0,0,0.0,8,24,0.25,20,46,0.303,13,22,0.3714,0,0,0.0,0,0,0.0,0,0,0.0,0,0,0.0
2026-04-03 21:40:20,test_320.jpg,127,27,154,0.1753,8,31,32,0,0,0.0,0,0,0.0,0,0,0.0,0,0,0.0,0,0,0.0,0,0,0.0,0,0,0.0,0,0,0.0,0,0,0.0,0,0,0.0,4,21,0.16,0,0,0.0,0,0,0.0,0,0,0.0,0,0,0.0,0,0,0.0,0,0,0.0,0,0,0.0,0,0,0.0,0,0,0.0,0,0,0.0,0,16,0.0,0,0,0.0,0,0,0.0,0,0,0.0,2,12,0.1429,4,15,0.2105,3,12,0.2,6,22,0.2143,3,15,0.1667,5,14,0.2632,0,0,0.0
2026-04-03 21:40:20,test_321.jpg,159,16,175,0.0914,7,31,32,0,0,0.0,0,0,0.0,0,0,0.0,0,0,0.0,0,0,0.0,0,0,0.0,0,0,0.0,0,0,0.0,0,0,0.0,0,0,0.0,0,37,0.0,0,0,0.0,0,0,0.0,0,0,0.0,0,0,0.0,0,0,0.0,0,0,0.0,0,0,0.0,0,0,0.0,0,0,0.0,0,0,0.0,1,22,0.0435,0,0,0.0,0,0,0.0,0,0,0.0,0,19,0.0,3,21,0.125,10,14,0.4167,2,25,0.0741,0,21,0.0,0,0,0.0,0,0,0.0
2026-04-03 21:40:20,test_322.jpg,112,7,119,0.0588,6,31,32,0,0,0.0,0,0,0.0,0,0,0.0,0,0,0.0,0,0,0.0,0,0,0.0,0,0,0.0,0,0,0.0,0,0,0.0,0,0,0.0,1,23,0.0417,0,0,0.0,0,0,0.0,0,0,0.0,0,0,0.0,0,0,0.0,0,0,0.0,0,0,0.0,0,0,0.0,0,0,0.0,0,0,0.0,0,15,0.0,0,0,0.0,0,0,0.0,0,0,0.0,0,22,0.0,3,15,0.1667,0,16,0.0,3,21,0.125,0,0,0.0,0,0,0.0,0,0,0.0
2026-04-03 21:40:20,test_323.jpg,166,15,181,0.0829,7,31,32,0,0,0.0,0,0,0.0,0,0,0.0,0,0,0.0,0,0,0.0,0,0,0.0,0,0,0.0,0,0,0.0,0,0,0.0,0,0,0.0,2,26,0.0714,0,0,0.0,0,0,0.0,0,0,0.0,0,0,0.0,0,0,0.0,0,0,0.0,0,0,0.0,0,0,0.0,0,0,0.0,0,0,0.0,0,21,0.0,0,0,0.0,0,0,0.0,0,0,0.0,1,23,0.0417,0,24,0.0,1,22,0.0435,9,26,0.2571,2,24,0.0769,0,0,0.0,0,0,0.0
2026-04-03 21:40:20,test_324.jpg,127,25,152,0.1645,7,31,32,0,0,0.0,0,0,0.0,0,0,0.0,0,0,0.0,0,0,0.0,0,0,0.0,0,0,0.0,0,0,0.0,0,0,0.0,0,0,0.0,9,18,0.3333,0,0,0.0,0,0,0.0,0,0,0.0,0,0,0.0,0,0,0.0,0,0,0.0,0,0,0.0,0,0,0.0,0,0,0.0,0,0,0.0,2,19,0.0952,0,0,0.0,0,0,0.0,0,0,0.0,2,15,0.1176,2,15,0.1176,2,16,0.1111,5,21,0.1923,3,23,0.1154,0,0,0.0,0,0,0.0
2026-04-03 21:40:20,test_325.jpg,121,30,151,0.1987,7,31,32,0,0,0.0,0,0,0.0,0,0,0.0,0,0,0.0,0,0,0.0,0,0,0.0,0,0,0.0,0,0,0.0,0,0,0.0,0,0,0.0,1,17,0.0556,0,0,0.0,0,0,0.0,0,0,0.0,0,0,0.0,0,0,0.0,0,0,0.0,0,0,0.0,0,0,0.0,0,0,0.0,0,0,0.0,5,17,0.2273,0,0,0.0,0,0,0.0,0,0,0.0,2,16,0.1111,2,15,0.1176,3,10,0.2308,17,26,0.3953,0,20,0.0,0,0,0.0,0,0,0.0
2026-04-03 21:40:20,test_326.jpg,121,36,157,0.2293,6,31,32,0,0,0.0,0,0,0.0,0,0,0.0,0,0,0.0,0,0,0.0,0,0,0.0,0,0,0.0,0,0,0.0,0,0,0.0,0,0,0.0,0,18,0.0,0,0,0.0,0,0,0.0,0,0,0.0,0,0,0.0,0,0,0.0,0,0,0.0,0,0,0.0,0,0,0.0,0,0,0.0,0,0,0.0,0,15,0.0,0,0,0.0,0,0,0.0,0,0,0.0,7,21,0.25,7,25,0.2188,10,24,0.2941,12,18,0.4,0,0,0.0,0,0,0.0,0,0,0.0
2026-04-03 21:40:20,test_327.jpg,158,58,216,0.2685,9,31,32,0,0,0.0,0,0,0.0,0,0,0.0,0,0,0.0,0,0,0.0,0,0,0.0,0,0,0.0,0,0,0.0,0,0,0.0,0,0,0.0,3,11,0.2143,0,0,0.0,0,0,0.0,0,0,0.0,0,0,0.0,0,0,0.0,0,0,0.0,0,0,0.0,0,0,0.0,0,0,0.0,0,0,0.0,0,5,0.0,0,0,0.0,0,0,0.0,0,0,0.0,2,24,0.0769,11,27,0.2895,10,26,0.2778,1,16,0.0588,8,11,0.4211,20,32,0.3846,3,6,0.3333
2026-04-03 21:40:20,test_328.jpg,140,36,176,0.2045,22,31,32,4,7,0.3636,0,7,0.0,2,4,0.3333,1,6,0.1429,0,5,0.0,1,3,0.25,0,6,0.0,0,6,0.0,3,12,0.2,3,6,0.3333,1,9,0.1,0,8,0.0,1,6,0.1429,9,17,0.3462,0,0,0.0,0,0,0.0,0,0,0.0,0,0,0.0,0,0,0.0,0,0,0.0,0,0,0.0,0,0,0.0,0,0,0.0,0,0,0.0,0,0,0.0,0,0,0.0,0,0,0.0,5,12,0.2941,2,8,0.2,3,4,0.4286,1,9,0.1,0,5,0.0
2026-04-03 21:40:20,test_329.jpg,131,28,159,0.1761,5,31,32,0,0,0.0,0,0,0.0,0,0,0.0,0,0,0.0,0,0,0.0,0,0,0.0,0,0,0.0,0,0,0.0,0,0,0.0,0,0,0.0,6,13,0.3158,0,0,0.0,0,0,0.0,0,0,0.0,0,0,0.0,0,0,0.0,0,0,0.0,0,0,0.0,0,0,0.0,0,0,0.0,0,0,0.0,3,25,0.1071,0,0,0.0,0,0,0.0,0,0,0.0,10,24,0.2941,7,54,0.1148,2,15,0.1176,0,0,0.0,0,0,0.0,0,0,0.0,0,0,0.0
2026-04-03 21:40:20,test_33.jpg,138,42,180,0.2333,8,31,32,0,0,0.0,0,0,0.0,0,0,0.0,0,0,0.0,0,0,0.0,0,0,0.0,0,0,0.0,0,0,0.0,0,0,0.0,0,0,0.0,1,14,0.0667,0,0,0.0,0,0,0.0,0,0,0.0,0,0,0.0,0,0,0.0,0,0,0.0,0,0,0.0,0,0,0.0,0,0,0.0,0,0,0.0,3,16,0.1579,0,0,0.0,0,0,0.0,0,0,0.0,10,19,0.3448,2,19,0.0952,12,21,0.3636,3,18,0.1429,6,17,0.2609,5,14,0.2632,0,0,0.0
2026-04-03 21:40:20,test_330.jpg,143,32,175,0.1829,6,31,32,0,0,0.0,0,0,0.0,0,0,0.0,0,0,0.0,0,0,0.0,0,0,0.0,0,0,0.0,0,0,0.0,0,0,0.0,0,0,0.0,0,0,0.0,0,0,0.0,0,0,0.0,0,0,0.0,0,0,0.0,0,0,0.0,0,0,0.0,0,0,0.0,0,0,0.0,0,0,0.0,0,0,0.0,15,57,0.2083,0,0,0.0,0,0,0.0,0,0,0.0,2,22,0.0833,2,22,0.0833,13,38,0.2549,0,4,0.0,0,0,0.0,0,0,0.0,0,0,0.0
2026-04-03 21:40:20,test_331.jpg,135,23,158,0.1456,6,31,32,0,0,0.0,0,0,0.0,0,0,0.0,0,0,0.0,0,0,0.0,0,0,0.0,0,0,0.0,0,0,0.0,0,0,0.0,0,0,0.0,4,17,0.1905,0,0,0.0,0,0,0.0,0,0,0.0,0,0,0.0,0,0,0.0,0,0,0.0,0,0,0.0,0,0,0.0,0,0,0.0,0,0,0.0,4,28,0.125,0,0,0.0,0,0,0.0,0,0,0.0,6,19,0.24,8,24,0.25,1,28,0.0345,0,19,0.0,0,0,0.0,0,0,0.0,0,0,0.0
2026-04-03 21:40:20,test_332.jpg,128,26,154,0.1688,7,31,32,0,0,0.0,0,0,0.0,0,0,0.0,0,0,0.0,0,0,0.0,0,0,0.0,0,0,0.0,0,0,0.0,0,0,0.0,0,0,0.0,0,13,0.0,0,0,0.0,0,0,0.0,0,0,0.0,0,0,0.0,0,0,0.0,0,0,0.0,0,0,0.0,0,0,0.0,0,0,0.0,0,0,0.0,1,16,0.0588,0,0,0.0,0,0,0.0,0,0,0.0,0,15,0.0,3,25,0.1071,4,20,0.1667,15,21,0.4167,3,18,0.1429,0,0,0.0,0,0,0.0
2026-04-03 21:40:20,test_333.jpg,202,36,238,0.1513,4,31,32,0,0,0.0,0,0,0.0,0,0,0.0,0,0,0.0,0,0,0.0,0,0,0.0,0,0,0.0,0,0,0.0,0,0,0.0,0,0,0.0,0,2,0.0,0,0,0.0,0,0,0.0,0,0,0.0,0,0,0.0,0,0,0.0,0,0,0.0,0,0,0.0,0,0,0.0,0,0,0.0,0,0,0.0,10,76,0.1163,0,0,0.0,0,0,0.0,0,0,0.0,19,92,0.1712,7,32,0.1795,0,0,0.0,0,0,0.0,0,0,0.0,0,0,0.0,0,0,0.0
2026-04-03 21:40:20,test_334.jpg,102,11,113,0.0973,7,31,32,0,0,0.0,0,0,0.0,0,0,0.0,0,0,0.0,0,0,0.0,0,0,0.0,0,0,0.0,0,0,0.0,0,0,0.0,0,0,0.0,0,13,0.0,0,0,0.0,0,0,0.0,0,0,0.0,0,0,0.0,0,0,0.0,0,0,0.0,0,0,0.0,0,0,0.0,0,0,0.0,0,0,0.0,3,12,0.2,0,0,0.0,0,0,0.0,0,0,0.0,3,13,0.1875,0,17,0.0,1,14,0.0667,1,21,0.0455,3,12,0.2,0,0,0.0,0,0,0.0
2026-04-03 21:40:20,test_335.jpg,126,22,148,0.1486,5,31,32,0,0,0.0,0,0,0.0,0,0,0.0,0,0,0.0,0,0,0.0,0,0,0.0,0,0,0.0,0,0,0.0,0,0,0.0,0,0,0.0,4,18,0.1818,0,0,0.0,0,0,0.0,0,0,0.0,0,0,0.0,0,0,0.0,0,0,0.0,0,0,0.0,0,0,0.0,0,0,0.0,0,0,0.0,6,32,0.1579,0,0,0.0,0,0,0.0,0,0,0.0,3,23,0.1154,6,38,0.1364,3,15,0.1667,0,0,0.0,0,0,0.0,0,0,0.0,0,0,0.0
2026-04-03 21:40:20,test_336.jpg,162,24,186,0.129,8,31,32,0,0,0.0,0,0,0.0,0,0,0.0,0,0,0.0,0,0,0.0,0,0,0.0,0,0,0.0,0,0,0.0,0,0,0.0,0,0,0.0,2,21,0.087,0,0,0.0,0,0,0.0,0,0,0.0,0,0,0.0,0,0,0.0,0,0,0.0,0,0,0.0,0,0,0.0,0,0,0.0,0,0,0.0,1,16,0.0588,0,0,0.0,0,0,0.0,0,0,0.0,5,24,0.1724,0,27,0.0,0,27,0.0,8,15,0.3478,1,11,0.0833,7,21,0.25,0,0,0.0
2026-04-03 21:40:20,test_337.jpg,104,11,115,0.0957,6,31,32,0,0,0.0,0,0,0.0,0,0,0.0,0,0,0.0,0,0,0.0,0,0,0.0,0,0,0.0,0,0,0.0,0,0,0.0,0,0,0.0,3,17,0.15,0,0,0.0,0,0,0.0,0,0,0.0,0,0,0.0,0,0,0.0,0,0,0.0,0,0,0.0,0,0,0.0,0,0,0.0,0,0,0.0,2,15,0.1176,0,0,0.0,0,0,0.0,0,0,0.0,0,19,0.0,3,19,0.1364,2,19,0.0952,1,15,0.0625,0,0,0.0,0,0,0.0,0,0,0.0
2026-04-03 21:40:20,test_338.jpg,134,28,162,0.1728,6,31,32,0,0,0.0,0,0,0.0,0,0,0.0,0,0,0.0,0,0,0.0,0,0,0.0,0,0,0.0,0,0,0.0,0,0,0.0,0,0,0.0,0,26,0.0,0,0,0.0,0,0,0.0,0,0,0.0,0,0,0.0,0,0,0.0,0,0,0.0,0,0,0.0,0,0,0.0,0,0,0.0,0,0,0.0,5,23,0.1786,0,0,0.0,0,0,0.0,0,0,0.0,2,18,0.1,11,25,0.3056,5,15,0.25,5,27,0.1562,0,0,0.0,0,0,0.0,0,0,0.0
2026-04-03 21:40:20,test_339.jpg,162,38,200,0.19,8,31,32,0,0,0.0,0,0,0.0,0,0,0.0,0,0,0.0,0,0,0.0,0,0,0.0,0,0,0.0,0,0,0.0,0,0,0.0,0,0,0.0,1,15,0.0625,0,0,0.0,0,0,0.0,0,0,0.0,0,0,0.0,0,0,0.0,0,0,0.0,0,0,0.0,0,0,0.0,0,0,0.0,0,0,0.0,2,16,0.1111,0,0,0.0,0,0,0.0,0,0,0.0,4,14,0.2222,14,24,0.3684,3,26,0.1034,4,25,0.1379,10,39,0.2041,0,3,0.0,0,0,0.0
2026-04-03 21:40:20,test_34.jpg,134,67,201,0.3333,7,31,32,0,0,0.0,0,0,0.0,0,0,0.0,0,0,0.0,0,0,0.0,0,0,0.0,0,0,0.0,0,0,0.0,0,0,0.0,0,0,0.0,4,20,0.1667,0,0,0.0,0,0,0.0,0,0,0.0,0,0,0.0,0,0,0.0,0,0,0.0,0,0,0.0,0,0,0.0,0,0,0.0,0,0,0.0,2,22,0.0833,0,0,0.0,0,0,0.0,0,0,0.0,8,14,0.3636,1,15,0.0625,6,16,0.2727,15,17,0.4688,31,30,0.5082,0,0,0.0,0,0,0.0
2026-04-03 21:40:20,test_340.jpg,140,53,193,0.2746,8,31,32,0,0,0.0,0,0,0.0,0,0,0.0,0,0,0.0,0,0,0.0,0,0,0.0,0,0,0.0,0,0,0.0,0,0,0.0,0,0,0.0,1,20,0.0476,0,0,0.0,0,0,0.0,0,0,0.0,0,0,0.0,0,0,0.0,0,0,0.0,0,0,0.0,0,0,0.0,0,0,0.0,0,0,0.0,0,15,0.0,0,0,0.0,0,0,0.0,0,0,0.0,0,15,0.0,4,16,0.2,19,21,0.475,9,20,0.3103,15,29,0.3409,5,4,0.5556,0,0,0.0
2026-04-03 21:40:20,test_341.jpg,177,37,214,0.1729,6,31,32,0,0,0.0,0,0,0.0,0,0,0.0,0,0,0.0,0,0,0.0,0,0,0.0,0,0,0.0,0,0,0.0,0,0,0.0,0,0,0.0,8,36,0.1818,0,0,0.0,0,0,0.0,0,0,0.0,0,0,0.0,0,0,0.0,0,0,0.0,0,0,0.0,0,0,0.0,0,0,0.0,0,0,0.0,2,28,0.0667,0,0,0.0,0,0,0.0,0,0,0.0,0,11,0.0,5,27,0.1562,13,40,0.2453,9,35,0.2045,0,0,0.0,0,0,0.0,0,0,0.0
2026-04-03 21:40:20,test_342.jpg,160,20,180,0.1111,8,31,32,0,0,0.0,0,0,0.0,0,0,0.0,0,0,0.0,0,0,0.0,0,0,0.0,0,0,0.0,0,0,0.0,0,0,0.0,0,0,0.0,2,18,0.1,0,0,0.0,0,0,0.0,0,0,0.0,0,0,0.0,0,0,0.0,0,0,0.0,0,0,0.0,0,0,0.0,0,0,0.0,0,0,0.0,2,23,0.08,0,0,0.0,0,0,0.0,0,0,0.0,0,19,0.0,4,20,0.1667,2,21,0.087,5,19,0.2083,1,21,0.0455,4,19,0.1739,0,0,0.0
2026-04-03 21:40:20,test_343.jpg,167,57,224,0.2545,7,31,32,0,0,0.0,0,0,0.0,0,0,0.0,0,0,0.0,0,0,0.0,0,0,0.0,0,0,0.0,0,0,0.0,0,0,0.0,0,0,0.0,1,11,0.0833,0,0,0.0,0,0,0.0,0,0,0.0,0,0,0.0,0,0,0.0,0,0,0.0,0,0,0.0,0,0,0.0,0,0,0.0,0,0,0.0,0,16,0.0,0,0,0.0,0,0,0.0,0,0,0.0,15,37,0.2885,19,34,0.3585,11,32,0.2558,9,21,0.3,2,16,0.1111,0,0,0.0,0,0,0.0
2026-04-03 21:40:20,test_344.jpg,137,67,204,0.3284,9,31,32,0,0,0.0,0,0,0.0,0,0,0.0,0,0,0.0,0,0,0.0,0,0,0.0,0,0,0.0,0,0,0.0,0,0,0.0,0,0,0.0,0,9,0.0,0,0,0.0,0,0,0.0,0,0,0.0,0,0,0.0,0,0,0.0,0,0,0.0,0,0,0.0,0,0,0.0,0,0,0.0,0,0,0.0,0,0,0.0,0,0,0.0,0,0,0.0,0,0,0.0,8,19,0.2963,3,13,0.1875,6,13,0.3158,16,22,0.4211,24,17,0.5854,8,39,0.1702,2,5,0.2857
2026-04-03 21:40:20,test_345.jpg,161,34,195,0.1744,8,31,32,0,0,0.0,0,0,0.0,0,0,0.0,0,0,0.0,0,0,0.0,0,0,0.0,0,0,0.0,0,0,0.0,0,0,0.0,0,0,0.0,2,15,0.1176,0,0,0.0,0,0,0.0,0,0,0.0,0,0,0.0,0,0,0.0,0,0,0.0,0,0,0.0,0,0,0.0,0,0,0.0,0,0,0.0,1,38,0.0256,0,0,0.0,0,0,0.0,0,0,0.0,2,12,0.1429,2,22,0.0833,11,21,0.3438,5,20,0.2,9,18,0.3333,2,15,0.1176,0,0,0.0
2026-04-03 21:40:20,test_346.jpg,125,45,170,0.2647,7,31,32,0,0,0.0,0,0,0.0,0,0,0.0,0,0,0.0,0,0,0.0,0,0,0.0,0,0,0.0,0,0,0.0,0,0,0.0,0,0,0.0,1,10,0.0909,0,0,0.0,0,0,0.0,0,0,0.0,0,0,0.0,0,0,0.0,0,0,0.0,0,0,0.0,0,0,0.0,0,0,0.0,0,0,0.0,18,30,0.375,0,0,0.0,0,0,0.0,0,0,0.0,7,15,0.3182,3,13,0.1875,9,20,0.3103,1,24,0.04,6,13,0.3158,0,0,0.0,0,0,0.0
2026-04-03 21:40:20,test_347.jpg,166,17,183,0.0929,7,31,32,0,0,0.0,0,0,0.0,0,0,0.0,0,0,0.0,0,0,0.0,0,0,0.0,0,0,0.0,0,0,0.0,0,0,0.0,0,0,0.0,0,23,0.0,0,0,0.0,0,0,0.0,0,0,0.0,0,0,0.0,0,0,0.0,0,0,0.0,0,0,0.0,0,0,0.0,0,0,0.0,0,0,0.0,0,23,0.0,0,0,0.0,0,0,0.0,0,0,0.0,0,25,0.0,2,23,0.08,0,25,0.0,7,27,0.2059,8,20,0.2857,0,0,0.0,0,0,0.0
2026-04-03 21:40:20,test_348.jpg,107,24,131,0.1832,8,31,32,0,0,0.0,0,0,0.0,0,0,0.0,0,0,0.0,0,0,0.0,0,0,0.0,0,0,0.0,0,0,0.0,0,0,0.0,0,0,0.0,0,11,0.0,0,0,0.0,0,0,0.0,0,0,0.0,0,0,0.0,0,0,0.0,0,0,0.0,0,0,0.0,0,0,0.0,0,0,0.0,0,0,0.0,7,10,0.4118,0,0,0.0,0,0,0.0,0,0,0.0,0,16,0.0,2,17,0.1053,1,19,0.05,4,10,0.2857,7,19,0.2692,3,5,0.375,0,0,0.0
2026-04-03 21:40:20,test_349.jpg,144,36,180,0.2,13,31,32,0,12,0.0,5,8,0.3846,3,16,0.1579,3,23,0.1154,0,0,0.0,0,0,0.0,0,0,0.0,0,0,0.0,0,0,0.0,0,0,0.0,7,13,0.35,0,0,0.0,0,0,0.0,0,0,0.0,0,0,0.0,0,0,0.0,0,0,0.0,0,0,0.0,0,0,0.0,0,0,0.0,0,0,0.0,0,1,0.0,0,0,0.0,0,0,0.0,0,0,0.0,1,22,0.0435,1,5,0.1667,3,6,0.3333,0,5,0.0,5,10,0.3333,0,12,0.0,8,11,0.4211
2026-04-03 21:40:20,test_35.jpg,131,33,164,0.2012,6,31,32,0,0,0.0,0,0,0.0,0,0,0.0,0,0,0.0,0,0,0.0,0,0,0.0,0,0,0.0,0,0,0.0,0,0,0.0,0,0,0.0,0,10,0.0,0,0,0.0,0,0,0.0,0,0,0.0,0,0,0.0,0,0,0.0,0,0,0.0,0,0,0.0,0,0,0.0,0,0,0.0,0,0,0.0,0,24,0.0,0,0,0.0,0,0,0.0,0,0,0.0,7,23,0.2333,5,27,0.1562,10,27,0.2703,11,20,0.3548,0,0,0.0,0,0,0.0,0,0,0.0
2026-04-03 21:40:20,test_350.jpg,231,46,277,0.1661,6,31,32,0,0,0.0,0,0,0.0,0,0,0.0,0,0,0.0,0,0,0.0,0,0,0.0,0,0,0.0,0,0,0.0,0,0,0.0,0,0,0.0,0,0,0.0,0,0,0.0,0,0,0.0,0,0,0.0,0,0,0.0,0,0,0.0,0,0,0.0,0,0,0.0,0,0,0.0,0,0,0.0,0,0,0.0,14,84,0.1429,0,0,0.0,0,0,0.0,0,0,0.0,12,45,0.2105,15,45,0.25,5,54,0.0847,0,3,0.0,0,0,0.0,0,0,0.0,0,0,0.0
2026-04-03 21:40:20,test_351.jpg,273,28,301,0.093,16,31,32,1,17,0.0556,0,16,0.0,4,26,0.1333,7,20,0.2593,1,18,0.0526,4,14,0.2222,0,14,0.0,0,0,0.0,0,0,0.0,0,0,0.0,0,11,0.0,0,0,0.0,0,0,0.0,0,0,0.0,0,0,0.0,0,0,0.0,0,0,0.0,0,0,0.0,0,0,0.0,0,0,0.0,0,0,0.0,3,16,0.1579,0,0,0.0,0,0,0.0,0,0,0.0,2,17,0.1053,3,18,0.1429,0,18,0.0,1,17,0.0556,0,17,0.0,0,17,0.0,2,17,0.1053
2026-04-03 21:40:20,test_352.jpg,172,39,211,0.1848,9,31,32,0,0,0.0,0,0,0.0,0,0,0.0,0,0,0.0,0,0,0.0,0,0,0.0,0,0,0.0,0,0,0.0,0,0,0.0,0,0,0.0,1,11,0.0833,0,0,0.0,0,0,0.0,0,0,0.0,0,0,0.0,0,0,0.0,0,0,0.0,0,0,0.0,0,0,0.0,0,0,0.0,0,0,0.0,5,15,0.25,0,0,0.0,0,0,0.0,0,0,0.0,0,14,0.0,9,20,0.3103,3,26,0.1034,6,22,0.2143,9,19,0.3214,4,22,0.1538,2,23,0.08
2026-04-03 21:40:20,test_353.jpg,165,4,169,0.0237,11,31,32,1,13,0.0714,0,13,0.0,0,0,0.0,0,0,0.0,0,0,0.0,0,0,0.0,0,0,0.0,0,0,0.0,0,0,0.0,0,0,0.0,1,17,0.0556,0,0,0.0,0,0,0.0,0,0,0.0,0,0,0.0,0,0,0.0,0,0,0.0,0,0,0.0,0,0,0.0,0,0,0.0,0,0,0.0,0,14,0.0,0,0,0.0,0,0,0.0,0,0,0.0,0,14,0.0,0,15,0.0,0,15,0.0,0,16,0.0,0,16,0.0,1,16,0.0588,1,16,0.0588
2026-04-03 21:40:20,test_354.jpg,172,79,251,0.3147,4,31,32,0,0,0.0,0,0,0.0,0,0,0.0,0,0,0.0,0,0,0.0,0,0,0.0,0,0,0.0,0,0,0.0,0,0,0.0,0,0,0.0,1,30,0.0323,0,0,0.0,0,0,0.0,0,0,0.0,0,0,0.0,0,0,0.0,0,0,0.0,0,0,0.0,0,0,0.0,0,0,0.0,0,0,0.0,7,36,0.1628,0,0,0.0,0,0,0.0,0,0,0.0,34,68,0.3333,37,38,0.4933,0,0,0.0,0,0,0.0,0,0,0.0,0,0,0.0,0,0,0.0
2026-04-03 21:40:20,test_355.jpg,114,14,128,0.1094,6,31,32,0,0,0.0,0,0,0.0,0,0,0.0,0,0,0.0,0,0,0.0,0,0,0.0,0,0,0.0,0,0,0.0,0,0,0.0,0,0,0.0,0,12,0.0,0,0,0.0,0,0,0.0,0,0,0.0,0,0,0.0,0,0,0.0,0,0,0.0,0,0,0.0,0,0,0.0,0,0,0.0,0,0,0.0,0,21,0.0,0,0,0.0,0,0,0.0,0,0,0.0,3,20,0.1304,1,28,0.0345,4,21,0.16,6,12,0.3333,0,0,0.0,0,0,0.0,0,0,0.0
2026-04-03 21:40:20,test_356.jpg,137,9,146,0.0616,7,31,32,0,0,0.0,0,0,0.0,0,0,0.0,0,0,0.0,0,0,0.0,0,0,0.0,0,0,0.0,0,0,0.0,0,0,0.0,0,0,0.0,0,17,0.0,0,0,0.0,0,0,0.0,0,0,0.0,0,0,0.0,0,0,0.0,0,0,0.0,0,0,0.0,0,0,0.0,0,0,0.0,0,0,0.0,5,17,0.2273,0,0,0.0,0,0,0.0,0,0,0.0,0,19,0.0,1,22,0.0435,0,21,0.0,3,20,0.1304,0,21,0.0,0,0,0.0,0,0,0.0
2026-04-03 21:40:20,test_357.jpg,159,40,199,0.201,5,31,32,0,0,0.0,0,0,0.0,0,0,0.0,0,0,0.0,0,0,0.0,0,0,0.0,0,0,0.0,0,0,0.0,0,0,0.0,0,0,0.0,1,12,0.0769,0,0,0.0,0,0,0.0,0,0,0.0,0,0,0.0,0,0,0.0,0,0,0.0,0,0,0.0,0,0,0.0,0,0,0.0,0,0,0.0,9,22,0.2903,0,0,0.0,0,0,0.0,0,0,0.0,11,46,0.193,15,48,0.2381,4,31,0.1143,0,0,0.0,0,0,0.0,0,0,0.0,0,0,0.0
2026-04-03 21:40:20,test_358.jpg,129,34,163,0.2086,5,31,32,0,0,0.0,0,0,0.0,0,0,0.0,0,0,0.0,0,0,0.0,0,0,0.0,0,0,0.0,0,0,0.0,0,0,0.0,0,0,0.0,3,19,0.1364,0,0,0.0,0,0,0.0,0,0,0.0,0,0,0.0,0,0,0.0,0,0,0.0,0,0,0.0,0,0,0.0,0,0,0.0,0,0,0.0,0,22,0.0,0,0,0.0,0,0,0.0,0,0,0.0,1,31,0.0312,7,35,0.1667,23,22,0.5111,0,0,0.0,0,0,0.0,0,0,0.0,0,0,0.0
2026-04-03 21:40:20,test_359.jpg,151,30,181,0.1657,8,31,32,0,0,0.0,0,0,0.0,0,0,0.0,0,0,0.0,0,0,0.0,0,0,0.0,0,0,0.0,0,0,0.0,0,0,0.0,0,0,0.0,0,0,0.0,0,0,0.0,0,0,0.0,0,0,0.0,0,0,0.0,0,0,0.0,0,0,0.0,0,0,0.0,0,0,0.0,0,0,0.0,0,0,0.0,9,42,0.1765,0,0,0.0,0,0,0.0,0,0,0.0,4,24,0.1429,2,19,0.0952,5,18,0.2174,2,13,0.1333,8,35,0.186,0,0,0.0,0,0,0.0
2026-04-03 21:40:20,test_36.jpg,142,5,147,0.034,5,31,32,0,0,0.0,0,0,0.0,0,0,0.0,0,0,0.0,0,0,0.0,0,0,0.0,0,0,0.0,0,0,0.0,0,0,0.0,0,0,0.0,1,27,0.0357,0,0,0.0,0,0,0.0,0,0,0.0,0,0,0.0,0,0,0.0,0,0,0.0,0,0,0.0,0,0,0.0,0,0,0.0,0,0,0.0,0,29,0.0,0,0,0.0,0,0,0.0,0,0,0.0,2,31,0.0606,1,31,0.0312,1,24,0.04,0,0,0.0,0,0,0.0,0,0,0.0,0,0,0.0
2026-04-03 21:40:20,test_360.jpg,66,16,82,0.1951,6,31,32,0,0,0.0,0,0,0.0,0,0,0.0,0,0,0.0,0,0,0.0,0,0,0.0,0,0,0.0,0,0,0.0,0,0,0.0,0,0,0.0,0,14,0.0,0,0,0.0,0,0,0.0,0,0,0.0,0,0,0.0,0,0,0.0,0,0,0.0,0,0,0.0,0,0,0.0,0,0,0.0,0,0,0.0,0,3,0.0,0,0,0.0,0,0,0.0,0,0,0.0,3,14,0.1765,4,13,0.2353,3,10,0.2308,6,12,0.3333,0,0,0.0,0,0,0.0,0,0,0.0
2026-04-03 21:40:20,test_361.jpg,169,57,226,0.2522,9,31,32,0,0,0.0,0,0,0.0,0,0,0.0,0,0,0.0,0,0,0.0,0,0,0.0,0,0,0.0,0,0,0.0,0,0,0.0,0,0,0.0,0,0,0.0,0,0,0.0,0,0,0.0,0,0,0.0,0,0,0.0,0,0,0.0,0,0,0.0,0,0,0.0,0,0,0.0,0,0,0.0,0,0,0.0,6,41,0.1277,0,0,0.0,0,0,0.0,0,0,0.0,8,29,0.2162,5,31,0.1389,13,15,0.4643,6,13,0.3158,11,17,0.3929,5,20,0.2,3,3,0.5
2026-04-03 21:40:20,test_362.jpg,140,43,183,0.235,8,31,32,0,0,0.0,0,0,0.0,0,0,0.0,0,0,0.0,0,0,0.0,0,0,0.0,0,0,0.0,0,0,0.0,0,0,0.0,0,0,0.0,0,22,0.0,0,0,0.0,0,0,0.0,0,0,0.0,0,0,0.0,0,0,0.0,0,0,0.0,0,0,0.0,0,0,0.0,0,0,0.0,0,0,0.0,1,22,0.0435,0,0,0.0,0,0,0.0,0,0,0.0,2,15,0.1176,2,15,0.1176,4,12,0.25,10,15,0.4,8,18,0.3077,16,21,0.4324,0,0,0.0
2026-04-03 21:40:20,test_363.jpg,133,36,169,0.213,6,31,32,0,0,0.0,0,0,0.0,0,0,0.0,0,0,0.0,0,0,0.0,0,0,0.0,0,0,0.0,0,0,0.0,0,0,0.0,0,0,0.0,4,20,0.1667,0,0,0.0,0,0,0.0,0,0,0.0,0,0,0.0,0,0,0.0,0,0,0.0,0,0,0.0,0,0,0.0,0,0,0.0,0,0,0.0,5,30,0.1429,0,0,0.0,0,0,0.0,0,0,0.0,3,40,0.0698,6,24,0.2,11,11,0.5,7,8,0.4667,0,0,0.0,0,0,0.0,0,0,0.0
2026-04-03 21:40:20,test_364.jpg,131,60,191,0.3141,11,31,32,10,12,0.4545,7,22,0.2414,0,0,0.0,0,0,0.0,0,0,0.0,0,0,0.0,0,0,0.0,0,0,0.0,0,0,0.0,0,0,0.0,0,13,0.0,0,0,0.0,0,0,0.0,0,0,0.0,0,0,0.0,0,0,0.0,0,0,0.0,0,0,0.0,0,0,0.0,0,0,0.0,0,0,0.0,0,6,0.0,0,0,0.0,0,0,0.0,0,0,0.0,0,1,0.0,1,6,0.1429,8,16,0.3333,6,14,0.3,7,14,0.3333,13,13,0.5,8,14,0.3636
2026-04-03 21:40:20,test_365.jpg,141,54,195,0.2769,10,31,32,0,10,0.0,0,0,0.0,0,0,0.0,0,0,0.0,0,0,0.0,0,0,0.0,0,0,0.0,0,0,0.0,0,0,0.0,0,0,0.0,3,22,0.12,0,0,0.0,0,0,0.0,0,0,0.0,0,0,0.0,0,0,0.0,0,0,0.0,0,0,0.0,0,0,0.0,0,0,0.0,0,0,0.0,6,10,0.375,0,0,0.0,0,0,0.0,0,0,0.0,1,12,0.0769,10,27,0.2703,2,10,0.1667,4,11,0.2667,6,15,0.2857,7,13,0.35,15,11,0.5769
2026-04-03 21:40:20,test_366.jpg,119,22,141,0.156,7,31,32,0,0,0.0,0,0,0.0,0,0,0.0,0,0,0.0,0,0,0.0,0,0,0.0,0,0,0.0,0,0,0.0,0,0,0.0,0,0,0.0,4,19,0.1739,0,0,0.0,0,0,0.0,0,0,0.0,0,0,0.0,0,0,0.0,0,0,0.0,0,0,0.0,0,0,0.0,0,0,0.0,0,0,0.0,2,19,0.0952,0,0,0.0,0,0,0.0,0,0,0.0,0,18,0.0,0,19,0.0,4,14,0.2222,12,13,0.48,0,17,0.0,0,0,0.0,0,0,0.0
2026-04-03 21:40:20,test_367.jpg,140,37,177,0.209,8,31,32,0,0,0.0,0,0,0.0,0,0,0.0,0,0,0.0,0,0,0.0,0,0,0.0,0,0,0.0,0,0,0.0,0,0,0.0,0,0,0.0,3,15,0.1667,0,0,0.0,0,0,0.0,0,0,0.0,0,0,0.0,0,0,0.0,0,0,0.0,0,0,0.0,0,0,0.0,0,0,0.0,0,0,0.0,7,17,0.2917,0,0,0.0,0,0,0.0,0,0,0.0,5,18,0.2174,4,17,0.1905,6,19,0.24,3,15,0.1667,4,20,0.1667,5,19,0.2083,0,0,0.0
2026-04-03 21:40:20,test_368.jpg,141,60,201,0.2985,7,31,32,0,0,0.0,0,0,0.0,0,0,0.0,0,0,0.0,0,0,0.0,0,0,0.0,0,0,0.0,0,0,0.0,0,0,0.0,0,0,0.0,2,18,0.1,0,0,0.0,0,0,0.0,0,0,0.0,0,0,0.0,0,0,0.0,0,0,0.0,0,0,0.0,0,0,0.0,0,0,0.0,0,0,0.0,2,18,0.1,0,0,0.0,0,0,0.0,0,0,0.0,3,18,0.1429,1,17,0.0556,12,18,0.4,37,30,0.5522,3,22,0.12,0,0,0.0,0,0,0.0
2026-04-03 21:40:20,test_369.jpg,212,39,251,0.1554,7,31,32,0,0,0.0,0,0,0.0,0,0,0.0,0,0,0.0,0,0,0.0,0,0,0.0,0,0,0.0,0,0,0.0,0,0,0.0,0,0,0.0,1,25,0.0385,0,0,0.0,0,0,0.0,0,0,0.0,0,0,0.0,0,0,0.0,0,0,0.0,0,0,0.0,0,0,0.0,0,0,0.0,0,0,0.0,0,49,0.0,0,0,0.0,0,0,0.0,0,0,0.0,14,37,0.2745,15,37,0.2885,4,24,0.1429,5,39,0.1136,0,1,0.0,0,0,0.0,0,0,0.0
2026-04-03 21:40:20,test_37.jpg,243,94,337,0.2789,16,31,32,4,14,0.2222,8,14,0.3636,6,13,0.3158,11,23,0.3235,10,20,0.3333,22,27,0.449,7,14,0.3333,0,0,0.0,0,0,0.0,0,0,0.0,4,10,0.2857,0,0,0.0,0,0,0.0,0,0,0.0,0,0,0.0,0,0,0.0,0,0,0.0,0,0,0.0,0,0,0.0,0,0,0.0,0,0,0.0,6,20,0.2308,0,0,0.0,0,0,0.0,0,0,0.0,1,15,0.0625,3,9,0.25,2,10,0.1667,0,10,0.0,2,22,0.0833,0,9,0.0,8,13,0.381
2026-04-03 21:40:20,test_370.jpg,132,14,146,0.0959,7,31,32,0,0,0.0,0,0,0.0,0,0,0.0,0,0,0.0,0,0,0.0,0,0,0.0,0,0,0.0,0,0,0.0,0,0,0.0,0,0,0.0,1,6,0.1429,0,0,0.0,0,0,0.0,0,0,0.0,0,0,0.0,0,0,0.0,0,0,0.0,0,0,0.0,0,0,0.0,0,0,0.0,0,0,0.0,1,28,0.0345,0,0,0.0,0,0,0.0,0,0,0.0,3,20,0.1304,1,19,0.05,4,24,0.1429,4,25,0.1379,0,10,0.0,0,0,0.0,0,0,0.0
2026-04-03 21:40:20,test_371.jpg,136,34,170,0.2,7,31,32,0,0,0.0,0,0,0.0,0,0,0.0,0,0,0.0,0,0,0.0,0,0,0.0,0,0,0.0,0,0,0.0,0,0,0.0,0,0,0.0,1,19,0.05,0,0,0.0,0,0,0.0,0,0,0.0,0,0,0.0,0,0,0.0,0,0,0.0,0,0,0.0,0,0,0.0,0,0,0.0,0,0,0.0,1,17,0.0556,0,0,0.0,0,0,0.0,0,0,0.0,1,16,0.0588,0,17,0.0,6,13,0.3158,15,34,0.3061,10,20,0.3333,0,0,0.0,0,0,0.0
2026-04-03 21:40:20,test_372.jpg,11,3,14,0.2143,3,31,32,0,0,0.0,0,0,0.0,0,0,0.0,0,0,0.0,0,0,0.0,0,0,0.0,0,0,0.0,0,0,0.0,0,0,0.0,0,0,0.0,2,2,0.5,0,0,0.0,0,0,0.0,0,0,0.0,0,0,0.0,0,0,0.0,0,0,0.0,0,0,0.0,0,0,0.0,0,0,0.0,0,0,0.0,1,9,0.1,0,0,0.0,0,0,0.0,0,0,0.0,0,0,0.0,0,0,0.0,0,0,0.0,0,0,0.0,0,0,0.0,0,0,0.0,0,0,0.0
2026-04-03 21:40:20,test_373.jpg,157,125,282,0.4433,16,31,32,17,17,0.5,10,10,0.5,11,10,0.5238,8,8,0.5,3,5,0.375,6,8,0.4286,0,3,0.0,0,0,0.0,0,0,0.0,0,0,0.0,4,7,0.3636,0,0,0.0,0,0,0.0,0,0,0.0,0,0,0.0,0,0,0.0,0,0,0.0,0,0,0.0,0,0,0.0,0,0,0.0,0,0,0.0,6,17,0.2609,0,0,0.0,0,0,0.0,0,0,0.0,1,3,0.25,3,20,0.1304,3,3,0.5,14,16,0.4667,2,5,0.2857,20,12,0.625,17,13,0.5667
2026-04-03 21:40:20,test_374.jpg,125,7,132,0.053,6,31,32,0,0,0.0,0,0,0.0,0,0,0.0,0,0,0.0,0,0,0.0,0,0,0.0,0,0,0.0,0,0,0.0,0,0,0.0,0,0,0.0,0,20,0.0,0,0,0.0,0,0,0.0,0,0,0.0,0,0,0.0,0,0,0.0,0,0,0.0,0,0,0.0,0,0,0.0,0,0,0.0,0,0,0.0,0,22,0.0,0,0,0.0,0,0,0.0,0,0,0.0,0,28,0.0,0,20,0.0,2,15,0.1176,5,20,0.2,0,0,0.0,0,0,0.0,0,0,0.0
2026-04-03 21:40:20,test_375.jpg,149,29,178,0.1629,6,31,32,0,0,0.0,0,0,0.0,0,0,0.0,0,0,0.0,0,0,0.0,0,0,0.0,0,0,0.0,0,0,0.0,0,0,0.0,0,0,0.0,3,4,0.4286,0,0,0.0,0,0,0.0,0,0,0.0,0,0,0.0,0,0,0.0,0,0,0.0,0,0,0.0,0,0,0.0,0,0,0.0,0,0,0.0,1,25,0.0385,0,0,0.0,0,0,0.0,0,0,0.0,3,25,0.1071,3,26,0.1034,7,37,0.1591,12,32,0.2727,0,0,0.0,0,0,0.0,0,0,0.0
2026-04-03 21:40:20,test_376.jpg,145,23,168,0.1369,6,31,32,0,0,0.0,0,0,0.0,0,0,0.0,0,0,0.0,0,0,0.0,0,0,0.0,0,0,0.0,0,0,0.0,0,0,0.0,0,0,0.0,4,22,0.1538,0,0,0.0,0,0,0.0,0,0,0.0,0,0,0.0,0,0,0.0,0,0,0.0,0,0,0.0,0,0,0.0,0,0,0.0,0,0,0.0,1,19,0.05,0,0,0.0,0,0,0.0,0,0,0.0,2,23,0.08,6,16,0.2727,0,26,0.0,10,39,0.2041,0,0,0.0,0,0,0.0,0,0,0.0
2026-04-03 21:40:20,test_377.jpg,195,45,240,0.1875,5,31,32,0,0,0.0,0,0,0.0,0,0,0.0,0,0,0.0,0,0,0.0,0,0,0.0,0,0,0.0,0,0,0.0,0,0,0.0,0,0,0.0,8,30,0.2105,0,0,0.0,0,0,0.0,0,0,0.0,0,0,0.0,0,0,0.0,0,0,0.0,0,0,0.0,0,0,0.0,0,0,0.0,0,0,0.0,9,36,0.2,0,0,0.0,0,0,0.0,0,0,0.0,8,46,0.1481,15,51,0.2273,5,32,0.1351,0,0,0.0,0,0,0.0,0,0,0.0,0,0,0.0
2026-04-03 21:40:20,test_378.jpg,128,33,161,0.205,7,31,32,0,0,0.0,0,0,0.0,0,0,0.0,0,0,0.0,0,0,0.0,0,0,0.0,0,0,0.0,0,0,0.0,0,0,0.0,0,0,0.0,2,17,0.1053,0,0,0.0,0,0,0.0,0,0,0.0,0,0,0.0,0,0,0.0,0,0,0.0,0,0,0.0,0,0,0.0,0,0,0.0,0,0,0.0,3,14,0.1765,0,0,0.0,0,0,0.0,0,0,0.0,4,18,0.1818,8,17,0.32,2,17,0.1053,1,23,0.0417,13,22,0.3714,0,0,0.0,0,0,0.0
2026-04-03 21:40:20,test_379.jpg,136,130,266,0.4887,3,31,32,0,0,0.0,0,0,0.0,0,0,0.0,0,0,0.0,0,0,0.0,0,0,0.0,0,0,0.0,0,0,0.0,0,0,0.0,0,0,0.0,10,24,0.2941,0,0,0.0,0,0,0.0,0,0,0.0,0,0,0.0,0,0,0.0,0,0,0.0,0,0,0.0,0,0,0.0,0,0,0.0,0,0,0.0,107,96,0.5271,0,0,0.0,0,0,0.0,0,0,0.0,13,16,0.4483,0,0,0.0,0,0,0.0,0,0,0.0,0,0,0.0,0,0,0.0,0,0,0.0
2026-04-03 21:40:20,test_38.jpg,127,72,199,0.3618,8,31,32,0,0,0.0,0,0,0.0,0,0,0.0,0,0,0.0,0,0,0.0,0,0,0.0,0,0,0.0,0,0,0.0,0,0,0.0,0,0,0.0,0,4,0.0,0,0,0.0,0,0,0.0,0,0,0.0,0,0,0.0,0,0,0.0,0,0,0.0,0,0,0.0,0,0,0.0,0,0,0.0,0,0,0.0,4,16,0.2,0,0,0.0,0,0,0.0,0,0,0.0,1,16,0.0588,9,20,0.3103,15,21,0.4167,25,23,0.5208,15,19,0.4412,3,8,0.2727,0,0,0.0
2026-04-03 21:40:20,test_380.jpg,107,17,124,0.1371,6,31,32,0,0,0.0,0,0,0.0,0,0,0.0,0,0,0.0,0,0,0.0,0,0,0.0,0,0,0.0,0,0,0.0,0,0,0.0,0,0,0.0,0,15,0.0,0,0,0.0,0,0,0.0,0,0,0.0,0,0,0.0,0,0,0.0,0,0,0.0,0,0,0.0,0,0,0.0,0,0,0.0,0,0,0.0,4,17,0.1905,0,0,0.0,0,0,0.0,0,0,0.0,4,26,0.1333,0,21,0.0,7,20,0.2593,2,8,0.2,0,0,0.0,0,0,0.0,0,0,0.0
2026-04-03 21:40:20,test_381.jpg,101,52,153,0.3399,6,31,32,0,0,0.0,0,0,0.0,0,0,0.0,0,0,0.0,0,0,0.0,0,0,0.0,0,0,0.0,0,0,0.0,0,0,0.0,0,0,0.0,0,10,0.0,0,0,0.0,0,0,0.0,0,0,0.0,0,0,0.0,0,0,0.0,0,0,0.0,0,0,0.0,0,0,0.0,0,0,0.0,0,0,0.0,0,10,0.0,0,0,0.0,0,0,0.0,0,0,0.0,1,9,0.1,5,16,0.2381,38,42,0.475,8,14,0.3636,0,0,0.0,0,0,0.0,0,0,0.0
2026-04-03 21:40:20,test_382.jpg,105,44,149,0.2953,7,31,32,0,0,0.0,0,0,0.0,0,0,0.0,0,0,0.0,0,0,0.0,0,0,0.0,0,0,0.0,0,0,0.0,0,0,0.0,0,0,0.0,1,5,0.1667,0,0,0.0,0,0,0.0,0,0,0.0,0,0,0.0,0,0,0.0,0,0,0.0,0,0,0.0,0,0,0.0,0,0,0.0,0,0,0.0,4,18,0.1818,0,0,0.0,0,0,0.0,0,0,0.0,5,17,0.2273,7,15,0.3182,9,22,0.2903,11,15,0.4231,7,13,0.35,0,0,0.0,0,0,0.0
2026-04-03 21:40:20,test_383.jpg,177,33,210,0.1571,6,31,32,0,0,0.0,0,0,0.0,0,0,0.0,0,0,0.0,0,0,0.0,0,0,0.0,0,0,0.0,0,0,0.0,0,0,0.0,0,0,0.0,7,27,0.2059,0,0,0.0,0,0,0.0,0,0,0.0,0,0,0.0,0,0,0.0,0,0,0.0,0,0,0.0,0,0,0.0,0,0,0.0,0,0,0.0,0,32,0.0,0,0,0.0,0,0,0.0,0,0,0.0,4,30,0.1176,1,33,0.0294,13,23,0.3611,8,32,0.2,0,0,0.0,0,0,0.0,0,0,0.0
2026-04-03 21:40:20,test_384.jpg,133,57,190,0.3,6,31,32,0,0,0.0,0,0,0.0,0,0,0.0,0,0,0.0,0,0,0.0,0,0,0.0,0,0,0.0,0,0,0.0,0,0,0.0,0,0,0.0,0,11,0.0,0,0,0.0,0,0,0.0,0,0,0.0,0,0,0.0,0,0,0.0,0,0,0.0,0,0,0.0,0,0,0.0,0,0,0.0,0,0,0.0,8,21,0.2759,0,0,0.0,0,0,0.0,0,0,0.0,2,20,0.0909,13,40,0.2453,17,21,0.4474,17,20,0.4595,0,0,0.0,0,0,0.0,0,0,0.0
2026-04-03 21:40:20,test_385.jpg,109,14,123,0.1138,8,31,32,0,0,0.0,0,0,0.0,0,0,0.0,0,0,0.0,0,0,0.0,0,0,0.0,0,0,0.0,0,0,0.0,0,0,0.0,0,0,0.0,2,7,0.2222,0,0,0.0,0,0,0.0,0,0,0.0,0,0,0.0,0,0,0.0,0,0,0.0,0,0,0.0,0,0,0.0,0,0,0.0,0,0,0.0,1,13,0.0714,0,0,0.0,0,0,0.0,0,0,0.0,0,12,0.0,0,18,0.0,1,18,0.0526,7,16,0.3043,0,15,0.0,3,10,0.2308,0,0,0.0
2026-04-03 21:40:20,test_386.jpg,157,61,218,0.2798,5,31,32,0,0,0.0,0,0,0.0,0,0,0.0,0,0,0.0,0,0,0.0,0,0,0.0,0,0,0.0,0,0,0.0,0,0,0.0,0,0,0.0,22,43,0.3385,0,0,0.0,0,0,0.0,0,0,0.0,0,0,0.0,0,0,0.0,0,0,0.0,0,0,0.0,0,0,0.0,0,0,0.0,0,0,0.0,5,28,0.1515,0,0,0.0,0,0,0.0,0,0,0.0,13,28,0.3171,8,27,0.2286,13,31,0.2955,0,0,0.0,0,0,0.0,0,0,0.0,0,0,0.0
2026-04-03 21:40:20,test_387.jpg,157,24,181,0.1326,7,31,32,0,0,0.0,0,0,0.0,0,0,0.0,0,0,0.0,0,0,0.0,0,0,0.0,0,0,0.0,0,0,0.0,0,0,0.0,0,0,0.0,0,19,0.0,0,0,0.0,0,0,0.0,0,0,0.0,0,0,0.0,0,0,0.0,0,0,0.0,0,0,0.0,0,0,0.0,0,0,0.0,0,0,0.0,4,13,0.2353,0,0,0.0,0,0,0.0,0,0,0.0,0,19,0.0,0,18,0.0,8,24,0.25,8,39,0.1702,4,25,0.1379,0,0,0.0,0,0,0.0
2026-04-03 21:40:20,test_388.jpg,132,32,164,0.1951,6,31,32,0,0,0.0,0,0,0.0,0,0,0.0,0,0,0.0,0,0,0.0,0,0,0.0,0,0,0.0,0,0,0.0,0,0,0.0,0,0,0.0,0,8,0.0,0,0,0.0,0,0,0.0,0,0,0.0,0,0,0.0,0,0,0.0,0,0,0.0,0,0,0.0,0,0,0.0,0,0,0.0,0,0,0.0,7,34,0.1707,0,0,0.0,0,0,0.0,0,0,0.0,6,21,0.2222,8,29,0.2162,11,38,0.2245,0,2,0.0,0,0,0.0,0,0,0.0,0,0,0.0
2026-04-03 21:40:20,test_389.jpg,147,6,153,0.0392,6,31,32,0,0,0.0,0,0,0.0,0,0,0.0,0,0,0.0,0,0,0.0,0,0,0.0,0,0,0.0,0,0,0.0,0,0,0.0,0,0,0.0,1,27,0.0357,0,0,0.0,0,0,0.0,0,0,0.0,0,0,0.0,0,0,0.0,0,0,0.0,0,0,0.0,0,0,0.0,0,0,0.0,0,0,0.0,2,24,0.0769,0,0,0.0,0,0,0.0,0,0,0.0,1,23,0.0417,1,21,0.0455,1,23,0.0417,0,29,0.0,0,0,0.0,0,0,0.0,0,0,0.0
2026-04-03 21:40:20,test_39.jpg,162,30,192,0.1562,4,31,32,0,0,0.0,0,0,0.0,0,0,0.0,0,0,0.0,0,0,0.0,0,0,0.0,0,0,0.0,0,0,0.0,0,0,0.0,0,0,0.0,1,49,0.02,0,0,0.0,0,0,0.0,0,0,0.0,0,0,0.0,0,0,0.0,0,0,0.0,0,0,0.0,0,0,0.0,0,0,0.0,0,0,0.0,12,30,0.2857,0,0,0.0,0,0,0.0,0,0,0.0,9,56,0.1385,8,27,0.2286,0,0,0.0,0,0,0.0,0,0,0.0,0,0,0.0,0,0,0.0
2026-04-03 21:40:20,test_390.jpg,177,129,306,0.4216,5,31,32,0,0,0.0,0,0,0.0,0,0,0.0,0,0,0.0,0,0,0.0,0,0,0.0,0,0,0.0,0,0,0.0,0,0,0.0,0,0,0.0,2,16,0.1111,0,0,0.0,0,0,0.0,0,0,0.0,0,0,0.0,0,0,0.0,0,0,0.0,0,0,0.0,0,0,0.0,0,0,0.0,0,0,0.0,18,29,0.383,0,0,0.0,0,0,0.0,0,0,0.0,10,52,0.1613,81,64,0.5586,18,16,0.5294,0,0,0.0,0,0,0.0,0,0,0.0,0,0,0.0
2026-04-03 21:40:20,test_391.jpg,211,42,253,0.166,9,31,32,0,0,0.0,0,0,0.0,0,0,0.0,0,0,0.0,0,0,0.0,0,0,0.0,0,0,0.0,0,0,0.0,0,0,0.0,0,0,0.0,0,3,0.0,0,0,0.0,0,0,0.0,0,0,0.0,0,0,0.0,0,0,0.0,0,0,0.0,0,0,0.0,0,0,0.0,0,0,0.0,0,0,0.0,9,47,0.1607,0,0,0.0,0,0,0.0,0,0,0.0,8,30,0.2105,0,22,0.0,1,27,0.0357,9,15,0.375,4,21,0.16,8,26,0.2353,3,20,0.1304
2026-04-03 21:40:20,test_392.jpg,131,21,152,0.1382,6,31,32,0,0,0.0,0,0,0.0,0,0,0.0,0,0,0.0,0,0,0.0,0,0,0.0,0,0,0.0,0,0,0.0,0,0,0.0,0,0,0.0,0,21,0.0,0,0,0.0,0,0,0.0,0,0,0.0,0,0,0.0,0,0,0.0,0,0,0.0,0,0,0.0,0,0,0.0,0,0,0.0,0,0,0.0,4,19,0.1739,0,0,0.0,0,0,0.0,0,0,0.0,7,24,0.2258,2,21,0.087,8,23,0.2581,0,23,0.0,0,0,0.0,0,0,0.0,0,0,0.0
2026-04-03 21:40:20,test_393.jpg,162,46,208,0.2212,5,31,32,0,0,0.0,0,0,0.0,0,0,0.0,0,0,0.0,0,0,0.0,0,0,0.0,0,0,0.0,0,0,0.0,0,0,0.0,0,0,0.0,2,23,0.08,0,0,0.0,0,0,0.0,0,0,0.0,0,0,0.0,0,0,0.0,0,0,0.0,0,0,0.0,0,0,0.0,0,0,0.0,0,0,0.0,8,31,0.2051,0,0,0.0,0,0,0.0,0,0,0.0,11,33,0.25,16,44,0.2667,9,31,0.225,0,0,0.0,0,0,0.0,0,0,0.0,0,0,0.0
2026-04-03 21:40:20,test_394.jpg,156,31,187,0.1658,8,31,32,0,0,0.0,0,0,0.0,0,0,0.0,0,0,0.0,0,0,0.0,0,0,0.0,0,0,0.0,0,0,0.0,0,0,0.0,0,0,0.0,9,30,0.2308,0,0,0.0,0,0,0.0,0,0,0.0,0,0,0.0,0,0,0.0,0,0,0.0,0,0,0.0,0,0,0.0,0,0,0.0,0,0,0.0,2,16,0.1111,0,0,0.0,0,0,0.0,0,0,0.0,8,8,0.5,6,17,0.2609,1,24,0.04,2,24,0.0769,0,15,0.0,3,22,0.12,0,0,0.0
2026-04-03 21:40:20,test_395.jpg,162,58,220,0.2636,6,31,32,0,0,0.0,0,0,0.0,0,0,0.0,0,0,0.0,0,0,0.0,0,0,0.0,0,0,0.0,0,0,0.0,0,0,0.0,0,0,0.0,1,17,0.0556,0,0,0.0,0,0,0.0,0,0,0.0,0,0,0.0,0,0,0.0,0,0,0.0,0,0,0.0,0,0,0.0,0,0,0.0,0,0,0.0,7,20,0.2593,0,0,0.0,0,0,0.0,0,0,0.0,3,24,0.1111,10,42,0.1923,16,36,0.3077,21,23,0.4773,0,0,0.0,0,0,0.0,0,0,0.0
2026-04-03 21:40:20,test_396.jpg,187,43,230,0.187,7,31,32,0,0,0.0,0,0,0.0,0,0,0.0,0,0,0.0,0,0,0.0,0,0,0.0,0,0,0.0,0,0,0.0,0,0,0.0,0,0,0.0,5,22,0.1852,0,0,0.0,0,0,0.0,0,0,0.0,0,0,0.0,0,0,0.0,0,0,0.0,0,0,0.0,0,0,0.0,0,0,0.0,0,0,0.0,6,27,0.1818,0,0,0.0,0,0,0.0,0,0,0.0,2,26,0.0714,3,25,0.1071,0,27,0.0,21,53,0.2838,6,7,0.4615,0,0,0.0,0,0,0.0
2026-04-03 21:40:20,test_397.jpg,153,6,159,0.0377,6,31,32,0,0,0.0,0,0,0.0,0,0,0.0,0,0,0.0,0,0,0.0,0,0,0.0,0,0,0.0,0,0,0.0,0,0,0.0,0,0,0.0,0,32,0.0,0,0,0.0,0,0,0.0,0,0,0.0,0,0,0.0,0,0,0.0,0,0,0.0,0,0,0.0,0,0,0.0,0,0,0.0,0,0,0.0,0,31,0.0,0,0,0.0,0,0,0.0,0,0,0.0,0,24,0.0,0,34,0.0,6,32,0.1579,0,0,0.0,0,0,0.0,0,0,0.0,0,0,0.0
2026-04-03 21:40:20,test_398.jpg,131,38,169,0.2249,14,31,32,0,11,0.0,2,12,0.1429,0,8,0.0,5,11,0.3125,1,8,0.1111,0,0,0.0,0,0,0.0,0,0,0.0,0,0,0.0,0,0,0.0,0,4,0.0,0,0,0.0,0,0,0.0,0,0,0.0,0,0,0.0,0,0,0.0,0,0,0.0,0,0,0.0,0,0,0.0,0,0,0.0,0,0,0.0,11,17,0.3929,0,0,0.0,0,0,0.0,0,0,0.0,3,9,0.25,0,9,0.0,5,6,0.4545,1,8,0.1111,7,8,0.4667,0,11,0.0,3,9,0.25
2026-04-03 21:40:20,test_399.jpg,123,44,167,0.2635,8,31,32,0,0,0.0,0,0,0.0,0,0,0.0,0,0,0.0,0,0,0.0,0,0,0.0,0,0,0.0,0,0,0.0,0,0,0.0,0,0,0.0,7,16,0.3043,0,0,0.0,0,0,0.0,0,0,0.0,0,0,0.0,0,0,0.0,0,0,0.0,0,0,0.0,0,0,0.0,0,0,0.0,0,0,0.0,0,13,0.0,0,0,0.0,0,0,0.0,0,0,0.0,7,16,0.3043,1,11,0.0833,3,16,0.1579,8,16,0.3333,14,23,0.3784,4,12,0.25,0,0,0.0
2026-04-03 21:40:20,test_4.jpg,212,11,223,0.0493,4,31,32,0,0,0.0,0,0,0.0,0,0,0.0,0,0,0.0,0,0,0.0,0,0,0.0,0,0,0.0,0,0,0.0,0,0,0.0,0,0,0.0,7,53,0.1167,0,0,0.0,0,0,0.0,0,0,0.0,0,0,0.0,0,0,0.0,0,0,0.0,0,0,0.0,0,0,0.0,0,0,0.0,0,0,0.0,1,75,0.0132,0,0,0.0,0,0,0.0,0,0,0.0,2,48,0.04,1,36,0.027,0,0,0.0,0,0,0.0,0,0,0.0,0,0,0.0,0,0,0.0
2026-04-03 21:40:20,test_40.jpg,144,2,146,0.0137,8,31,32,0,0,0.0,0,0,0.0,0,0,0.0,0,0,0.0,0,0,0.0,0,0,0.0,0,0,0.0,0,0,0.0,0,0,0.0,0,0,0.0,0,15,0.0,0,0,0.0,0,0,0.0,0,0,0.0,0,0,0.0,0,0,0.0,0,0,0.0,0,0,0.0,0,0,0.0,0,0,0.0,0,0,0.0,0,9,0.0,0,0,0.0,0,0,0.0,0,0,0.0,0,12,0.0,0,21,0.0,1,22,0.0435,0,22,0.0,0,22,0.0,1,21,0.0455,0,0,0.0
2026-04-03 21:40:20,test_400.jpg,128,5,133,0.0376,8,31,32,0,0,0.0,0,0,0.0,0,0,0.0,0,0,0.0,0,0,0.0,0,0,0.0,0,0,0.0,0,0,0.0,0,0,0.0,0,0,0.0,3,6,0.3333,0,0,0.0,0,0,0.0,0,0,0.0,0,0,0.0,0,0,0.0,0,0,0.0,0,0,0.0,0,0,0.0,0,0,0.0,0,0,0.0,0,8,0.0,0,0,0.0,0,0,0.0,0,0,0.0,0,22,0.0,0,23,0.0,0,20,0.0,2,22,0.0833,0,18,0.0,0,9,0.0,0,0,0.0
2026-04-03 21:40:20,test_401.jpg,147,21,168,0.125,6,31,32,0,0,0.0,0,0,0.0,0,0,0.0,0,0,0.0,0,0,0.0,0,0,0.0,0,0,0.0,0,0,0.0,0,0,0.0,0,0,0.0,8,17,0.32,0,0,0.0,0,0,0.0,0,0,0.0,0,0,0.0,0,0,0.0,0,0,0.0,0,0,0.0,0,0,0.0,0,0,0.0,0,0,0.0,4,21,0.16,0,0,0.0,0,0,0.0,0,0,0.0,1,18,0.0526,3,28,0.0968,2,38,0.05,3,25,0.1071,0,0,0.0,0,0,0.0,0,0,0.0
2026-04-03 21:40:20,test_402.jpg,120,23,143,0.1608,7,31,32,0,0,0.0,0,0,0.0,0,0,0.0,0,0,0.0,0,0,0.0,0,0,0.0,0,0,0.0,0,0,0.0,0,0,0.0,0,0,0.0,1,15,0.0625,0,0,0.0,0,0,0.0,0,0,0.0,0,0,0.0,0,0,0.0,0,0,0.0,0,0,0.0,0,0,0.0,0,0,0.0,0,0,0.0,0,16,0.0,0,0,0.0,0,0,0.0,0,0,0.0,2,15,0.1176,2,15,0.1176,0,13,0.0,0,15,0.0,18,31,0.3673,0,0,0.0,0,0,0.0
2026-04-03 21:40:20,test_403.jpg,164,86,250,0.344,6,31,32,0,0,0.0,0,0,0.0,0,0,0.0,0,0,0.0,0,0,0.0,0,0,0.0,0,0,0.0,0,0,0.0,0,0,0.0,0,0,0.0,6,25,0.1935,0,0,0.0,0,0,0.0,0,0,0.0,0,0,0.0,0,0,0.0,0,0,0.0,0,0,0.0,0,0,0.0,0,0,0.0,0,0,0.0,9,22,0.2903,0,0,0.0,0,0,0.0,0,0,0.0,7,25,0.2188,25,35,0.4167,19,38,0.3333,20,19,0.5128,0,0,0.0,0,0,0.0,0,0,0.0
2026-04-03 21:40:20,test_404.jpg,159,3,162,0.0185,6,31,32,0,0,0.0,0,0,0.0,0,0,0.0,0,0,0.0,0,0,0.0,0,0,0.0,0,0,0.0,0,0,0.0,0,0,0.0,0,0,0.0,0,21,0.0,0,0,0.0,0,0,0.0,0,0,0.0,0,0,0.0,0,0,0.0,0,0,0.0,0,0,0.0,0,0,0.0,0,0,0.0,0,0,0.0,0,19,0.0,0,0,0.0,0,0,0.0,0,0,0.0,1,25,0.0385,0,28,0.0,0,41,0.0,2,25,0.0741,0,0,0.0,0,0,0.0,0,0,0.0
2026-04-03 21:40:20,test_405.jpg,127,28,155,0.1806,7,31,32,0,0,0.0,0,0,0.0,0,0,0.0,0,0,0.0,0,0,0.0,0,0,0.0,0,0,0.0,0,0,0.0,0,0,0.0,0,0,0.0,3,15,0.1667,0,0,0.0,0,0,0.0,0,0,0.0,0,0,0.0,0,0,0.0,0,0,0.0,0,0,0.0,0,0,0.0,0,0,0.0,0,0,0.0,4,22,0.1538,0,0,0.0,0,0,0.0,0,0,0.0,5,15,0.25,2,17,0.1053,4,29,0.1212,5,17,0.2273,5,12,0.2941,0,0,0.0,0,0,0.0
2026-04-03 21:40:20,test_406.jpg,117,0,117,0.0,6,31,32,0,0,0.0,0,0,0.0,0,0,0.0,0,0,0.0,0,0,0.0,0,0,0.0,0,0,0.0,0,0,0.0,0,0,0.0,0,0,0.0,0,22,0.0,0,0,0.0,0,0,0.0,0,0,0.0,0,0,0.0,0,0,0.0,0,0,0.0,0,0,0.0,0,0,0.0,0,0,0.0,0,0,0.0,0,19,0.0,0,0,0.0,0,0,0.0,0,0,0.0,0,20,0.0,0,18,0.0,0,19,0.0,0,19,0.0,0,0,0.0,0,0,0.0,0,0,0.0
2026-04-03 21:40:20,test_407.jpg,157,89,246,0.3618,6,31,32,0,0,0.0,0,0,0.0,0,0,0.0,0,0,0.0,0,0,0.0,0,0,0.0,0,0,0.0,0,0,0.0,0,0,0.0,0,0,0.0,28,22,0.56,0,0,0.0,0,0,0.0,0,0,0.0,0,0,0.0,0,0,0.0,0,0,0.0,0,0,0.0,0,0,0.0,0,0,0.0,0,0,0.0,15,23,0.3947,0,0,0.0,0,0,0.0,0,0,0.0,20,34,0.3704,7,26,0.2121,8,28,0.2222,11,24,0.3143,0,0,0.0,0,0,0.0,0,0,0.0
2026-04-03 21:40:20,test_408.jpg,173,80,253,0.3162,8,31,32,0,0,0.0,0,0,0.0,0,0,0.0,0,0,0.0,0,0,0.0,0,0,0.0,0,0,0.0,0,0,0.0,0,0,0.0,0,0,0.0,0,0,0.0,0,0,0.0,0,0,0.0,0,0,0.0,0,0,0.0,0,0,0.0,0,0,0.0,0,0,0.0,0,0,0.0,0,0,0.0,0,0,0.0,23,92,0.2,0,0,0.0,0,0,0.0,0,0,0.0,24,42,0.3636,32,31,0.5079,0,2,0.0,0,0,0.0,0,1,0.0,1,5,0.1667,0,0,0.0
2026-04-03 21:40:20,test_409.jpg,144,37,181,0.2044,6,31,32,0,0,0.0,0,0,0.0,0,0,0.0,0,0,0.0,0,0,0.0,0,0,0.0,0,0,0.0,0,0,0.0,0,0,0.0,0,0,0.0,0,15,0.0,0,0,0.0,0,0,0.0,0,0,0.0,0,0,0.0,0,0,0.0,0,0,0.0,0,0,0.0,0,0,0.0,0,0,0.0,0,0,0.0,12,24,0.3333,0,0,0.0,0,0,0.0,0,0,0.0,0,26,0.0,3,26,0.1034,16,34,0.32,6,19,0.24,0,0,0.0,0,0,0.0,0,0,0.0
2026-04-03 21:40:20,test_41.jpg,165,15,180,0.0833,9,31,32,0,0,0.0,0,0,0.0,0,0,0.0,0,0,0.0,0,0,0.0,0,0,0.0,0,0,0.0,0,0,0.0,0,0,0.0,0,0,0.0,0,0,0.0,0,0,0.0,0,0,0.0,0,0,0.0,0,0,0.0,0,0,0.0,0,0,0.0,0,0,0.0,0,0,0.0,0,0,0.0,0,0,0.0,0,36,0.0,0,0,0.0,0,0,0.0,0,0,0.0,0,12,0.0,3,18,0.1429,2,11,0.1538,4,21,0.16,0,22,0.0,4,19,0.1739,2,26,0.0714
2026-04-03 21:40:20,test_410.jpg,146,12,158,0.0759,5,31,32,0,0,0.0,0,0,0.0,0,0,0.0,0,0,0.0,0,0,0.0,0,0,0.0,0,0,0.0,0,0,0.0,0,0,0.0,0,0,0.0,0,38,0.0,0,0,0.0,0,0,0.0,0,0,0.0,0,0,0.0,0,0,0.0,0,0,0.0,0,0,0.0,0,0,0.0,0,0,0.0,0,0,0.0,0,21,0.0,0,0,0.0,0,0,0.0,0,0,0.0,0,22,0.0,2,44,0.0435,10,21,0.3226,0,0,0.0,0,0,0.0,0,0,0.0,0,0,0.0
2026-04-03 21:40:20,test_411.jpg,142,43,185,0.2324,4,31,32,0,0,0.0,0,0,0.0,0,0,0.0,0,0,0.0,0,0,0.0,0,0,0.0,0,0,0.0,0,0,0.0,0,0,0.0,0,0,0.0,0,16,0.0,0,0,0.0,0,0,0.0,0,0,0.0,0,0,0.0,0,0,0.0,0,0,0.0,0,0,0.0,0,0,0.0,0,0,0.0,0,0,0.0,12,54,0.1818,0,0,0.0,0,0,0.0,0,0,0.0,19,48,0.2836,12,24,0.3333,0,0,0.0,0,0,0.0,0,0,0.0,0,0,0.0,0,0,0.0
2026-04-03 21:40:20,test_412.jpg,144,30,174,0.1724,7,31,32,0,0,0.0,0,0,0.0,0,0,0.0,0,0,0.0,0,0,0.0,0,0,0.0,0,0,0.0,0,0,0.0,0,0,0.0,0,0,0.0,3,18,0.1429,0,0,0.0,0,0,0.0,0,0,0.0,0,0,0.0,0,0,0.0,0,0,0.0,0,0,0.0,0,0,0.0,0,0,0.0,0,0,0.0,2,21,0.087,0,0,0.0,0,0,0.0,0,0,0.0,3,19,0.1364,2,28,0.0667,6,21,0.2222,6,19,0.24,8,18,0.3077,0,0,0.0,0,0,0.0
2026-04-03 21:40:20,test_413.jpg,117,27,144,0.1875,7,31,32,0,0,0.0,0,0,0.0,0,0,0.0,0,0,0.0,0,0,0.0,0,0,0.0,0,0,0.0,0,0,0.0,0,0,0.0,0,0,0.0,0,13,0.0,0,0,0.0,0,0,0.0,0,0,0.0,0,0,0.0,0,0,0.0,0,0,0.0,0,0,0.0,0,0,0.0,0,0,0.0,0,0,0.0,1,21,0.0455,0,0,0.0,0,0,0.0,0,0,0.0,3,18,0.1429,7,16,0.3043,0,19,0.0,8,17,0.32,8,13,0.381,0,0,0.0,0,0,0.0
2026-04-03 21:40:20,test_414.jpg,148,9,157,0.0573,6,31,32,0,0,0.0,0,0,0.0,0,0,0.0,0,0,0.0,0,0,0.0,0,0,0.0,0,0,0.0,0,0,0.0,0,0,0.0,0,0,0.0,1,24,0.04,0,0,0.0,0,0,0.0,0,0,0.0,0,0,0.0,0,0,0.0,0,0,0.0,0,0,0.0,0,0,0.0,0,0,0.0,0,0,0.0,0,19,0.0,0,0,0.0,0,0,0.0,0,0,0.0,3,26,0.1034,5,26,0.1613,0,23,0.0,0,30,0.0,0,0,0.0,0,0,0.0,0,0,0.0
2026-04-03 21:40:20,test_415.jpg,129,32,161,0.1988,7,31,32,0,0,0.0,0,0,0.0,0,0,0.0,0,0,0.0,0,0,0.0,0,0,0.0,0,0,0.0,0,0,0.0,0,0,0.0,0,0,0.0,2,16,0.1111,0,0,0.0,0,0,0.0,0,0,0.0,0,0,0.0,0,0,0.0,0,0,0.0,0,0,0.0,0,0,0.0,0,0,0.0,0,0,0.0,4,21,0.16,0,0,0.0,0,0,0.0,0,0,0.0,1,19,0.05,6,20,0.2308,5,17,0.2273,12,20,0.375,2,16,0.1111,0,0,0.0,0,0,0.0
2026-04-03 21:40:20,test_416.jpg,298,48,346,0.1387,15,31,32,0,15,0.0,6,14,0.3,2,15,0.1176,3,19,0.1364,3,40,0.0698,8,43,0.1569,0,0,0.0,0,0,0.0,0,0,0.0,0,0,0.0,3,15,0.1667,0,0,0.0,0,0,0.0,0,0,0.0,0,0,0.0,0,0,0.0,0,0,0.0,0,0,0.0,0,0,0.0,0,0,0.0,0,0,0.0,0,23,0.0,0,0,0.0,0,0,0.0,0,0,0.0,4,15,0.2105,5,19,0.2083,3,15,0.1667,4,23,0.1481,3,15,0.1667,1,13,0.0714,3,14,0.1765
2026-04-03 21:40:20,test_417.jpg,140,18,158,0.1139,7,31,32,0,0,0.0,0,0,0.0,0,0,0.0,0,0,0.0,0,0,0.0,0,0,0.0,0,0,0.0,0,0,0.0,0,0,0.0,0,0,0.0,0,13,0.0,0,0,0.0,0,0,0.0,0,0,0.0,0,0,0.0,0,0,0.0,0,0,0.0,0,0,0.0,0,0,0.0,0,0,0.0,0,0,0.0,3,15,0.1667,0,0,0.0,0,0,0.0,0,0,0.0,0,13,0.0,3,17,0.15,3,18,0.1429,7,32,0.1795,2,32,0.0588,0,0,0.0,0,0,0.0
2026-04-03 21:40:20,test_418.jpg,146,21,167,0.1257,7,31,32,0,0,0.0,0,0,0.0,0,0,0.0,0,0,0.0,0,0,0.0,0,0,0.0,0,0,0.0,0,0,0.0,0,0,0.0,0,0,0.0,5,23,0.1786,0,0,0.0,0,0,0.0,0,0,0.0,0,0,0.0,0,0,0.0,0,0,0.0,0,0,0.0,0,0,0.0,0,0,0.0,0,0,0.0,4,30,0.1176,0,0,0.0,0,0,0.0,0,0,0.0,2,21,0.087,0,17,0.0,1,21,0.0455,2,19,0.0952,7,15,0.3182,0,0,0.0,0,0,0.0
2026-04-03 21:40:20,test_419.jpg,226,63,289,0.218,13,31,32,2,11,0.1538,12,22,0.3529,6,23,0.2069,7,23,0.2333,0,0,0.0,0,0,0.0,0,0,0.0,0,0,0.0,0,0,0.0,0,0,0.0,2,5,0.2857,0,0,0.0,0,0,0.0,0,0,0.0,0,0,0.0,0,0,0.0,0,0,0.0,0,0,0.0,0,0,0.0,0,0,0.0,0,0,0.0,3,18,0.1429,0,0,0.0,0,0,0.0,0,0,0.0,5,12,0.2941,0,15,0.0,9,20,0.3103,3,15,0.1667,8,23,0.2581,5,25,0.1667,1,14,0.0667
2026-04-03 21:40:20,test_42.jpg,136,24,160,0.15,7,31,32,0,0,0.0,0,0,0.0,0,0,0.0,0,0,0.0,0,0,0.0,0,0,0.0,0,0,0.0,0,0,0.0,0,0,0.0,0,0,0.0,0,18,0.0,0,0,0.0,0,0,0.0,0,0,0.0,0,0,0.0,0,0,0.0,0,0,0.0,0,0,0.0,0,0,0.0,0,0,0.0,0,0,0.0,0,20,0.0,0,0,0.0,0,0,0.0,0,0,0.0,4,16,0.2,5,17,0.2273,9,21,0.3,4,22,0.1538,2,22,0.0833,0,0,0.0,0,0,0.0
2026-04-03 21:40:20,test_420.jpg,257,77,334,0.2305,6,31,32,0,0,0.0,0,0,0.0,0,0,0.0,0,0,0.0,0,0,0.0,0,0,0.0,0,0,0.0,0,0,0.0,0,0,0.0,0,0,0.0,4,9,0.3077,0,0,0.0,0,0,0.0,0,0,0.0,0,0,0.0,0,0,0.0,0,0,0.0,0,0,0.0,0,0,0.0,0,0,0.0,0,0,0.0,20,74,0.2128,0,0,0.0,0,0,0.0,0,0,0.0,13,37,0.26,10,37,0.2128,25,76,0.2475,5,24,0.1724,0,0,0.0,0,0,0.0,0,0,0.0
2026-04-03 21:40:20,test_421.jpg,134,25,159,0.1572,9,31,32,0,0,0.0,0,0,0.0,0,0,0.0,0,0,0.0,0,0,0.0,0,0,0.0,0,0,0.0,0,0,0.0,0,0,0.0,0,0,0.0,2,23,0.08,0,0,0.0,0,0,0.0,0,0,0.0,0,0,0.0,0,0,0.0,0,0,0.0,0,0,0.0,0,0,0.0,0,0,0.0,0,0,0.0,6,13,0.3158,0,0,0.0,0,0,0.0,0,0,0.0,2,11,0.1538,3,12,0.2,3,23,0.1154,3,14,0.1765,2,18,0.1,2,13,0.1333,2,7,0.2222
2026-04-03 21:40:20,test_422.jpg,124,40,164,0.2439,7,31,32,0,0,0.0,0,0,0.0,0,0,0.0,0,0,0.0,0,0,0.0,0,0,0.0,0,0,0.0,0,0,0.0,0,0,0.0,0,0,0.0,0,17,0.0,0,0,0.0,0,0,0.0,0,0,0.0,0,0,0.0,0,0,0.0,0,0,0.0,0,0,0.0,0,0,0.0,0,0,0.0,0,0,0.0,2,15,0.1176,0,0,0.0,0,0,0.0,0,0,0.0,2,18,0.1,6,16,0.2727,16,18,0.4706,1,21,0.0455,13,19,0.4062,0,0,0.0,0,0,0.0
2026-04-03 21:40:20,test_423.jpg,178,3,181,0.0166,8,31,32,0,0,0.0,0,0,0.0,0,0,0.0,0,0,0.0,0,0,0.0,0,0,0.0,0,0,0.0,0,0,0.0,0,0,0.0,0,0,0.0,0,20,0.0,0,0,0.0,0,0,0.0,0,0,0.0,0,0,0.0,0,0,0.0,0,0,0.0,0,0,0.0,0,0,0.0,0,0,0.0,0,0,0.0,0,19,0.0,0,0,0.0,0,0,0.0,0,0,0.0,0,23,0.0,0,21,0.0,1,23,0.0417,1,21,0.0455,0,25,0.0,1,26,0.037,0,0,0.0
2026-04-03 21:40:20,test_424.jpg,164,67,231,0.29,8,31,32,0,0,0.0,0,0,0.0,0,0,0.0,0,0,0.0,0,0,0.0,0,0,0.0,0,0,0.0,0,0,0.0,0,0,0.0,0,0,0.0,0,6,0.0,0,0,0.0,0,0,0.0,0,0,0.0,0,0,0.0,0,0,0.0,0,0,0.0,0,0,0.0,0,0,0.0,0,0,0.0,0,0,0.0,7,28,0.2,0,0,0.0,0,0,0.0,0,0,0.0,2,34,0.0556,24,20,0.5455,11,31,0.2619,11,18,0.3793,12,15,0.4444,0,12,0.0,0,0,0.0
2026-04-03 21:40:20,test_425.jpg,171,144,315,0.4571,3,31,32,0,0,0.0,0,0,0.0,0,0,0.0,0,0,0.0,0,0,0.0,0,0,0.0,0,0,0.0,0,0,0.0,0,0,0.0,0,0,0.0,9,46,0.1636,0,0,0.0,0,0,0.0,0,0,0.0,0,0,0.0,0,0,0.0,0,0,0.0,0,0,0.0,0,0,0.0,0,0,0.0,0,0,0.0,107,90,0.5431,0,0,0.0,0,0,0.0,0,0,0.0,28,35,0.4444,0,0,0.0,0,0,0.0,0,0,0.0,0,0,0.0,0,0,0.0,0,0,0.0
2026-04-03 21:40:20,test_426.jpg,153,98,251,0.3904,5,31,32,0,0,0.0,0,0,0.0,0,0,0.0,0,0,0.0,0,0,0.0,0,0,0.0,0,0,0.0,0,0,0.0,0,0,0.0,0,0,0.0,0,15,0.0,0,0,0.0,0,0,0.0,0,0,0.0,0,0,0.0,0,0,0.0,0,0,0.0,0,0,0.0,0,0,0.0,0,0,0.0,0,0,0.0,1,24,0.04,0,0,0.0,0,0,0.0,0,0,0.0,32,47,0.4051,30,39,0.4348,35,28,0.5556,0,0,0.0,0,0,0.0,0,0,0.0,0,0,0.0
2026-04-03 21:40:20,test_427.jpg,169,40,209,0.1914,4,31,32,0,0,0.0,0,0,0.0,0,0,0.0,0,0,0.0,0,0,0.0,0,0,0.0,0,0,0.0,0,0,0.0,0,0,0.0,0,0,0.0,4,35,0.1026,0,0,0.0,0,0,0.0,0,0,0.0,0,0,0.0,0,0,0.0,0,0,0.0,0,0,0.0,0,0,0.0,0,0,0.0,0,0,0.0,7,38,0.1556,0,0,0.0,0,0,0.0,0,0,0.0,13,62,0.1733,16,34,0.32,0,0,0.0,0,0,0.0,0,0,0.0,0,0,0.0,0,0,0.0
2026-04-03 21:40:20,test_428.jpg,159,11,170,0.0647,8,31,32,0,0,0.0,0,0,0.0,0,0,0.0,0,0,0.0,0,0,0.0,0,0,0.0,0,0,0.0,0,0,0.0,0,0,0.0,0,0,0.0,1,17,0.0556,0,0,0.0,0,0,0.0,0,0,0.0,0,0,0.0,0,0,0.0,0,0,0.0,0,0,0.0,0,0,0.0,0,0,0.0,0,0,0.0,0,20,0.0,0,0,0.0,0,0,0.0,0,0,0.0,0,23,0.0,1,24,0.04,0,19,0.0,1,16,0.0588,3,23,0.1154,5,17,0.2273,0,0,0.0
2026-04-03 21:40:20,test_429.jpg,143,21,164,0.128,5,31,32,0,0,0.0,0,0,0.0,0,0,0.0,0,0,0.0,0,0,0.0,0,0,0.0,0,0,0.0,0,0,0.0,0,0,0.0,0,0,0.0,1,24,0.04,0,0,0.0,0,0,0.0,0,0,0.0,0,0,0.0,0,0,0.0,0,0,0.0,0,0,0.0,0,0,0.0,0,0,0.0,0,0,0.0,4,22,0.1538,0,0,0.0,0,0,0.0,0,0,0.0,5,25,0.1667,9,37,0.1957,2,35,0.0541,0,0,0.0,0,0,0.0,0,0,0.0,0,0,0.0
2026-04-03 21:40:20,test_43.jpg,97,69,166,0.4157,4,31,32,0,0,0.0,0,0,0.0,0,0,0.0,0,0,0.0,0,0,0.0,0,0,0.0,0,0,0.0,0,0,0.0,0,0,0.0,0,0,0.0,7,15,0.3182,0,0,0.0,0,0,0.0,0,0,0.0,0,0,0.0,0,0,0.0,0,0,0.0,0,0,0.0,0,0,0.0,0,0,0.0,0,0,0.0,6,14,0.3,0,0,0.0,0,0,0.0,0,0,0.0,47,43,0.5222,9,25,0.2647,0,0,0.0,0,0,0.0,0,0,0.0,0,0,0.0,0,0,0.0
2026-04-03 21:40:20,test_430.jpg,217,18,235,0.0766,12,31,32,2,22,0.0833,0,54,0.0,0,0,0.0,0,0,0.0,0,0,0.0,0,0,0.0,0,0,0.0,0,0,0.0,0,0,0.0,0,0,0.0,0,0,0.0,0,0,0.0,0,0,0.0,0,0,0.0,0,0,0.0,0,0,0.0,0,0,0.0,0,0,0.0,0,0,0.0,0,0,0.0,0,0,0.0,14,35,0.2857,0,0,0.0,0,0,0.0,0,0,0.0,1,15,0.0625,1,13,0.0714,0,13,0.0,0,13,0.0,0,13,0.0,0,13,0.0,0,26,0.0
2026-04-03 21:40:20,test_431.jpg,124,37,161,0.2298,6,31,32,0,0,0.0,0,0,0.0,0,0,0.0,0,0,0.0,0,0,0.0,0,0,0.0,0,0,0.0,0,0,0.0,0,0,0.0,0,0,0.0,10,18,0.3571,0,0,0.0,0,0,0.0,0,0,0.0,0,0,0.0,0,0,0.0,0,0,0.0,0,0,0.0,0,0,0.0,0,0,0.0,0,0,0.0,0,18,0.0,0,0,0.0,0,0,0.0,0,0,0.0,3,23,0.1154,5,18,0.2174,17,25,0.4048,2,22,0.0833,0,0,0.0,0,0,0.0,0,0,0.0
2026-04-03 21:40:20,test_432.jpg,115,36,151,0.2384,6,31,32,0,0,0.0,0,0,0.0,0,0,0.0,0,0,0.0,0,0,0.0,0,0,0.0,0,0,0.0,0,0,0.0,0,0,0.0,0,0,0.0,8,17,0.32,0,0,0.0,0,0,0.0,0,0,0.0,0,0,0.0,0,0,0.0,0,0,0.0,0,0,0.0,0,0,0.0,0,0,0.0,0,0,0.0,14,19,0.4242,0,0,0.0,0,0,0.0,0,0,0.0,0,17,0.0,4,15,0.2105,6,22,0.2143,4,25,0.1379,0,0,0.0,0,0,0.0,0,0,0.0
2026-04-03 21:40:20,test_433.jpg,211,114,325,0.3508,9,31,32,0,0,0.0,0,0,0.0,0,0,0.0,0,0,0.0,0,0,0.0,0,0,0.0,0,0,0.0,0,0,0.0,0,0,0.0,0,0,0.0,12,12,0.5,0,0,0.0,0,0,0.0,0,0,0.0,0,0,0.0,0,0,0.0,0,0,0.0,0,0,0.0,0,0,0.0,0,0,0.0,0,0,0.0,22,26,0.4583,0,0,0.0,0,0,0.0,0,0,0.0,13,30,0.3023,11,31,0.2619,6,23,0.2069,7,31,0.1842,24,27,0.4706,15,23,0.3947,4,8,0.3333
2026-04-03 21:40:20,test_434.jpg,162,13,175,0.0743,7,31,32,0,0,0.0,0,0,0.0,0,0,0.0,0,0,0.0,0,0,0.0,0,0,0.0,0,0,0.0,0,0,0.0,0,0,0.0,0,0,0.0,9,20,0.3103,0,0,0.0,0,0,0.0,0,0,0.0,0,0,0.0,0,0,0.0,0,0,0.0,0,0,0.0,0,0,0.0,0,0,0.0,0,0,0.0,3,16,0.1579,0,0,0.0,0,0,0.0,0,0,0.0,0,25,0.0,1,27,0.0357,0,20,0.0,0,28,0.0,0,26,0.0,0,0,0.0,0,0,0.0
2026-04-03 21:40:20,test_435.jpg,158,46,204,0.2255,7,31,32,0,0,0.0,0,0,0.0,0,0,0.0,0,0,0.0,0,0,0.0,0,0,0.0,0,0,0.0,0,0,0.0,0,0,0.0,0,0,0.0,0,24,0.0,0,0,0.0,0,0,0.0,0,0,0.0,0,0,0.0,0,0,0.0,0,0,0.0,0,0,0.0,0,0,0.0,0,0,0.0,0,0,0.0,2,22,0.0833,0,0,0.0,0,0,0.0,0,0,0.0,9,27,0.25,2,20,0.0909,9,23,0.2812,12,22,0.3529,12,20,0.375,0,0,0.0,0,0,0.0
2026-04-03 21:40:20,test_436.jpg,140,45,185,0.2432,4,31,32,0,0,0.0,0,0,0.0,0,0,0.0,0,0,0.0,0,0,0.0,0,0,0.0,0,0,0.0,0,0,0.0,0,0,0.0,0,0,0.0,4,25,0.1379,0,0,0.0,0,0,0.0,0,0,0.0,0,0,0.0,0,0,0.0,0,0,0.0,0,0,0.0,0,0,0.0,0,0,0.0,0,0,0.0,13,50,0.2063,0,0,0.0,0,0,0.0,0,0,0.0,18,37,0.3273,10,28,0.2632,0,0,0.0,0,0,0.0,0,0,0.0,0,0,0.0,0,0,0.0
2026-04-03 21:40:20,test_437.jpg,139,44,183,0.2404,6,31,32,0,0,0.0,0,0,0.0,0,0,0.0,0,0,0.0,0,0,0.0,0,0,0.0,0,0,0.0,0,0,0.0,0,0,0.0,0,0,0.0,9,18,0.3333,0,0,0.0,0,0,0.0,0,0,0.0,0,0,0.0,0,0,0.0,0,0,0.0,0,0,0.0,0,0,0.0,0,0,0.0,0,0,0.0,4,25,0.1379,0,0,0.0,0,0,0.0,0,0,0.0,6,26,0.1875,8,30,0.2105,9,25,0.2647,8,15,0.3478,0,0,0.0,0,0,0.0,0,0,0.0
2026-04-03 21:40:20,test_438.jpg,200,51,251,0.2032,7,31,32,0,0,0.0,0,0,0.0,0,0,0.0,0,0,0.0,0,0,0.0,0,0,0.0,0,0,0.0,0,0,0.0,0,0,0.0,0,0,0.0,4,20,0.1667,0,0,0.0,0,0,0.0,0,0,0.0,0,0,0.0,0,0,0.0,0,0,0.0,0,0,0.0,0,0,0.0,0,0,0.0,0,0,0.0,8,26,0.2353,0,0,0.0,0,0,0.0,0,0,0.0,6,40,0.1304,4,18,0.1818,2,31,0.0606,16,46,0.2581,11,19,0.3667,0,0,0.0,0,0,0.0
2026-04-03 21:40:20,test_439.jpg,121,28,149,0.1879,9,31,32,0,0,0.0,0,0,0.0,0,0,0.0,0,0,0.0,0,0,0.0,0,0,0.0,0,0,0.0,0,0,0.0,0,0,0.0,0,0,0.0,2,11,0.1538,0,0,0.0,0,0,0.0,0,0,0.0,0,0,0.0,0,0,0.0,0,0,0.0,0,0,0.0,0,0,0.0,0,0,0.0,0,0,0.0,0,0,0.0,0,0,0.0,0,0,0.0,0,0,0.0,2,20,0.0909,5,20,0.2,5,20,0.2,4,10,0.2857,6,13,0.3158,2,9,0.1818,2,18,0.1
2026-04-03 21:40:20,test_44.jpg,135,46,181,0.2541,5,31,32,0,0,0.0,0,0,0.0,0,0,0.0,0,0,0.0,0,0,0.0,0,0,0.0,0,0,0.0,0,0,0.0,0,0,0.0,0,0,0.0,0,11,0.0,0,0,0.0,0,0,0.0,0,0,0.0,0,0,0.0,0,0,0.0,0,0,0.0,0,0,0.0,0,0,0.0,0,0,0.0,0,0,0.0,9,31,0.225,0,0,0.0,0,0,0.0,0,0,0.0,13,18,0.4194,23,66,0.2584,1,9,0.1,0,0,0.0,0,0,0.0,0,0,0.0,0,0,0.0
2026-04-03 21:40:20,test_440.jpg,125,15,140,0.1071,7,31,32,0,0,0.0,0,0,0.0,0,0,0.0,0,0,0.0,0,0,0.0,0,0,0.0,0,0,0.0,0,0,0.0,0,0,0.0,0,0,0.0,0,4,0.0,0,0,0.0,0,0,0.0,0,0,0.0,0,0,0.0,0,0,0.0,0,0,0.0,0,0,0.0,0,0,0.0,0,0,0.0,0,0,0.0,6,28,0.1765,0,0,0.0,0,0,0.0,0,0,0.0,0,15,0.0,3,21,0.125,0,24,0.0,5,19,0.2083,1,14,0.0667,0,0,0.0,0,0,0.0
2026-04-03 21:40:20,test_441.jpg,110,42,152,0.2763,6,31,32,0,0,0.0,0,0,0.0,0,0,0.0,0,0,0.0,0,0,0.0,0,0,0.0,0,0,0.0,0,0,0.0,0,0,0.0,0,0,0.0,3,9,0.25,0,0,0.0,0,0,0.0,0,0,0.0,0,0,0.0,0,0,0.0,0,0,0.0,0,0,0.0,0,0,0.0,0,0,0.0,0,0,0.0,0,21,0.0,0,0,0.0,0,0,0.0,0,0,0.0,4,20,0.1667,9,23,0.2812,8,15,0.3478,18,22,0.45,0,0,0.0,0,0,0.0,0,0,0.0
2026-04-03 21:40:20,test_442.jpg,165,92,257,0.358,6,31,32,0,0,0.0,0,0,0.0,0,0,0.0,0,0,0.0,0,0,0.0,0,0,0.0,0,0,0.0,0,0,0.0,0,0,0.0,0,0,0.0,0,11,0.0,0,0,0.0,0,0,0.0,0,0,0.0,0,0,0.0,0,0,0.0,0,0,0.0,0,0,0.0,0,0,0.0,0,0,0.0,0,0,0.0,4,29,0.1212,0,0,0.0,0,0,0.0,0,0,0.0,8,31,0.2051,23,35,0.3966,57,57,0.5,0,2,0.0,0,0,0.0,0,0,0.0,0,0,0.0
2026-04-03 21:40:20,test_443.jpg,139,13,152,0.0855,7,31,32,0,0,0.0,0,0,0.0,0,0,0.0,0,0,0.0,0,0,0.0,0,0,0.0,0,0,0.0,0,0,0.0,0,0,0.0,0,0,0.0,1,24,0.04,0,0,0.0,0,0,0.0,0,0,0.0,0,0,0.0,0,0,0.0,0,0,0.0,0,0,0.0,0,0,0.0,0,0,0.0,0,0,0.0,1,19,0.05,0,0,0.0,0,0,0.0,0,0,0.0,0,19,0.0,2,17,0.1053,5,21,0.1923,3,18,0.1429,1,21,0.0455,0,0,0.0,0,0,0.0
2026-04-03 21:40:20,test_444.jpg,177,29,206,0.1408,7,31,32,0,0,0.0,0,0,0.0,0,0,0.0,0,0,0.0,0,0,0.0,0,0,0.0,0,0,0.0,0,0,0.0,0,0,0.0,0,0,0.0,7,22,0.2414,0,0,0.0,0,0,0.0,0,0,0.0,0,0,0.0,0,0,0.0,0,0,0.0,0,0,0.0,0,0,0.0,0,0,0.0,0,0,0.0,0,26,0.0,0,0,0.0,0,0,0.0,0,0,0.0,3,24,0.1111,8,22,0.2667,2,22,0.0833,7,28,0.2,2,33,0.0571,0,0,0.0,0,0,0.0
2026-04-03 21:40:20,test_445.jpg,145,11,156,0.0705,5,31,32,0,0,0.0,0,0,0.0,0,0,0.0,0,0,0.0,0,0,0.0,0,0,0.0,0,0,0.0,0,0,0.0,0,0,0.0,0,0,0.0,0,6,0.0,0,0,0.0,0,0,0.0,0,0,0.0,0,0,0.0,0,0,0.0,0,0,0.0,0,0,0.0,0,0,0.0,0,0,0.0,0,0,0.0,7,44,0.1373,0,0,0.0,0,0,0.0,0,0,0.0,0,42,0.0,4,53,0.0702,0,0,0.0,0,0,0.0,0,0,0.0,0,0,0.0,0,0,0.0
2026-04-03 21:40:20,test_446.jpg,177,7,184,0.038,7,31,32,0,0,0.0,0,0,0.0,0,0,0.0,0,0,0.0,0,0,0.0,0,0,0.0,0,0,0.0,0,0,0.0,0,0,0.0,0,0,0.0,7,35,0.1667,0,0,0.0,0,0,0.0,0,0,0.0,0,0,0.0,0,0,0.0,0,0,0.0,0,0,0.0,0,0,0.0,0,0,0.0,0,0,0.0,0,19,0.0,0,0,0.0,0,0,0.0,0,0,0.0,0,25,0.0,0,25,0.0,0,25,0.0,0,23,0.0,0,25,0.0,0,0,0.0,0,0,0.0
2026-04-03 21:40:20,test_447.jpg,136,46,182,0.2527,6,31,32,0,0,0.0,0,0,0.0,0,0,0.0,0,0,0.0,0,0,0.0,0,0,0.0,0,0,0.0,0,0,0.0,0,0,0.0,0,0,0.0,1,19,0.05,0,0,0.0,0,0,0.0,0,0,0.0,0,0,0.0,0,0,0.0,0,0,0.0,0,0,0.0,0,0,0.0,0,0,0.0,0,0,0.0,0,17,0.0,0,0,0.0,0,0,0.0,0,0,0.0,2,16,0.1111,3,18,0.1429,11,27,0.2895,29,39,0.4265,0,0,0.0,0,0,0.0,0,0,0.0
2026-04-03 21:40:20,test_448.jpg,195,126,321,0.3925,5,31,32,0,0,0.0,0,0,0.0,0,0,0.0,0,0,0.0,0,0,0.0,0,0,0.0,0,0,0.0,0,0,0.0,0,0,0.0,0,0,0.0,34,32,0.5152,0,0,0.0,0,0,0.0,0,0,0.0,0,0,0.0,0,0,0.0,0,0,0.0,0,0,0.0,0,0,0.0,0,0,0.0,0,0,0.0,6,28,0.1765,0,0,0.0,0,0,0.0,0,0,0.0,12,55,0.1791,60,53,0.531,14,27,0.3415,0,0,0.0,0,0,0.0,0,0,0.0,0,0,0.0
2026-04-03 21:40:20,test_449.jpg,158,50,208,0.2404,9,31,32,0,0,0.0,0,0,0.0,0,0,0.0,0,0,0.0,0,0,0.0,0,0,0.0,0,0,0.0,0,0,0.0,0,0,0.0,0,0,0.0,0,8,0.0,0,0,0.0,0,0,0.0,0,0,0.0,0,0,0.0,0,0,0.0,0,0,0.0,0,0,0.0,0,0,0.0,0,0,0.0,0,0,0.0,0,0,0.0,0,0,0.0,0,0,0.0,0,0,0.0,0,0,0.0,4,32,0.1111,5,16,0.2381,0,22,0.0,6,30,0.1667,29,36,0.4462,6,14,0.3
2026-04-03 21:40:20,test_45.jpg,110,24,134,0.1791,10,31,32,0,0,0.0,0,0,0.0,0,0,0.0,0,0,0.0,0,0,0.0,0,0,0.0,0,0,0.0,0,0,0.0,0,0,0.0,0,0,0.0,0,0,0.0,0,0,0.0,0,0,0.0,0,0,0.0,0,0,0.0,0,0,0.0,0,0,0.0,0,0,0.0,0,0,0.0,0,0,0.0,0,0,0.0,5,18,0.2174,0,0,0.0,0,0,0.0,0,0,0.0,3,13,0.1875,0,5,0.0,3,8,0.2727,4,14,0.2222,0,5,0.0,1,16,0.0588,8,31,0.2051
2026-04-03 21:40:20,test_450.jpg,190,41,231,0.1775,9,31,32,0,0,0.0,0,0,0.0,0,0,0.0,0,0,0.0,0,0,0.0,0,0,0.0,0,0,0.0,0,0,0.0,0,0,0.0,0,0,0.0,8,27,0.2286,0,0,0.0,0,0,0.0,0,0,0.0,0,0,0.0,0,0,0.0,0,0,0.0,0,0,0.0,0,0,0.0,0,0,0.0,0,0,0.0,1,12,0.0769,0,0,0.0,0,0,0.0,0,0,0.0,0,22,0.0,7,19,0.2692,8,20,0.2857,10,26,0.2778,2,28,0.0667,2,19,0.0952,3,17,0.15
2026-04-03 21:40:20,test_451.jpg,147,15,162,0.0926,5,31,32,0,0,0.0,0,0,0.0,0,0,0.0,0,0,0.0,0,0,0.0,0,0,0.0,0,0,0.0,0,0,0.0,0,0,0.0,0,0,0.0,4,26,0.1333,0,0,0.0,0,0,0.0,0,0,0.0,0,0,0.0,0,0,0.0,0,0,0.0,0,0,0.0,0,0,0.0,0,0,0.0,0,0,0.0,2,28,0.0667,0,0,0.0,0,0,0.0,0,0,0.0,1,32,0.0303,3,36,0.0769,5,25,0.1667,0,0,0.0,0,0,0.0,0,0,0.0,0,0,0.0
2026-04-03 21:40:20,test_452.jpg,94,13,107,0.1215,15,31,32,0,7,0.0,4,3,0.5714,0,5,0.0,2,5,0.2857,5,17,0.2273,0,0,0.0,0,0,0.0,0,0,0.0,0,0,0.0,0,0,0.0,1,12,0.0769,0,0,0.0,0,0,0.0,0,0,0.0,0,0,0.0,0,0,0.0,0,0,0.0,0,0,0.0,0,0,0.0,0,0,0.0,0,0,0.0,0,2,0.0,0,0,0.0,0,0,0.0,0,0,0.0,0,5,0.0,0,4,0.0,0,7,0.0,0,6,0.0,0,7,0.0,1,6,0.1429,0,8,0.0
2026-04-03 21:40:20,test_453.jpg,170,56,226,0.2478,8,31,32,0,0,0.0,0,0,0.0,0,0,0.0,0,0,0.0,0,0,0.0,0,0,0.0,0,0,0.0,0,0,0.0,0,0,0.0,0,0,0.0,3,5,0.375,0,0,0.0,0,0,0.0,0,0,0.0,0,0,0.0,0,0,0.0,0,0,0.0,0,0,0.0,0,0,0.0,0,0,0.0,0,0,0.0,4,24,0.1429,0,0,0.0,0,0,0.0,0,0,0.0,5,25,0.1667,14,24,0.3684,7,14,0.3333,6,25,0.1935,13,25,0.3421,4,28,0.125,0,0,0.0
2026-04-03 21:40:20,test_454.jpg,120,33,153,0.2157,7,31,32,0,0,0.0,0,0,0.0,0,0,0.0,0,0,0.0,0,0,0.0,0,0,0.0,0,0,0.0,0,0,0.0,0,0,0.0,0,0,0.0,1,7,0.125,0,0,0.0,0,0,0.0,0,0,0.0,0,0,0.0,0,0,0.0,0,0,0.0,0,0,0.0,0,0,0.0,0,0,0.0,0,0,0.0,7,29,0.1944,0,0,0.0,0,0,0.0,0,0,0.0,6,15,0.2857,11,27,0.2895,1,14,0.0667,1,14,0.0667,6,14,0.3,0,0,0.0,0,0,0.0
2026-04-03 21:40:20,test_455.jpg,138,54,192,0.2812,6,31,32,0,0,0.0,0,0,0.0,0,0,0.0,0,0,0.0,0,0,0.0,0,0,0.0,0,0,0.0,0,0,0.0,0,0,0.0,0,0,0.0,9,24,0.2727,0,0,0.0,0,0,0.0,0,0,0.0,0,0,0.0,0,0,0.0,0,0,0.0,0,0,0.0,0,0,0.0,0,0,0.0,0,0,0.0,12,22,0.3529,0,0,0.0,0,0,0.0,0,0,0.0,4,22,0.1538,12,22,0.3529,8,25,0.2424,9,23,0.2812,0,0,0.0,0,0,0.0,0,0,0.0
2026-04-03 21:40:20,test_456.jpg,139,29,168,0.1726,8,31,32,0,0,0.0,0,0,0.0,0,0,0.0,0,0,0.0,0,0,0.0,0,0,0.0,0,0,0.0,0,0,0.0,0,0,0.0,0,0,0.0,4,23,0.1481,0,0,0.0,0,0,0.0,0,0,0.0,0,0,0.0,0,0,0.0,0,0,0.0,0,0,0.0,0,0,0.0,0,0,0.0,0,0,0.0,1,17,0.0556,0,0,0.0,0,0,0.0,0,0,0.0,6,16,0.2727,1,21,0.0455,5,20,0.2,1,11,0.0833,4,14,0.2222,7,17,0.2917,0,0,0.0
2026-04-03 21:40:20,test_457.jpg,127,19,146,0.1301,6,31,32,0,0,0.0,0,0,0.0,0,0,0.0,0,0,0.0,0,0,0.0,0,0,0.0,0,0,0.0,0,0,0.0,0,0,0.0,0,0,0.0,2,18,0.1,0,0,0.0,0,0,0.0,0,0,0.0,0,0,0.0,0,0,0.0,0,0,0.0,0,0,0.0,0,0,0.0,0,0,0.0,0,0,0.0,7,21,0.25,0,0,0.0,0,0,0.0,0,0,0.0,3,18,0.1429,1,21,0.0455,5,24,0.1724,1,25,0.0385,0,0,0.0,0,0,0.0,0,0,0.0
2026-04-03 21:40:20,test_458.jpg,156,71,227,0.3128,8,31,32,0,0,0.0,0,0,0.0,0,0,0.0,0,0,0.0,0,0,0.0,0,0,0.0,0,0,0.0,0,0,0.0,0,0,0.0,0,0,0.0,13,17,0.4333,0,0,0.0,0,0,0.0,0,0,0.0,0,0,0.0,0,0,0.0,0,0,0.0,0,0,0.0,0,0,0.0,0,0,0.0,0,0,0.0,18,39,0.3158,0,0,0.0,0,0,0.0,0,0,0.0,9,26,0.2571,2,9,0.1818,3,13,0.1875,10,15,0.4,11,21,0.3438,5,16,0.2381,0,0,0.0
2026-04-03 21:40:20,test_459.jpg,134,17,151,0.1126,6,31,32,0,0,0.0,0,0,0.0,0,0,0.0,0,0,0.0,0,0,0.0,0,0,0.0,0,0,0.0,0,0,0.0,0,0,0.0,0,0,0.0,2,18,0.1,0,0,0.0,0,0,0.0,0,0,0.0,0,0,0.0,0,0,0.0,0,0,0.0,0,0,0.0,0,0,0.0,0,0,0.0,0,0,0.0,2,29,0.0645,0,0,0.0,0,0,0.0,0,0,0.0,5,29,0.1471,2,24,0.0769,4,15,0.2105,2,19,0.0952,0,0,0.0,0,0,0.0,0,0,0.0
2026-04-03 21:40:20,test_46.jpg,180,8,188,0.0426,7,31,32,0,0,0.0,0,0,0.0,0,0,0.0,0,0,0.0,0,0,0.0,0,0,0.0,0,0,0.0,0,0,0.0,0,0,0.0,0,0,0.0,0,5,0.0,0,0,0.0,0,0,0.0,0,0,0.0,0,0,0.0,0,0,0.0,0,0,0.0,0,0,0.0,0,0,0.0,0,0,0.0,0,0,0.0,1,25,0.0385,0,0,0.0,0,0,0.0,0,0,0.0,1,31,0.0312,2,30,0.0625,2,27,0.069,2,33,0.0571,0,29,0.0,0,0,0.0,0,0,0.0
2026-04-03 21:40:20,test_460.jpg,187,37,224,0.1652,6,31,32,0,0,0.0,0,0,0.0,0,0,0.0,0,0,0.0,0,0,0.0,0,0,0.0,0,0,0.0,0,0,0.0,0,0,0.0,0,0,0.0,4,9,0.3077,0,0,0.0,0,0,0.0,0,0,0.0,0,0,0.0,0,0,0.0,0,0,0.0,0,0,0.0,0,0,0.0,0,0,0.0,0,0,0.0,13,38,0.2549,0,0,0.0,0,0,0.0,0,0,0.0,10,35,0.2222,3,34,0.0811,6,51,0.1053,1,20,0.0476,0,0,0.0,0,0,0.0,0,0,0.0
2026-04-03 21:40:20,test_461.jpg,131,26,157,0.1656,8,31,32,0,0,0.0,0,0,0.0,0,0,0.0,0,0,0.0,0,0,0.0,0,0,0.0,0,0,0.0,0,0,0.0,0,0,0.0,0,0,0.0,1,10,0.0909,0,0,0.0,0,0,0.0,0,0,0.0,0,0,0.0,0,0,0.0,0,0,0.0,0,0,0.0,0,0,0.0,0,0,0.0,0,0,0.0,2,16,0.1111,0,0,0.0,0,0,0.0,0,0,0.0,0,13,0.0,7,26,0.2121,0,17,0.0,5,14,0.2632,6,18,0.25,5,17,0.2273,0,0,0.0
2026-04-03 21:40:20,test_462.jpg,145,46,191,0.2408,5,31,32,0,0,0.0,0,0,0.0,0,0,0.0,0,0,0.0,0,0,0.0,0,0,0.0,0,0,0.0,0,0,0.0,0,0,0.0,0,0,0.0,7,25,0.2188,0,0,0.0,0,0,0.0,0,0,0.0,0,0,0.0,0,0,0.0,0,0,0.0,0,0,0.0,0,0,0.0,0,0,0.0,0,0,0.0,6,28,0.1765,0,0,0.0,0,0,0.0,0,0,0.0,11,31,0.2619,16,39,0.2909,6,22,0.2143,0,0,0.0,0,0,0.0,0,0,0.0,0,0,0.0
2026-04-03 21:40:20,test_463.jpg,143,33,176,0.1875,5,31,32,0,0,0.0,0,0,0.0,0,0,0.0,0,0,0.0,0,0,0.0,0,0,0.0,0,0,0.0,0,0,0.0,0,0,0.0,0,0,0.0,7,12,0.3684,0,0,0.0,0,0,0.0,0,0,0.0,0,0,0.0,0,0,0.0,0,0,0.0,0,0,0.0,0,0,0.0,0,0,0.0,0,0,0.0,2,17,0.1053,0,0,0.0,0,0,0.0,0,0,0.0,0,19,0.0,15,49,0.2344,9,46,0.1636,0,0,0.0,0,0,0.0,0,0,0.0,0,0,0.0
2026-04-03 21:40:20,test_464.jpg,129,77,206,0.3738,7,31,32,0,0,0.0,0,0,0.0,0,0,0.0,0,0,0.0,0,0,0.0,0,0,0.0,0,0,0.0,0,0,0.0,0,0,0.0,0,0,0.0,12,19,0.3871,0,0,0.0,0,0,0.0,0,0,0.0,0,0,0.0,0,0,0.0,0,0,0.0,0,0,0.0,0,0,0.0,0,0,0.0,0,0,0.0,11,15,0.4231,0,0,0.0,0,0,0.0,0,0,0.0,11,19,0.3667,19,20,0.4872,5,18,0.2174,10,23,0.303,9,15,0.375,0,0,0.0,0,0,0.0
2026-04-03 21:40:20,test_465.jpg,145,7,152,0.0461,7,31,32,0,0,0.0,0,0,0.0,0,0,0.0,0,0,0.0,0,0,0.0,0,0,0.0,0,0,0.0,0,0,0.0,0,0,0.0,0,0,0.0,0,19,0.0,0,0,0.0,0,0,0.0,0,0,0.0,0,0,0.0,0,0,0.0,0,0,0.0,0,0,0.0,0,0,0.0,0,0,0.0,0,0,0.0,1,15,0.0625,0,0,0.0,0,0,0.0,0,0,0.0,1,14,0.0667,0,19,0.0,0,24,0.0,3,32,0.0857,2,22,0.0833,0,0,0.0,0,0,0.0
2026-04-03 21:40:20,test_466.jpg,142,43,185,0.2324,5,31,32,0,0,0.0,0,0,0.0,0,0,0.0,0,0,0.0,0,0,0.0,0,0,0.0,0,0,0.0,0,0,0.0,0,0,0.0,0,0,0.0,4,25,0.1379,0,0,0.0,0,0,0.0,0,0,0.0,0,0,0.0,0,0,0.0,0,0,0.0,0,0,0.0,0,0,0.0,0,0,0.0,0,0,0.0,2,28,0.0667,0,0,0.0,0,0,0.0,0,0,0.0,9,35,0.2045,24,42,0.3636,4,12,0.25,0,0,0.0,0,0,0.0,0,0,0.0,0,0,0.0
2026-04-03 21:40:20,test_467.jpg,119,17,136,0.125,7,31,32,0,0,0.0,0,0,0.0,0,0,0.0,0,0,0.0,0,0,0.0,0,0,0.0,0,0,0.0,0,0,0.0,0,0,0.0,0,0,0.0,3,18,0.1429,0,0,0.0,0,0,0.0,0,0,0.0,0,0,0.0,0,0,0.0,0,0,0.0,0,0,0.0,0,0,0.0,0,0,0.0,0,0,0.0,0,15,0.0,0,0,0.0,0,0,0.0,0,0,0.0,3,19,0.1364,0,19,0.0,4,17,0.1905,4,18,0.1818,3,13,0.1875,0,0,0.0,0,0,0.0
2026-04-03 21:40:20,test_468.jpg,105,17,122,0.1393,5,31,32,0,0,0.0,0,0,0.0,0,0,0.0,0,0,0.0,0,0,0.0,0,0,0.0,0,0,0.0,0,0,0.0,0,0,0.0,0,0,0.0,3,5,0.375,0,0,0.0,0,0,0.0,0,0,0.0,0,0,0.0,0,0,0.0,0,0,0.0,0,0,0.0,0,0,0.0,0,0,0.0,0,0,0.0,4,23,0.1481,0,0,0.0,0,0,0.0,0,0,0.0,5,28,0.1515,3,31,0.0882,2,18,0.1,0,0,0.0,0,0,0.0,0,0,0.0,0,0,0.0
2026-04-03 21:40:20,test_469.jpg,132,8,140,0.0571,6,31,32,0,0,0.0,0,0,0.0,0,0,0.0,0,0,0.0,0,0,0.0,0,0,0.0,0,0,0.0,0,0,0.0,0,0,0.0,0,0,0.0,3,25,0.1071,0,0,0.0,0,0,0.0,0,0,0.0,0,0,0.0,0,0,0.0,0,0,0.0,0,0,0.0,0,0,0.0,0,0,0.0,0,0,0.0,0,22,0.0,0,0,0.0,0,0,0.0,0,0,0.0,1,21,0.0455,1,22,0.0435,3,21,0.125,0,21,0.0,0,0,0.0,0,0,0.0,0,0,0.0
2026-04-03 21:40:20,test_47.jpg,140,23,163,0.1411,7,31,32,0,0,0.0,0,0,0.0,0,0,0.0,0,0,0.0,0,0,0.0,0,0,0.0,0,0,0.0,0,0,0.0,0,0,0.0,0,0,0.0,2,19,0.0952,0,0,0.0,0,0,0.0,0,0,0.0,0,0,0.0,0,0,0.0,0,0,0.0,0,0,0.0,0,0,0.0,0,0,0.0,0,0,0.0,0,24,0.0,0,0,0.0,0,0,0.0,0,0,0.0,1,14,0.0667,4,18,0.1818,2,18,0.1,10,18,0.3571,4,29,0.1212,0,0,0.0,0,0,0.0
2026-04-03 21:40:20,test_470.jpg,121,74,195,0.3795,7,31,32,0,0,0.0,0,0,0.0,0,0,0.0,0,0,0.0,0,0,0.0,0,0,0.0,0,0,0.0,0,0,0.0,0,0,0.0,0,0,0.0,0,19,0.0,0,0,0.0,0,0,0.0,0,0,0.0,0,0,0.0,0,0,0.0,0,0,0.0,0,0,0.0,0,0,0.0,0,0,0.0,0,0,0.0,5,16,0.2381,0,0,0.0,0,0,0.0,0,0,0.0,3,15,0.1667,7,15,0.3182,15,15,0.5,25,26,0.4902,19,15,0.5588,0,0,0.0,0,0,0.0
2026-04-03 21:40:20,test_471.jpg,130,47,177,0.2655,6,31,32,0,0,0.0,0,0,0.0,0,0,0.0,0,0,0.0,0,0,0.0,0,0,0.0,0,0,0.0,0,0,0.0,0,0,0.0,0,0,0.0,2,13,0.1333,0,0,0.0,0,0,0.0,0,0,0.0,0,0,0.0,0,0,0.0,0,0,0.0,0,0,0.0,0,0,0.0,0,0,0.0,0,0,0.0,2,26,0.0714,0,0,0.0,0,0,0.0,0,0,0.0,8,19,0.2963,12,27,0.3077,14,29,0.3256,9,16,0.36,0,0,0.0,0,0,0.0,0,0,0.0
2026-04-03 21:40:20,test_472.jpg,277,12,289,0.0415,6,31,32,0,0,0.0,0,0,0.0,0,0,0.0,0,0,0.0,0,0,0.0,0,0,0.0,0,0,0.0,0,0,0.0,0,0,0.0,0,0,0.0,4,67,0.0563,0,0,0.0,0,0,0.0,0,0,0.0,0,0,0.0,0,0,0.0,0,0,0.0,0,0,0.0,0,0,0.0,0,0,0.0,0,0,0.0,1,48,0.0204,0,0,0.0,0,0,0.0,0,0,0.0,1,36,0.027,1,39,0.025,3,46,0.0612,2,41,0.0465,0,0,0.0,0,0,0.0,0,0,0.0
2026-04-03 21:40:20,test_473.jpg,151,47,198,0.2374,7,31,32,0,0,0.0,0,0,0.0,0,0,0.0,0,0,0.0,0,0,0.0,0,0,0.0,0,0,0.0,0,0,0.0,0,0,0.0,0,0,0.0,0,23,0.0,0,0,0.0,0,0,0.0,0,0,0.0,0,0,0.0,0,0,0.0,0,0,0.0,0,0,0.0,0,0,0.0,0,0,0.0,0,0,0.0,0,26,0.0,0,0,0.0,0,0,0.0,0,0,0.0,9,18,0.3333,1,14,0.0667,3,19,0.1364,12,17,0.4138,22,34,0.3929,0,0,0.0,0,0,0.0
2026-04-03 21:40:20,test_474.jpg,154,31,185,0.1676,7,31,32,0,0,0.0,0,0,0.0,0,0,0.0,0,0,0.0,0,0,0.0,0,0,0.0,0,0,0.0,0,0,0.0,0,0,0.0,0,0,0.0,1,20,0.0476,0,0,0.0,0,0,0.0,0,0,0.0,0,0,0.0,0,0,0.0,0,0,0.0,0,0,0.0,0,0,0.0,0,0,0.0,0,0,0.0,6,23,0.2069,0,0,0.0,0,0,0.0,0,0,0.0,8,23,0.2581,7,34,0.1707,0,18,0.0,7,25,0.2188,2,11,0.1538,0,0,0.0,0,0,0.0
2026-04-03 21:40:20,test_475.jpg,127,38,165,0.2303,6,31,32,0,0,0.0,0,0,0.0,0,0,0.0,0,0,0.0,0,0,0.0,0,0,0.0,0,0,0.0,0,0,0.0,0,0,0.0,0,0,0.0,1,17,0.0556,0,0,0.0,0,0,0.0,0,0,0.0,0,0,0.0,0,0,0.0,0,0,0.0,0,0,0.0,0,0,0.0,0,0,0.0,0,0,0.0,11,19,0.3667,0,0,0.0,0,0,0.0,0,0,0.0,5,19,0.2083,6,17,0.2609,10,37,0.2128,5,18,0.2174,0,0,0.0,0,0,0.0,0,0,0.0
2026-04-03 21:40:20,test_476.jpg,151,10,161,0.0621,6,31,32,0,0,0.0,0,0,0.0,0,0,0.0,0,0,0.0,0,0,0.0,0,0,0.0,0,0,0.0,0,0,0.0,0,0,0.0,0,0,0.0,0,16,0.0,0,0,0.0,0,0,0.0,0,0,0.0,0,0,0.0,0,0,0.0,0,0,0.0,0,0,0.0,0,0,0.0,0,0,0.0,0,0,0.0,0,16,0.0,0,0,0.0,0,0,0.0,0,0,0.0,4,36,0.1,1,28,0.0345,5,39,0.1136,0,16,0.0,0,0,0.0,0,0,0.0,0,0,0.0
2026-04-03 21:40:20,test_477.jpg,153,16,169,0.0947,7,31,32,0,0,0.0,0,0,0.0,0,0,0.0,0,0,0.0,0,0,0.0,0,0,0.0,0,0,0.0,0,0,0.0,0,0,0.0,0,0,0.0,1,23,0.0417,0,0,0.0,0,0,0.0,0,0,0.0,0,0,0.0,0,0,0.0,0,0,0.0,0,0,0.0,0,0,0.0,0,0,0.0,0,0,0.0,2,25,0.0741,0,0,0.0,0,0,0.0,0,0,0.0,3,22,0.12,0,22,0.0,2,20,0.0909,5,21,0.1923,3,20,0.1304,0,0,0.0,0,0,0.0
2026-04-03 21:40:20,test_478.jpg,88,31,119,0.2605,6,31,32,0,0,0.0,0,0,0.0,0,0,0.0,0,0,0.0,0,0,0.0,0,0,0.0,0,0,0.0,0,0,0.0,0,0,0.0,0,0,0.0,1,14,0.0667,0,0,0.0,0,0,0.0,0,0,0.0,0,0,0.0,0,0,0.0,0,0,0.0,0,0,0.0,0,0,0.0,0,0,0.0,0,0,0.0,1,24,0.04,0,0,0.0,0,0,0.0,0,0,0.0,2,6,0.25,6,11,0.3529,17,23,0.425,4,10,0.2857,0,0,0.0,0,0,0.0,0,0,0.0
2026-04-03 21:40:20,test_479.jpg,194,15,209,0.0718,6,31,32,0,0,0.0,0,0,0.0,0,0,0.0,0,0,0.0,0,0,0.0,0,0,0.0,0,0,0.0,0,0,0.0,0,0,0.0,0,0,0.0,1,49,0.02,0,0,0.0,0,0,0.0,0,0,0.0,0,0,0.0,0,0,0.0,0,0,0.0,0,0,0.0,0,0,0.0,0,0,0.0,0,0,0.0,4,25,0.1379,0,0,0.0,0,0,0.0,0,0,0.0,0,28,0.0,2,28,0.0667,4,31,0.1143,4,33,0.1081,0,0,0.0,0,0,0.0,0,0,0.0
2026-04-03 21:40:20,test_48.jpg,135,31,166,0.1867,5,31,32,0,0,0.0,0,0,0.0,0,0,0.0,0,0,0.0,0,0,0.0,0,0,0.0,0,0,0.0,0,0,0.0,0,0,0.0,0,0,0.0,12,25,0.3243,0,0,0.0,0,0,0.0,0,0,0.0,0,0,0.0,0,0,0.0,0,0,0.0,0,0,0.0,0,0,0.0,0,0,0.0,0,0,0.0,7,45,0.1346,0,0,0.0,0,0,0.0,0,0,0.0,6,30,0.1667,2,16,0.1111,4,19,0.1739,0,0,0.0,0,0,0.0,0,0,0.0,0,0,0.0
2026-04-03 21:40:20,test_480.jpg,128,17,145,0.1172,8,31,32,0,0,0.0,0,0,0.0,0,0,0.0,0,0,0.0,0,0,0.0,0,0,0.0,0,0,0.0,0,0,0.0,0,0,0.0,0,0,0.0,8,27,0.2286,0,0,0.0,0,0,0.0,0,0,0.0,0,0,0.0,0,0,0.0,0,0,0.0,0,0,0.0,0,0,0.0,0,0,0.0,0,0,0.0,1,16,0.0588,0,0,0.0,0,0,0.0,0,0,0.0,0,12,0.0,0,14,0.0,0,11,0.0,0,15,0.0,4,15,0.2105,4,18,0.1818,0,0,0.0
2026-04-03 21:40:20,test_481.jpg,136,19,155,0.1226,5,31,32,0,0,0.0,0,0,0.0,0,0,0.0,0,0,0.0,0,0,0.0,0,0,0.0,0,0,0.0,0,0,0.0,0,0,0.0,0,0,0.0,4,22,0.1538,0,0,0.0,0,0,0.0,0,0,0.0,0,0,0.0,0,0,0.0,0,0,0.0,0,0,0.0,0,0,0.0,0,0,0.0,0,0,0.0,2,24,0.0769,0,0,0.0,0,0,0.0,0,0,0.0,5,28,0.1515,2,23,0.08,6,39,0.1333,0,0,0.0,0,0,0.0,0,0,0.0,0,0,0.0
2026-04-03 21:40:20,test_482.jpg,154,65,219,0.2968,10,31,32,0,13,0.0,0,0,0.0,0,0,0.0,0,0,0.0,0,0,0.0,0,0,0.0,0,0,0.0,0,0,0.0,0,0,0.0,0,0,0.0,12,17,0.4138,0,0,0.0,0,0,0.0,0,0,0.0,0,0,0.0,0,0,0.0,0,0,0.0,0,0,0.0,0,0,0.0,0,0,0.0,0,0,0.0,10,16,0.3846,0,0,0.0,0,0,0.0,0,0,0.0,11,30,0.2683,7,14,0.3333,8,15,0.3478,5,11,0.3125,7,15,0.3182,4,11,0.2667,1,12,0.0769
2026-04-03 21:40:20,test_483.jpg,150,25,175,0.1429,8,31,32,0,0,0.0,0,0,0.0,0,0,0.0,0,0,0.0,0,0,0.0,0,0,0.0,0,0,0.0,0,0,0.0,0,0,0.0,0,0,0.0,5,20,0.2,0,0,0.0,0,0,0.0,0,0,0.0,0,0,0.0,0,0,0.0,0,0,0.0,0,0,0.0,0,0,0.0,0,0,0.0,0,0,0.0,1,18,0.0526,0,0,0.0,0,0,0.0,0,0,0.0,1,17,0.0556,1,17,0.0556,0,14,0.0,4,15,0.2105,8,26,0.2353,5,23,0.1786,0,0,0.0
2026-04-03 21:40:20,test_484.jpg,127,7,134,0.0522,7,31,32,0,0,0.0,0,0,0.0,0,0,0.0,0,0,0.0,0,0,0.0,0,0,0.0,0,0,0.0,0,0,0.0,0,0,0.0,0,0,0.0,3,18,0.1429,0,0,0.0,0,0,0.0,0,0,0.0,0,0,0.0,0,0,0.0,0,0,0.0,0,0,0.0,0,0,0.0,0,0,0.0,0,0,0.0,2,12,0.1429,0,0,0.0,0,0,0.0,0,0,0.0,1,16,0.0588,1,18,0.0526,0,20,0.0,0,22,0.0,0,21,0.0,0,0,0.0,0,0,0.0
2026-04-03 21:40:20,test_485.jpg,149,11,160,0.0688,9,31,32,0,0,0.0,0,0,0.0,0,0,0.0,0,0,0.0,0,0,0.0,0,0,0.0,0,0,0.0,0,0,0.0,0,0,0.0,0,0,0.0,0,22,0.0,0,0,0.0,0,0,0.0,0,0,0.0,0,0,0.0,0,0,0.0,0,0,0.0,0,0,0.0,0,0,0.0,0,0,0.0,0,0,0.0,1,13,0.0714,0,0,0.0,0,0,0.0,0,0,0.0,1,13,0.0714,1,12,0.0769,0,14,0.0,1,25,0.0385,6,23,0.2069,1,13,0.0714,0,14,0.0
2026-04-03 21:40:20,test_486.jpg,277,149,426,0.3498,4,31,32,0,0,0.0,0,0,0.0,0,0,0.0,0,0,0.0,0,0,0.0,0,0,0.0,0,0,0.0,0,0,0.0,0,0,0.0,0,0,0.0,5,38,0.1163,0,0,0.0,0,0,0.0,0,0,0.0,0,0,0.0,0,0,0.0,0,0,0.0,0,0,0.0,0,0,0.0,0,0,0.0,0,0,0.0,15,35,0.3,0,0,0.0,0,0,0.0,0,0,0.0,75,135,0.3571,54,69,0.439,0,0,0.0,0,0,0.0,0,0,0.0,0,0,0.0,0,0,0.0
2026-04-03 21:40:20,test_487.jpg,134,32,166,0.1928,6,31,32,0,0,0.0,0,0,0.0,0,0,0.0,0,0,0.0,0,0,0.0,0,0,0.0,0,0,0.0,0,0,0.0,0,0,0.0,0,0,0.0,8,14,0.3636,0,0,0.0,0,0,0.0,0,0,0.0,0,0,0.0,0,0,0.0,0,0,0.0,0,0,0.0,0,0,0.0,0,0,0.0,0,0,0.0,7,15,0.3182,0,0,0.0,0,0,0.0,0,0,0.0,4,18,0.1818,1,23,0.0417,2,30,0.0625,10,34,0.2273,0,0,0.0,0,0,0.0,0,0,0.0
2026-04-03 21:40:20,test_488.jpg,107,23,130,0.1769,9,31,32,0,0,0.0,0,0,0.0,0,0,0.0,0,0,0.0,0,0,0.0,0,0,0.0,0,0,0.0,0,0,0.0,0,0,0.0,0,0,0.0,1,8,0.1111,0,0,0.0,0,0,0.0,0,0,0.0,0,0,0.0,0,0,0.0,0,0,0.0,0,0,0.0,0,0,0.0,0,0,0.0,0,0,0.0,1,9,0.1,0,0,0.0,0,0,0.0,0,0,0.0,1,16,0.0588,2,12,0.1429,5,13,0.2778,5,12,0.2941,2,19,0.0952,3,9,0.25,3,9,0.25
2026-04-03 21:40:20,test_489.jpg,185,104,289,0.3599,5,31,32,0,0,0.0,0,0,0.0,0,0,0.0,0,0,0.0,0,0,0.0,0,0,0.0,0,0,0.0,0,0,0.0,0,0,0.0,0,0,0.0,4,10,0.2857,0,0,0.0,0,0,0.0,0,0,0.0,0,0,0.0,0,0,0.0,0,0,0.0,0,0,0.0,0,0,0.0,0,0,0.0,0,0,0.0,4,30,0.1176,0,0,0.0,0,0,0.0,0,0,0.0,13,66,0.1646,71,60,0.542,12,19,0.3871,0,0,0.0,0,0,0.0,0,0,0.0,0,0,0.0
2026-04-03 21:40:20,test_49.jpg,120,11,131,0.084,6,31,32,0,0,0.0,0,0,0.0,0,0,0.0,0,0,0.0,0,0,0.0,0,0,0.0,0,0,0.0,0,0,0.0,0,0,0.0,0,0,0.0,4,21,0.16,0,0,0.0,0,0,0.0,0,0,0.0,0,0,0.0,0,0,0.0,0,0,0.0,0,0,0.0,0,0,0.0,0,0,0.0,0,0,0.0,0,18,0.0,0,0,0.0,0,0,0.0,0,0,0.0,0,22,0.0,1,19,0.05,4,21,0.16,2,19,0.0952,0,0,0.0,0,0,0.0,0,0,0.0
2026-04-03 21:40:20,test_490.jpg,168,75,243,0.3086,7,31,32,0,0,0.0,0,0,0.0,0,0,0.0,0,0,0.0,0,0,0.0,0,0,0.0,0,0,0.0,0,0,0.0,0,0,0.0,0,0,0.0,20,28,0.4167,0,0,0.0,0,0,0.0,0,0,0.0,0,0,0.0,0,0,0.0,0,0,0.0,0,0,0.0,0,0,0.0,0,0,0.0,0,0,0.0,7,30,0.1892,0,0,0.0,0,0,0.0,0,0,0.0,5,13,0.2778,1,18,0.0526,6,29,0.1714,28,34,0.4516,8,16,0.3333,0,0,0.0,0,0,0.0
2026-04-03 21:40:20,test_491.jpg,137,7,144,0.0486,10,31,32,1,17,0.0556,0,0,0.0,0,0,0.0,0,0,0.0,0,0,0.0,0,0,0.0,0,0,0.0,0,0,0.0,0,0,0.0,0,0,0.0,3,7,0.3,0,0,0.0,0,0,0.0,0,0,0.0,0,0,0.0,0,0,0.0,0,0,0.0,0,0,0.0,0,0,0.0,0,0,0.0,0,0,0.0,0,7,0.0,0,0,0.0,0,0,0.0,0,0,0.0,1,9,0.1,0,10,0.0,0,18,0.0,1,10,0.0909,0,10,0.0,0,21,0.0,1,28,0.0345
2026-04-03 21:40:20,test_492.jpg,126,18,144,0.125,6,31,32,0,0,0.0,0,0,0.0,0,0,0.0,0,0,0.0,0,0,0.0,0,0,0.0,0,0,0.0,0,0,0.0,0,0,0.0,0,0,0.0,1,10,0.0909,0,0,0.0,0,0,0.0,0,0,0.0,0,0,0.0,0,0,0.0,0,0,0.0,0,0,0.0,0,0,0.0,0,0,0.0,0,0,0.0,2,21,0.087,0,0,0.0,0,0,0.0,0,0,0.0,0,24,0.0,1,25,0.0385,2,24,0.0769,12,22,0.3529,0,0,0.0,0,0,0.0,0,0,0.0
2026-04-03 21:40:20,test_493.jpg,130,35,165,0.2121,8,31,32,0,0,0.0,0,0,0.0,0,0,0.0,0,0,0.0,0,0,0.0,0,0,0.0,0,0,0.0,0,0,0.0,0,0,0.0,0,0,0.0,4,7,0.3636,0,0,0.0,0,0,0.0,0,0,0.0,0,0,0.0,0,0,0.0,0,0,0.0,0,0,0.0,0,0,0.0,0,0,0.0,0,0,0.0,5,19,0.2083,0,0,0.0,0,0,0.0,0,0,0.0,1,9,0.1,1,15,0.0625,11,30,0.2683,8,20,0.2857,1,17,0.0556,4,13,0.2353,0,0,0.0
2026-04-03 21:40:20,test_494.jpg,201,55,256,0.2148,9,31,32,0,0,0.0,0,0,0.0,0,0,0.0,0,0,0.0,0,0,0.0,0,0,0.0,0,0,0.0,0,0,0.0,0,0,0.0,0,0,0.0,0,3,0.0,0,0,0.0,0,0,0.0,0,0,0.0,0,0,0.0,0,0,0.0,0,0,0.0,0,0,0.0,0,0,0.0,0,0,0.0,0,0,0.0,6,33,0.1538,0,0,0.0,0,0,0.0,0,0,0.0,5,15,0.25,18,29,0.383,10,36,0.2174,9,19,0.3214,1,19,0.05,6,45,0.1176,0,2,0.0
2026-04-03 21:40:20,test_495.jpg,133,71,204,0.348,5,31,32,0,0,0.0,0,0,0.0,0,0,0.0,0,0,0.0,0,0,0.0,0,0,0.0,0,0,0.0,0,0,0.0,0,0,0.0,0,0,0.0,0,19,0.0,0,0,0.0,0,0,0.0,0,0,0.0,0,0,0.0,0,0,0.0,0,0,0.0,0,0,0.0,0,0,0.0,0,0,0.0,0,0,0.0,5,21,0.1923,0,0,0.0,0,0,0.0,0,0,0.0,7,28,0.2,49,49,0.5,10,16,0.3846,0,0,0.0,0,0,0.0,0,0,0.0,0,0,0.0
2026-04-03 21:40:20,test_496.jpg,136,0,136,0.0,6,31,32,0,0,0.0,0,0,0.0,0,0,0.0,0,0,0.0,0,0,0.0,0,0,0.0,0,0,0.0,0,0,0.0,0,0,0.0,0,0,0.0,0,29,0.0,0,0,0.0,0,0,0.0,0,0,0.0,0,0,0.0,0,0,0.0,0,0,0.0,0,0,0.0,0,0,0.0,0,0,0.0,0,0,0.0,0,22,0.0,0,0,0.0,0,0,0.0,0,0,0.0,0,23,0.0,0,25,0.0,0,22,0.0,0,15,0.0,0,0,0.0,0,0,0.0,0,0,0.0
2026-04-03 21:40:20,test_497.jpg,121,16,137,0.1168,6,31,32,0,0,0.0,0,0,0.0,0,0,0.0,0,0,0.0,0,0,0.0,0,0,0.0,0,0,0.0,0,0,0.0,0,0,0.0,0,0,0.0,0,20,0.0,0,0,0.0,0,0,0.0,0,0,0.0,0,0,0.0,0,0,0.0,0,0,0.0,0,0,0.0,0,0,0.0,0,0,0.0,0,0,0.0,3,27,0.1,0,0,0.0,0,0,0.0,0,0,0.0,9,24,0.2727,0,19,0.0,4,15,0.2105,0,16,0.0,0,0,0.0,0,0,0.0,0,0,0.0
2026-04-03 21:40:20,test_498.jpg,135,18,153,0.1176,8,31,32,0,0,0.0,0,0,0.0,0,0,0.0,0,0,0.0,0,0,0.0,0,0,0.0,0,0,0.0,0,0,0.0,0,0,0.0,0,0,0.0,0,19,0.0,0,0,0.0,0,0,0.0,0,0,0.0,0,0,0.0,0,0,0.0,0,0,0.0,0,0,0.0,0,0,0.0,0,0,0.0,0,0,0.0,0,18,0.0,0,0,0.0,0,0,0.0,0,0,0.0,7,10,0.4118,0,20,0.0,0,18,0.0,7,12,0.3684,0,19,0.0,4,19,0.1739,0,0,0.0
2026-04-03 21:40:20,test_499.jpg,117,78,195,0.4,8,31,32,0,0,0.0,0,0,0.0,0,0,0.0,0,0,0.0,0,0,0.0,0,0,0.0,0,0,0.0,0,0,0.0,0,0,0.0,0,0,0.0,23,21,0.5227,0,0,0.0,0,0,0.0,0,0,0.0,0,0,0.0,0,0,0.0,0,0,0.0,0,0,0.0,0,0,0.0,0,0,0.0,0,0,0.0,7,21,0.25,0,0,0.0,0,0,0.0,0,0,0.0,14,18,0.4375,4,14,0.2222,2,11,0.1538,9,12,0.4286,17,14,0.5484,2,6,0.25,0,0,0.0
2026-04-03 21:40:20,test_5.jpg,166,16,182,0.0879,4,31,32,0,0,0.0,0,0,0.0,0,0,0.0,0,0,0.0,0,0,0.0,0,0,0.0,0,0,0.0,0,0,0.0,0,0,0.0,0,0,0.0,5,29,0.1471,0,0,0.0,0,0,0.0,0,0,0.0,0,0,0.0,0,0,0.0,0,0,0.0,0,0,0.0,0,0,0.0,0,0,0.0,0,0,0.0,3,33,0.0833,0,0,0.0,0,0,0.0,0,0,0.0,2,77,0.0253,6,27,0.1818,0,0,0.0,0,0,0.0,0,0,0.0,0,0,0.0,0,0,0.0
2026-04-03 21:40:20,test_50.jpg,134,25,159,0.1572,5,31,32,0,0,0.0,0,0,0.0,0,0,0.0,0,0,0.0,0,0,0.0,0,0,0.0,0,0,0.0,0,0,0.0,0,0,0.0,0,0,0.0,5,14,0.2632,0,0,0.0,0,0,0.0,0,0,0.0,0,0,0.0,0,0,0.0,0,0,0.0,0,0,0.0,0,0,0.0,0,0,0.0,0,0,0.0,2,19,0.0952,0,0,0.0,0,0,0.0,0,0,0.0,2,28,0.0667,2,48,0.04,14,25,0.359,0,0,0.0,0,0,0.0,0,0,0.0,0,0,0.0
2026-04-03 21:40:20,test_500.jpg,170,14,184,0.0761,7,31,32,0,0,0.0,0,0,0.0,0,0,0.0,0,0,0.0,0,0,0.0,0,0,0.0,0,0,0.0,0,0,0.0,0,0,0.0,0,0,0.0,4,24,0.1429,0,0,0.0,0,0,0.0,0,0,0.0,0,0,0.0,0,0,0.0,0,0,0.0,0,0,0.0,0,0,0.0,0,0,0.0,0,0,0.0,1,19,0.05,0,0,0.0,0,0,0.0,0,0,0.0,0,22,0.0,0,23,0.0,3,20,0.1304,0,24,0.0,6,38,0.1364,0,0,0.0,0,0,0.0
2026-04-03 21:40:20,test_501.jpg,139,18,157,0.1146,7,31,32,0,0,0.0,0,0,0.0,0,0,0.0,0,0,0.0,0,0,0.0,0,0,0.0,0,0,0.0,0,0,0.0,0,0,0.0,0,0,0.0,5,15,0.25,0,0,0.0,0,0,0.0,0,0,0.0,0,0,0.0,0,0,0.0,0,0,0.0,0,0,0.0,0,0,0.0,0,0,0.0,0,0,0.0,4,19,0.1739,0,0,0.0,0,0,0.0,0,0,0.0,5,22,0.1852,2,20,0.0909,1,21,0.0455,0,20,0.0,1,22,0.0435,0,0,0.0,0,0,0.0
2026-04-03 21:40:20,test_502.jpg,219,8,227,0.0352,5,31,32,0,0,0.0,0,0,0.0,0,0,0.0,0,0,0.0,0,0,0.0,0,0,0.0,0,0,0.0,0,0,0.0,0,0,0.0,0,0,0.0,2,31,0.0606,0,0,0.0,0,0,0.0,0,0,0.0,0,0,0.0,0,0,0.0,0,0,0.0,0,0,0.0,0,0,0.0,0,0,0.0,0,0,0.0,2,91,0.0215,0,0,0.0,0,0,0.0,0,0,0.0,2,41,0.0465,2,45,0.0426,0,11,0.0,0,0,0.0,0,0,0.0,0,0,0.0,0,0,0.0
2026-04-03 21:40:20,test_503.jpg,150,49,199,0.2462,4,31,32,0,0,0.0,0,0,0.0,0,0,0.0,0,0,0.0,0,0,0.0,0,0,0.0,0,0,0.0,0,0,0.0,0,0,0.0,0,0,0.0,15,33,0.3125,0,0,0.0,0,0,0.0,0,0,0.0,0,0,0.0,0,0,0.0,0,0,0.0,0,0,0.0,0,0,0.0,0,0,0.0,0,0,0.0,14,48,0.2258,0,0,0.0,0,0,0.0,0,0,0.0,14,50,0.2188,6,19,0.24,0,0,0.0,0,0,0.0,0,0,0.0,0,0,0.0,0,0,0.0
2026-04-03 21:40:20,test_504.jpg,128,27,155,0.1742,8,31,32,0,0,0.0,0,0,0.0,0,0,0.0,0,0,0.0,0,0,0.0,0,0,0.0,0,0,0.0,0,0,0.0,0,0,0.0,0,0,0.0,3,14,0.1765,0,0,0.0,0,0,0.0,0,0,0.0,0,0,0.0,0,0,0.0,0,0,0.0,0,0,0.0,0,0,0.0,0,0,0.0,0,0,0.0,2,15,0.1176,0,0,0.0,0,0,0.0,0,0,0.0,2,18,0.1,1,20,0.0476,7,12,0.3684,2,14,0.125,5,18,0.2174,5,17,0.2273,0,0,0.0
2026-04-03 21:40:20,test_505.jpg,163,27,190,0.1421,9,31,32,0,0,0.0,0,0,0.0,0,0,0.0,0,0,0.0,0,0,0.0,0,0,0.0,0,0,0.0,0,0,0.0,0,0,0.0,0,0,0.0,0,15,0.0,0,0,0.0,0,0,0.0,0,0,0.0,0,0,0.0,0,0,0.0,0,0,0.0,0,0,0.0,0,0,0.0,0,0,0.0,0,0,0.0,2,15,0.1176,0,0,0.0,0,0,0.0,0,0,0.0,3,19,0.1364,0,18,0.0,0,21,0.0,8,20,0.2857,3,23,0.1154,6,17,0.2609,5,15,0.25
2026-04-03 21:40:20,test_506.jpg,123,23,146,0.1575,5,31,32,0,0,0.0,0,0,0.0,0,0,0.0,0,0,0.0,0,0,0.0,0,0,0.0,0,0,0.0,0,0,0.0,0,0,0.0,0,0,0.0,0,20,0.0,0,0,0.0,0,0,0.0,0,0,0.0,0,0,0.0,0,0,0.0,0,0,0.0,0,0,0.0,0,0,0.0,0,0,0.0,0,0,0.0,3,21,0.125,0,0,0.0,0,0,0.0,0,0,0.0,7,25,0.2188,5,28,0.1515,8,29,0.2162,0,0,0.0,0,0,0.0,0,0,0.0,0,0,0.0
2026-04-03 21:40:20,test_507.jpg,140,38,178,0.2135,6,31,32,0,0,0.0,0,0,0.0,0,0,0.0,0,0,0.0,0,0,0.0,0,0,0.0,0,0,0.0,0,0,0.0,0,0,0.0,0,0,0.0,0,1,0.0,0,0,0.0,0,0,0.0,0,0,0.0,0,0,0.0,0,0,0.0,0,0,0.0,0,0,0.0,0,0,0.0,0,0,0.0,0,0,0.0,9,24,0.2727,0,0,0.0,0,0,0.0,0,0,0.0,7,28,0.2,4,22,0.1538,5,29,0.1471,13,36,0.2653,0,0,0.0,0,0,0.0,0,0,0.0
2026-04-03 21:40:20,test_508.jpg,185,35,220,0.1591,12,31,32,5,16,0.2381,7,20,0.2593,3,16,0.1579,0,0,0.0,0,0,0.0,0,0,0.0,0,0,0.0,0,0,0.0,0,0,0.0,0,0,0.0,0,14,0.0,0,0,0.0,0,0,0.0,0,0,0.0,0,0,0.0,0,0,0.0,0,0,0.0,0,0,0.0,0,0,0.0,0,0,0.0,0,0,0.0,0,15,0.0,0,0,0.0,0,0,0.0,0,0,0.0,2,13,0.1333,2,16,0.1111,1,13,0.0714,1,14,0.0667,8,17,0.32,3,16,0.1579,3,15,0.1667
2026-04-03 21:40:20,test_509.jpg,129,28,157,0.1783,4,31,32,0,0,0.0,0,0,0.0,0,0,0.0,0,0,0.0,0,0,0.0,0,0,0.0,0,0,0.0,0,0,0.0,0,0,0.0,0,0,0.0,4,18,0.1818,0,0,0.0,0,0,0.0,0,0,0.0,0,0,0.0,0,0,0.0,0,0,0.0,0,0,0.0,0,0,0.0,0,0,0.0,0,0,0.0,8,33,0.1951,0,0,0.0,0,0,0.0,0,0,0.0,9,48,0.1579,7,30,0.1892,0,0,0.0,0,0,0.0,0,0,0.0,0,0,0.0,0,0,0.0
2026-04-03 21:40:20,test_51.jpg,167,98,265,0.3698,4,31,32,0,0,0.0,0,0,0.0,0,0,0.0,0,0,0.0,0,0,0.0,0,0,0.0,0,0,0.0,0,0,0.0,0,0,0.0,0,0,0.0,1,23,0.0417,0,0,0.0,0,0,0.0,0,0,0.0,0,0,0.0,0,0,0.0,0,0,0.0,0,0,0.0,0,0,0.0,0,0,0.0,0,0,0.0,2,40,0.0476,0,0,0.0,0,0,0.0,0,0,0.0,70,72,0.493,25,32,0.4386,0,0,0.0,0,0,0.0,0,0,0.0,0,0,0.0,0,0,0.0
2026-04-03 21:40:20,test_510.jpg,134,21,155,0.1355,5,31,32,0,0,0.0,0,0,0.0,0,0,0.0,0,0,0.0,0,0,0.0,0,0,0.0,0,0,0.0,0,0,0.0,0,0,0.0,0,0,0.0,0,21,0.0,0,0,0.0,0,0,0.0,0,0,0.0,0,0,0.0,0,0,0.0,0,0,0.0,0,0,0.0,0,0,0.0,0,0,0.0,0,0,0.0,1,26,0.037,0,0,0.0,0,0,0.0,0,0,0.0,5,27,0.1562,5,29,0.1471,10,31,0.2439,0,0,0.0,0,0,0.0,0,0,0.0,0,0,0.0
2026-04-03 21:40:20,test_511.jpg,179,48,227,0.2115,9,31,32,0,0,0.0,0,0,0.0,0,0,0.0,0,0,0.0,0,0,0.0,0,0,0.0,0,0,0.0,0,0,0.0,0,0,0.0,0,0,0.0,0,3,0.0,0,0,0.0,0,0,0.0,0,0,0.0,0,0,0.0,0,0,0.0,0,0,0.0,0,0,0.0,0,0,0.0,0,0,0.0,0,0,0.0,0,0,0.0,0,0,0.0,0,0,0.0,0,0,0.0,0,3,0.0,12,38,0.24,5,24,0.1724,12,31,0.2791,6,36,0.1429,11,28,0.2821,2,16,0.1111
2026-04-03 21:40:20,test_512.jpg,151,64,215,0.2977,9,31,32,0,0,0.0,0,0,0.0,0,0,0.0,0,0,0.0,0,0,0.0,0,0,0.0,0,0,0.0,0,0,0.0,0,0,0.0,0,0,0.0,5,23,0.1786,0,0,0.0,0,0,0.0,0,0,0.0,0,0,0.0,0,0,0.0,0,0,0.0,0,0,0.0,0,0,0.0,0,0,0.0,0,0,0.0,11,25,0.3056,0,0,0.0,0,0,0.0,0,0,0.0,12,21,0.3636,12,16,0.4286,6,13,0.3158,4,9,0.3077,4,11,0.2667,7,12,0.3684,3,21,0.125
2026-04-03 21:40:20,test_513.jpg,126,7,133,0.0526,5,31,32,0,0,0.0,0,0,0.0,0,0,0.0,0,0,0.0,0,0,0.0,0,0,0.0,0,0,0.0,0,0,0.0,0,0,0.0,0,0,0.0,0,18,0.0,0,0,0.0,0,0,0.0,0,0,0.0,0,0,0.0,0,0,0.0,0,0,0.0,0,0,0.0,0,0,0.0,0,0,0.0,0,0,0.0,0,19,0.0,0,0,0.0,0,0,0.0,0,0,0.0,2,33,0.0571,0,33,0.0,5,23,0.1786,0,0,0.0,0,0,0.0,0,0,0.0,0,0,0.0
2026-04-03 21:40:20,test_514.jpg,129,18,147,0.1224,6,31,32,0,0,0.0,0,0,0.0,0,0,0.0,0,0,0.0,0,0,0.0,0,0,0.0,0,0,0.0,0,0,0.0,0,0,0.0,0,0,0.0,0,16,0.0,0,0,0.0,0,0,0.0,0,0,0.0,0,0,0.0,0,0,0.0,0,0,0.0,0,0,0.0,0,0,0.0,0,0,0.0,0,0,0.0,1,15,0.0625,0,0,0.0,0,0,0.0,0,0,0.0,6,20,0.2308,0,17,0.0,9,40,0.1837,2,21,0.087,0,0,0.0,0,0,0.0,0,0,0.0
2026-04-03 21:40:20,test_515.jpg,154,11,165,0.0667,9,31,32,0,0,0.0,0,0,0.0,0,0,0.0,0,0,0.0,0,0,0.0,0,0,0.0,0,0,0.0,0,0,0.0,0,0,0.0,0,0,0.0,1,15,0.0625,0,0,0.0,0,0,0.0,0,0,0.0,0,0,0.0,0,0,0.0,0,0,0.0,0,0,0.0,0,0,0.0,0,0,0.0,0,0,0.0,0,16,0.0,0,0,0.0,0,0,0.0,0,0,0.0,3,13,0.1875,0,17,0.0,5,15,0.25,2,18,0.1,0,17,0.0,0,17,0.0,0,26,0.0
2026-04-03 21:40:20,test_516.jpg,201,37,238,0.1555,8,31,32,0,0,0.0,0,0,0.0,0,0,0.0,0,0,0.0,0,0,0.0,0,0,0.0,0,0,0.0,0,0,0.0,0,0,0.0,0,0,0.0,6,13,0.3158,0,0,0.0,0,0,0.0,0,0,0.0,0,0,0.0,0,0,0.0,0,0,0.0,0,0,0.0,0,0,0.0,0,0,0.0,0,0,0.0,1,22,0.0435,0,0,0.0,0,0,0.0,0,0,0.0,1,24,0.04,3,22,0.12,5,28,0.1515,6,22,0.2143,5,37,0.119,10,33,0.2326,0,0,0.0
2026-04-03 21:40:20,test_517.jpg,121,3,124,0.0242,6,31,32,0,0,0.0,0,0,0.0,0,0,0.0,0,0,0.0,0,0,0.0,0,0,0.0,0,0,0.0,0,0,0.0,0,0,0.0,0,0,0.0,0,17,0.0,0,0,0.0,0,0,0.0,0,0,0.0,0,0,0.0,0,0,0.0,0,0,0.0,0,0,0.0,0,0,0.0,0,0,0.0,0,0,0.0,0,12,0.0,0,0,0.0,0,0,0.0,0,0,0.0,3,23,0.1154,0,23,0.0,0,23,0.0,0,23,0.0,0,0,0.0,0,0,0.0,0,0,0.0
2026-04-03 21:40:20,test_518.jpg,122,14,136,0.1029,6,31,32,0,0,0.0,0,0,0.0,0,0,0.0,0,0,0.0,0,0,0.0,0,0,0.0,0,0,0.0,0,0,0.0,0,0,0.0,0,0,0.0,5,18,0.2174,0,0,0.0,0,0,0.0,0,0,0.0,0,0,0.0,0,0,0.0,0,0,0.0,0,0,0.0,0,0,0.0,0,0,0.0,0,0,0.0,3,19,0.1364,0,0,0.0,0,0,0.0,0,0,0.0,1,19,0.05,1,21,0.0455,4,24,0.1429,0,21,0.0,0,0,0.0,0,0,0.0,0,0,0.0
2026-04-03 21:40:20,test_519.jpg,130,24,154,0.1558,7,31,32,0,0,0.0,0,0,0.0,0,0,0.0,0,0,0.0,0,0,0.0,0,0,0.0,0,0,0.0,0,0,0.0,0,0,0.0,0,0,0.0,3,25,0.1071,0,0,0.0,0,0,0.0,0,0,0.0,0,0,0.0,0,0,0.0,0,0,0.0,0,0,0.0,0,0,0.0,0,0,0.0,0,0,0.0,0,15,0.0,0,0,0.0,0,0,0.0,0,0,0.0,6,20,0.2308,8,22,0.2667,0,17,0.0,4,16,0.2,3,15,0.1667,0,0,0.0,0,0,0.0
2026-04-03 21:40:20,test_52.jpg,131,29,160,0.1812,7,31,32,0,0,0.0,0,0,0.0,0,0,0.0,0,0,0.0,0,0,0.0,0,0,0.0,0,0,0.0,0,0,0.0,0,0,0.0,0,0,0.0,0,16,0.0,0,0,0.0,0,0,0.0,0,0,0.0,0,0,0.0,0,0,0.0,0,0,0.0,0,0,0.0,0,0,0.0,0,0,0.0,0,0,0.0,1,23,0.0417,0,0,0.0,0,0,0.0,0,0,0.0,4,16,0.2,8,25,0.2424,14,23,0.3784,1,15,0.0625,1,13,0.0714,0,0,0.0,0,0,0.0
2026-04-03 21:40:20,test_520.jpg,170,60,230,0.2609,9,31,32,0,0,0.0,0,0,0.0,0,0,0.0,0,0,0.0,0,0,0.0,0,0,0.0,0,0,0.0,0,0,0.0,0,0,0.0,0,0,0.0,12,19,0.3871,0,0,0.0,0,0,0.0,0,0,0.0,0,0,0.0,0,0,0.0,0,0,0.0,0,0,0.0,0,0,0.0,0,0,0.0,0,0,0.0,2,25,0.0741,0,0,0.0,0,0,0.0,0,0,0.0,5,17,0.2273,4,17,0.1905,8,22,0.2667,13,30,0.3023,0,22,0.0,12,8,0.6,4,10,0.2857
2026-04-03 21:40:20,test_521.jpg,125,9,134,0.0672,5,31,32,0,0,0.0,0,0,0.0,0,0,0.0,0,0,0.0,0,0,0.0,0,0,0.0,0,0,0.0,0,0,0.0,0,0,0.0,0,0,0.0,0,25,0.0,0,0,0.0,0,0,0.0,0,0,0.0,0,0,0.0,0,0,0.0,0,0,0.0,0,0,0.0,0,0,0.0,0,0,0.0,0,0,0.0,0,27,0.0,0,0,0.0,0,0,0.0,0,0,0.0,1,27,0.0357,5,21,0.1923,3,25,0.1071,0,0,0.0,0,0,0.0,0,0,0.0,0,0,0.0
2026-04-03 21:40:20,test_522.jpg,137,34,171,0.1988,8,31,32,0,0,0.0,0,0,0.0,0,0,0.0,0,0,0.0,0,0,0.0,0,0,0.0,0,0,0.0,0,0,0.0,0,0,0.0,0,0,0.0,3,23,0.1154,0,0,0.0,0,0,0.0,0,0,0.0,0,0,0.0,0,0,0.0,0,0,0.0,0,0,0.0,0,0,0.0,0,0,0.0,0,0,0.0,1,13,0.0714,0,0,0.0,0,0,0.0,0,0,0.0,3,7,0.3,6,22,0.2143,6,22,0.2143,3,21,0.125,4,13,0.2353,8,16,0.3333,0,0,0.0
2026-04-03 21:40:20,test_523.jpg,229,85,314,0.2707,12,31,32,8,19,0.2963,16,67,0.1928,0,5,0.0,0,0,0.0,0,0,0.0,0,0,0.0,0,0,0.0,0,0,0.0,0,0,0.0,0,0,0.0,0,0,0.0,0,0,0.0,0,0,0.0,0,0,0.0,0,0,0.0,0,0,0.0,0,0,0.0,0,0,0.0,0,0,0.0,0,0,0.0,0,0,0.0,2,16,0.1111,0,0,0.0,0,0,0.0,0,0,0.0,5,5,0.5,1,16,0.0588,6,10,0.375,12,21,0.3636,12,18,0.4,18,36,0.3333,5,16,0.2381
2026-04-03 21:40:20,test_524.jpg,112,24,136,0.1765,7,31,32,0,0,0.0,0,0,0.0,0,0,0.0,0,0,0.0,0,0,0.0,0,0,0.0,0,0,0.0,0,0,0.0,0,0,0.0,0,0,0.0,0,15,0.0,0,0,0.0,0,0,0.0,0,0,0.0,0,0,0.0,0,0,0.0,0,0,0.0,0,0,0.0,0,0,0.0,0,0,0.0,0,0,0.0,2,17,0.1053,0,0,0.0,0,0,0.0,0,0,0.0,1,15,0.0625,0,16,0.0,8,14,0.3636,8,17,0.32,5,18,0.2174,0,0,0.0,0,0,0.0
2026-04-03 21:40:20,test_525.jpg,113,20,133,0.1504,8,31,32,0,0,0.0,0,0,0.0,0,0,0.0,0,0,0.0,0,0,0.0,0,0,0.0,0,0,0.0,0,0,0.0,0,0,0.0,0,0,0.0,4,11,0.2667,0,0,0.0,0,0,0.0,0,0,0.0,0,0,0.0,0,0,0.0,0,0,0.0,0,0,0.0,0,0,0.0,0,0,0.0,0,0,0.0,1,18,0.0526,0,0,0.0,0,0,0.0,0,0,0.0,2,13,0.1333,5,13,0.2778,2,12,0.1429,0,15,0.0,1,17,0.0556,5,14,0.2632,0,0,0.0
2026-04-03 21:40:20,test_526.jpg,169,21,190,0.1105,8,31,32,0,0,0.0,0,0,0.0,0,0,0.0,0,0,0.0,0,0,0.0,0,0,0.0,0,0,0.0,0,0,0.0,0,0,0.0,0,0,0.0,0,17,0.0,0,0,0.0,0,0,0.0,0,0,0.0,0,0,0.0,0,0,0.0,0,0,0.0,0,0,0.0,0,0,0.0,0,0,0.0,0,0,0.0,0,21,0.0,0,0,0.0,0,0,0.0,0,0,0.0,0,24,0.0,1,24,0.04,5,25,0.1667,5,29,0.1471,5,19,0.2083,5,10,0.3333,0,0,0.0
2026-04-03 21:40:20,test_527.jpg,189,19,208,0.0913,7,31,32,0,0,0.0,0,0,0.0,0,0,0.0,0,0,0.0,0,0,0.0,0,0,0.0,0,0,0.0,0,0,0.0,0,0,0.0,0,0,0.0,0,15,0.0,0,0,0.0,0,0,0.0,0,0,0.0,0,0,0.0,0,0,0.0,0,0,0.0,0,0,0.0,0,0,0.0,0,0,0.0,0,0,0.0,1,33,0.0294,0,0,0.0,0,0,0.0,0,0,0.0,0,26,0.0,10,22,0.3125,0,30,0.0,4,43,0.0851,4,20,0.1667,0,0,0.0,0,0,0.0
2026-04-03 21:40:20,test_528.jpg,118,25,143,0.1748,6,31,32,0,0,0.0,0,0,0.0,0,0,0.0,0,0,0.0,0,0,0.0,0,0,0.0,0,0,0.0,0,0,0.0,0,0,0.0,0,0,0.0,6,24,0.2,0,0,0.0,0,0,0.0,0,0,0.0,0,0,0.0,0,0,0.0,0,0,0.0,0,0,0.0,0,0,0.0,0,0,0.0,0,0,0.0,0,18,0.0,0,0,0.0,0,0,0.0,0,0,0.0,4,22,0.1538,3,22,0.12,10,23,0.303,2,9,0.1818,0,0,0.0,0,0,0.0,0,0,0.0
2026-04-03 21:40:20,test_529.jpg,164,38,202,0.1881,5,31,32,0,0,0.0,0,0,0.0,0,0,0.0,0,0,0.0,0,0,0.0,0,0,0.0,0,0,0.0,0,0,0.0,0,0,0.0,0,0,0.0,3,19,0.1364,0,0,0.0,0,0,0.0,0,0,0.0,0,0,0.0,0,0,0.0,0,0,0.0,0,0,0.0,0,0,0.0,0,0,0.0,0,0,0.0,8,19,0.2963,0,0,0.0,0,0,0.0,0,0,0.0,9,37,0.1957,15,46,0.2459,3,43,0.0652,0,0,0.0,0,0,0.0,0,0,0.0,0,0,0.0
2026-04-03 21:40:20,test_53.jpg,122,49,171,0.2865,15,31,32,6,8,0.4286,4,4,0.5,0,6,0.0,0,10,0.0,14,21,0.4,1,15,0.0625,0,0,0.0,0,0,0.0,0,0,0.0,0,0,0.0,0,2,0.0,0,0,0.0,0,0,0.0,0,0,0.0,0,0,0.0,0,0,0.0,0,0,0.0,0,0,0.0,0,0,0.0,0,0,0.0,0,0,0.0,0,3,0.0,0,0,0.0,0,0,0.0,0,0,0.0,0,0,0.0,0,0,0.0,4,12,0.25,5,11,0.3125,1,5,0.1667,4,8,0.3333,10,17,0.3704
2026-04-03 21:40:20,test_530.jpg,159,16,175,0.0914,8,31,32,0,0,0.0,0,0,0.0,0,0,0.0,0,0,0.0,0,0,0.0,0,0,0.0,0,0,0.0,0,0,0.0,0,0,0.0,0,0,0.0,0,15,0.0,0,0,0.0,0,0,0.0,0,0,0.0,0,0,0.0,0,0,0.0,0,0,0.0,0,0,0.0,0,0,0.0,0,0,0.0,0,0,0.0,1,21,0.0455,0,0,0.0,0,0,0.0,0,0,0.0,6,28,0.1765,1,19,0.05,3,20,0.1304,3,21,0.125,1,20,0.0476,1,15,0.0625,0,0,0.0
2026-04-03 21:40:20,test_531.jpg,132,19,151,0.1258,6,31,32,0,0,0.0,0,0,0.0,0,0,0.0,0,0,0.0,0,0,0.0,0,0,0.0,0,0,0.0,0,0,0.0,0,0,0.0,0,0,0.0,6,26,0.1875,0,0,0.0,0,0,0.0,0,0,0.0,0,0,0.0,0,0,0.0,0,0,0.0,0,0,0.0,0,0,0.0,0,0,0.0,0,0,0.0,3,24,0.1111,0,0,0.0,0,0,0.0,0,0,0.0,0,21,0.0,6,21,0.2222,0,18,0.0,4,22,0.1538,0,0,0.0,0,0,0.0,0,0,0.0
2026-04-03 21:40:20,test_532.jpg,128,0,128,0.0,6,31,32,0,0,0.0,0,0,0.0,0,0,0.0,0,0,0.0,0,0,0.0,0,0,0.0,0,0,0.0,0,0,0.0,0,0,0.0,0,0,0.0,0,18,0.0,0,0,0.0,0,0,0.0,0,0,0.0,0,0,0.0,0,0,0.0,0,0,0.0,0,0,0.0,0,0,0.0,0,0,0.0,0,0,0.0,0,22,0.0,0,0,0.0,0,0,0.0,0,0,0.0,0,30,0.0,0,13,0.0,0,22,0.0,0,23,0.0,0,0,0.0,0,0,0.0,0,0,0.0
2026-04-03 21:40:20,test_533.jpg,105,51,156,0.3269,8,31,32,0,0,0.0,0,0,0.0,0,0,0.0,0,0,0.0,0,0,0.0,0,0,0.0,0,0,0.0,0,0,0.0,0,0,0.0,0,0,0.0,3,6,0.3333,0,0,0.0,0,0,0.0,0,0,0.0,0,0,0.0,0,0,0.0,0,0,0.0,0,0,0.0,0,0,0.0,0,0,0.0,0,0,0.0,3,18,0.1429,0,0,0.0,0,0,0.0,0,0,0.0,8,5,0.6154,7,15,0.3182,15,16,0.4839,7,19,0.2692,2,14,0.125,6,12,0.3333,0,0,0.0
2026-04-03 21:40:20,test_534.jpg,138,33,171,0.193,5,31,32,0,0,0.0,0,0,0.0,0,0,0.0,0,0,0.0,0,0,0.0,0,0,0.0,0,0,0.0,0,0,0.0,0,0,0.0,0,0,0.0,4,18,0.1818,0,0,0.0,0,0,0.0,0,0,0.0,0,0,0.0,0,0,0.0,0,0,0.0,0,0,0.0,0,0,0.0,0,0,0.0,0,0,0.0,6,18,0.25,0,0,0.0,0,0,0.0,0,0,0.0,5,25,0.1667,12,41,0.2264,6,36,0.1429,0,0,0.0,0,0,0.0,0,0,0.0,0,0,0.0
2026-04-03 21:40:20,test_535.jpg,117,31,148,0.2095,6,31,32,0,0,0.0,0,0,0.0,0,0,0.0,0,0,0.0,0,0,0.0,0,0,0.0,0,0,0.0,0,0,0.0,0,0,0.0,0,0,0.0,1,13,0.0714,0,0,0.0,0,0,0.0,0,0,0.0,0,0,0.0,0,0,0.0,0,0,0.0,0,0,0.0,0,0,0.0,0,0,0.0,0,0,0.0,1,15,0.0625,0,0,0.0,0,0,0.0,0,0,0.0,2,20,0.0909,6,19,0.24,11,24,0.3143,10,26,0.2778,0,0,0.0,0,0,0.0,0,0,0.0
2026-04-03 21:40:20,test_536.jpg,140,44,184,0.2391,4,31,32,0,0,0.0,0,0,0.0,0,0,0.0,0,0,0.0,0,0,0.0,0,0,0.0,0,0,0.0,0,0,0.0,0,0,0.0,0,0,0.0,5,20,0.2,0,0,0.0,0,0,0.0,0,0,0.0,0,0,0.0,0,0,0.0,0,0,0.0,0,0,0.0,0,0,0.0,0,0,0.0,0,0,0.0,4,48,0.0769,0,0,0.0,0,0,0.0,0,0,0.0,10,33,0.2326,25,39,0.3906,0,0,0.0,0,0,0.0,0,0,0.0,0,0,0.0,0,0,0.0
2026-04-03 21:40:20,test_537.jpg,141,10,151,0.0662,8,31,32,0,0,0.0,0,0,0.0,0,0,0.0,0,0,0.0,0,0,0.0,0,0,0.0,0,0,0.0,0,0,0.0,0,0,0.0,0,0,0.0,0,16,0.0,0,0,0.0,0,0,0.0,0,0,0.0,0,0,0.0,0,0,0.0,0,0,0.0,0,0,0.0,0,0,0.0,0,0,0.0,0,0,0.0,0,16,0.0,0,0,0.0,0,0,0.0,0,0,0.0,1,17,0.0556,0,16,0.0,2,17,0.1053,1,24,0.04,1,16,0.0588,5,19,0.2083,0,0,0.0
2026-04-03 21:40:20,test_538.jpg,142,32,174,0.1839,5,31,32,0,0,0.0,0,0,0.0,0,0,0.0,0,0,0.0,0,0,0.0,0,0,0.0,0,0,0.0,0,0,0.0,0,0,0.0,0,0,0.0,5,20,0.2,0,0,0.0,0,0,0.0,0,0,0.0,0,0,0.0,0,0,0.0,0,0,0.0,0,0,0.0,0,0,0.0,0,0,0.0,0,0,0.0,4,19,0.1739,0,0,0.0,0,0,0.0,0,0,0.0,7,30,0.1892,10,45,0.1818,6,28,0.1765,0,0,0.0,0,0,0.0,0,0,0.0,0,0,0.0
2026-04-03 21:40:20,test_539.jpg,122,19,141,0.1348,6,31,32,0,0,0.0,0,0,0.0,0,0,0.0,0,0,0.0,0,0,0.0,0,0,0.0,0,0,0.0,0,0,0.0,0,0,0.0,0,0,0.0,1,18,0.0526,0,0,0.0,0,0,0.0,0,0,0.0,0,0,0.0,0,0,0.0,0,0,0.0,0,0,0.0,0,0,0.0,0,0,0.0,0,0,0.0,0,15,0.0,0,0,0.0,0,0,0.0,0,0,0.0,1,22,0.0435,0,21,0.0,2,20,0.0909,15,26,0.3659,0,0,0.0,0,0,0.0,0,0,0.0
2026-04-03 21:40:20,test_54.jpg,131,76,207,0.3671,5,31,32,0,0,0.0,0,0,0.0,0,0,0.0,0,0,0.0,0,0,0.0,0,0,0.0,0,0,0.0,0,0,0.0,0,0,0.0,0,0,0.0,16,26,0.381,0,0,0.0,0,0,0.0,0,0,0.0,0,0,0.0,0,0,0.0,0,0,0.0,0,0,0.0,0,0,0.0,0,0,0.0,0,0,0.0,12,18,0.4,0,0,0.0,0,0,0.0,0,0,0.0,15,32,0.3191,29,35,0.4531,4,20,0.1667,0,0,0.0,0,0,0.0,0,0,0.0,0,0,0.0
2026-04-03 21:40:20,test_540.jpg,178,28,206,0.1359,8,31,32,0,0,0.0,0,0,0.0,0,0,0.0,0,0,0.0,0,0,0.0,0,0,0.0,0,0,0.0,0,0,0.0,0,0,0.0,0,0,0.0,4,21,0.16,0,0,0.0,0,0,0.0,0,0,0.0,0,0,0.0,0,0,0.0,0,0,0.0,0,0,0.0,0,0,0.0,0,0,0.0,0,0,0.0,1,18,0.0526,0,0,0.0,0,0,0.0,0,0,0.0,7,17,0.2917,2,19,0.0952,1,24,0.04,2,17,0.1053,8,33,0.1951,3,29,0.0938,0,0,0.0
2026-04-03 21:40:20,test_541.jpg,142,58,200,0.29,7,31,32,0,0,0.0,0,0,0.0,0,0,0.0,0,0,0.0,0,0,0.0,0,0,0.0,0,0,0.0,0,0,0.0,0,0,0.0,0,0,0.0,10,11,0.4762,0,0,0.0,0,0,0.0,0,0,0.0,0,0,0.0,0,0,0.0,0,0,0.0,0,0,0.0,0,0,0.0,0,0,0.0,0,0,0.0,4,31,0.1143,0,0,0.0,0,0,0.0,0,0,0.0,4,23,0.1481,8,8,0.5,6,25,0.1935,12,25,0.3243,14,19,0.4242,0,0,0.0,0,0,0.0
2026-04-03 21:40:20,test_542.jpg,108,66,174,0.3793,4,31,32,0,0,0.0,0,0,0.0,0,0,0.0,0,0,0.0,0,0,0.0,0,0,0.0,0,0,0.0,0,0,0.0,0,0,0.0,0,0,0.0,4,13,0.2353,0,0,0.0,0,0,0.0,0,0,0.0,0,0,0.0,0,0,0.0,0,0,0.0,0,0,0.0,0,0,0.0,0,0,0.0,0,0,0.0,7,22,0.2414,0,0,0.0,0,0,0.0,0,0,0.0,19,33,0.3654,36,40,0.4737,0,0,0.0,0,0,0.0,0,0,0.0,0,0,0.0,0,0,0.0
2026-04-03 21:40:20,test_543.jpg,148,22,170,0.1294,6,31,32,0,0,0.0,0,0,0.0,0,0,0.0,0,0,0.0,0,0,0.0,0,0,0.0,0,0,0.0,0,0,0.0,0,0,0.0,0,0,0.0,1,21,0.0455,0,0,0.0,0,0,0.0,0,0,0.0,0,0,0.0,0,0,0.0,0,0,0.0,0,0,0.0,0,0,0.0,0,0,0.0,0,0,0.0,7,28,0.2,0,0,0.0,0,0,0.0,0,0,0.0,1,25,0.0385,0,26,0.0,5,28,0.1515,8,20,0.2857,0,0,0.0,0,0,0.0,0,0,0.0
2026-04-03 21:40:20,test_544.jpg,177,45,222,0.2027,13,31,32,0,13,0.0,0,15,0.0,10,17,0.3704,14,24,0.3684,0,0,0.0,0,0,0.0,0,0,0.0,0,0,0.0,0,0,0.0,0,0,0.0,0,11,0.0,0,0,0.0,0,0,0.0,0,0,0.0,0,0,0.0,0,0,0.0,0,0,0.0,0,0,0.0,0,0,0.0,0,0,0.0,0,0,0.0,10,14,0.4167,0,0,0.0,0,0,0.0,0,0,0.0,2,13,0.1333,2,21,0.087,3,10,0.2308,0,12,0.0,2,10,0.1667,0,11,0.0,2,6,0.25
2026-04-03 21:40:20,test_545.jpg,138,34,172,0.1977,7,31,32,0,0,0.0,0,0,0.0,0,0,0.0,0,0,0.0,0,0,0.0,0,0,0.0,0,0,0.0,0,0,0.0,0,0,0.0,0,0,0.0,13,38,0.2549,0,0,0.0,0,0,0.0,0,0,0.0,0,0,0.0,0,0,0.0,0,0,0.0,0,0,0.0,0,0,0.0,0,0,0.0,0,0,0.0,1,14,0.0667,0,0,0.0,0,0,0.0,0,0,0.0,0,15,0.0,0,14,0.0,0,18,0.0,7,21,0.25,13,18,0.4194,0,0,0.0,0,0,0.0
2026-04-03 21:40:20,test_546.jpg,142,63,205,0.3073,6,31,32,0,0,0.0,0,0,0.0,0,0,0.0,0,0,0.0,0,0,0.0,0,0,0.0,0,0,0.0,0,0,0.0,0,0,0.0,0,0,0.0,0,0,0.0,0,0,0.0,0,0,0.0,0,0,0.0,0,0,0.0,0,0,0.0,0,0,0.0,0,0,0.0,0,0,0.0,0,0,0.0,0,0,0.0,13,48,0.2131,0,0,0.0,0,0,0.0,0,0,0.0,22,26,0.4583,9,26,0.2571,12,23,0.3429,7,19,0.2692,0,0,0.0,0,0,0.0,0,0,0.0
2026-04-03 21:40:20,test_547.jpg,119,17,136,0.125,6,31,32,0,0,0.0,0,0,0.0,0,0,0.0,0,0,0.0,0,0,0.0,0,0,0.0,0,0,0.0,0,0,0.0,0,0,0.0,0,0,0.0,2,23,0.08,0,0,0.0,0,0,0.0,0,0,0.0,0,0,0.0,0,0,0.0,0,0,0.0,0,0,0.0,0,0,0.0,0,0,0.0,0,0,0.0,2,18,0.1,0,0,0.0,0,0,0.0,0,0,0.0,5,24,0.1724,3,20,0.1304,1,18,0.0526,4,16,0.2,0,0,0.0,0,0,0.0,0,0,0.0
2026-04-03 21:40:20,test_548.jpg,138,21,159,0.1321,6,31,32,0,0,0.0,0,0,0.0,0,0,0.0,0,0,0.0,0,0,0.0,0,0,0.0,0,0,0.0,0,0,0.0,0,0,0.0,0,0,0.0,12,11,0.5217,0,0,0.0,0,0,0.0,0,0,0.0,0,0,0.0,0,0,0.0,0,0,0.0,0,0,0.0,0,0,0.0,0,0,0.0,0,0,0.0,4,39,0.093,0,0,0.0,0,0,0.0,0,0,0.0,3,18,0.1429,1,26,0.037,1,22,0.0435,0,22,0.0,0,0,0.0,0,0,0.0,0,0,0.0
2026-04-03 21:40:20,test_549.jpg,115,46,161,0.2857,6,31,32,0,0,0.0,0,0,0.0,0,0,0.0,0,0,0.0,0,0,0.0,0,0,0.0,0,0,0.0,0,0,0.0,0,0,0.0,0,0,0.0,6,19,0.24,0,0,0.0,0,0,0.0,0,0,0.0,0,0,0.0,0,0,0.0,0,0,0.0,0,0,0.0,0,0,0.0,0,0,0.0,0,0,0.0,18,23,0.439,0,0,0.0,0,0,0.0,0,0,0.0,10,19,0.3448,2,19,0.0952,7,20,0.2593,3,15,0.1667,0,0,0.0,0,0,0.0,0,0,0.0
2026-04-03 21:40:20,test_55.jpg,120,37,157,0.2357,6,31,32,0,0,0.0,0,0,0.0,0,0,0.0,0,0,0.0,0,0,0.0,0,0,0.0,0,0,0.0,0,0,0.0,0,0,0.0,0,0,0.0,11,18,0.3793,0,0,0.0,0,0,0.0,0,0,0.0,0,0,0.0,0,0,0.0,0,0,0.0,0,0,0.0,0,0,0.0,0,0,0.0,0,0,0.0,11,32,0.2558,0,0,0.0,0,0,0.0,0,0,0.0,1,18,0.0526,4,16,0.2,6,20,0.2308,4,16,0.2,0,0,0.0,0,0,0.0,0,0,0.0
2026-04-03 21:40:20,test_550.jpg,173,126,299,0.4214,4,31,32,0,0,0.0,0,0,0.0,0,0,0.0,0,0,0.0,0,0,0.0,0,0,0.0,0,0,0.0,0,0,0.0,0,0,0.0,0,0,0.0,2,26,0.0714,0,0,0.0,0,0,0.0,0,0,0.0,0,0,0.0,0,0,0.0,0,0,0.0,0,0,0.0,0,0,0.0,0,0,0.0,0,0,0.0,9,55,0.1406,0,0,0.0,0,0,0.0,0,0,0.0,86,69,0.5548,29,23,0.5577,0,0,0.0,0,0,0.0,0,0,0.0,0,0,0.0,0,0,0.0
2026-04-03 21:40:20,test_551.jpg,121,39,160,0.2437,7,31,32,0,0,0.0,0,0,0.0,0,0,0.0,0,0,0.0,0,0,0.0,0,0,0.0,0,0,0.0,0,0,0.0,0,0,0.0,0,0,0.0,2,11,0.1538,0,0,0.0,0,0,0.0,0,0,0.0,0,0,0.0,0,0,0.0,0,0,0.0,0,0,0.0,0,0,0.0,0,0,0.0,0,0,0.0,4,17,0.1905,0,0,0.0,0,0,0.0,0,0,0.0,7,23,0.2333,4,24,0.1429,11,16,0.4074,6,18,0.25,5,12,0.2941,0,0,0.0,0,0,0.0
2026-04-03 21:40:20,test_552.jpg,181,43,224,0.192,5,31,32,0,0,0.0,0,0,0.0,0,0,0.0,0,0,0.0,0,0,0.0,0,0,0.0,0,0,0.0,0,0,0.0,0,0,0.0,0,0,0.0,10,30,0.25,0,0,0.0,0,0,0.0,0,0,0.0,0,0,0.0,0,0,0.0,0,0,0.0,0,0,0.0,0,0,0.0,0,0,0.0,0,0,0.0,13,43,0.2321,0,0,0.0,0,0,0.0,0,0,0.0,2,46,0.0417,15,36,0.2941,3,26,0.1034,0,0,0.0,0,0,0.0,0,0,0.0,0,0,0.0
2026-04-03 21:40:20,test_553.jpg,123,29,152,0.1908,6,31,32,0,0,0.0,0,0,0.0,0,0,0.0,0,0,0.0,0,0,0.0,0,0,0.0,0,0,0.0,0,0,0.0,0,0,0.0,0,0,0.0,2,11,0.1538,0,0,0.0,0,0,0.0,0,0,0.0,0,0,0.0,0,0,0.0,0,0,0.0,0,0,0.0,0,0,0.0,0,0,0.0,0,0,0.0,6,18,0.25,0,0,0.0,0,0,0.0,0,0,0.0,4,23,0.1481,4,25,0.1379,5,27,0.1562,8,19,0.2963,0,0,0.0,0,0,0.0,0,0,0.0
2026-04-03 21:40:20,test_554.jpg,134,15,149,0.1007,5,31,32,0,0,0.0,0,0,0.0,0,0,0.0,0,0,0.0,0,0,0.0,0,0,0.0,0,0,0.0,0,0,0.0,0,0,0.0,0,0,0.0,3,19,0.1364,0,0,0.0,0,0,0.0,0,0,0.0,0,0,0.0,0,0,0.0,0,0,0.0,0,0,0.0,0,0,0.0,0,0,0.0,0,0,0.0,0,32,0.0,0,0,0.0,0,0,0.0,0,0,0.0,9,31,0.225,1,26,0.037,2,26,0.0714,0,0,0.0,0,0,0.0,0,0,0.0,0,0,0.0
2026-04-03 21:40:20,test_555.jpg,177,17,194,0.0876,14,31,32,3,12,0.2,1,11,0.0833,4,12,0.25,2,16,0.1111,0,12,0.0,0,0,0.0,0,0,0.0,0,0,0.0,0,0,0.0,0,0,0.0,0,5,0.0,0,0,0.0,0,0,0.0,0,0,0.0,0,0,0.0,0,0,0.0,0,0,0.0,0,0,0.0,0,0,0.0,0,0,0.0,0,0,0.0,3,22,0.12,0,0,0.0,0,0,0.0,0,0,0.0,0,15,0.0,1,13,0.0714,0,12,0.0,1,13,0.0714,0,11,0.0,2,12,0.1429,0,11,0.0
2026-04-03 21:40:20,test_556.jpg,257,42,299,0.1405,8,31,32,0,0,0.0,0,0,0.0,0,0,0.0,0,0,0.0,0,0,0.0,0,0,0.0,0,0,0.0,0,0,0.0,0,0,0.0,0,0,0.0,5,30,0.1429,0,0,0.0,0,0,0.0,0,0,0.0,0,0,0.0,0,0,0.0,0,0,0.0,0,0,0.0,0,0,0.0,0,0,0.0,0,0,0.0,0,28,0.0,0,0,0.0,0,0,0.0,0,0,0.0,3,30,0.0909,5,30,0.1429,12,33,0.2667,11,41,0.2115,5,33,0.1316,1,32,0.0303,0,0,0.0
2026-04-03 21:40:20,test_557.jpg,149,8,157,0.051,6,31,32,0,0,0.0,0,0,0.0,0,0,0.0,0,0,0.0,0,0,0.0,0,0,0.0,0,0,0.0,0,0,0.0,0,0,0.0,0,0,0.0,0,23,0.0,0,0,0.0,0,0,0.0,0,0,0.0,0,0,0.0,0,0,0.0,0,0,0.0,0,0,0.0,0,0,0.0,0,0,0.0,0,0,0.0,0,26,0.0,0,0,0.0,0,0,0.0,0,0,0.0,2,27,0.069,1,25,0.0385,0,27,0.0,5,21,0.1923,0,0,0.0,0,0,0.0,0,0,0.0
2026-04-03 21:40:20,test_558.jpg,144,29,173,0.1676,6,31,32,0,0,0.0,0,0,0.0,0,0,0.0,0,0,0.0,0,0,0.0,0,0,0.0,0,0,0.0,0,0,0.0,0,0,0.0,0,0,0.0,6,30,0.1667,0,0,0.0,0,0,0.0,0,0,0.0,0,0,0.0,0,0,0.0,0,0,0.0,0,0,0.0,0,0,0.0,0,0,0.0,0,0,0.0,6,29,0.1714,0,0,0.0,0,0,0.0,0,0,0.0,5,22,0.1852,3,22,0.12,1,22,0.0435,8,19,0.2963,0,0,0.0,0,0,0.0,0,0,0.0
2026-04-03 21:40:20,test_559.jpg,125,1,126,0.0079,6,31,32,0,0,0.0,0,0,0.0,0,0,0.0,0,0,0.0,0,0,0.0,0,0,0.0,0,0,0.0,0,0,0.0,0,0,0.0,0,0,0.0,0,11,0.0,0,0,0.0,0,0,0.0,0,0,0.0,0,0,0.0,0,0,0.0,0,0,0.0,0,0,0.0,0,0,0.0,0,0,0.0,0,0,0.0,0,31,0.0,0,0,0.0,0,0,0.0,0,0,0.0,0,23,0.0,0,20,0.0,0,23,0.0,1,17,0.0556,0,0,0.0,0,0,0.0,0,0,0.0
2026-04-03 21:40:20,test_56.jpg,146,29,175,0.1657,7,31,32,0,0,0.0,0,0,0.0,0,0,0.0,0,0,0.0,0,0,0.0,0,0,0.0,0,0,0.0,0,0,0.0,0,0,0.0,0,0,0.0,0,19,0.0,0,0,0.0,0,0,0.0,0,0,0.0,0,0,0.0,0,0,0.0,0,0,0.0,0,0,0.0,0,0,0.0,0,0,0.0,0,0,0.0,1,20,0.0476,0,0,0.0,0,0,0.0,0,0,0.0,10,33,0.2326,11,34,0.2444,4,19,0.1739,1,16,0.0588,2,5,0.2857,0,0,0.0,0,0,0.0
2026-04-03 21:40:20,test_560.jpg,196,46,242,0.1901,10,31,32,3,13,0.1875,0,0,0.0,0,0,0.0,0,0,0.0,0,0,0.0,0,0,0.0,0,0,0.0,0,0,0.0,0,0,0.0,0,0,0.0,3,20,0.1304,0,0,0.0,0,0,0.0,0,0,0.0,0,0,0.0,0,0,0.0,0,0,0.0,0,0,0.0,0,0,0.0,0,0,0.0,0,0,0.0,0,0,0.0,0,0,0.0,0,0,0.0,0,0,0.0,0,0,0.0,6,31,0.1622,5,28,0.1515,10,29,0.2564,5,18,0.2174,8,26,0.2353,6,31,0.1622
2026-04-03 21:40:20,test_561.jpg,130,45,175,0.2571,10,31,32,6,25,0.1935,0,0,0.0,0,0,0.0,0,0,0.0,0,0,0.0,0,0,0.0,0,0,0.0,0,0,0.0,0,0,0.0,0,0,0.0,8,5,0.6154,0,0,0.0,0,0,0.0,0,0,0.0,0,0,0.0,0,0,0.0,0,0,0.0,0,0,0.0,0,0,0.0,0,0,0.0,0,0,0.0,1,13,0.0714,0,0,0.0,0,0,0.0,0,0,0.0,7,11,0.3889,1,12,0.0769,0,9,0.0,5,8,0.3846,0,9,0.0,9,17,0.3462,8,21,0.2759
2026-04-03 21:40:20,test_562.jpg,136,11,147,0.0748,7,31,32,0,0,0.0,0,0,0.0,0,0,0.0,0,0,0.0,0,0,0.0,0,0,0.0,0,0,0.0,0,0,0.0,0,0,0.0,0,0,0.0,2,16,0.1111,0,0,0.0,0,0,0.0,0,0,0.0,0,0,0.0,0,0,0.0,0,0,0.0,0,0,0.0,0,0,0.0,0,0,0.0,0,0,0.0,2,19,0.0952,0,0,0.0,0,0,0.0,0,0,0.0,2,18,0.1,1,18,0.0526,1,20,0.0476,0,21,0.0,3,24,0.1111,0,0,0.0,0,0,0.0
2026-04-03 21:40:20,test_563.jpg,124,53,177,0.2994,9,31,32,0,0,0.0,0,0,0.0,0,0,0.0,0,0,0.0,0,0,0.0,0,0,0.0,0,0,0.0,0,0,0.0,0,0,0.0,0,0,0.0,0,9,0.0,0,0,0.0,0,0,0.0,0,0,0.0,0,0,0.0,0,0,0.0,0,0,0.0,0,0,0.0,0,0,0.0,0,0,0.0,0,0,0.0,0,12,0.0,0,0,0.0,0,0,0.0,0,0,0.0,1,16,0.0588,9,19,0.3214,3,14,0.1765,1,10,0.0909,16,16,0.5,12,18,0.4,11,10,0.5238
2026-04-03 21:40:20,test_564.jpg,143,25,168,0.1488,5,31,32,0,0,0.0,0,0,0.0,0,0,0.0,0,0,0.0,0,0,0.0,0,0,0.0,0,0,0.0,0,0,0.0,0,0,0.0,0,0,0.0,3,44,0.0638,0,0,0.0,0,0,0.0,0,0,0.0,0,0,0.0,0,0,0.0,0,0,0.0,0,0,0.0,0,0,0.0,0,0,0.0,0,0,0.0,4,17,0.1905,0,0,0.0,0,0,0.0,0,0,0.0,4,40,0.0909,12,21,0.3636,2,21,0.087,0,0,0.0,0,0,0.0,0,0,0.0,0,0,0.0
2026-04-03 21:40:20,test_565.jpg,217,103,320,0.3219,8,31,32,0,0,0.0,0,0,0.0,0,0,0.0,0,0,0.0,0,0,0.0,0,0,0.0,0,0,0.0,0,0,0.0,0,0,0.0,0,0,0.0,10,16,0.3846,0,0,0.0,0,0,0.0,0,0,0.0,0,0,0.0,0,0,0.0,0,0,0.0,0,0,0.0,0,0,0.0,0,0,0.0,0,0,0.0,15,30,0.3333,0,0,0.0,0,0,0.0,0,0,0.0,25,51,0.3289,22,34,0.3929,22,32,0.4074,2,21,0.087,4,23,0.1481,3,10,0.2308,0,0,0.0
2026-04-03 21:40:20,test_566.jpg,127,4,131,0.0305,6,31,32,0,0,0.0,0,0,0.0,0,0,0.0,0,0,0.0,0,0,0.0,0,0,0.0,0,0,0.0,0,0,0.0,0,0,0.0,0,0,0.0,1,26,0.037,0,0,0.0,0,0,0.0,0,0,0.0,0,0,0.0,0,0,0.0,0,0,0.0,0,0,0.0,0,0,0.0,0,0,0.0,0,0,0.0,1,20,0.0476,0,0,0.0,0,0,0.0,0,0,0.0,2,20,0.0909,0,20,0.0,0,21,0.0,0,20,0.0,0,0,0.0,0,0,0.0,0,0,0.0
2026-04-03 21:40:20,test_567.jpg,100,5,105,0.0476,5,31,32,0,0,0.0,0,0,0.0,0,0,0.0,0,0,0.0,0,0,0.0,0,0,0.0,0,0,0.0,0,0,0.0,0,0,0.0,0,0,0.0,5,29,0.1471,0,0,0.0,0,0,0.0,0,0,0.0,0,0,0.0,0,0,0.0,0,0,0.0,0,0,0.0,0,0,0.0,0,0,0.0,0,0,0.0,0,18,0.0,0,0,0.0,0,0,0.0,0,0,0.0,0,20,0.0,0,17,0.0,0,16,0.0,0,0,0.0,0,0,0.0,0,0,0.0,0,0,0.0
2026-04-03 21:40:20,test_568.jpg,143,36,179,0.2011,6,31,32,0,0,0.0,0,0,0.0,0,0,0.0,0,0,0.0,0,0,0.0,0,0,0.0,0,0,0.0,0,0,0.0,0,0,0.0,0,0,0.0,3,15,0.1667,0,0,0.0,0,0,0.0,0,0,0.0,0,0,0.0,0,0,0.0,0,0,0.0,0,0,0.0,0,0,0.0,0,0,0.0,0,0,0.0,3,23,0.1154,0,0,0.0,0,0,0.0,0,0,0.0,3,22,0.12,7,23,0.2333,10,32,0.2381,10,28,0.2632,0,0,0.0,0,0,0.0,0,0,0.0
2026-04-03 21:40:20,test_569.jpg,133,21,154,0.1364,6,31,32,0,0,0.0,0,0,0.0,0,0,0.0,0,0,0.0,0,0,0.0,0,0,0.0,0,0,0.0,0,0,0.0,0,0,0.0,0,0,0.0,0,14,0.0,0,0,0.0,0,0,0.0,0,0,0.0,0,0,0.0,0,0,0.0,0,0,0.0,0,0,0.0,0,0,0.0,0,0,0.0,0,0,0.0,0,21,0.0,0,0,0.0,0,0,0.0,0,0,0.0,0,18,0.0,1,23,0.0417,13,30,0.3023,7,27,0.2059,0,0,0.0,0,0,0.0,0,0,0.0
2026-04-03 21:40:20,test_57.jpg,135,60,195,0.3077,6,31,32,0,0,0.0,0,0,0.0,0,0,0.0,0,0,0.0,0,0,0.0,0,0,0.0,0,0,0.0,0,0,0.0,0,0,0.0,0,0,0.0,10,14,0.4167,0,0,0.0,0,0,0.0,0,0,0.0,0,0,0.0,0,0,0.0,0,0,0.0,0,0,0.0,0,0,0.0,0,0,0.0,0,0,0.0,6,20,0.2308,0,0,0.0,0,0,0.0,0,0,0.0,2,21,0.087,7,26,0.2121,15,29,0.3409,20,25,0.4444,0,0,0.0,0,0,0.0,0,0,0.0
2026-04-03 21:40:20,test_570.jpg,143,10,153,0.0654,7,31,32,0,0,0.0,0,0,0.0,0,0,0.0,0,0,0.0,0,0,0.0,0,0,0.0,0,0,0.0,0,0,0.0,0,0,0.0,0,0,0.0,0,16,0.0,0,0,0.0,0,0,0.0,0,0,0.0,0,0,0.0,0,0,0.0,0,0,0.0,0,0,0.0,0,0,0.0,0,0,0.0,0,0,0.0,4,15,0.2105,0,0,0.0,0,0,0.0,0,0,0.0,0,26,0.0,2,25,0.0741,3,21,0.125,1,30,0.0323,0,10,0.0,0,0,0.0,0,0,0.0
2026-04-03 21:40:20,test_571.jpg,133,4,137,0.0292,10,31,32,0,0,0.0,0,0,0.0,0,0,0.0,0,0,0.0,0,0,0.0,0,0,0.0,0,0,0.0,0,0,0.0,0,0,0.0,0,0,0.0,0,2,0.0,0,0,0.0,0,0,0.0,0,0,0.0,0,0,0.0,0,0,0.0,0,0,0.0,0,0,0.0,0,0,0.0,0,0,0.0,0,0,0.0,2,21,0.087,0,0,0.0,0,0,0.0,0,0,0.0,0,12,0.0,0,13,0.0,0,13,0.0,0,9,0.0,0,13,0.0,0,13,0.0,2,37,0.0513
2026-04-03 21:40:20,test_572.jpg,134,31,165,0.1879,6,31,32,0,0,0.0,0,0,0.0,0,0,0.0,0,0,0.0,0,0,0.0,0,0,0.0,0,0,0.0,0,0,0.0,0,0,0.0,0,0,0.0,0,18,0.0,0,0,0.0,0,0,0.0,0,0,0.0,0,0,0.0,0,0,0.0,0,0,0.0,0,0,0.0,0,0,0.0,0,0,0.0,0,0,0.0,8,22,0.2667,0,0,0.0,0,0,0.0,0,0,0.0,0,27,0.0,1,25,0.0385,13,26,0.3333,9,16,0.36,0,0,0.0,0,0,0.0,0,0,0.0
2026-04-03 21:40:20,test_573.jpg,106,18,124,0.1452,6,31,32,0,0,0.0,0,0,0.0,0,0,0.0,0,0,0.0,0,0,0.0,0,0,0.0,0,0,0.0,0,0,0.0,0,0,0.0,0,0,0.0,1,16,0.0588,0,0,0.0,0,0,0.0,0,0,0.0,0,0,0.0,0,0,0.0,0,0,0.0,0,0,0.0,0,0,0.0,0,0,0.0,0,0,0.0,0,20,0.0,0,0,0.0,0,0,0.0,0,0,0.0,0,22,0.0,3,14,0.1765,4,11,0.2667,10,23,0.303,0,0,0.0,0,0,0.0,0,0,0.0
2026-04-03 21:40:20,test_574.jpg,297,66,363,0.1818,15,31,32,8,18,0.3077,0,16,0.0,4,18,0.1818,1,14,0.0667,9,10,0.4737,2,14,0.125,0,0,0.0,0,0,0.0,0,0,0.0,0,0,0.0,6,12,0.3333,0,0,0.0,0,0,0.0,0,0,0.0,0,0,0.0,0,0,0.0,0,0,0.0,0,0,0.0,0,0,0.0,0,0,0.0,0,0,0.0,0,16,0.0,0,0,0.0,0,0,0.0,0,0,0.0,9,26,0.2571,0,14,0.0,16,25,0.3902,3,38,0.0732,6,39,0.1333,2,20,0.0909,0,17,0.0
2026-04-03 21:40:20,test_575.jpg,139,31,170,0.1824,6,31,32,0,0,0.0,0,0,0.0,0,0,0.0,0,0,0.0,0,0,0.0,0,0,0.0,0,0,0.0,0,0,0.0,0,0,0.0,0,0,0.0,2,22,0.0833,0,0,0.0,0,0,0.0,0,0,0.0,0,0,0.0,0,0,0.0,0,0,0.0,0,0,0.0,0,0,0.0,0,0,0.0,0,0,0.0,2,21,0.087,0,0,0.0,0,0,0.0,0,0,0.0,1,21,0.0455,11,31,0.2619,8,23,0.2581,7,21,0.25,0,0,0.0,0,0,0.0,0,0,0.0
2026-04-03 21:40:20,test_576.jpg,145,30,175,0.1714,6,31,32,0,0,0.0,0,0,0.0,0,0,0.0,0,0,0.0,0,0,0.0,0,0,0.0,0,0,0.0,0,0,0.0,0,0,0.0,0,0,0.0,6,19,0.24,0,0,0.0,0,0,0.0,0,0,0.0,0,0,0.0,0,0,0.0,0,0,0.0,0,0,0.0,0,0,0.0,0,0,0.0,0,0,0.0,3,26,0.1034,0,0,0.0,0,0,0.0,0,0,0.0,1,26,0.037,9,31,0.225,3,17,0.15,8,26,0.2353,0,0,0.0,0,0,0.0,0,0,0.0
2026-04-03 21:40:20,test_577.jpg,134,10,144,0.0694,12,31,32,0,24,0.0,0,11,0.0,2,11,0.1538,0,0,0.0,0,0,0.0,0,0,0.0,0,0,0.0,0,0,0.0,0,0,0.0,0,0,0.0,1,11,0.0833,0,0,0.0,0,0,0.0,0,0,0.0,0,0,0.0,0,0,0.0,0,0,0.0,0,0,0.0,0,0,0.0,0,0,0.0,0,0,0.0,2,9,0.1818,0,0,0.0,0,0,0.0,0,0,0.0,0,10,0.0,0,11,0.0,0,9,0.0,1,8,0.1111,3,10,0.2308,1,10,0.0909,0,10,0.0
2026-04-03 21:40:20,test_578.jpg,211,28,239,0.1172,8,31,32,0,0,0.0,0,0,0.0,0,0,0.0,0,0,0.0,0,0,0.0,0,0,0.0,0,0,0.0,0,0,0.0,0,0,0.0,0,0,0.0,0,0,0.0,0,0,0.0,0,0,0.0,0,0,0.0,0,0,0.0,0,0,0.0,0,0,0.0,0,0,0.0,0,0,0.0,0,0,0.0,0,0,0.0,5,45,0.1,0,0,0.0,0,0,0.0,0,0,0.0,1,23,0.0417,3,33,0.0833,2,24,0.0769,5,24,0.1724,12,56,0.1765,0,6,0.0,0,0,0.0
2026-04-03 21:40:20,test_579.jpg,134,19,153,0.1242,6,31,32,0,0,0.0,0,0,0.0,0,0,0.0,0,0,0.0,0,0,0.0,0,0,0.0,0,0,0.0,0,0,0.0,0,0,0.0,0,0,0.0,1,28,0.0345,0,0,0.0,0,0,0.0,0,0,0.0,0,0,0.0,0,0,0.0,0,0,0.0,0,0,0.0,0,0,0.0,0,0,0.0,0,0,0.0,6,28,0.1765,0,0,0.0,0,0,0.0,0,0,0.0,2,32,0.0588,2,18,0.1,7,14,0.3333,1,14,0.0667,0,0,0.0,0,0,0.0,0,0,0.0
2026-04-03 21:40:20,test_58.jpg,124,23,147,0.1565,10,31,32,1,17,0.0556,0,0,0.0,0,0,0.0,0,0,0.0,0,0,0.0,0,0,0.0,0,0,0.0,0,0,0.0,0,0,0.0,0,0,0.0,0,13,0.0,0,0,0.0,0,0,0.0,0,0,0.0,0,0,0.0,0,0,0.0,0,0,0.0,0,0,0.0,0,0,0.0,0,0,0.0,0,0,0.0,2,8,0.2,0,0,0.0,0,0,0.0,0,0,0.0,3,9,0.25,0,16,0.0,4,13,0.2353,5,13,0.2778,1,11,0.0833,3,7,0.3,4,17,0.1905
2026-04-03 21:40:20,test_580.jpg,128,78,206,0.3786,6,31,32,0,0,0.0,0,0,0.0,0,0,0.0,0,0,0.0,0,0,0.0,0,0,0.0,0,0,0.0,0,0,0.0,0,0,0.0,0,0,0.0,0,18,0.0,0,0,0.0,0,0,0.0,0,0,0.0,0,0,0.0,0,0,0.0,0,0,0.0,0,0,0.0,0,0,0.0,0,0,0.0,0,0,0.0,4,16,0.2,0,0,0.0,0,0,0.0,0,0,0.0,3,17,0.15,16,17,0.4848,40,41,0.4938,15,19,0.4412,0,0,0.0,0,0,0.0,0,0,0.0
2026-04-03 21:40:20,test_581.jpg,259,33,292,0.113,17,31,32,0,16,0.0,4,13,0.2353,0,15,0.0,2,14,0.125,0,14,0.0,4,15,0.2105,0,13,0.0,10,14,0.4167,0,0,0.0,0,0,0.0,0,10,0.0,0,0,0.0,0,0,0.0,0,0,0.0,0,0,0.0,0,0,0.0,0,0,0.0,0,0,0.0,0,0,0.0,0,0,0.0,0,0,0.0,3,16,0.1579,0,0,0.0,0,0,0.0,0,0,0.0,0,13,0.0,4,16,0.2,1,14,0.0667,1,16,0.0588,0,16,0.0,3,30,0.0909,1,14,0.0667
2026-04-03 21:40:20,test_582.jpg,138,13,151,0.0861,6,31,32,0,0,0.0,0,0,0.0,0,0,0.0,0,0,0.0,0,0,0.0,0,0,0.0,0,0,0.0,0,0,0.0,0,0,0.0,0,0,0.0,0,15,0.0,0,0,0.0,0,0,0.0,0,0,0.0,0,0,0.0,0,0,0.0,0,0,0.0,0,0,0.0,0,0,0.0,0,0,0.0,0,0,0.0,0,20,0.0,0,0,0.0,0,0,0.0,0,0,0.0,1,18,0.0526,2,25,0.0741,2,26,0.0714,8,34,0.1905,0,0,0.0,0,0,0.0,0,0,0.0
2026-04-03 21:40:20,test_583.jpg,127,32,159,0.2013,9,31,32,0,0,0.0,0,0,0.0,0,0,0.0,0,0,0.0,0,0,0.0,0,0,0.0,0,0,0.0,0,0,0.0,0,0,0.0,0,0,0.0,0,19,0.0,0,0,0.0,0,0,0.0,0,0,0.0,0,0,0.0,0,0,0.0,0,0,0.0,0,0,0.0,0,0,0.0,0,0,0.0,0,0,0.0,14,30,0.3182,0,0,0.0,0,0,0.0,0,0,0.0,2,21,0.087,3,9,0.25,1,7,0.125,4,11,0.2667,2,7,0.2222,6,14,0.3,0,9,0.0
2026-04-03 21:40:20,test_584.jpg,202,10,212,0.0472,9,31,32,0,0,0.0,0,0,0.0,0,0,0.0,0,0,0.0,0,0,0.0,0,0,0.0,0,0,0.0,0,0,0.0,0,0,0.0,0,0,0.0,1,24,0.04,0,0,0.0,0,0,0.0,0,0,0.0,0,0,0.0,0,0,0.0,0,0,0.0,0,0,0.0,0,0,0.0,0,0,0.0,0,0,0.0,3,26,0.1034,0,0,0.0,0,0,0.0,0,0,0.0,1,20,0.0476,2,21,0.087,3,22,0.12,0,21,0.0,0,26,0.0,0,39,0.0,0,3,0.0
2026-04-03 21:40:20,test_585.jpg,162,22,184,0.1196,7,31,32,0,0,0.0,0,0,0.0,0,0,0.0,0,0,0.0,0,0,0.0,0,0,0.0,0,0,0.0,0,0,0.0,0,0,0.0,0,0,0.0,1,21,0.0455,0,0,0.0,0,0,0.0,0,0,0.0,0,0,0.0,0,0,0.0,0,0,0.0,0,0,0.0,0,0,0.0,0,0,0.0,0,0,0.0,5,31,0.1389,0,0,0.0,0,0,0.0,0,0,0.0,7,21,0.25,1,17,0.0556,0,20,0.0,5,31,0.1389,3,21,0.125,0,0,0.0,0,0,0.0
2026-04-03 21:40:20,test_586.jpg,201,22,223,0.0987,5,31,32,0,0,0.0,0,0,0.0,0,0,0.0,0,0,0.0,0,0,0.0,0,0,0.0,0,0,0.0,0,0,0.0,0,0,0.0,0,0,0.0,0,0,0.0,0,0,0.0,0,0,0.0,0,0,0.0,0,0,0.0,0,0,0.0,0,0,0.0,0,0,0.0,0,0,0.0,0,0,0.0,0,0,0.0,11,84,0.1158,0,0,0.0,0,0,0.0,0,0,0.0,6,43,0.1224,5,74,0.0633,0,0,0.0,0,0,0.0,0,0,0.0,0,0,0.0,0,0,0.0
2026-04-03 21:40:20,test_587.jpg,199,43,242,0.1777,8,31,32,0,0,0.0,0,0,0.0,0,0,0.0,0,0,0.0,0,0,0.0,0,0,0.0,0,0,0.0,0,0,0.0,0,0,0.0,0,0,0.0,0,19,0.0,0,0,0.0,0,0,0.0,0,0,0.0,0,0,0.0,0,0,0.0,0,0,0.0,0,0,0.0,0,0,0.0,0,0,0.0,0,0,0.0,4,22,0.1538,0,0,0.0,0,0,0.0,0,0,0.0,1,25,0.0385,2,27,0.069,9,26,0.2571,14,29,0.3256,4,25,0.1379,9,26,0.2571,0,0,0.0
2026-04-03 21:40:20,test_588.jpg,200,64,264,0.2424,11,31,32,12,24,0.3333,9,22,0.2903,0,0,0.0,0,0,0.0,0,0,0.0,0,0,0.0,0,0,0.0,0,0,0.0,0,0,0.0,0,0,0.0,3,23,0.1154,0,0,0.0,0,0,0.0,0,0,0.0,0,0,0.0,0,0,0.0,0,0,0.0,0,0,0.0,0,0,0.0,0,0,0.0,0,0,0.0,16,20,0.4444,0,0,0.0,0,0,0.0,0,0,0.0,8,10,0.4444,0,13,0.0,3,19,0.1364,4,25,0.1379,9,12,0.4286,0,11,0.0,0,21,0.0
2026-04-03 21:40:20,test_589.jpg,165,51,216,0.2361,11,31,32,11,22,0.3333,3,16,0.1579,0,0,0.0,0,0,0.0,0,0,0.0,0,0,0.0,0,0,0.0,0,0,0.0,0,0,0.0,0,0,0.0,0,6,0.0,0,0,0.0,0,0,0.0,0,0,0.0,0,0,0.0,0,0,0.0,0,0,0.0,0,0,0.0,0,0,0.0,0,0,0.0,0,0,0.0,3,13,0.1875,0,0,0.0,0,0,0.0,0,0,0.0,0,13,0.0,8,9,0.4706,5,11,0.3125,0,14,0.0,0,2,0.0,4,22,0.1538,17,37,0.3148
2026-04-03 21:40:20,test_59.jpg,192,75,267,0.2809,5,31,32,0,0,0.0,0,0,0.0,0,0,0.0,0,0,0.0,0,0,0.0,0,0,0.0,0,0,0.0,0,0,0.0,0,0,0.0,0,0,0.0,9,22,0.2903,0,0,0.0,0,0,0.0,0,0,0.0,0,0,0.0,0,0,0.0,0,0,0.0,0,0,0.0,0,0,0.0,0,0,0.0,0,0,0.0,8,24,0.25,0,0,0.0,0,0,0.0,0,0,0.0,15,39,0.2778,27,50,0.3506,16,57,0.2192,0,0,0.0,0,0,0.0,0,0,0.0,0,0,0.0
2026-04-03 21:40:20,test_590.jpg,283,74,357,0.2073,15,31,32,0,19,0.0,3,18,0.1429,5,15,0.25,17,60,0.2208,17,57,0.2297,13,46,0.2203,0,0,0.0,0,0,0.0,0,0,0.0,0,0,0.0,1,3,0.25,0,0,0.0,0,0,0.0,0,0,0.0,0,0,0.0,0,0,0.0,0,0,0.0,0,0,0.0,0,0,0.0,0,0,0.0,0,0,0.0,0,15,0.0,0,0,0.0,0,0,0.0,0,0,0.0,0,0,0.0,0,3,0.0,3,11,0.2143,0,9,0.0,0,1,0.0,2,11,0.1538,13,15,0.4643
2026-04-03 21:40:20,test_591.jpg,130,11,141,0.078,7,31,32,0,0,0.0,0,0,0.0,0,0,0.0,0,0,0.0,0,0,0.0,0,0,0.0,0,0,0.0,0,0,0.0,0,0,0.0,0,0,0.0,1,16,0.0588,0,0,0.0,0,0,0.0,0,0,0.0,0,0,0.0,0,0,0.0,0,0,0.0,0,0,0.0,0,0,0.0,0,0,0.0,0,0,0.0,0,16,0.0,0,0,0.0,0,0,0.0,0,0,0.0,0,18,0.0,0,17,0.0,0,11,0.0,0,16,0.0,10,36,0.2174,0,0,0.0,0,0,0.0
2026-04-03 21:40:20,test_592.jpg,131,30,161,0.1863,6,31,32,0,0,0.0,0,0,0.0,0,0,0.0,0,0,0.0,0,0,0.0,0,0,0.0,0,0,0.0,0,0,0.0,0,0,0.0,0,0,0.0,0,16,0.0,0,0,0.0,0,0,0.0,0,0,0.0,0,0,0.0,0,0,0.0,0,0,0.0,0,0,0.0,0,0,0.0,0,0,0.0,0,0,0.0,4,14,0.2222,0,0,0.0,0,0,0.0,0,0,0.0,4,25,0.1379,10,20,0.3333,8,27,0.2286,4,29,0.1212,0,0,0.0,0,0,0.0,0,0,0.0
2026-04-03 21:40:20,test_593.jpg,118,25,143,0.1748,4,31,32,0,0,0.0,0,0,0.0,0,0,0.0,0,0,0.0,0,0,0.0,0,0,0.0,0,0,0.0,0,0,0.0,0,0,0.0,0,0,0.0,6,16,0.2727,0,0,0.0,0,0,0.0,0,0,0.0,0,0,0.0,0,0,0.0,0,0,0.0,0,0,0.0,0,0,0.0,0,0,0.0,0,0,0.0,8,31,0.2051,0,0,0.0,0,0,0.0,0,0,0.0,11,38,0.2245,0,33,0.0,0,0,0.0,0,0,0.0,0,0,0.0,0,0,0.0,0,0,0.0
2026-04-03 21:40:20,test_594.jpg,135,2,137,0.0146,7,31,32,0,0,0.0,0,0,0.0,0,0,0.0,0,0,0.0,0,0,0.0,0,0,0.0,0,0,0.0,0,0,0.0,0,0,0.0,0,0,0.0,0,19,0.0,0,0,0.0,0,0,0.0,0,0,0.0,0,0,0.0,0,0,0.0,0,0,0.0,0,0,0.0,0,0,0.0,0,0,0.0,0,0,0.0,0,20,0.0,0,0,0.0,0,0,0.0,0,0,0.0,0,18,0.0,0,20,0.0,0,19,0.0,0,19,0.0,2,20,0.0909,0,0,0.0,0,0,0.0
2026-04-03 21:40:20,test_595.jpg,161,23,184,0.125,6,31,32,0,0,0.0,0,0,0.0,0,0,0.0,0,0,0.0,0,0,0.0,0,0,0.0,0,0,0.0,0,0,0.0,0,0,0.0,0,0,0.0,2,24,0.0769,0,0,0.0,0,0,0.0,0,0,0.0,0,0,0.0,0,0,0.0,0,0,0.0,0,0,0.0,0,0,0.0,0,0,0.0,0,0,0.0,5,20,0.2,0,0,0.0,0,0,0.0,0,0,0.0,4,23,0.1481,4,32,0.1111,4,37,0.0976,4,25,0.1379,0,0,0.0,0,0,0.0,0,0,0.0
2026-04-03 21:40:20,test_596.jpg,155,108,263,0.4106,4,31,32,0,0,0.0,0,0,0.0,0,0,0.0,0,0,0.0,0,0,0.0,0,0,0.0,0,0,0.0,0,0,0.0,0,0,0.0,0,0,0.0,7,15,0.3182,0,0,0.0,0,0,0.0,0,0,0.0,0,0,0.0,0,0,0.0,0,0,0.0,0,0,0.0,0,0,0.0,0,0,0.0,0,0,0.0,13,54,0.194,0,0,0.0,0,0,0.0,0,0,0.0,66,63,0.5116,22,23,0.4889,0,0,0.0,0,0,0.0,0,0,0.0,0,0,0.0,0,0,0.0
2026-04-03 21:40:20,test_597.jpg,137,23,160,0.1437,5,31,32,0,0,0.0,0,0,0.0,0,0,0.0,0,0,0.0,0,0,0.0,0,0,0.0,0,0,0.0,0,0,0.0,0,0,0.0,0,0,0.0,1,19,0.05,0,0,0.0,0,0,0.0,0,0,0.0,0,0,0.0,0,0,0.0,0,0,0.0,0,0,0.0,0,0,0.0,0,0,0.0,0,0,0.0,0,22,0.0,0,0,0.0,0,0,0.0,0,0,0.0,0,26,0.0,6,41,0.1277,16,29,0.3556,0,0,0.0,0,0,0.0,0,0,0.0,0,0,0.0
2026-04-03 21:40:20,test_598.jpg,220,62,282,0.2199,10,31,32,15,16,0.4839,0,0,0.0,0,0,0.0,0,0,0.0,0,0,0.0,0,0,0.0,0,0,0.0,0,0,0.0,0,0,0.0,0,0,0.0,3,5,0.375,0,0,0.0,0,0,0.0,0,0,0.0,0,0,0.0,0,0,0.0,0,0,0.0,0,0,0.0,0,0,0.0,0,0,0.0,0,0,0.0,4,28,0.125,0,0,0.0,0,0,0.0,0,0,0.0,9,28,0.2432,3,33,0.0833,3,16,0.1579,4,13,0.2353,3,20,0.1304,4,26,0.1333,14,35,0.2857
2026-04-03 21:40:20,test_599.jpg,198,12,210,0.0571,6,31,32,0,0,0.0,0,0,0.0,0,0,0.0,0,0,0.0,0,0,0.0,0,0,0.0,0,0,0.0,0,0,0.0,0,0,0.0,0,0,0.0,0,16,0.0,0,0,0.0,0,0,0.0,0,0,0.0,0,0,0.0,0,0,0.0,0,0,0.0,0,0,0.0,0,0,0.0,0,0,0.0,0,0,0.0,0,19,0.0,0,0,0.0,0,0,0.0,0,0,0.0,1,27,0.0357,0,32,0.0,9,52,0.1475,2,52,0.037,0,0,0.0,0,0,0.0,0,0,0.0
2026-04-03 21:40:20,test_6.jpg,198,39,237,0.1646,11,31,32,4,41,0.0889,0,2,0.0,0,0,0.0,0,0,0.0,0,0,0.0,0,0,0.0,0,0,0.0,0,0,0.0,0,0,0.0,0,0,0.0,0,2,0.0,0,0,0.0,0,0,0.0,0,0,0.0,0,0,0.0,0,0,0.0,0,0,0.0,0,0,0.0,0,0,0.0,0,0,0.0,0,0,0.0,5,18,0.2174,0,0,0.0,0,0,0.0,0,0,0.0,2,26,0.0714,2,14,0.125,4,19,0.1739,15,28,0.3488,3,17,0.15,1,16,0.0588,3,15,0.1667
2026-04-03 21:40:20,test_60.jpg,136,15,151,0.0993,7,31,32,0,0,0.0,0,0,0.0,0,0,0.0,0,0,0.0,0,0,0.0,0,0,0.0,0,0,0.0,0,0,0.0,0,0,0.0,0,0,0.0,1,14,0.0667,0,0,0.0,0,0,0.0,0,0,0.0,0,0,0.0,0,0,0.0,0,0,0.0,0,0,0.0,0,0,0.0,0,0,0.0,0,0,0.0,1,15,0.0625,0,0,0.0,0,0,0.0,0,0,0.0,0,17,0.0,2,17,0.1053,0,23,0.0,10,32,0.2381,1,18,0.0526,0,0,0.0,0,0,0.0
2026-04-03 21:40:20,test_600.jpg,132,23,155,0.1484,23,31,32,1,2,0.3333,5,9,0.3571,0,4,0.0,0,6,0.0,0,6,0.0,0,6,0.0,0,4,0.0,0,5,0.0,0,5,0.0,8,15,0.3478,0,4,0.0,3,8,0.2727,2,7,0.2222,3,6,0.3333,0,11,0.0,0,0,0.0,0,0,0.0,0,0,0.0,0,0,0.0,0,0,0.0,0,0,0.0,0,0,0.0,0,0,0.0,0,0,0.0,0,0,0.0,0,0,0.0,0,0,0.0,1,10,0.0909,0,5,0.0,0,6,0.0,0,6,0.0,0,7,0.0
2026-04-03 21:40:20,test_601.jpg,170,50,220,0.2273,9,31,32,0,0,0.0,0,0,0.0,0,0,0.0,0,0,0.0,0,0,0.0,0,0,0.0,0,0,0.0,0,0,0.0,0,0,0.0,0,0,0.0,0,18,0.0,0,0,0.0,0,0,0.0,0,0,0.0,0,0,0.0,0,0,0.0,0,0,0.0,0,0,0.0,0,0,0.0,0,0,0.0,0,0,0.0,1,21,0.0455,0,0,0.0,0,0,0.0,0,0,0.0,9,27,0.25,6,25,0.1935,7,18,0.28,2,19,0.0952,15,21,0.4167,7,12,0.3684,3,9,0.25
2026-04-03 21:40:20,test_602.jpg,146,26,172,0.1512,7,31,32,0,0,0.0,0,0,0.0,0,0,0.0,0,0,0.0,0,0,0.0,0,0,0.0,0,0,0.0,0,0,0.0,0,0,0.0,0,0,0.0,0,16,0.0,0,0,0.0,0,0,0.0,0,0,0.0,0,0,0.0,0,0,0.0,0,0,0.0,0,0,0.0,0,0,0.0,0,0,0.0,0,0,0.0,2,15,0.1176,0,0,0.0,0,0,0.0,0,0,0.0,1,19,0.05,2,22,0.0833,6,23,0.2069,8,30,0.2105,7,21,0.25,0,0,0.0,0,0,0.0
2026-04-03 21:40:20,test_603.jpg,139,21,160,0.1313,8,31,32,0,0,0.0,0,0,0.0,0,0,0.0,0,0,0.0,0,0,0.0,0,0,0.0,0,0,0.0,0,0,0.0,0,0,0.0,0,0,0.0,2,17,0.1053,0,0,0.0,0,0,0.0,0,0,0.0,0,0,0.0,0,0,0.0,0,0,0.0,0,0,0.0,0,0,0.0,0,0,0.0,0,0,0.0,1,14,0.0667,0,0,0.0,0,0,0.0,0,0,0.0,6,19,0.24,3,21,0.125,6,21,0.2222,0,13,0.0,3,21,0.125,0,13,0.0,0,0,0.0
2026-04-03 21:40:20,test_604.jpg,176,20,196,0.102,12,31,32,0,22,0.0,11,19,0.3667,0,0,0.0,0,0,0.0,0,0,0.0,0,0,0.0,0,0,0.0,0,0,0.0,0,0,0.0,0,0,0.0,0,0,0.0,0,0,0.0,0,0,0.0,0,0,0.0,0,0,0.0,0,0,0.0,0,0,0.0,0,0,0.0,0,0,0.0,0,0,0.0,0,0,0.0,6,43,0.1224,0,0,0.0,0,0,0.0,0,0,0.0,1,14,0.0667,1,14,0.0667,0,12,0.0,0,12,0.0,0,13,0.0,1,14,0.0667,0,13,0.0
2026-04-03 21:40:20,test_605.jpg,171,73,244,0.2992,10,31,32,0,4,0.0,0,0,0.0,0,0,0.0,0,0,0.0,0,0,0.0,0,0,0.0,0,0,0.0,0,0,0.0,0,0,0.0,0,0,0.0,9,20,0.3103,0,0,0.0,0,0,0.0,0,0,0.0,0,0,0.0,0,0,0.0,0,0,0.0,0,0,0.0,0,0,0.0,0,0,0.0,0,0,0.0,4,8,0.3333,0,0,0.0,0,0,0.0,0,0,0.0,5,11,0.3125,9,26,0.2571,6,22,0.2143,3,11,0.2143,6,13,0.3158,18,28,0.3913,13,28,0.3171
2026-04-03 21:40:20,test_606.jpg,173,36,209,0.1722,9,31,32,0,0,0.0,0,0,0.0,0,0,0.0,0,0,0.0,0,0,0.0,0,0,0.0,0,0,0.0,0,0,0.0,0,0,0.0,0,0,0.0,0,12,0.0,0,0,0.0,0,0,0.0,0,0,0.0,0,0,0.0,0,0,0.0,0,0,0.0,0,0,0.0,0,0,0.0,0,0,0.0,0,0,0.0,3,9,0.25,0,0,0.0,0,0,0.0,0,0,0.0,1,19,0.05,4,22,0.1538,6,24,0.2,1,14,0.0667,9,20,0.3103,11,33,0.25,1,20,0.0476
2026-04-03 21:40:20,test_607.jpg,127,6,133,0.0451,7,31,32,0,0,0.0,0,0,0.0,0,0,0.0,0,0,0.0,0,0,0.0,0,0,0.0,0,0,0.0,0,0,0.0,0,0,0.0,0,0,0.0,0,17,0.0,0,0,0.0,0,0,0.0,0,0,0.0,0,0,0.0,0,0,0.0,0,0,0.0,0,0,0.0,0,0,0.0,0,0,0.0,0,0,0.0,0,19,0.0,0,0,0.0,0,0,0.0,0,0,0.0,0,16,0.0,1,18,0.0526,4,20,0.1667,1,27,0.0357,0,10,0.0,0,0,0.0,0,0,0.0
2026-04-03 21:40:20,test_608.jpg,105,30,135,0.2222,7,31,32,0,0,0.0,0,0,0.0,0,0,0.0,0,0,0.0,0,0,0.0,0,0,0.0,0,0,0.0,0,0,0.0,0,0,0.0,0,0,0.0,0,12,0.0,0,0,0.0,0,0,0.0,0,0,0.0,0,0,0.0,0,0,0.0,0,0,0.0,0,0,0.0,0,0,0.0,0,0,0.0,0,0,0.0,8,16,0.3333,0,0,0.0,0,0,0.0,0,0,0.0,4,12,0.25,5,20,0.2,0,15,0.0,13,28,0.3171,0,2,0.0,0,0,0.0,0,0,0.0
2026-04-03 21:40:20,test_609.jpg,149,39,188,0.2074,10,31,32,7,16,0.3043,0,0,0.0,0,0,0.0,0,0,0.0,0,0,0.0,0,0,0.0,0,0,0.0,0,0,0.0,0,0,0.0,0,0,0.0,6,22,0.2143,0,0,0.0,0,0,0.0,0,0,0.0,0,0,0.0,0,0,0.0,0,0,0.0,0,0,0.0,0,0,0.0,0,0,0.0,0,0,0.0,4,15,0.2105,0,0,0.0,0,0,0.0,0,0,0.0,3,15,0.1667,0,13,0.0,2,14,0.125,5,13,0.2778,0,11,0.0,2,16,0.1111,10,14,0.4167
2026-04-03 21:40:20,test_61.jpg,128,16,144,0.1111,6,31,32,0,0,0.0,0,0,0.0,0,0,0.0,0,0,0.0,0,0,0.0,0,0,0.0,0,0,0.0,0,0,0.0,0,0,0.0,0,0,0.0,0,19,0.0,0,0,0.0,0,0,0.0,0,0,0.0,0,0,0.0,0,0,0.0,0,0,0.0,0,0,0.0,0,0,0.0,0,0,0.0,0,0,0.0,0,23,0.0,0,0,0.0,0,0,0.0,0,0,0.0,7,21,0.25,9,24,0.2727,0,23,0.0,0,18,0.0,0,0,0.0,0,0,0.0,0,0,0.0
2026-04-03 21:40:20,test_610.jpg,148,40,188,0.2128,11,31,32,0,16,0.0,7,29,0.1944,0,0,0.0,0,0,0.0,0,0,0.0,0,0,0.0,0,0,0.0,0,0,0.0,0,0,0.0,0,0,0.0,3,6,0.3333,0,0,0.0,0,0,0.0,0,0,0.0,0,0,0.0,0,0,0.0,0,0,0.0,0,0,0.0,0,0,0.0,0,0,0.0,0,0,0.0,5,9,0.3571,0,0,0.0,0,0,0.0,0,0,0.0,2,12,0.1429,11,21,0.3438,11,18,0.3793,1,8,0.1111,0,10,0.0,0,7,0.0,0,12,0.0
2026-04-03 21:40:20,test_611.jpg,211,31,242,0.1281,8,31,32,0,0,0.0,0,0,0.0,0,0,0.0,0,0,0.0,0,0,0.0,0,0,0.0,0,0,0.0,0,0,0.0,0,0,0.0,0,0,0.0,0,18,0.0,0,0,0.0,0,0,0.0,0,0,0.0,0,0,0.0,0,0,0.0,0,0,0.0,0,0,0.0,0,0,0.0,0,0,0.0,0,0,0.0,2,20,0.0909,0,0,0.0,0,0,0.0,0,0,0.0,0,22,0.0,0,25,0.0,4,21,0.16,4,23,0.1481,21,60,0.2593,0,22,0.0,0,0,0.0
2026-04-03 21:40:20,test_612.jpg,145,33,178,0.1854,5,31,32,0,0,0.0,0,0,0.0,0,0,0.0,0,0,0.0,0,0,0.0,0,0,0.0,0,0,0.0,0,0,0.0,0,0,0.0,0,0,0.0,6,20,0.2308,0,0,0.0,0,0,0.0,0,0,0.0,0,0,0.0,0,0,0.0,0,0,0.0,0,0,0.0,0,0,0.0,0,0,0.0,0,0,0.0,1,22,0.0435,0,0,0.0,0,0,0.0,0,0,0.0,8,44,0.1538,12,36,0.25,6,23,0.2069,0,0,0.0,0,0,0.0,0,0,0.0,0,0,0.0
2026-04-03 21:40:20,test_613.jpg,137,43,180,0.2389,6,31,32,0,0,0.0,0,0,0.0,0,0,0.0,0,0,0.0,0,0,0.0,0,0,0.0,0,0,0.0,0,0,0.0,0,0,0.0,0,0,0.0,2,20,0.0909,0,0,0.0,0,0,0.0,0,0,0.0,0,0,0.0,0,0,0.0,0,0,0.0,0,0,0.0,0,0,0.0,0,0,0.0,0,0,0.0,10,22,0.3125,0,0,0.0,0,0,0.0,0,0,0.0,5,31,0.1389,10,30,0.25,10,19,0.3448,6,15,0.2857,0,0,0.0,0,0,0.0,0,0,0.0
2026-04-03 21:40:20,test_614.jpg,175,6,181,0.0331,6,31,32,0,0,0.0,0,0,0.0,0,0,0.0,0,0,0.0,0,0,0.0,0,0,0.0,0,0,0.0,0,0,0.0,0,0,0.0,0,0,0.0,1,29,0.0333,0,0,0.0,0,0,0.0,0,0,0.0,0,0,0.0,0,0,0.0,0,0,0.0,0,0,0.0,0,0,0.0,0,0,0.0,0,0,0.0,3,29,0.0938,0,0,0.0,0,0,0.0,0,0,0.0,2,29,0.0645,0,32,0.0,0,31,0.0,0,25,0.0,0,0,0.0,0,0,0.0,0,0,0.0
2026-04-03 21:40:20,test_615.jpg,123,23,146,0.1575,7,31,32,0,0,0.0,0,0,0.0,0,0,0.0,0,0,0.0,0,0,0.0,0,0,0.0,0,0,0.0,0,0,0.0,0,0,0.0,0,0,0.0,0,15,0.0,0,0,0.0,0,0,0.0,0,0,0.0,0,0,0.0,0,0,0.0,0,0,0.0,0,0,0.0,0,0,0.0,0,0,0.0,0,0,0.0,4,17,0.1905,0,0,0.0,0,0,0.0,0,0,0.0,2,20,0.0909,1,16,0.0588,8,18,0.3077,4,27,0.129,4,10,0.2857,0,0,0.0,0,0,0.0
2026-04-03 21:40:20,test_616.jpg,141,34,175,0.1943,8,31,32,0,0,0.0,0,0,0.0,0,0,0.0,0,0,0.0,0,0,0.0,0,0,0.0,0,0,0.0,0,0,0.0,0,0,0.0,0,0,0.0,2,10,0.1667,0,0,0.0,0,0,0.0,0,0,0.0,0,0,0.0,0,0,0.0,0,0,0.0,0,0,0.0,0,0,0.0,0,0,0.0,0,0,0.0,3,16,0.1579,0,0,0.0,0,0,0.0,0,0,0.0,4,15,0.2105,4,18,0.1818,13,20,0.3939,0,24,0.0,5,16,0.2381,3,22,0.12,0,0,0.0
2026-04-03 21:40:20,test_617.jpg,175,132,307,0.43,8,31,32,0,0,0.0,0,0,0.0,0,0,0.0,0,0,0.0,0,0,0.0,0,0,0.0,0,0,0.0,0,0,0.0,0,0,0.0,0,0,0.0,0,11,0.0,0,0,0.0,0,0,0.0,0,0,0.0,0,0,0.0,0,0,0.0,0,0,0.0,0,0,0.0,0,0,0.0,0,0,0.0,0,0,0.0,21,50,0.2958,0,0,0.0,0,0,0.0,0,0,0.0,12,28,0.3,25,24,0.5102,20,17,0.5405,37,26,0.5873,14,15,0.4828,3,4,0.4286,0,0,0.0
2026-04-03 21:40:20,test_618.jpg,111,16,127,0.126,6,31,32,0,0,0.0,0,0,0.0,0,0,0.0,0,0,0.0,0,0,0.0,0,0,0.0,0,0,0.0,0,0,0.0,0,0,0.0,0,0,0.0,1,19,0.05,0,0,0.0,0,0,0.0,0,0,0.0,0,0,0.0,0,0,0.0,0,0,0.0,0,0,0.0,0,0,0.0,0,0,0.0,0,0,0.0,4,19,0.1739,0,0,0.0,0,0,0.0,0,0,0.0,2,21,0.087,5,18,0.2174,2,18,0.1,2,16,0.1111,0,0,0.0,0,0,0.0,0,0,0.0
2026-04-03 21:40:20,test_619.jpg,296,43,339,0.1268,9,31,32,0,0,0.0,0,0,0.0,0,0,0.0,0,0,0.0,0,0,0.0,0,0,0.0,0,0,0.0,0,0,0.0,0,0,0.0,0,0,0.0,3,14,0.1765,0,0,0.0,0,0,0.0,0,0,0.0,0,0,0.0,0,0,0.0,0,0,0.0,0,0,0.0,0,0,0.0,0,0,0.0,0,0,0.0,4,52,0.0714,0,0,0.0,0,0,0.0,0,0,0.0,0,52,0.0,4,30,0.1176,6,45,0.1176,2,44,0.0435,7,26,0.2121,17,31,0.3542,0,2,0.0
2026-04-03 21:40:20,test_62.jpg,140,17,157,0.1083,7,31,32,0,0,0.0,0,0,0.0,0,0,0.0,0,0,0.0,0,0,0.0,0,0,0.0,0,0,0.0,0,0,0.0,0,0,0.0,0,0,0.0,0,2,0.0,0,0,0.0,0,0,0.0,0,0,0.0,0,0,0.0,0,0,0.0,0,0,0.0,0,0,0.0,0,0,0.0,0,0,0.0,0,0,0.0,0,33,0.0,0,0,0.0,0,0,0.0,0,0,0.0,0,13,0.0,5,28,0.1515,2,24,0.0769,8,32,0.2,2,8,0.2,0,0,0.0,0,0,0.0
2026-04-03 21:40:20,test_620.jpg,134,2,136,0.0147,4,31,32,0,0,0.0,0,0,0.0,0,0,0.0,0,0,0.0,0,0,0.0,0,0,0.0,0,0,0.0,0,0,0.0,0,0,0.0,0,0,0.0,0,24,0.0,0,0,0.0,0,0,0.0,0,0,0.0,0,0,0.0,0,0,0.0,0,0,0.0,0,0,0.0,0,0,0.0,0,0,0.0,0,0,0.0,1,23,0.0417,0,0,0.0,0,0,0.0,0,0,0.0,0,50,0.0,1,37,0.0263,0,0,0.0,0,0,0.0,0,0,0.0,0,0,0.0,0,0,0.0
2026-04-03 21:40:20,test_621.jpg,128,8,136,0.0588,8,31,32,0,0,0.0,0,0,0.0,0,0,0.0,0,0,0.0,0,0,0.0,0,0,0.0,0,0,0.0,0,0,0.0,0,0,0.0,0,0,0.0,0,16,0.0,0,0,0.0,0,0,0.0,0,0,0.0,0,0,0.0,0,0,0.0,0,0,0.0,0,0,0.0,0,0,0.0,0,0,0.0,0,0,0.0,1,16,0.0588,0,0,0.0,0,0,0.0,0,0,0.0,3,16,0.1579,4,16,0.2,0,16,0.0,0,17,0.0,0,19,0.0,0,12,0.0,0,0,0.0
2026-04-03 21:40:20,test_622.jpg,140,39,179,0.2179,10,31,32,13,13,0.5,0,0,0.0,0,0,0.0,0,0,0.0,0,0,0.0,0,0,0.0,0,0,0.0,0,0,0.0,0,0,0.0,0,0,0.0,6,17,0.2609,0,0,0.0,0,0,0.0,0,0,0.0,0,0,0.0,0,0,0.0,0,0,0.0,0,0,0.0,0,0,0.0,0,0,0.0,0,0,0.0,0,0,0.0,0,0,0.0,0,0,0.0,0,0,0.0,4,13,0.2353,3,10,0.2308,4,11,0.2667,1,18,0.0526,0,19,0.0,0,19,0.0,8,20,0.2857
2026-04-03 21:40:20,test_623.jpg,126,40,166,0.241,6,31,32,0,0,0.0,0,0,0.0,0,0,0.0,0,0,0.0,0,0,0.0,0,0,0.0,0,0,0.0,0,0,0.0,0,0,0.0,0,0,0.0,0,22,0.0,0,0,0.0,0,0,0.0,0,0,0.0,0,0,0.0,0,0,0.0,0,0,0.0,0,0,0.0,0,0,0.0,0,0,0.0,0,0,0.0,3,21,0.125,0,0,0.0,0,0,0.0,0,0,0.0,5,12,0.2941,12,16,0.4286,10,27,0.2703,10,28,0.2632,0,0,0.0,0,0,0.0,0,0,0.0
2026-04-03 21:40:20,test_624.jpg,169,37,206,0.1796,5,31,32,0,0,0.0,0,0,0.0,0,0,0.0,0,0,0.0,0,0,0.0,0,0,0.0,0,0,0.0,0,0,0.0,0,0,0.0,0,0,0.0,3,18,0.1429,0,0,0.0,0,0,0.0,0,0,0.0,0,0,0.0,0,0,0.0,0,0,0.0,0,0,0.0,0,0,0.0,0,0,0.0,0,0,0.0,4,32,0.1111,0,0,0.0,0,0,0.0,0,0,0.0,8,34,0.1905,10,38,0.2083,12,47,0.2034,0,0,0.0,0,0,0.0,0,0,0.0,0,0,0.0
2026-04-03 21:40:20,test_625.jpg,242,43,285,0.1509,10,31,32,5,15,0.25,0,0,0.0,0,0,0.0,0,0,0.0,0,0,0.0,0,0,0.0,0,0,0.0,0,0,0.0,0,0,0.0,0,0,0.0,3,10,0.2308,0,0,0.0,0,0,0.0,0,0,0.0,0,0,0.0,0,0,0.0,0,0,0.0,0,0,0.0,0,0,0.0,0,0,0.0,0,0,0.0,4,39,0.093,0,0,0.0,0,0,0.0,0,0,0.0,0,16,0.0,0,14,0.0,0,14,0.0,0,17,0.0,0,29,0.0,8,23,0.2581,23,65,0.2614
2026-04-03 21:40:20,test_626.jpg,145,32,177,0.1808,6,31,32,0,0,0.0,0,0,0.0,0,0,0.0,0,0,0.0,0,0,0.0,0,0,0.0,0,0,0.0,0,0,0.0,0,0,0.0,0,0,0.0,1,11,0.0833,0,0,0.0,0,0,0.0,0,0,0.0,0,0,0.0,0,0,0.0,0,0,0.0,0,0,0.0,0,0,0.0,0,0,0.0,0,0,0.0,10,44,0.1852,0,0,0.0,0,0,0.0,0,0,0.0,10,20,0.3333,4,21,0.16,5,27,0.1562,2,22,0.0833,0,0,0.0,0,0,0.0,0,0,0.0
2026-04-03 21:40:20,test_627.jpg,186,37,223,0.1659,9,31,32,0,0,0.0,0,0,0.0,0,0,0.0,0,0,0.0,0,0,0.0,0,0,0.0,0,0,0.0,0,0,0.0,0,0,0.0,0,0,0.0,2,4,0.3333,0,0,0.0,0,0,0.0,0,0,0.0,0,0,0.0,0,0,0.0,0,0,0.0,0,0,0.0,0,0,0.0,0,0,0.0,0,0,0.0,5,43,0.1042,0,0,0.0,0,0,0.0,0,0,0.0,6,18,0.25,3,18,0.1429,7,26,0.2121,8,14,0.3636,3,19,0.1364,3,44,0.0638,0,0,0.0
2026-04-03 21:40:20,test_628.jpg,146,19,165,0.1152,7,31,32,0,0,0.0,0,0,0.0,0,0,0.0,0,0,0.0,0,0,0.0,0,0,0.0,0,0,0.0,0,0,0.0,0,0,0.0,0,0,0.0,2,19,0.0952,0,0,0.0,0,0,0.0,0,0,0.0,0,0,0.0,0,0,0.0,0,0,0.0,0,0,0.0,0,0,0.0,0,0,0.0,0,0,0.0,4,21,0.16,0,0,0.0,0,0,0.0,0,0,0.0,1,25,0.0385,1,22,0.0435,4,19,0.1739,3,21,0.125,4,19,0.1739,0,0,0.0,0,0,0.0
2026-04-03 21:40:20,test_629.jpg,119,39,158,0.2468,6,31,32,0,0,0.0,0,0,0.0,0,0,0.0,0,0,0.0,0,0,0.0,0,0,0.0,0,0,0.0,0,0,0.0,0,0,0.0,0,0,0.0,0,15,0.0,0,0,0.0,0,0,0.0,0,0,0.0,0,0,0.0,0,0,0.0,0,0,0.0,0,0,0.0,0,0,0.0,0,0,0.0,0,0,0.0,5,12,0.2941,0,0,0.0,0,0,0.0,0,0,0.0,5,25,0.1667,2,23,0.08,12,26,0.3158,15,18,0.4545,0,0,0.0,0,0,0.0,0,0,0.0
2026-04-03 21:40:20,test_63.jpg,126,13,139,0.0935,6,31,32,0,0,0.0,0,0,0.0,0,0,0.0,0,0,0.0,0,0,0.0,0,0,0.0,0,0,0.0,0,0,0.0,0,0,0.0,0,0,0.0,0,21,0.0,0,0,0.0,0,0,0.0,0,0,0.0,0,0,0.0,0,0,0.0,0,0,0.0,0,0,0.0,0,0,0.0,0,0,0.0,0,0,0.0,4,24,0.1429,0,0,0.0,0,0,0.0,0,0,0.0,0,20,0.0,0,20,0.0,0,24,0.0,9,17,0.3462,0,0,0.0,0,0,0.0,0,0,0.0
2026-04-03 21:40:20,test_630.jpg,175,28,203,0.1379,5,31,32,0,0,0.0,0,0,0.0,0,0,0.0,0,0,0.0,0,0,0.0,0,0,0.0,0,0,0.0,0,0,0.0,0,0,0.0,0,0,0.0,2,16,0.1111,0,0,0.0,0,0,0.0,0,0,0.0,0,0,0.0,0,0,0.0,0,0,0.0,0,0,0.0,0,0,0.0,0,0,0.0,0,0,0.0,6,36,0.1429,0,0,0.0,0,0,0.0,0,0,0.0,3,29,0.0938,15,56,0.2113,2,38,0.05,0,0,0.0,0,0,0.0,0,0,0.0,0,0,0.0
2026-04-03 21:40:20,test_631.jpg,116,50,166,0.3012,6,31,32,0,0,0.0,0,0,0.0,0,0,0.0,0,0,0.0,0,0,0.0,0,0,0.0,0,0,0.0,0,0,0.0,0,0,0.0,0,0,0.0,5,20,0.2,0,0,0.0,0,0,0.0,0,0,0.0,0,0,0.0,0,0,0.0,0,0,0.0,0,0,0.0,0,0,0.0,0,0,0.0,0,0,0.0,1,18,0.0526,0,0,0.0,0,0,0.0,0,0,0.0,3,22,0.12,8,17,0.32,16,23,0.4103,17,16,0.5152,0,0,0.0,0,0,0.0,0,0,0.0
2026-04-03 21:40:20,test_632.jpg,188,53,241,0.2199,5,31,32,0,0,0.0,0,0,0.0,0,0,0.0,0,0,0.0,0,0,0.0,0,0,0.0,0,0,0.0,0,0,0.0,0,0,0.0,0,0,0.0,0,28,0.0,0,0,0.0,0,0,0.0,0,0,0.0,0,0,0.0,0,0,0.0,0,0,0.0,0,0,0.0,0,0,0.0,0,0,0.0,0,0,0.0,7,30,0.1892,0,0,0.0,0,0,0.0,0,0,0.0,6,53,0.1017,28,59,0.3218,12,18,0.4,0,0,0.0,0,0,0.0,0,0,0.0,0,0,0.0
2026-04-03 21:40:20,test_633.jpg,275,33,308,0.1071,17,31,32,1,26,0.037,1,13,0.0714,0,13,0.0,0,23,0.0,2,24,0.0769,1,25,0.0385,5,24,0.1724,10,24,0.2941,0,0,0.0,0,0,0.0,0,5,0.0,0,0,0.0,0,0,0.0,0,0,0.0,0,0,0.0,0,0,0.0,0,0,0.0,0,0,0.0,0,0,0.0,0,0,0.0,0,0,0.0,4,10,0.2857,0,0,0.0,0,0,0.0,0,0,0.0,2,11,0.1538,2,11,0.1538,0,12,0.0,2,16,0.1111,1,14,0.0667,2,11,0.1538,0,13,0.0
2026-04-03 21:40:20,test_634.jpg,213,33,246,0.1341,14,31,32,0,14,0.0,0,11,0.0,0,10,0.0,0,21,0.0,0,0,0.0,0,0,0.0,0,0,0.0,0,0,0.0,0,0,0.0,0,0,0.0,14,25,0.359,0,0,0.0,0,0,0.0,0,0,0.0,0,0,0.0,0,0,0.0,0,0,0.0,0,0,0.0,0,0,0.0,0,0,0.0,0,0,0.0,6,20,0.2308,0,0,0.0,0,0,0.0,0,0,0.0,0,11,0.0,3,13,0.1875,0,13,0.0,1,10,0.0909,2,12,0.1429,5,17,0.2273,2,36,0.0526
2026-04-03 21:40:20,test_635.jpg,138,7,145,0.0483,6,31,32,0,0,0.0,0,0,0.0,0,0,0.0,0,0,0.0,0,0,0.0,0,0,0.0,0,0,0.0,0,0,0.0,0,0,0.0,0,0,0.0,0,10,0.0,0,0,0.0,0,0,0.0,0,0,0.0,0,0,0.0,0,0,0.0,0,0,0.0,0,0,0.0,0,0,0.0,0,0,0.0,0,0,0.0,0,22,0.0,0,0,0.0,0,0,0.0,0,0,0.0,2,24,0.0769,0,24,0.0,5,40,0.1111,0,18,0.0,0,0,0.0,0,0,0.0,0,0,0.0
2026-04-03 21:40:20,test_636.jpg,166,25,191,0.1309,4,31,32,0,0,0.0,0,0,0.0,0,0,0.0,0,0,0.0,0,0,0.0,0,0,0.0,0,0,0.0,0,0,0.0,0,0,0.0,0,0,0.0,3,34,0.0811,0,0,0.0,0,0,0.0,0,0,0.0,0,0,0.0,0,0,0.0,0,0,0.0,0,0,0.0,0,0,0.0,0,0,0.0,0,0,0.0,4,46,0.08,0,0,0.0,0,0,0.0,0,0,0.0,13,62,0.1733,5,24,0.1724,0,0,0.0,0,0,0.0,0,0,0.0,0,0,0.0,0,0,0.0
2026-04-03 21:40:20,test_637.jpg,123,8,131,0.0611,7,31,32,0,0,0.0,0,0,0.0,0,0,0.0,0,0,0.0,0,0,0.0,0,0,0.0,0,0,0.0,0,0,0.0,0,0,0.0,0,0,0.0,0,0,0.0,0,0,0.0,0,0,0.0,0,0,0.0,0,0,0.0,0,0,0.0,0,0,0.0,0,0,0.0,0,0,0.0,0,0,0.0,0,0,0.0,2,32,0.0588,0,0,0.0,0,0,0.0,0,0,0.0,0,17,0.0,2,19,0.0952,1,18,0.0526,0,18,0.0,3,19,0.1364,0,0,0.0,0,0,0.0
2026-04-03 21:40:20,test_638.jpg,122,22,144,0.1528,6,31,32,0,0,0.0,0,0,0.0,0,0,0.0,0,0,0.0,0,0,0.0,0,0,0.0,0,0,0.0,0,0,0.0,0,0,0.0,0,0,0.0,4,23,0.1481,0,0,0.0,0,0,0.0,0,0,0.0,0,0,0.0,0,0,0.0,0,0,0.0,0,0,0.0,0,0,0.0,0,0,0.0,0,0,0.0,0,18,0.0,0,0,0.0,0,0,0.0,0,0,0.0,4,18,0.1818,2,24,0.0769,7,21,0.25,5,18,0.2174,0,0,0.0,0,0,0.0,0,0,0.0
2026-04-03 21:40:20,test_639.jpg,159,89,248,0.3589,10,31,32,3,4,0.4286,0,0,0.0,0,0,0.0,0,0,0.0,0,0,0.0,0,0,0.0,0,0,0.0,0,0,0.0,0,0,0.0,0,0,0.0,0,14,0.0,0,0,0.0,0,0,0.0,0,0,0.0,0,0,0.0,0,0,0.0,0,0,0.0,0,0,0.0,0,0,0.0,0,0,0.0,0,0,0.0,0,5,0.0,0,0,0.0,0,0,0.0,0,0,0.0,10,13,0.4348,6,20,0.2308,13,17,0.4333,5,18,0.2174,24,27,0.4706,13,20,0.3939,15,21,0.4167
2026-04-03 21:40:20,test_64.jpg,114,28,142,0.1972,6,31,32,0,0,0.0,0,0,0.0,0,0,0.0,0,0,0.0,0,0,0.0,0,0,0.0,0,0,0.0,0,0,0.0,0,0,0.0,0,0,0.0,1,14,0.0667,0,0,0.0,0,0,0.0,0,0,0.0,0,0,0.0,0,0,0.0,0,0,0.0,0,0,0.0,0,0,0.0,0,0,0.0,0,0,0.0,5,13,0.2778,0,0,0.0,0,0,0.0,0,0,0.0,11,14,0.44,1,16,0.0588,8,40,0.1667,2,17,0.1053,0,0,0.0,0,0,0.0,0,0,0.0
2026-04-03 21:40:20,test_640.jpg,168,41,209,0.1962,8,31,32,0,0,0.0,0,0,0.0,0,0,0.0,0,0,0.0,0,0,0.0,0,0,0.0,0,0,0.0,0,0,0.0,0,0,0.0,0,0,0.0,0,14,0.0,0,0,0.0,0,0,0.0,0,0,0.0,0,0,0.0,0,0,0.0,0,0,0.0,0,0,0.0,0,0,0.0,0,0,0.0,0,0,0.0,0,22,0.0,0,0,0.0,0,0,0.0,0,0,0.0,4,15,0.2105,4,27,0.129,12,26,0.3158,3,23,0.1154,11,26,0.2973,7,15,0.3182,0,0,0.0
2026-04-03 21:40:20,test_641.jpg,151,27,178,0.1517,8,31,32,0,0,0.0,0,0,0.0,0,0,0.0,0,0,0.0,0,0,0.0,0,0,0.0,0,0,0.0,0,0,0.0,0,0,0.0,0,0,0.0,0,17,0.0,0,0,0.0,0,0,0.0,0,0,0.0,0,0,0.0,0,0,0.0,0,0,0.0,0,0,0.0,0,0,0.0,0,0,0.0,0,0,0.0,4,18,0.1818,0,0,0.0,0,0,0.0,0,0,0.0,5,18,0.2174,2,17,0.1053,1,17,0.0556,2,12,0.1429,2,17,0.1053,11,35,0.2391,0,0,0.0
2026-04-03 21:40:20,test_642.jpg,162,75,237,0.3165,11,31,32,15,18,0.4545,8,23,0.2581,0,0,0.0,0,0,0.0,0,0,0.0,0,0,0.0,0,0,0.0,0,0,0.0,0,0,0.0,0,0,0.0,4,4,0.5,0,0,0.0,0,0,0.0,0,0,0.0,0,0,0.0,0,0,0.0,0,0,0.0,0,0,0.0,0,0,0.0,0,0,0.0,0,0,0.0,0,8,0.0,0,0,0.0,0,0,0.0,0,0,0.0,1,16,0.0588,8,19,0.2963,5,18,0.2174,6,14,0.3,7,12,0.3684,5,13,0.2778,16,17,0.4848
2026-04-03 21:40:20,test_643.jpg,123,15,138,0.1087,7,31,32,0,0,0.0,0,0,0.0,0,0,0.0,0,0,0.0,0,0,0.0,0,0,0.0,0,0,0.0,0,0,0.0,0,0,0.0,0,0,0.0,1,24,0.04,0,0,0.0,0,0,0.0,0,0,0.0,0,0,0.0,0,0,0.0,0,0,0.0,0,0,0.0,0,0,0.0,0,0,0.0,0,0,0.0,1,15,0.0625,0,0,0.0,0,0,0.0,0,0,0.0,7,18,0.28,1,13,0.0714,3,20,0.1304,0,16,0.0,2,17,0.1053,0,0,0.0,0,0,0.0
2026-04-03 21:40:20,test_644.jpg,170,32,202,0.1584,7,31,32,0,0,0.0,0,0,0.0,0,0,0.0,0,0,0.0,0,0,0.0,0,0,0.0,0,0,0.0,0,0,0.0,0,0,0.0,0,0,0.0,0,0,0.0,0,0,0.0,0,0,0.0,0,0,0.0,0,0,0.0,0,0,0.0,0,0,0.0,0,0,0.0,0,0,0.0,0,0,0.0,0,0,0.0,11,53,0.1719,0,0,0.0,0,0,0.0,0,0,0.0,2,25,0.0741,4,17,0.1905,3,27,0.1,12,48,0.2,0,0,0.0,0,0,0.0,0,0,0.0
2026-04-03 21:40:20,test_645.jpg,121,34,155,0.2194,6,31,32,0,0,0.0,0,0,0.0,0,0,0.0,0,0,0.0,0,0,0.0,0,0,0.0,0,0,0.0,0,0,0.0,0,0,0.0,0,0,0.0,2,14,0.125,0,0,0.0,0,0,0.0,0,0,0.0,0,0,0.0,0,0,0.0,0,0,0.0,0,0,0.0,0,0,0.0,0,0,0.0,0,0,0.0,2,12,0.1429,0,0,0.0,0,0,0.0,0,0,0.0,0,19,0.0,1,19,0.05,8,32,0.2,21,25,0.4565,0,0,0.0,0,0,0.0,0,0,0.0
2026-04-03 21:40:20,test_646.jpg,128,66,194,0.3402,6,31,32,0,0,0.0,0,0,0.0,0,0,0.0,0,0,0.0,0,0,0.0,0,0,0.0,0,0,0.0,0,0,0.0,0,0,0.0,0,0,0.0,7,17,0.2917,0,0,0.0,0,0,0.0,0,0,0.0,0,0,0.0,0,0,0.0,0,0,0.0,0,0,0.0,0,0,0.0,0,0,0.0,0,0,0.0,5,15,0.25,0,0,0.0,0,0,0.0,0,0,0.0,5,28,0.1515,22,36,0.3793,19,21,0.475,8,11,0.4211,0,0,0.0,0,0,0.0,0,0,0.0
2026-04-03 21:40:20,test_647.jpg,113,19,132,0.1439,7,31,32,0,0,0.0,0,0,0.0,0,0,0.0,0,0,0.0,0,0,0.0,0,0,0.0,0,0,0.0,0,0,0.0,0,0,0.0,0,0,0.0,0,0,0.0,0,0,0.0,0,0,0.0,0,0,0.0,0,0,0.0,0,0,0.0,0,0,0.0,0,0,0.0,0,0,0.0,0,0,0.0,0,0,0.0,2,17,0.1053,0,0,0.0,0,0,0.0,0,0,0.0,3,16,0.1579,3,22,0.12,1,18,0.0526,10,38,0.2083,0,2,0.0,0,0,0.0,0,0,0.0
2026-04-03 21:40:20,test_648.jpg,125,25,150,0.1667,8,31,32,0,0,0.0,0,0,0.0,0,0,0.0,0,0,0.0,0,0,0.0,0,0,0.0,0,0,0.0,0,0,0.0,0,0,0.0,0,0,0.0,5,9,0.3571,0,0,0.0,0,0,0.0,0,0,0.0,0,0,0.0,0,0,0.0,0,0,0.0,0,0,0.0,0,0,0.0,0,0,0.0,0,0,0.0,3,18,0.1429,0,0,0.0,0,0,0.0,0,0,0.0,5,15,0.25,6,16,0.2727,4,17,0.1905,0,17,0.0,2,20,0.0909,0,13,0.0,0,0,0.0
2026-04-03 21:40:20,test_649.jpg,83,16,99,0.1616,7,31,32,0,0,0.0,0,0,0.0,0,0,0.0,0,0,0.0,0,0,0.0,0,0,0.0,0,0,0.0,0,0,0.0,0,0,0.0,0,0,0.0,5,19,0.2083,0,0,0.0,0,0,0.0,0,0,0.0,0,0,0.0,0,0,0.0,0,0,0.0,0,0,0.0,0,0,0.0,0,0,0.0,0,0,0.0,0,9,0.0,0,0,0.0,0,0,0.0,0,0,0.0,0,8,0.0,4,11,0.2667,1,10,0.0909,6,18,0.25,0,8,0.0,0,0,0.0,0,0,0.0
2026-04-03 21:40:20,test_65.jpg,137,29,166,0.1747,7,31,32,0,0,0.0,0,0,0.0,0,0,0.0,0,0,0.0,0,0,0.0,0,0,0.0,0,0,0.0,0,0,0.0,0,0,0.0,0,0,0.0,0,17,0.0,0,0,0.0,0,0,0.0,0,0,0.0,0,0,0.0,0,0,0.0,0,0,0.0,0,0,0.0,0,0,0.0,0,0,0.0,0,0,0.0,0,19,0.0,0,0,0.0,0,0,0.0,0,0,0.0,5,28,0.1515,14,33,0.2979,6,11,0.3529,0,16,0.0,4,13,0.2353,0,0,0.0,0,0,0.0
2026-04-03 21:40:20,test_650.jpg,127,11,138,0.0797,15,31,32,0,10,0.0,5,9,0.3571,0,9,0.0,1,7,0.125,0,7,0.0,0,11,0.0,0,0,0.0,0,0,0.0,0,0,0.0,0,0,0.0,0,4,0.0,0,0,0.0,0,0,0.0,0,0,0.0,0,0,0.0,0,0,0.0,0,0,0.0,0,0,0.0,0,0,0.0,0,0,0.0,0,0,0.0,0,1,0.0,0,0,0.0,0,0,0.0,0,0,0.0,0,8,0.0,4,16,0.2,1,8,0.1111,0,8,0.0,0,10,0.0,0,8,0.0,0,11,0.0
2026-04-03 21:40:20,test_651.jpg,203,40,243,0.1646,7,31,32,0,0,0.0,0,0,0.0,0,0,0.0,0,0,0.0,0,0,0.0,0,0,0.0,0,0,0.0,0,0,0.0,0,0,0.0,0,0,0.0,5,26,0.1613,0,0,0.0,0,0,0.0,0,0,0.0,0,0,0.0,0,0,0.0,0,0,0.0,0,0,0.0,0,0,0.0,0,0,0.0,0,0,0.0,6,12,0.3333,0,0,0.0,0,0,0.0,0,0,0.0,0,20,0.0,2,19,0.0952,4,34,0.1053,10,54,0.1562,13,38,0.2549,0,0,0.0,0,0,0.0
2026-04-03 21:40:20,test_652.jpg,131,19,150,0.1267,7,31,32,0,0,0.0,0,0,0.0,0,0,0.0,0,0,0.0,0,0,0.0,0,0,0.0,0,0,0.0,0,0,0.0,0,0,0.0,0,0,0.0,7,25,0.2188,0,0,0.0,0,0,0.0,0,0,0.0,0,0,0.0,0,0,0.0,0,0,0.0,0,0,0.0,0,0,0.0,0,0,0.0,0,0,0.0,4,17,0.1905,0,0,0.0,0,0,0.0,0,0,0.0,0,17,0.0,0,15,0.0,0,21,0.0,6,21,0.2222,2,15,0.1176,0,0,0.0,0,0,0.0
2026-04-03 21:40:20,test_653.jpg,116,11,127,0.0866,5,31,32,0,0,0.0,0,0,0.0,0,0,0.0,0,0,0.0,0,0,0.0,0,0,0.0,0,0,0.0,0,0,0.0,0,0,0.0,0,0,0.0,1,20,0.0476,0,0,0.0,0,0,0.0,0,0,0.0,0,0,0.0,0,0,0.0,0,0,0.0,0,0,0.0,0,0,0.0,0,0,0.0,0,0,0.0,2,23,0.08,0,0,0.0,0,0,0.0,0,0,0.0,2,23,0.08,5,23,0.1786,1,27,0.0357,0,0,0.0,0,0,0.0,0,0,0.0,0,0,0.0
2026-04-03 21:40:20,test_654.jpg,123,22,145,0.1517,7,31,32,0,0,0.0,0,0,0.0,0,0,0.0,0,0,0.0,0,0,0.0,0,0,0.0,0,0,0.0,0,0,0.0,0,0,0.0,0,0,0.0,4,14,0.2222,0,0,0.0,0,0,0.0,0,0,0.0,0,0,0.0,0,0,0.0,0,0,0.0,0,0,0.0,0,0,0.0,0,0,0.0,0,0,0.0,1,17,0.0556,0,0,0.0,0,0,0.0,0,0,0.0,6,19,0.24,1,16,0.0588,5,19,0.2083,0,20,0.0,5,18,0.2174,0,0,0.0,0,0,0.0
2026-04-03 21:40:20,test_655.jpg,162,11,173,0.0636,14,31,32,0,14,0.0,0,13,0.0,0,14,0.0,0,5,0.0,0,4,0.0,0,0,0.0,0,0,0.0,0,0,0.0,0,0,0.0,0,0,0.0,0,3,0.0,0,0,0.0,0,0,0.0,0,0,0.0,0,0,0.0,0,0,0.0,0,0,0.0,0,0,0.0,0,0,0.0,0,0,0.0,0,0,0.0,3,24,0.1111,0,0,0.0,0,0,0.0,0,0,0.0,1,12,0.0769,1,12,0.0769,1,11,0.0833,1,14,0.0667,2,11,0.1538,2,11,0.1538,0,14,0.0
2026-04-03 21:40:20,test_656.jpg,115,7,122,0.0574,7,31,32,0,0,0.0,0,0,0.0,0,0,0.0,0,0,0.0,0,0,0.0,0,0,0.0,0,0,0.0,0,0,0.0,0,0,0.0,0,0,0.0,1,14,0.0667,0,0,0.0,0,0,0.0,0,0,0.0,0,0,0.0,0,0,0.0,0,0,0.0,0,0,0.0,0,0,0.0,0,0,0.0,0,0,0.0,0,15,0.0,0,0,0.0,0,0,0.0,0,0,0.0,0,14,0.0,0,14,0.0,3,19,0.1364,2,19,0.0952,1,20,0.0476,0,0,0.0,0,0,0.0
2026-04-03 21:40:20,test_657.jpg,170,54,224,0.2411,5,31,32,0,0,0.0,0,0,0.0,0,0,0.0,0,0,0.0,0,0,0.0,0,0,0.0,0,0,0.0,0,0,0.0,0,0,0.0,0,0,0.0,4,21,0.16,0,0,0.0,0,0,0.0,0,0,0.0,0,0,0.0,0,0,0.0,0,0,0.0,0,0,0.0,0,0,0.0,0,0,0.0,0,0,0.0,0,30,0.0,0,0,0.0,0,0,0.0,0,0,0.0,0,52,0.0,35,48,0.4217,15,19,0.4412,0,0,0.0,0,0,0.0,0,0,0.0,0,0,0.0
2026-04-03 21:40:20,test_658.jpg,142,43,185,0.2324,9,31,32,0,0,0.0,0,0,0.0,0,0,0.0,0,0,0.0,0,0,0.0,0,0,0.0,0,0,0.0,0,0,0.0,0,0,0.0,0,0,0.0,2,11,0.1538,0,0,0.0,0,0,0.0,0,0,0.0,0,0,0.0,0,0,0.0,0,0,0.0,0,0,0.0,0,0,0.0,0,0,0.0,0,0,0.0,4,12,0.25,0,0,0.0,0,0,0.0,0,0,0.0,5,22,0.1852,5,17,0.2273,6,14,0.3,8,20,0.2857,3,13,0.1875,8,17,0.32,2,16,0.1111
2026-04-03 21:40:20,test_659.jpg,254,59,313,0.1885,10,31,32,0,7,0.0,0,0,0.0,0,0,0.0,0,0,0.0,0,0,0.0,0,0,0.0,0,0,0.0,0,0,0.0,0,0,0.0,0,0,0.0,0,6,0.0,0,0,0.0,0,0,0.0,0,0,0.0,0,0,0.0,0,0,0.0,0,0,0.0,0,0,0.0,0,0,0.0,0,0,0.0,0,0,0.0,10,36,0.2174,0,0,0.0,0,0,0.0,0,0,0.0,3,15,0.1667,8,20,0.2857,7,35,0.1667,14,29,0.3256,9,30,0.2308,1,33,0.0294,7,43,0.14
2026-04-03 21:40:20,test_66.jpg,144,21,165,0.1273,7,31,32,0,0,0.0,0,0,0.0,0,0,0.0,0,0,0.0,0,0,0.0,0,0,0.0,0,0,0.0,0,0,0.0,0,0,0.0,0,0,0.0,0,8,0.0,0,0,0.0,0,0,0.0,0,0,0.0,0,0,0.0,0,0,0.0,0,0,0.0,0,0,0.0,0,0,0.0,0,0,0.0,0,0,0.0,2,34,0.0556,0,0,0.0,0,0,0.0,0,0,0.0,11,36,0.234,3,17,0.15,0,16,0.0,1,17,0.0556,4,16,0.2,0,0,0.0,0,0,0.0
2026-04-03 21:40:20,test_660.jpg,174,108,282,0.383,4,31,32,0,0,0.0,0,0,0.0,0,0,0.0,0,0,0.0,0,0,0.0,0,0,0.0,0,0,0.0,0,0,0.0,0,0,0.0,0,0,0.0,8,46,0.1481,0,0,0.0,0,0,0.0,0,0,0.0,0,0,0.0,0,0,0.0,0,0,0.0,0,0,0.0,0,0,0.0,0,0,0.0,0,0,0.0,15,48,0.2381,0,0,0.0,0,0,0.0,0,0,0.0,82,70,0.5395,3,10,0.2308,0,0,0.0,0,0,0.0,0,0,0.0,0,0,0.0,0,0,0.0
2026-04-03 21:40:20,test_661.jpg,137,40,177,0.226,8,31,32,0,0,0.0,0,0,0.0,0,0,0.0,0,0,0.0,0,0,0.0,0,0,0.0,0,0,0.0,0,0,0.0,0,0,0.0,0,0,0.0,6,15,0.2857,0,0,0.0,0,0,0.0,0,0,0.0,0,0,0.0,0,0,0.0,0,0,0.0,0,0,0.0,0,0,0.0,0,0,0.0,0,0,0.0,0,13,0.0,0,0,0.0,0,0,0.0,0,0,0.0,1,19,0.05,4,23,0.1481,12,19,0.3871,9,12,0.4286,1,12,0.0769,7,24,0.2258,0,0,0.0
2026-04-03 21:40:20,test_662.jpg,119,42,161,0.2609,10,31,32,10,14,0.4167,0,0,0.0,0,0,0.0,0,0,0.0,0,0,0.0,0,0,0.0,0,0,0.0,0,0,0.0,0,0,0.0,0,0,0.0,0,9,0.0,0,0,0.0,0,0,0.0,0,0,0.0,0,0,0.0,0,0,0.0,0,0,0.0,0,0,0.0,0,0,0.0,0,0,0.0,0,0,0.0,0,0,0.0,0,0,0.0,0,0,0.0,0,0,0.0,1,6,0.1429,1,8,0.1111,0,8,0.0,1,16,0.0588,4,18,0.1818,2,14,0.125,23,26,0.4694
2026-04-03 21:40:20,test_663.jpg,169,23,192,0.1198,7,31,32,0,0,0.0,0,0,0.0,0,0,0.0,0,0,0.0,0,0,0.0,0,0,0.0,0,0,0.0,0,0,0.0,0,0,0.0,0,0,0.0,0,11,0.0,0,0,0.0,0,0,0.0,0,0,0.0,0,0,0.0,0,0,0.0,0,0,0.0,0,0,0.0,0,0,0.0,0,0,0.0,0,0,0.0,2,41,0.0465,0,0,0.0,0,0,0.0,0,0,0.0,5,36,0.122,4,19,0.1739,3,28,0.0968,9,34,0.2093,0,0,0.0,0,0,0.0,0,0,0.0
2026-04-03 21:40:20,test_664.jpg,171,87,258,0.3372,6,31,32,0,0,0.0,0,0,0.0,0,0,0.0,0,0,0.0,0,0,0.0,0,0,0.0,0,0,0.0,0,0,0.0,0,0,0.0,0,0,0.0,14,23,0.3784,0,0,0.0,0,0,0.0,0,0,0.0,0,0,0.0,0,0,0.0,0,0,0.0,0,0,0.0,0,0,0.0,0,0,0.0,0,0,0.0,19,30,0.3878,0,0,0.0,0,0,0.0,0,0,0.0,17,36,0.3208,21,30,0.4118,13,40,0.2453,3,12,0.2,0,0,0.0,0,0,0.0,0,0,0.0
2026-04-03 21:40:20,test_665.jpg,138,12,150,0.08,7,31,32,0,0,0.0,0,0,0.0,0,0,0.0,0,0,0.0,0,0,0.0,0,0,0.0,0,0,0.0,0,0,0.0,0,0,0.0,0,0,0.0,1,17,0.0556,0,0,0.0,0,0,0.0,0,0,0.0,0,0,0.0,0,0,0.0,0,0,0.0,0,0,0.0,0,0,0.0,0,0,0.0,0,0,0.0,4,17,0.1905,0,0,0.0,0,0,0.0,0,0,0.0,1,19,0.05,2,19,0.0952,3,24,0.1111,1,20,0.0476,0,22,0.0,0,0,0.0,0,0,0.0
2026-04-03 21:40:20,test_666.jpg,126,14,140,0.1,6,31,32,0,0,0.0,0,0,0.0,0,0,0.0,0,0,0.0,0,0,0.0,0,0,0.0,0,0,0.0,0,0,0.0,0,0,0.0,0,0,0.0,2,19,0.0952,0,0,0.0,0,0,0.0,0,0,0.0,0,0,0.0,0,0,0.0,0,0,0.0,0,0,0.0,0,0,0.0,0,0,0.0,0,0,0.0,0,20,0.0,0,0,0.0,0,0,0.0,0,0,0.0,1,19,0.05,4,17,0.1905,0,24,0.0,7,27,0.2059,0,0,0.0,0,0,0.0,0,0,0.0
2026-04-03 21:40:20,test_667.jpg,145,32,177,0.1808,8,31,32,0,0,0.0,0,0,0.0,0,0,0.0,0,0,0.0,0,0,0.0,0,0,0.0,0,0,0.0,0,0,0.0,0,0,0.0,0,0,0.0,3,6,0.3333,0,0,0.0,0,0,0.0,0,0,0.0,0,0,0.0,0,0,0.0,0,0,0.0,0,0,0.0,0,0,0.0,0,0,0.0,0,0,0.0,1,18,0.0526,0,0,0.0,0,0,0.0,0,0,0.0,0,16,0.0,4,18,0.1818,4,26,0.1333,5,28,0.1515,10,22,0.3125,5,11,0.3125,0,0,0.0
2026-04-03 21:40:20,test_668.jpg,173,15,188,0.0798,12,31,32,1,14,0.0667,0,30,0.0,0,0,0.0,0,0,0.0,0,0,0.0,0,0,0.0,0,0,0.0,0,0,0.0,0,0,0.0,0,0,0.0,0,14,0.0,0,0,0.0,0,0,0.0,0,0,0.0,0,0,0.0,0,0,0.0,0,0,0.0,0,0,0.0,0,0,0.0,0,0,0.0,0,0,0.0,0,0,0.0,0,0,0.0,0,0,0.0,0,0,0.0,0,0,0.0,0,16,0.0,0,20,0.0,0,49,0.0,5,8,0.3846,1,14,0.0667,8,8,0.5
2026-04-03 21:40:20,test_669.jpg,155,35,190,0.1842,7,31,32,0,0,0.0,0,0,0.0,0,0,0.0,0,0,0.0,0,0,0.0,0,0,0.0,0,0,0.0,0,0,0.0,0,0,0.0,0,0,0.0,1,19,0.05,0,0,0.0,0,0,0.0,0,0,0.0,0,0,0.0,0,0,0.0,0,0,0.0,0,0,0.0,0,0,0.0,0,0,0.0,0,0,0.0,3,16,0.1579,0,0,0.0,0,0,0.0,0,0,0.0,3,16,0.1579,5,30,0.1429,6,35,0.1463,10,29,0.2564,7,10,0.4118,0,0,0.0,0,0,0.0
2026-04-03 21:40:20,test_67.jpg,130,21,151,0.1391,7,31,32,0,0,0.0,0,0,0.0,0,0,0.0,0,0,0.0,0,0,0.0,0,0,0.0,0,0,0.0,0,0,0.0,0,0,0.0,0,0,0.0,5,20,0.2,0,0,0.0,0,0,0.0,0,0,0.0,0,0,0.0,0,0,0.0,0,0,0.0,0,0,0.0,0,0,0.0,0,0,0.0,0,0,0.0,2,15,0.1176,0,0,0.0,0,0,0.0,0,0,0.0,4,20,0.1667,0,19,0.0,4,19,0.1739,4,19,0.1739,2,18,0.1,0,0,0.0,0,0,0.0
2026-04-03 21:40:20,test_670.jpg,297,207,504,0.4107,6,31,32,0,0,0.0,0,0,0.0,0,0,0.0,0,0,0.0,0,0,0.0,0,0,0.0,0,0,0.0,0,0,0.0,0,0,0.0,0,0,0.0,3,32,0.0857,0,0,0.0,0,0,0.0,0,0,0.0,0,0,0.0,0,0,0.0,0,0,0.0,0,0,0.0,0,0,0.0,0,0,0.0,0,0,0.0,9,28,0.2432,0,0,0.0,0,0,0.0,0,0,0.0,24,95,0.2017,78,75,0.5098,62,43,0.5905,31,24,0.5636,0,0,0.0,0,0,0.0,0,0,0.0
2026-04-03 21:40:20,test_671.jpg,149,17,166,0.1024,9,31,32,0,0,0.0,0,0,0.0,0,0,0.0,0,0,0.0,0,0,0.0,0,0,0.0,0,0,0.0,0,0,0.0,0,0,0.0,0,0,0.0,0,15,0.0,0,0,0.0,0,0,0.0,0,0,0.0,0,0,0.0,0,0,0.0,0,0,0.0,0,0,0.0,0,0,0.0,0,0,0.0,0,0,0.0,5,14,0.2632,0,0,0.0,0,0,0.0,0,0,0.0,0,13,0.0,4,19,0.1739,2,21,0.087,0,15,0.0,1,17,0.0556,4,18,0.1818,1,17,0.0556
2026-04-03 21:40:20,test_672.jpg,152,26,178,0.1461,5,31,32,0,0,0.0,0,0,0.0,0,0,0.0,0,0,0.0,0,0,0.0,0,0,0.0,0,0,0.0,0,0,0.0,0,0,0.0,0,0,0.0,1,14,0.0667,0,0,0.0,0,0,0.0,0,0,0.0,0,0,0.0,0,0,0.0,0,0,0.0,0,0,0.0,0,0,0.0,0,0,0.0,0,0,0.0,1,17,0.0556,0,0,0.0,0,0,0.0,0,0,0.0,15,35,0.3,7,38,0.1556,2,48,0.04,0,0,0.0,0,0,0.0,0,0,0.0,0,0,0.0
2026-04-03 21:40:20,test_673.jpg,129,47,176,0.267,6,31,32,0,0,0.0,0,0,0.0,0,0,0.0,0,0,0.0,0,0,0.0,0,0,0.0,0,0,0.0,0,0,0.0,0,0,0.0,0,0,0.0,0,17,0.0,0,0,0.0,0,0,0.0,0,0,0.0,0,0,0.0,0,0,0.0,0,0,0.0,0,0,0.0,0,0,0.0,0,0,0.0,0,0,0.0,5,16,0.2381,0,0,0.0,0,0,0.0,0,0,0.0,5,15,0.25,0,21,0.0,26,38,0.4062,11,22,0.3333,0,0,0.0,0,0,0.0,0,0,0.0
2026-04-03 21:40:20,test_674.jpg,109,35,144,0.2431,6,31,32,0,0,0.0,0,0,0.0,0,0,0.0,0,0,0.0,0,0,0.0,0,0,0.0,0,0,0.0,0,0,0.0,0,0,0.0,0,0,0.0,10,13,0.4348,0,0,0.0,0,0,0.0,0,0,0.0,0,0,0.0,0,0,0.0,0,0,0.0,0,0,0.0,0,0,0.0,0,0,0.0,0,0,0.0,3,15,0.1667,0,0,0.0,0,0,0.0,0,0,0.0,0,14,0.0,3,23,0.1154,9,25,0.2647,10,19,0.3448,0,0,0.0,0,0,0.0,0,0,0.0
2026-04-03 21:40:20,test_675.jpg,127,34,161,0.2112,6,31,32,0,0,0.0,0,0,0.0,0,0,0.0,0,0,0.0,0,0,0.0,0,0,0.0,0,0,0.0,0,0,0.0,0,0,0.0,0,0,0.0,0,18,0.0,0,0,0.0,0,0,0.0,0,0,0.0,0,0,0.0,0,0,0.0,0,0,0.0,0,0,0.0,0,0,0.0,0,0,0.0,0,0,0.0,6,26,0.1875,0,0,0.0,0,0,0.0,0,0,0.0,10,21,0.3226,5,23,0.1786,11,20,0.3548,2,19,0.0952,0,0,0.0,0,0,0.0,0,0,0.0
2026-04-03 21:40:20,test_676.jpg,273,110,383,0.2872,8,31,32,0,0,0.0,0,0,0.0,0,0,0.0,0,0,0.0,0,0,0.0,0,0,0.0,0,0,0.0,0,0,0.0,0,0,0.0,0,0,0.0,1,18,0.0526,0,0,0.0,0,0,0.0,0,0,0.0,0,0,0.0,0,0,0.0,0,0,0.0,0,0,0.0,0,0,0.0,0,0,0.0,0,0,0.0,8,8,0.5,0,0,0.0,0,0,0.0,0,0,0.0,4,17,0.1905,17,33,0.34,20,18,0.5263,6,22,0.2143,29,51,0.3625,25,106,0.1908,0,0,0.0
2026-04-03 21:40:20,test_677.jpg,193,34,227,0.1498,10,31,32,1,16,0.0588,0,0,0.0,0,0,0.0,0,0,0.0,0,0,0.0,0,0,0.0,0,0,0.0,0,0,0.0,0,0,0.0,0,0,0.0,2,15,0.1176,0,0,0.0,0,0,0.0,0,0,0.0,0,0,0.0,0,0,0.0,0,0,0.0,0,0,0.0,0,0,0.0,0,0,0.0,0,0,0.0,0,0,0.0,0,0,0.0,0,0,0.0,0,0,0.0,3,24,0.1111,19,44,0.3016,5,22,0.1852,1,23,0.0417,2,25,0.0741,0,10,0.0,1,14,0.0667
2026-04-03 21:40:20,test_678.jpg,155,16,171,0.0936,6,31,32,0,0,0.0,0,0,0.0,0,0,0.0,0,0,0.0,0,0,0.0,0,0,0.0,0,0,0.0,0,0,0.0,0,0,0.0,0,0,0.0,1,19,0.05,0,0,0.0,0,0,0.0,0,0,0.0,0,0,0.0,0,0,0.0,0,0,0.0,0,0,0.0,0,0,0.0,0,0,0.0,0,0,0.0,1,21,0.0455,0,0,0.0,0,0,0.0,0,0,0.0,2,16,0.1111,2,23,0.08,6,40,0.1304,4,36,0.1,0,0,0.0,0,0,0.0,0,0,0.0
2026-04-03 21:40:20,test_679.jpg,140,12,152,0.0789,8,31,32,0,0,0.0,0,0,0.0,0,0,0.0,0,0,0.0,0,0,0.0,0,0,0.0,0,0,0.0,0,0,0.0,0,0,0.0,0,0,0.0,1,19,0.05,0,0,0.0,0,0,0.0,0,0,0.0,0,0,0.0,0,0,0.0,0,0,0.0,0,0,0.0,0,0,0.0,0,0,0.0,0,0,0.0,1,16,0.0588,0,0,0.0,0,0,0.0,0,0,0.0,4,15,0.2105,1,18,0.0526,1,17,0.0556,0,13,0.0,1,16,0.0588,3,26,0.1034,0,0,0.0
2026-04-03 21:40:20,test_68.jpg,105,22,127,0.1732,8,31,32,0,0,0.0,0,0,0.0,0,0,0.0,0,0,0.0,0,0,0.0,0,0,0.0,0,0,0.0,0,0,0.0,0,0,0.0,0,0,0.0,1,15,0.0625,0,0,0.0,0,0,0.0,0,0,0.0,0,0,0.0,0,0,0.0,0,0,0.0,0,0,0.0,0,0,0.0,0,0,0.0,0,0,0.0,2,15,0.1176,0,0,0.0,0,0,0.0,0,0,0.0,0,15,0.0,3,12,0.2,4,7,0.3636,2,9,0.1818,9,20,0.3103,1,12,0.0769,0,0,0.0
2026-04-03 21:40:20,test_680.jpg,175,48,223,0.2152,6,31,32,0,0,0.0,0,0,0.0,0,0,0.0,0,0,0.0,0,0,0.0,0,0,0.0,0,0,0.0,0,0,0.0,0,0,0.0,0,0,0.0,10,24,0.2941,0,0,0.0,0,0,0.0,0,0,0.0,0,0,0.0,0,0,0.0,0,0,0.0,0,0,0.0,0,0,0.0,0,0,0.0,0,0,0.0,9,24,0.2727,0,0,0.0,0,0,0.0,0,0,0.0,13,24,0.3514,8,31,0.2051,7,43,0.14,1,29,0.0333,0,0,0.0,0,0,0.0,0,0,0.0
2026-04-03 21:40:20,test_681.jpg,122,27,149,0.1812,6,31,32,0,0,0.0,0,0,0.0,0,0,0.0,0,0,0.0,0,0,0.0,0,0,0.0,0,0,0.0,0,0,0.0,0,0,0.0,0,0,0.0,2,16,0.1111,0,0,0.0,0,0,0.0,0,0,0.0,0,0,0.0,0,0,0.0,0,0,0.0,0,0,0.0,0,0,0.0,0,0,0.0,0,0,0.0,4,20,0.1667,0,0,0.0,0,0,0.0,0,0,0.0,3,21,0.125,6,21,0.2222,6,20,0.2308,6,24,0.2,0,0,0.0,0,0,0.0,0,0,0.0
2026-04-03 21:40:20,test_682.jpg,149,10,159,0.0629,12,31,32,3,22,0.12,0,10,0.0,0,21,0.0,0,0,0.0,0,0,0.0,0,0,0.0,0,0,0.0,0,0,0.0,0,0,0.0,0,0,0.0,0,9,0.0,0,0,0.0,0,0,0.0,0,0,0.0,0,0,0.0,0,0,0.0,0,0,0.0,0,0,0.0,0,0,0.0,0,0,0.0,0,0,0.0,0,10,0.0,0,0,0.0,0,0,0.0,0,0,0.0,0,10,0.0,3,10,0.2308,1,12,0.0769,2,12,0.1429,0,12,0.0,1,10,0.0909,0,11,0.0
2026-04-03 21:40:20,test_683.jpg,177,35,212,0.1651,10,31,32,2,16,0.1111,0,0,0.0,0,0,0.0,0,0,0.0,0,0,0.0,0,0,0.0,0,0,0.0,0,0,0.0,0,0,0.0,0,0,0.0,1,22,0.0435,0,0,0.0,0,0,0.0,0,0,0.0,0,0,0.0,0,0,0.0,0,0,0.0,0,0,0.0,0,0,0.0,0,0,0.0,0,0,0.0,2,17,0.1053,0,0,0.0,0,0,0.0,0,0,0.0,5,19,0.2083,0,17,0.0,7,21,0.25,9,16,0.36,3,19,0.1364,6,21,0.2222,0,9,0.0
2026-04-03 21:40:20,test_684.jpg,230,157,387,0.4057,3,31,32,0,0,0.0,0,0,0.0,0,0,0.0,0,0,0.0,0,0,0.0,0,0,0.0,0,0,0.0,0,0,0.0,0,0,0.0,0,0,0.0,26,63,0.2921,0,0,0.0,0,0,0.0,0,0,0.0,0,0,0.0,0,0,0.0,0,0,0.0,0,0,0.0,0,0,0.0,0,0,0.0,0,0,0.0,88,127,0.4093,0,0,0.0,0,0,0.0,0,0,0.0,43,40,0.5181,0,0,0.0,0,0,0.0,0,0,0.0,0,0,0.0,0,0,0.0,0,0,0.0
2026-04-03 21:40:20,test_685.jpg,156,46,202,0.2277,5,31,32,0,0,0.0,0,0,0.0,0,0,0.0,0,0,0.0,0,0,0.0,0,0,0.0,0,0,0.0,0,0,0.0,0,0,0.0,0,0,0.0,0,22,0.0,0,0,0.0,0,0,0.0,0,0,0.0,0,0,0.0,0,0,0.0,0,0,0.0,0,0,0.0,0,0,0.0,0,0,0.0,0,0,0.0,6,27,0.1818,0,0,0.0,0,0,0.0,0,0,0.0,7,44,0.1373,27,47,0.3649,6,16,0.2727,0,0,0.0,0,0,0.0,0,0,0.0,0,0,0.0
2026-04-03 21:40:20,test_686.jpg,145,33,178,0.1854,9,31,32,0,0,0.0,0,0,0.0,0,0,0.0,0,0,0.0,0,0,0.0,0,0,0.0,0,0,0.0,0,0,0.0,0,0,0.0,0,0,0.0,0,5,0.0,0,0,0.0,0,0,0.0,0,0,0.0,0,0,0.0,0,0,0.0,0,0,0.0,0,0,0.0,0,0,0.0,0,0,0.0,0,0,0.0,0,4,0.0,0,0,0.0,0,0,0.0,0,0,0.0,0,4,0.0,3,13,0.1875,6,21,0.2222,1,32,0.0303,8,26,0.2353,15,39,0.2778,0,1,0.0
2026-04-03 21:40:20,test_687.jpg,155,60,215,0.2791,8,31,32,0,0,0.0,0,0,0.0,0,0,0.0,0,0,0.0,0,0,0.0,0,0,0.0,0,0,0.0,0,0,0.0,0,0,0.0,0,0,0.0,0,20,0.0,0,0,0.0,0,0,0.0,0,0,0.0,0,0,0.0,0,0,0.0,0,0,0.0,0,0,0.0,0,0,0.0,0,0,0.0,0,0,0.0,7,26,0.2121,0,0,0.0,0,0,0.0,0,0,0.0,2,22,0.0833,7,26,0.2121,38,39,0.4935,0,12,0.0,6,8,0.4286,0,2,0.0,0,0,0.0
2026-04-03 21:40:20,test_688.jpg,205,38,243,0.1564,10,31,32,5,22,0.1852,0,0,0.0,0,0,0.0,0,0,0.0,0,0,0.0,0,0,0.0,0,0,0.0,0,0,0.0,0,0,0.0,0,0,0.0,15,29,0.3409,0,0,0.0,0,0,0.0,0,0,0.0,0,0,0.0,0,0,0.0,0,0,0.0,0,0,0.0,0,0,0.0,0,0,0.0,0,0,0.0,0,20,0.0,0,0,0.0,0,0,0.0,0,0,0.0,2,25,0.0741,3,16,0.1579,0,10,0.0,2,16,0.1111,6,23,0.2069,3,18,0.1429,2,26,0.0714
2026-04-03 21:40:20,test_689.jpg,167,43,210,0.2048,6,31,32,0,0,0.0,0,0,0.0,0,0,0.0,0,0,0.0,0,0,0.0,0,0,0.0,0,0,0.0,0,0,0.0,0,0,0.0,0,0,0.0,6,37,0.1395,0,0,0.0,0,0,0.0,0,0,0.0,0,0,0.0,0,0,0.0,0,0,0.0,0,0,0.0,0,0,0.0,0,0,0.0,0,0,0.0,9,27,0.25,0,0,0.0,0,0,0.0,0,0,0.0,3,33,0.0833,3,21,0.125,19,34,0.3585,3,15,0.1667,0,0,0.0,0,0,0.0,0,0,0.0
2026-04-03 21:40:20,test_69.jpg,139,15,154,0.0974,7,31,32,0,0,0.0,0,0,0.0,0,0,0.0,0,0,0.0,0,0,0.0,0,0,0.0,0,0,0.0,0,0,0.0,0,0,0.0,0,0,0.0,1,21,0.0455,0,0,0.0,0,0,0.0,0,0,0.0,0,0,0.0,0,0,0.0,0,0,0.0,0,0,0.0,0,0,0.0,0,0,0.0,0,0,0.0,3,17,0.15,0,0,0.0,0,0,0.0,0,0,0.0,0,18,0.0,4,21,0.16,1,19,0.05,3,21,0.125,3,22,0.12,0,0,0.0,0,0,0.0
2026-04-03 21:40:20,test_690.jpg,116,33,149,0.2215,6,31,32,0,0,0.0,0,0,0.0,0,0,0.0,0,0,0.0,0,0,0.0,0,0,0.0,0,0,0.0,0,0,0.0,0,0,0.0,0,0,0.0,2,13,0.1333,0,0,0.0,0,0,0.0,0,0,0.0,0,0,0.0,0,0,0.0,0,0,0.0,0,0,0.0,0,0,0.0,0,0,0.0,0,0,0.0,7,19,0.2692,0,0,0.0,0,0,0.0,0,0,0.0,0,17,0.0,3,20,0.1304,15,28,0.3488,6,19,0.24,0,0,0.0,0,0,0.0,0,0,0.0
2026-04-03 21:40:20,test_691.jpg,180,13,193,0.0674,10,31,32,0,17,0.0,0,0,0.0,0,0,0.0,0,0,0.0,0,0,0.0,0,0,0.0,0,0,0.0,0,0,0.0,0,0,0.0,0,0,0.0,0,14,0.0,0,0,0.0,0,0,0.0,0,0,0.0,0,0,0.0,0,0,0.0,0,0,0.0,0,0,0.0,0,0,0.0,0,0,0.0,0,0,0.0,0,13,0.0,0,0,0.0,0,0,0.0,0,0,0.0,3,20,0.1304,0,19,0.0,2,20,0.0909,2,19,0.0952,3,18,0.1429,1,20,0.0476,2,20,0.0909
2026-04-03 21:40:20,test_692.jpg,129,31,160,0.1938,10,31,32,6,19,0.24,0,0,0.0,0,0,0.0,0,0,0.0,0,0,0.0,0,0,0.0,0,0,0.0,0,0,0.0,0,0,0.0,0,0,0.0,0,11,0.0,0,0,0.0,0,0,0.0,0,0,0.0,0,0,0.0,0,0,0.0,0,0,0.0,0,0,0.0,0,0,0.0,0,0,0.0,0,0,0.0,0,12,0.0,0,0,0.0,0,0,0.0,0,0,0.0,3,9,0.25,1,11,0.0833,3,13,0.1875,0,13,0.0,7,12,0.3684,4,17,0.1905,7,12,0.3684
2026-04-03 21:40:20,test_693.jpg,130,9,139,0.0647,6,31,32,0,0,0.0,0,0,0.0,0,0,0.0,0,0,0.0,0,0,0.0,0,0,0.0,0,0,0.0,0,0,0.0,0,0,0.0,0,0,0.0,0,27,0.0,0,0,0.0,0,0,0.0,0,0,0.0,0,0,0.0,0,0,0.0,0,0,0.0,0,0,0.0,0,0,0.0,0,0,0.0,0,0,0.0,6,19,0.24,0,0,0.0,0,0,0.0,0,0,0.0,3,19,0.1364,0,21,0.0,0,21,0.0,0,23,0.0,0,0,0.0,0,0,0.0,0,0,0.0
2026-04-03 21:40:20,test_694.jpg,123,61,184,0.3315,4,31,32,0,0,0.0,0,0,0.0,0,0,0.0,0,0,0.0,0,0,0.0,0,0,0.0,0,0,0.0,0,0,0.0,0,0,0.0,0,0,0.0,10,20,0.3333,0,0,0.0,0,0,0.0,0,0,0.0,0,0,0.0,0,0,0.0,0,0,0.0,0,0,0.0,0,0,0.0,0,0,0.0,0,0,0.0,12,30,0.2857,0,0,0.0,0,0,0.0,0,0,0.0,26,45,0.3662,13,28,0.3171,0,0,0.0,0,0,0.0,0,0,0.0,0,0,0.0,0,0,0.0
2026-04-03 21:40:20,test_695.jpg,146,10,156,0.0641,6,31,32,0,0,0.0,0,0,0.0,0,0,0.0,0,0,0.0,0,0,0.0,0,0,0.0,0,0,0.0,0,0,0.0,0,0,0.0,0,0,0.0,0,12,0.0,0,0,0.0,0,0,0.0,0,0,0.0,0,0,0.0,0,0,0.0,0,0,0.0,0,0,0.0,0,0,0.0,0,0,0.0,0,0,0.0,0,20,0.0,0,0,0.0,0,0,0.0,0,0,0.0,4,17,0.1905,5,26,0.1613,0,28,0.0,1,43,0.0227,0,0,0.0,0,0,0.0,0,0,0.0
2026-04-03 21:40:20,test_696.jpg,138,49,187,0.262,7,31,32,0,0,0.0,0,0,0.0,0,0,0.0,0,0,0.0,0,0,0.0,0,0,0.0,0,0,0.0,0,0,0.0,0,0,0.0,0,0,0.0,3,7,0.3,0,0,0.0,0,0,0.0,0,0,0.0,0,0,0.0,0,0,0.0,0,0,0.0,0,0,0.0,0,0,0.0,0,0,0.0,0,0,0.0,5,22,0.1852,0,0,0.0,0,0,0.0,0,0,0.0,0,16,0.0,5,25,0.1667,8,23,0.2581,13,23,0.3611,15,22,0.4054,0,0,0.0,0,0,0.0
2026-04-03 21:40:20,test_697.jpg,191,60,251,0.239,7,31,32,0,0,0.0,0,0,0.0,0,0,0.0,0,0,0.0,0,0,0.0,0,0,0.0,0,0,0.0,0,0,0.0,0,0,0.0,0,0,0.0,0,17,0.0,0,0,0.0,0,0,0.0,0,0,0.0,0,0,0.0,0,0,0.0,0,0,0.0,0,0,0.0,0,0,0.0,0,0,0.0,0,0,0.0,5,45,0.1,0,0,0.0,0,0,0.0,0,0,0.0,0,30,0.0,2,36,0.0526,29,32,0.4754,18,21,0.4615,6,10,0.375,0,0,0.0,0,0,0.0
2026-04-03 21:40:20,test_698.jpg,119,24,143,0.1678,7,31,32,0,0,0.0,0,0,0.0,0,0,0.0,0,0,0.0,0,0,0.0,0,0,0.0,0,0,0.0,0,0,0.0,0,0,0.0,0,0,0.0,4,11,0.2667,0,0,0.0,0,0,0.0,0,0,0.0,0,0,0.0,0,0,0.0,0,0,0.0,0,0,0.0,0,0,0.0,0,0,0.0,0,0,0.0,0,21,0.0,0,0,0.0,0,0,0.0,0,0,0.0,0,18,0.0,1,16,0.0588,5,19,0.2083,10,22,0.3125,4,12,0.25,0,0,0.0,0,0,0.0
2026-04-03 21:40:20,test_699.jpg,160,71,231,0.3074,7,31,32,0,0,0.0,0,0,0.0,0,0,0.0,0,0,0.0,0,0,0.0,0,0,0.0,0,0,0.0,0,0,0.0,0,0,0.0,0,0,0.0,0,15,0.0,0,0,0.0,0,0,0.0,0,0,0.0,0,0,0.0,0,0,0.0,0,0,0.0,0,0,0.0,0,0,0.0,0,0,0.0,0,0,0.0,2,36,0.0526,0,0,0.0,0,0,0.0,0,0,0.0,2,10,0.1667,12,19,0.3871,5,19,0.2083,12,30,0.2857,38,31,0.5507,0,0,0.0,0,0,0.0
2026-04-03 21:40:20,test_7.jpg,159,13,172,0.0756,5,31,32,0,0,0.0,0,0,0.0,0,0,0.0,0,0,0.0,0,0,0.0,0,0,0.0,0,0,0.0,0,0,0.0,0,0,0.0,0,0,0.0,2,17,0.1053,0,0,0.0,0,0,0.0,0,0,0.0,0,0,0.0,0,0,0.0,0,0,0.0,0,0,0.0,0,0,0.0,0,0,0.0,0,0,0.0,1,16,0.0588,0,0,0.0,0,0,0.0,0,0,0.0,0,35,0.0,10,48,0.1724,0,43,0.0,0,0,0.0,0,0,0.0,0,0,0.0,0,0,0.0
2026-04-03 21:40:20,test_70.jpg,106,34,140,0.2429,9,31,32,0,0,0.0,0,0,0.0,0,0,0.0,0,0,0.0,0,0,0.0,0,0,0.0,0,0,0.0,0,0,0.0,0,0,0.0,0,0,0.0,0,3,0.0,0,0,0.0,0,0,0.0,0,0,0.0,0,0,0.0,0,0,0.0,0,0,0.0,0,0,0.0,0,0,0.0,0,0,0.0,0,0,0.0,0,12,0.0,0,0,0.0,0,0,0.0,0,0,0.0,1,11,0.0833,0,10,0.0,5,8,0.3846,6,9,0.4,4,10,0.2857,7,12,0.3684,11,31,0.2619
2026-04-03 21:40:20,test_700.jpg,138,39,177,0.2203,7,31,32,0,0,0.0,0,0,0.0,0,0,0.0,0,0,0.0,0,0,0.0,0,0,0.0,0,0,0.0,0,0,0.0,0,0,0.0,0,0,0.0,5,20,0.2,0,0,0.0,0,0,0.0,0,0,0.0,0,0,0.0,0,0,0.0,0,0,0.0,0,0,0.0,0,0,0.0,0,0,0.0,0,0,0.0,7,19,0.2692,0,0,0.0,0,0,0.0,0,0,0.0,4,21,0.16,6,21,0.2222,8,18,0.3077,3,22,0.12,6,17,0.2609,0,0,0.0,0,0,0.0
2026-04-03 21:40:20,test_701.jpg,145,0,145,0.0,8,31,32,0,0,0.0,0,0,0.0,0,0,0.0,0,0,0.0,0,0,0.0,0,0,0.0,0,0,0.0,0,0,0.0,0,0,0.0,0,0,0.0,0,19,0.0,0,0,0.0,0,0,0.0,0,0,0.0,0,0,0.0,0,0,0.0,0,0,0.0,0,0,0.0,0,0,0.0,0,0,0.0,0,0,0.0,0,21,0.0,0,0,0.0,0,0,0.0,0,0,0.0,0,19,0.0,0,19,0.0,0,18,0.0,0,17,0.0,0,16,0.0,0,16,0.0,0,0,0.0
2026-04-03 21:40:20,test_702.jpg,153,29,182,0.1593,6,31,32,0,0,0.0,0,0,0.0,0,0,0.0,0,0,0.0,0,0,0.0,0,0,0.0,0,0,0.0,0,0,0.0,0,0,0.0,0,0,0.0,0,3,0.0,0,0,0.0,0,0,0.0,0,0,0.0,0,0,0.0,0,0,0.0,0,0,0.0,0,0,0.0,0,0,0.0,0,0,0.0,0,0,0.0,4,45,0.0816,0,0,0.0,0,0,0.0,0,0,0.0,3,24,0.1111,2,27,0.069,13,35,0.2708,7,19,0.2692,0,0,0.0,0,0,0.0,0,0,0.0
2026-04-03 21:40:20,test_703.jpg,178,28,206,0.1359,6,31,32,0,0,0.0,0,0,0.0,0,0,0.0,0,0,0.0,0,0,0.0,0,0,0.0,0,0,0.0,0,0,0.0,0,0,0.0,0,0,0.0,8,10,0.4444,0,0,0.0,0,0,0.0,0,0,0.0,0,0,0.0,0,0,0.0,0,0,0.0,0,0,0.0,0,0,0.0,0,0,0.0,0,0,0.0,8,54,0.129,0,0,0.0,0,0,0.0,0,0,0.0,0,36,0.0,2,29,0.0645,10,49,0.1695,0,0,0.0,0,0,0.0,0,0,0.0,0,0,0.0
2026-04-03 21:40:20,test_704.jpg,140,10,150,0.0667,8,31,32,0,0,0.0,0,0,0.0,0,0,0.0,0,0,0.0,0,0,0.0,0,0,0.0,0,0,0.0,0,0,0.0,0,0,0.0,0,0,0.0,0,18,0.0,0,0,0.0,0,0,0.0,0,0,0.0,0,0,0.0,0,0,0.0,0,0,0.0,0,0,0.0,0,0,0.0,0,0,0.0,0,0,0.0,0,15,0.0,0,0,0.0,0,0,0.0,0,0,0.0,0,17,0.0,4,19,0.1739,1,16,0.0588,2,15,0.1176,3,19,0.1364,0,21,0.0,0,0,0.0
2026-04-03 21:40:20,test_705.jpg,190,48,238,0.2017,4,31,32,0,0,0.0,0,0,0.0,0,0,0.0,0,0,0.0,0,0,0.0,0,0,0.0,0,0,0.0,0,0,0.0,0,0,0.0,0,0,0.0,15,26,0.3659,0,0,0.0,0,0,0.0,0,0,0.0,0,0,0.0,0,0,0.0,0,0,0.0,0,0,0.0,0,0,0.0,0,0,0.0,0,0,0.0,11,66,0.1429,0,0,0.0,0,0,0.0,0,0,0.0,15,66,0.1852,7,32,0.1795,0,0,0.0,0,0,0.0,0,0,0.0,0,0,0.0,0,0,0.0
2026-04-03 21:40:20,test_706.jpg,113,29,142,0.2042,4,31,32,0,0,0.0,0,0,0.0,0,0,0.0,0,0,0.0,0,0,0.0,0,0,0.0,0,0,0.0,0,0,0.0,0,0,0.0,0,0,0.0,16,58,0.2162,0,0,0.0,0,0,0.0,0,0,0.0,0,0,0.0,0,0,0.0,0,0,0.0,0,0,0.0,0,0,0.0,0,0,0.0,0,0,0.0,5,19,0.2083,0,0,0.0,0,0,0.0,0,0,0.0,5,16,0.2381,3,20,0.1304,0,0,0.0,0,0,0.0,0,0,0.0,0,0,0.0,0,0,0.0
2026-04-03 21:40:20,test_707.jpg,206,52,258,0.2016,7,31,32,0,0,0.0,0,0,0.0,0,0,0.0,0,0,0.0,0,0,0.0,0,0,0.0,0,0,0.0,0,0,0.0,0,0,0.0,0,0,0.0,12,34,0.2609,0,0,0.0,0,0,0.0,0,0,0.0,0,0,0.0,0,0,0.0,0,0,0.0,0,0,0.0,0,0,0.0,0,0,0.0,0,0,0.0,17,32,0.3469,0,0,0.0,0,0,0.0,0,0,0.0,2,32,0.0588,14,41,0.2545,0,21,0.0,7,36,0.1628,0,10,0.0,0,0,0.0,0,0,0.0
2026-04-03 21:40:20,test_708.jpg,122,11,133,0.0827,6,31,32,0,0,0.0,0,0,0.0,0,0,0.0,0,0,0.0,0,0,0.0,0,0,0.0,0,0,0.0,0,0,0.0,0,0,0.0,0,0,0.0,0,18,0.0,0,0,0.0,0,0,0.0,0,0,0.0,0,0,0.0,0,0,0.0,0,0,0.0,0,0,0.0,0,0,0.0,0,0,0.0,0,0,0.0,5,10,0.3333,0,0,0.0,0,0,0.0,0,0,0.0,2,12,0.1429,0,17,0.0,3,46,0.0612,1,19,0.05,0,0,0.0,0,0,0.0,0,0,0.0
2026-04-03 21:40:20,test_709.jpg,193,64,257,0.249,11,31,32,5,20,0.2,9,21,0.3,0,0,0.0,0,0,0.0,0,0,0.0,0,0,0.0,0,0,0.0,0,0,0.0,0,0,0.0,0,0,0.0,2,11,0.1538,0,0,0.0,0,0,0.0,0,0,0.0,0,0,0.0,0,0,0.0,0,0,0.0,0,0,0.0,0,0,0.0,0,0,0.0,0,0,0.0,1,14,0.0667,0,0,0.0,0,0,0.0,0,0,0.0,2,25,0.0741,4,20,0.1667,10,20,0.3333,3,12,0.2,6,8,0.4286,6,23,0.2069,16,19,0.4571
2026-04-03 21:40:20,test_71.jpg,142,49,191,0.2565,4,31,32,0,0,0.0,0,0,0.0,0,0,0.0,0,0,0.0,0,0,0.0,0,0,0.0,0,0,0.0,0,0,0.0,0,0,0.0,0,0,0.0,10,31,0.2439,0,0,0.0,0,0,0.0,0,0,0.0,0,0,0.0,0,0,0.0,0,0,0.0,0,0,0.0,0,0,0.0,0,0,0.0,0,0,0.0,10,40,0.2,0,0,0.0,0,0,0.0,0,0,0.0,21,50,0.2958,8,21,0.2759,0,0,0.0,0,0,0.0,0,0,0.0,0,0,0.0,0,0,0.0
2026-04-03 21:40:20,test_710.jpg,166,20,186,0.1075,7,31,32,0,0,0.0,0,0,0.0,0,0,0.0,0,0,0.0,0,0,0.0,0,0,0.0,0,0,0.0,0,0,0.0,0,0,0.0,0,0,0.0,5,23,0.1786,0,0,0.0,0,0,0.0,0,0,0.0,0,0,0.0,0,0,0.0,0,0,0.0,0,0,0.0,0,0,0.0,0,0,0.0,0,0,0.0,2,23,0.08,0,0,0.0,0,0,0.0,0,0,0.0,2,22,0.0833,2,23,0.08,0,23,0.0,5,31,0.1389,4,21,0.16,0,0,0.0,0,0,0.0
2026-04-03 21:40:20,test_711.jpg,106,21,127,0.1654,3,31,32,0,0,0.0,0,0,0.0,0,0,0.0,0,0,0.0,0,0,0.0,0,0,0.0,0,0,0.0,0,0,0.0,0,0,0.0,0,0,0.0,0,23,0.0,0,0,0.0,0,0,0.0,0,0,0.0,0,0,0.0,0,0,0.0,0,0,0.0,0,0,0.0,0,0,0.0,0,0,0.0,0,0,0.0,8,45,0.1509,0,0,0.0,0,0,0.0,0,0,0.0,13,38,0.2549,0,0,0.0,0,0,0.0,0,0,0.0,0,0,0.0,0,0,0.0,0,0,0.0
2026-04-03 21:40:20,test_712.jpg,154,25,179,0.1397,7,31,32,0,0,0.0,0,0,0.0,0,0,0.0,0,0,0.0,0,0,0.0,0,0,0.0,0,0,0.0,0,0,0.0,0,0,0.0,0,0,0.0,8,37,0.1778,0,0,0.0,0,0,0.0,0,0,0.0,0,0,0.0,0,0,0.0,0,0,0.0,0,0,0.0,0,0,0.0,0,0,0.0,0,0,0.0,5,24,0.1724,0,0,0.0,0,0,0.0,0,0,0.0,0,8,0.0,2,22,0.0833,4,20,0.1667,1,21,0.0455,5,22,0.1852,0,0,0.0,0,0,0.0
2026-04-03 21:40:20,test_713.jpg,119,35,154,0.2273,4,31,32,0,0,0.0,0,0,0.0,0,0,0.0,0,0,0.0,0,0,0.0,0,0,0.0,0,0,0.0,0,0,0.0,0,0,0.0,0,0,0.0,1,29,0.0333,0,0,0.0,0,0,0.0,0,0,0.0,0,0,0.0,0,0,0.0,0,0,0.0,0,0,0.0,0,0,0.0,0,0,0.0,0,0,0.0,4,35,0.1026,0,0,0.0,0,0,0.0,0,0,0.0,12,34,0.2609,18,21,0.4615,0,0,0.0,0,0,0.0,0,0,0.0,0,0,0.0,0,0,0.0
2026-04-03 21:40:20,test_714.jpg,151,40,191,0.2094,8,31,32,0,0,0.0,0,0,0.0,0,0,0.0,0,0,0.0,0,0,0.0,0,0,0.0,0,0,0.0,0,0,0.0,0,0,0.0,0,0,0.0,0,15,0.0,0,0,0.0,0,0,0.0,0,0,0.0,0,0,0.0,0,0,0.0,0,0,0.0,0,0,0.0,0,0,0.0,0,0,0.0,0,0,0.0,1,20,0.0476,0,0,0.0,0,0,0.0,0,0,0.0,11,22,0.3333,10,18,0.3571,12,27,0.3077,4,16,0.2,1,17,0.0556,1,16,0.0588,0,0,0.0
2026-04-03 21:40:20,test_715.jpg,132,3,135,0.0222,7,31,32,0,0,0.0,0,0,0.0,0,0,0.0,0,0,0.0,0,0,0.0,0,0,0.0,0,0,0.0,0,0,0.0,0,0,0.0,0,0,0.0,0,9,0.0,0,0,0.0,0,0,0.0,0,0,0.0,0,0,0.0,0,0,0.0,0,0,0.0,0,0,0.0,0,0,0.0,0,0,0.0,0,0,0.0,1,34,0.0286,0,0,0.0,0,0,0.0,0,0,0.0,2,20,0.0909,0,20,0.0,0,22,0.0,0,13,0.0,0,14,0.0,0,0,0.0,0,0,0.0
2026-04-03 21:40:20,test_716.jpg,169,21,190,0.1105,6,31,32,0,0,0.0,0,0,0.0,0,0,0.0,0,0,0.0,0,0,0.0,0,0,0.0,0,0,0.0,0,0,0.0,0,0,0.0,0,0,0.0,3,29,0.0938,0,0,0.0,0,0,0.0,0,0,0.0,0,0,0.0,0,0,0.0,0,0,0.0,0,0,0.0,0,0,0.0,0,0,0.0,0,0,0.0,7,29,0.1944,0,0,0.0,0,0,0.0,0,0,0.0,5,37,0.119,6,28,0.1765,0,30,0.0,0,16,0.0,0,0,0.0,0,0,0.0,0,0,0.0
2026-04-03 21:40:20,test_717.jpg,125,28,153,0.183,8,31,32,0,0,0.0,0,0,0.0,0,0,0.0,0,0,0.0,0,0,0.0,0,0,0.0,0,0,0.0,0,0,0.0,0,0,0.0,0,0,0.0,0,15,0.0,0,0,0.0,0,0,0.0,0,0,0.0,0,0,0.0,0,0,0.0,0,0,0.0,0,0,0.0,0,0,0.0,0,0,0.0,0,0,0.0,2,12,0.1429,0,0,0.0,0,0,0.0,0,0,0.0,1,13,0.0714,6,16,0.2727,4,12,0.25,2,19,0.0952,7,19,0.2692,6,19,0.24,0,0,0.0
2026-04-03 21:40:20,test_718.jpg,131,6,137,0.0438,7,31,32,0,0,0.0,0,0,0.0,0,0,0.0,0,0,0.0,0,0,0.0,0,0,0.0,0,0,0.0,0,0,0.0,0,0,0.0,0,0,0.0,0,17,0.0,0,0,0.0,0,0,0.0,0,0,0.0,0,0,0.0,0,0,0.0,0,0,0.0,0,0,0.0,0,0,0.0,0,0,0.0,0,0,0.0,3,15,0.1667,0,0,0.0,0,0,0.0,0,0,0.0,0,18,0.0,1,21,0.0455,0,17,0.0,1,21,0.0455,1,22,0.0435,0,0,0.0,0,0,0.0
2026-04-03 21:40:20,test_719.jpg,117,45,162,0.2778,9,31,32,0,0,0.0,0,0,0.0,0,0,0.0,0,0,0.0,0,0,0.0,0,0,0.0,0,0,0.0,0,0,0.0,0,0,0.0,0,0,0.0,2,11,0.1538,0,0,0.0,0,0,0.0,0,0,0.0,0,0,0.0,0,0,0.0,0,0,0.0,0,0,0.0,0,0,0.0,0,0,0.0,0,0,0.0,4,9,0.3077,0,0,0.0,0,0,0.0,0,0,0.0,2,7,0.2222,2,4,0.3333,1,15,0.0625,14,19,0.4242,7,19,0.2692,11,23,0.3235,2,10,0.1667
2026-04-03 21:40:20,test_72.jpg,139,46,185,0.2486,9,31,32,0,0,0.0,0,0,0.0,0,0,0.0,0,0,0.0,0,0,0.0,0,0,0.0,0,0,0.0,0,0,0.0,0,0,0.0,0,0,0.0,2,2,0.5,0,0,0.0,0,0,0.0,0,0,0.0,0,0,0.0,0,0,0.0,0,0,0.0,0,0,0.0,0,0,0.0,0,0,0.0,0,0,0.0,10,19,0.3448,0,0,0.0,0,0,0.0,0,0,0.0,5,10,0.3333,7,19,0.2692,5,20,0.2,3,19,0.1364,11,20,0.3548,3,20,0.1304,0,10,0.0
2026-04-03 21:40:20,test_720.jpg,125,10,135,0.0741,8,31,32,0,0,0.0,0,0,0.0,0,0,0.0,0,0,0.0,0,0,0.0,0,0,0.0,0,0,0.0,0,0,0.0,0,0,0.0,0,0,0.0,1,10,0.0909,0,0,0.0,0,0,0.0,0,0,0.0,0,0,0.0,0,0,0.0,0,0,0.0,0,0,0.0,0,0,0.0,0,0,0.0,0,0,0.0,2,20,0.0909,0,0,0.0,0,0,0.0,0,0,0.0,0,16,0.0,0,15,0.0,0,14,0.0,3,18,0.1429,1,18,0.0526,3,14,0.1765,0,0,0.0
2026-04-03 21:40:20,test_721.jpg,202,96,298,0.3221,8,31,32,0,0,0.0,0,0,0.0,0,0,0.0,0,0,0.0,0,0,0.0,0,0,0.0,0,0,0.0,0,0,0.0,0,0,0.0,0,0,0.0,0,19,0.0,0,0,0.0,0,0,0.0,0,0,0.0,0,0,0.0,0,0,0.0,0,0,0.0,0,0,0.0,0,0,0.0,0,0,0.0,0,0,0.0,4,23,0.1481,0,0,0.0,0,0,0.0,0,0,0.0,6,26,0.1875,6,30,0.1667,17,28,0.3778,39,35,0.527,19,29,0.3958,5,12,0.2941,0,0,0.0
2026-04-03 21:40:20,test_722.jpg,134,5,139,0.036,6,31,32,0,0,0.0,0,0,0.0,0,0,0.0,0,0,0.0,0,0,0.0,0,0,0.0,0,0,0.0,0,0,0.0,0,0,0.0,0,0,0.0,0,14,0.0,0,0,0.0,0,0,0.0,0,0,0.0,0,0,0.0,0,0,0.0,0,0,0.0,0,0,0.0,0,0,0.0,0,0,0.0,0,0,0.0,1,11,0.0833,0,0,0.0,0,0,0.0,0,0,0.0,1,15,0.0625,0,29,0.0,3,40,0.0698,0,25,0.0,0,0,0.0,0,0,0.0,0,0,0.0
2026-04-03 21:40:20,test_723.jpg,103,37,140,0.2643,5,31,32,0,0,0.0,0,0,0.0,0,0,0.0,0,0,0.0,0,0,0.0,0,0,0.0,0,0,0.0,0,0,0.0,0,0,0.0,0,0,0.0,8,10,0.4444,0,0,0.0,0,0,0.0,0,0,0.0,0,0,0.0,0,0,0.0,0,0,0.0,0,0,0.0,0,0,0.0,0,0,0.0,0,0,0.0,8,25,0.2424,0,0,0.0,0,0,0.0,0,0,0.0,8,22,0.2667,5,34,0.1282,8,12,0.4,0,0,0.0,0,0,0.0,0,0,0.0,0,0,0.0
2026-04-03 21:40:20,test_724.jpg,141,25,166,0.1506,6,31,32,0,0,0.0,0,0,0.0,0,0,0.0,0,0,0.0,0,0,0.0,0,0,0.0,0,0,0.0,0,0,0.0,0,0,0.0,0,0,0.0,7,26,0.2121,0,0,0.0,0,0,0.0,0,0,0.0,0,0,0.0,0,0,0.0,0,0,0.0,0,0,0.0,0,0,0.0,0,0,0.0,0,0,0.0,5,23,0.1786,0,0,0.0,0,0,0.0,0,0,0.0,6,23,0.2069,0,19,0.0,2,19,0.0952,5,31,0.1389,0,0,0.0,0,0,0.0,0,0,0.0
2026-04-03 21:40:20,test_725.jpg,137,31,168,0.1845,6,31,32,0,0,0.0,0,0,0.0,0,0,0.0,0,0,0.0,0,0,0.0,0,0,0.0,0,0,0.0,0,0,0.0,0,0,0.0,0,0,0.0,9,33,0.2143,0,0,0.0,0,0,0.0,0,0,0.0,0,0,0.0,0,0,0.0,0,0,0.0,0,0,0.0,0,0,0.0,0,0,0.0,0,0,0.0,5,20,0.2,0,0,0.0,0,0,0.0,0,0,0.0,2,19,0.0952,4,20,0.1667,9,24,0.2727,2,21,0.087,0,0,0.0,0,0,0.0,0,0,0.0
2026-04-03 21:40:20,test_726.jpg,146,51,197,0.2589,6,31,32,0,0,0.0,0,0,0.0,0,0,0.0,0,0,0.0,0,0,0.0,0,0,0.0,0,0,0.0,0,0,0.0,0,0,0.0,0,0,0.0,1,15,0.0625,0,0,0.0,0,0,0.0,0,0,0.0,0,0,0.0,0,0,0.0,0,0,0.0,0,0,0.0,0,0,0.0,0,0,0.0,0,0,0.0,4,14,0.2222,0,0,0.0,0,0,0.0,0,0,0.0,14,24,0.3684,21,41,0.3387,11,34,0.2444,0,18,0.0,0,0,0.0,0,0,0.0,0,0,0.0
2026-04-03 21:40:20,test_727.jpg,155,65,220,0.2955,8,31,32,0,0,0.0,0,0,0.0,0,0,0.0,0,0,0.0,0,0,0.0,0,0,0.0,0,0,0.0,0,0,0.0,0,0,0.0,0,0,0.0,0,14,0.0,0,0,0.0,0,0,0.0,0,0,0.0,0,0,0.0,0,0,0.0,0,0,0.0,0,0,0.0,0,0,0.0,0,0,0.0,0,0,0.0,5,23,0.1786,0,0,0.0,0,0,0.0,0,0,0.0,10,26,0.2778,14,17,0.4516,3,20,0.1304,22,26,0.4583,7,21,0.25,4,8,0.3333,0,0,0.0
2026-04-03 21:40:20,test_728.jpg,140,38,178,0.2135,8,31,32,0,0,0.0,0,0,0.0,0,0,0.0,0,0,0.0,0,0,0.0,0,0,0.0,0,0,0.0,0,0,0.0,0,0,0.0,0,0,0.0,3,8,0.2727,0,0,0.0,0,0,0.0,0,0,0.0,0,0,0.0,0,0,0.0,0,0,0.0,0,0,0.0,0,0,0.0,0,0,0.0,0,0,0.0,1,14,0.0667,0,0,0.0,0,0,0.0,0,0,0.0,1,15,0.0625,4,17,0.1905,2,20,0.0909,5,12,0.2941,6,16,0.2727,16,38,0.2963,0,0,0.0
2026-04-03 21:40:20,test_729.jpg,140,27,167,0.1617,6,31,32,0,0,0.0,0,0,0.0,0,0,0.0,0,0,0.0,0,0,0.0,0,0,0.0,0,0,0.0,0,0,0.0,0,0,0.0,0,0,0.0,5,20,0.2,0,0,0.0,0,0,0.0,0,0,0.0,0,0,0.0,0,0,0.0,0,0,0.0,0,0,0.0,0,0,0.0,0,0,0.0,0,0,0.0,5,26,0.1613,0,0,0.0,0,0,0.0,0,0,0.0,5,24,0.1724,2,23,0.08,7,39,0.1522,3,8,0.2727,0,0,0.0,0,0,0.0,0,0,0.0
2026-04-03 21:40:20,test_73.jpg,126,31,157,0.1975,3,31,32,0,0,0.0,0,0,0.0,0,0,0.0,0,0,0.0,0,0,0.0,0,0,0.0,0,0,0.0,0,0,0.0,0,0,0.0,0,0,0.0,1,12,0.0769,0,0,0.0,0,0,0.0,0,0,0.0,0,0,0.0,0,0,0.0,0,0,0.0,0,0,0.0,0,0,0.0,0,0,0.0,0,0,0.0,30,109,0.2158,0,0,0.0,0,0,0.0,0,0,0.0,0,5,0.0,0,0,0.0,0,0,0.0,0,0,0.0,0,0,0.0,0,0,0.0,0,0,0.0
2026-04-03 21:40:20,test_730.jpg,167,30,197,0.1523,11,31,32,4,15,0.2105,3,16,0.1579,0,0,0.0,0,0,0.0,0,0,0.0,0,0,0.0,0,0,0.0,0,0,0.0,0,0,0.0,0,0,0.0,1,15,0.0625,0,0,0.0,0,0,0.0,0,0,0.0,0,0,0.0,0,0,0.0,0,0,0.0,0,0,0.0,0,0,0.0,0,0,0.0,0,0,0.0,0,1,0.0,0,0,0.0,0,0,0.0,0,0,0.0,3,20,0.1304,6,16,0.2727,2,15,0.1176,1,26,0.037,0,14,0.0,7,19,0.2692,3,10,0.2308
2026-04-03 21:40:20,test_731.jpg,130,0,130,0.0,6,31,32,0,0,0.0,0,0,0.0,0,0,0.0,0,0,0.0,0,0,0.0,0,0,0.0,0,0,0.0,0,0,0.0,0,0,0.0,0,0,0.0,0,20,0.0,0,0,0.0,0,0,0.0,0,0,0.0,0,0,0.0,0,0,0.0,0,0,0.0,0,0,0.0,0,0,0.0,0,0,0.0,0,0,0.0,0,19,0.0,0,0,0.0,0,0,0.0,0,0,0.0,0,23,0.0,0,21,0.0,0,23,0.0,0,24,0.0,0,0,0.0,0,0,0.0,0,0,0.0
2026-04-03 21:40:20,test_732.jpg,130,97,227,0.4273,5,31,32,0,0,0.0,0,0,0.0,0,0,0.0,0,0,0.0,0,0,0.0,0,0,0.0,0,0,0.0,0,0,0.0,0,0,0.0,0,0,0.0,5,9,0.3571,0,0,0.0,0,0,0.0,0,0,0.0,0,0,0.0,0,0,0.0,0,0,0.0,0,0,0.0,0,0,0.0,0,0,0.0,0,0,0.0,7,19,0.2692,0,0,0.0,0,0,0.0,0,0,0.0,9,34,0.2093,70,56,0.5556,6,12,0.3333,0,0,0.0,0,0,0.0,0,0,0.0,0,0,0.0
2026-04-03 21:40:20,test_733.jpg,153,52,205,0.2537,5,31,32,0,0,0.0,0,0,0.0,0,0,0.0,0,0,0.0,0,0,0.0,0,0,0.0,0,0,0.0,0,0,0.0,0,0,0.0,0,0,0.0,9,22,0.2903,0,0,0.0,0,0,0.0,0,0,0.0,0,0,0.0,0,0,0.0,0,0,0.0,0,0,0.0,0,0,0.0,0,0,0.0,0,0,0.0,4,29,0.1212,0,0,0.0,0,0,0.0,0,0,0.0,8,25,0.2424,11,40,0.2157,20,37,0.3509,0,0,0.0,0,0,0.0,0,0,0.0,0,0,0.0
2026-04-03 21:40:20,test_734.jpg,208,41,249,0.1647,6,31,32,0,0,0.0,0,0,0.0,0,0,0.0,0,0,0.0,0,0,0.0,0,0,0.0,0,0,0.0,0,0,0.0,0,0,0.0,0,0,0.0,4,22,0.1538,0,0,0.0,0,0,0.0,0,0,0.0,0,0,0.0,0,0,0.0,0,0,0.0,0,0,0.0,0,0,0.0,0,0,0.0,0,0,0.0,1,48,0.0204,0,0,0.0,0,0,0.0,0,0,0.0,1,34,0.0286,6,28,0.1765,17,42,0.2881,12,34,0.2609,0,0,0.0,0,0,0.0,0,0,0.0
2026-04-03 21:40:20,test_735.jpg,204,18,222,0.0811,10,31,32,1,20,0.0476,0,0,0.0,0,0,0.0,0,0,0.0,0,0,0.0,0,0,0.0,0,0,0.0,0,0,0.0,0,0,0.0,0,0,0.0,0,0,0.0,0,0,0.0,0,0,0.0,0,0,0.0,0,0,0.0,0,0,0.0,0,0,0.0,0,0,0.0,0,0,0.0,0,0,0.0,0,0,0.0,11,25,0.3056,0,0,0.0,0,0,0.0,0,0,0.0,3,13,0.1875,2,16,0.1111,1,16,0.0588,0,17,0.0,0,27,0.0,0,19,0.0,0,51,0.0
2026-04-03 21:40:20,test_736.jpg,124,7,131,0.0534,8,31,32,0,0,0.0,0,0,0.0,0,0,0.0,0,0,0.0,0,0,0.0,0,0,0.0,0,0,0.0,0,0,0.0,0,0,0.0,0,0,0.0,0,0,0.0,0,0,0.0,0,0,0.0,0,0,0.0,0,0,0.0,0,0,0.0,0,0,0.0,0,0,0.0,0,0,0.0,0,0,0.0,0,0,0.0,0,24,0.0,0,0,0.0,0,0,0.0,0,0,0.0,6,12,0.3333,1,12,0.0769,0,12,0.0,0,16,0.0,0,40,0.0,0,8,0.0,0,0,0.0
2026-04-03 21:40:20,test_737.jpg,144,12,156,0.0769,4,31,32,0,0,0.0,0,0,0.0,0,0,0.0,0,0,0.0,0,0,0.0,0,0,0.0,0,0,0.0,0,0,0.0,0,0,0.0,0,0,0.0,2,22,0.0833,0,0,0.0,0,0,0.0,0,0,0.0,0,0,0.0,0,0,0.0,0,0,0.0,0,0,0.0,0,0,0.0,0,0,0.0,0,0,0.0,3,39,0.0714,0,0,0.0,0,0,0.0,0,0,0.0,6,56,0.0968,1,27,0.0357,0,0,0.0,0,0,0.0,0,0,0.0,0,0,0.0,0,0,0.0
2026-04-03 21:40:20,test_738.jpg,151,30,181,0.1657,8,31,32,0,0,0.0,0,0,0.0,0,0,0.0,0,0,0.0,0,0,0.0,0,0,0.0,0,0,0.0,0,0,0.0,0,0,0.0,0,0,0.0,0,24,0.0,0,0,0.0,0,0,0.0,0,0,0.0,0,0,0.0,0,0,0.0,0,0,0.0,0,0,0.0,0,0,0.0,0,0,0.0,0,0,0.0,4,24,0.1429,0,0,0.0,0,0,0.0,0,0,0.0,3,20,0.1304,6,20,0.2308,5,17,0.2273,8,13,0.381,1,14,0.0667,3,19,0.1364,0,0,0.0
2026-04-03 21:40:20,test_739.jpg,149,19,168,0.1131,4,31,32,0,0,0.0,0,0,0.0,0,0,0.0,0,0,0.0,0,0,0.0,0,0,0.0,0,0,0.0,0,0,0.0,0,0,0.0,0,0,0.0,0,31,0.0,0,0,0.0,0,0,0.0,0,0,0.0,0,0,0.0,0,0,0.0,0,0,0.0,0,0,0.0,0,0,0.0,0,0,0.0,0,0,0.0,2,45,0.0426,0,0,0.0,0,0,0.0,0,0,0.0,6,44,0.12,11,29,0.275,0,0,0.0,0,0,0.0,0,0,0.0,0,0,0.0,0,0,0.0
2026-04-03 21:40:20,test_74.jpg,136,27,163,0.1656,8,31,32,0,0,0.0,0,0,0.0,0,0,0.0,0,0,0.0,0,0,0.0,0,0,0.0,0,0,0.0,0,0,0.0,0,0,0.0,0,0,0.0,2,13,0.1333,0,0,0.0,0,0,0.0,0,0,0.0,0,0,0.0,0,0,0.0,0,0,0.0,0,0,0.0,0,0,0.0,0,0,0.0,0,0,0.0,7,13,0.35,0,0,0.0,0,0,0.0,0,0,0.0,1,17,0.0556,1,24,0.04,4,17,0.1905,3,17,0.15,7,19,0.2692,2,16,0.1111,0,0,0.0
2026-04-03 21:40:20,test_740.jpg,188,32,220,0.1455,8,31,32,0,0,0.0,0,0,0.0,0,0,0.0,0,0,0.0,0,0,0.0,0,0,0.0,0,0,0.0,0,0,0.0,0,0,0.0,0,0,0.0,7,20,0.2593,0,0,0.0,0,0,0.0,0,0,0.0,0,0,0.0,0,0,0.0,0,0,0.0,0,0,0.0,0,0,0.0,0,0,0.0,0,0,0.0,9,42,0.1765,0,0,0.0,0,0,0.0,0,0,0.0,0,19,0.0,5,38,0.1163,5,27,0.1562,5,22,0.1852,1,15,0.0625,0,5,0.0,0,0,0.0
2026-04-03 21:40:20,test_741.jpg,135,27,162,0.1667,5,31,32,0,0,0.0,0,0,0.0,0,0,0.0,0,0,0.0,0,0,0.0,0,0,0.0,0,0,0.0,0,0,0.0,0,0,0.0,0,0,0.0,4,28,0.125,0,0,0.0,0,0,0.0,0,0,0.0,0,0,0.0,0,0,0.0,0,0,0.0,0,0,0.0,0,0,0.0,0,0,0.0,0,0,0.0,3,24,0.1111,0,0,0.0,0,0,0.0,0,0,0.0,5,31,0.1389,8,33,0.1951,7,19,0.2692,0,0,0.0,0,0,0.0,0,0,0.0,0,0,0.0
2026-04-03 21:40:20,test_742.jpg,155,27,182,0.1484,6,31,32,0,0,0.0,0,0,0.0,0,0,0.0,0,0,0.0,0,0,0.0,0,0,0.0,0,0,0.0,0,0,0.0,0,0,0.0,0,0,0.0,3,18,0.1429,0,0,0.0,0,0,0.0,0,0,0.0,0,0,0.0,0,0,0.0,0,0,0.0,0,0,0.0,0,0,0.0,0,0,0.0,0,0,0.0,7,30,0.1892,0,0,0.0,0,0,0.0,0,0,0.0,2,25,0.0741,3,24,0.1111,5,39,0.1136,7,19,0.2692,0,0,0.0,0,0,0.0,0,0,0.0
2026-04-03 21:40:20,test_743.jpg,163,29,192,0.151,6,31,32,0,0,0.0,0,0,0.0,0,0,0.0,0,0,0.0,0,0,0.0,0,0,0.0,0,0,0.0,0,0,0.0,0,0,0.0,0,0,0.0,9,31,0.225,0,0,0.0,0,0,0.0,0,0,0.0,0,0,0.0,0,0,0.0,0,0,0.0,0,0,0.0,0,0,0.0,0,0,0.0,0,0,0.0,0,21,0.0,0,0,0.0,0,0,0.0,0,0,0.0,8,24,0.25,1,16,0.0588,2,23,0.08,9,48,0.1579,0,0,0.0,0,0,0.0,0,0,0.0
2026-04-03 21:40:20,test_744.jpg,127,2,129,0.0155,5,31,32,0,0,0.0,0,0,0.0,0,0,0.0,0,0,0.0,0,0,0.0,0,0,0.0,0,0,0.0,0,0,0.0,0,0,0.0,0,0,0.0,0,25,0.0,0,0,0.0,0,0,0.0,0,0,0.0,0,0,0.0,0,0,0.0,0,0,0.0,0,0,0.0,0,0,0.0,0,0,0.0,0,0,0.0,0,25,0.0,0,0,0.0,0,0,0.0,0,0,0.0,2,28,0.0667,0,27,0.0,0,22,0.0,0,0,0.0,0,0,0.0,0,0,0.0,0,0,0.0
2026-04-03 21:40:20,test_745.jpg,142,23,165,0.1394,9,31,32,0,0,0.0,0,0,0.0,0,0,0.0,0,0,0.0,0,0,0.0,0,0,0.0,0,0,0.0,0,0,0.0,0,0,0.0,0,0,0.0,0,16,0.0,0,0,0.0,0,0,0.0,0,0,0.0,0,0,0.0,0,0,0.0,0,0,0.0,0,0,0.0,0,0,0.0,0,0,0.0,0,0,0.0,1,18,0.0526,0,0,0.0,0,0,0.0,0,0,0.0,0,15,0.0,5,18,0.2174,0,8,0.0,4,11,0.2667,4,18,0.1818,4,14,0.2222,5,24,0.1724
2026-04-03 21:40:20,test_746.jpg,142,39,181,0.2155,8,31,32,0,0,0.0,0,0,0.0,0,0,0.0,0,0,0.0,0,0,0.0,0,0,0.0,0,0,0.0,0,0,0.0,0,0,0.0,0,0,0.0,0,9,0.0,0,0,0.0,0,0,0.0,0,0,0.0,0,0,0.0,0,0,0.0,0,0,0.0,0,0,0.0,0,0,0.0,0,0,0.0,0,0,0.0,5,20,0.2,0,0,0.0,0,0,0.0,0,0,0.0,2,21,0.087,2,18,0.1,3,20,0.1304,8,22,0.2667,11,15,0.4231,8,17,0.32,0,0,0.0
2026-04-03 21:40:20,test_747.jpg,146,30,176,0.1705,8,31,32,0,0,0.0,0,0,0.0,0,0,0.0,0,0,0.0,0,0,0.0,0,0,0.0,0,0,0.0,0,0,0.0,0,0,0.0,0,0,0.0,3,17,0.15,0,0,0.0,0,0,0.0,0,0,0.0,0,0,0.0,0,0,0.0,0,0,0.0,0,0,0.0,0,0,0.0,0,0,0.0,0,0,0.0,10,20,0.3333,0,0,0.0,0,0,0.0,0,0,0.0,4,22,0.1538,4,24,0.1429,2,18,0.1,2,14,0.125,4,14,0.2222,1,17,0.0556,0,0,0.0
2026-04-03 21:40:20,test_748.jpg,145,11,156,0.0705,8,31,32,0,0,0.0,0,0,0.0,0,0,0.0,0,0,0.0,0,0,0.0,0,0,0.0,0,0,0.0,0,0,0.0,0,0,0.0,0,0,0.0,2,21,0.087,0,0,0.0,0,0,0.0,0,0,0.0,0,0,0.0,0,0,0.0,0,0,0.0,0,0,0.0,0,0,0.0,0,0,0.0,0,0,0.0,2,17,0.1053,0,0,0.0,0,0,0.0,0,0,0.0,2,13,0.1333,0,17,0.0,3,17,0.15,0,23,0.0,1,16,0.0588,1,21,0.0455,0,0,0.0
2026-04-03 21:40:20,test_749.jpg,130,29,159,0.1824,8,31,32,0,0,0.0,0,0,0.0,0,0,0.0,0,0,0.0,0,0,0.0,0,0,0.0,0,0,0.0,0,0,0.0,0,0,0.0,0,0,0.0,4,18,0.1818,0,0,0.0,0,0,0.0,0,0,0.0,0,0,0.0,0,0,0.0,0,0,0.0,0,0,0.0,0,0,0.0,0,0,0.0,0,0,0.0,0,17,0.0,0,0,0.0,0,0,0.0,0,0,0.0,3,14,0.1765,2,17,0.1053,0,21,0.0,9,12,0.4286,8,13,0.381,3,18,0.1429,0,0,0.0
2026-04-03 21:40:20,test_75.jpg,146,104,250,0.416,5,31,32,0,0,0.0,0,0,0.0,0,0,0.0,0,0,0.0,0,0,0.0,0,0,0.0,0,0,0.0,0,0,0.0,0,0,0.0,0,0,0.0,16,21,0.4324,0,0,0.0,0,0,0.0,0,0,0.0,0,0,0.0,0,0,0.0,0,0,0.0,0,0,0.0,0,0,0.0,0,0,0.0,0,0,0.0,21,24,0.4667,0,0,0.0,0,0,0.0,0,0,0.0,33,35,0.4853,17,26,0.3953,17,40,0.2982,0,0,0.0,0,0,0.0,0,0,0.0,0,0,0.0
2026-04-03 21:40:20,test_750.jpg,171,63,234,0.2692,5,31,32,0,0,0.0,0,0,0.0,0,0,0.0,0,0,0.0,0,0,0.0,0,0,0.0,0,0,0.0,0,0,0.0,0,0,0.0,0,0,0.0,7,14,0.3333,0,0,0.0,0,0,0.0,0,0,0.0,0,0,0.0,0,0,0.0,0,0,0.0,0,0,0.0,0,0,0.0,0,0,0.0,0,0,0.0,5,49,0.0926,0,0,0.0,0,0,0.0,0,0,0.0,6,45,0.1176,30,49,0.3797,15,14,0.5172,0,0,0.0,0,0,0.0,0,0,0.0,0,0,0.0
2026-04-03 21:40:20,test_751.jpg,168,27,195,0.1385,8,31,32,0,0,0.0,0,0,0.0,0,0,0.0,0,0,0.0,0,0,0.0,0,0,0.0,0,0,0.0,0,0,0.0,0,0,0.0,0,0,0.0,1,15,0.0625,0,0,0.0,0,0,0.0,0,0,0.0,0,0,0.0,0,0,0.0,0,0,0.0,0,0,0.0,0,0,0.0,0,0,0.0,0,0,0.0,1,38,0.0256,0,0,0.0,0,0,0.0,0,0,0.0,4,22,0.1538,5,14,0.2632,0,19,0.0,4,26,0.1333,8,21,0.2759,4,13,0.2353,0,0,0.0
2026-04-03 21:40:20,test_752.jpg,168,74,242,0.3058,9,31,32,0,0,0.0,0,0,0.0,0,0,0.0,0,0,0.0,0,0,0.0,0,0,0.0,0,0,0.0,0,0,0.0,0,0,0.0,0,0,0.0,0,2,0.0,0,0,0.0,0,0,0.0,0,0,0.0,0,0,0.0,0,0,0.0,0,0,0.0,0,0,0.0,0,0,0.0,0,0,0.0,0,0,0.0,4,40,0.0909,0,0,0.0,0,0,0.0,0,0,0.0,2,16,0.1111,3,17,0.15,6,20,0.2308,22,24,0.4783,17,16,0.5152,18,24,0.4286,2,9,0.1818
2026-04-03 21:40:20,test_753.jpg,106,3,109,0.0275,6,31,32,0,0,0.0,0,0,0.0,0,0,0.0,0,0,0.0,0,0,0.0,0,0,0.0,0,0,0.0,0,0,0.0,0,0,0.0,0,0,0.0,0,15,0.0,0,0,0.0,0,0,0.0,0,0,0.0,0,0,0.0,0,0,0.0,0,0,0.0,0,0,0.0,0,0,0.0,0,0,0.0,0,0,0.0,3,18,0.1429,0,0,0.0,0,0,0.0,0,0,0.0,0,18,0.0,0,18,0.0,0,23,0.0,0,14,0.0,0,0,0.0,0,0,0.0,0,0,0.0
2026-04-03 21:40:20,test_754.jpg,139,40,179,0.2235,9,31,32,0,0,0.0,0,0,0.0,0,0,0.0,0,0,0.0,0,0,0.0,0,0,0.0,0,0,0.0,0,0,0.0,0,0,0.0,0,0,0.0,1,11,0.0833,0,0,0.0,0,0,0.0,0,0,0.0,0,0,0.0,0,0,0.0,0,0,0.0,0,0,0.0,0,0,0.0,0,0,0.0,0,0,0.0,5,24,0.1724,0,0,0.0,0,0,0.0,0,0,0.0,1,11,0.0833,1,14,0.0667,3,18,0.1429,11,12,0.4783,9,12,0.4286,7,18,0.28,2,19,0.0952
2026-04-03 21:40:20,test_755.jpg,145,2,147,0.0136,7,31,32,0,0,0.0,0,0,0.0,0,0,0.0,0,0,0.0,0,0,0.0,0,0,0.0,0,0,0.0,0,0,0.0,0,0,0.0,0,0,0.0,2,15,0.1176,0,0,0.0,0,0,0.0,0,0,0.0,0,0,0.0,0,0,0.0,0,0,0.0,0,0,0.0,0,0,0.0,0,0,0.0,0,0,0.0,0,24,0.0,0,0,0.0,0,0,0.0,0,0,0.0,0,25,0.0,0,22,0.0,0,21,0.0,0,18,0.0,0,20,0.0,0,0,0.0,0,0,0.0
2026-04-03 21:40:20,test_756.jpg,131,41,172,0.2384,8,31,32,0,0,0.0,0,0,0.0,0,0,0.0,0,0,0.0,0,0,0.0,0,0,0.0,0,0,0.0,0,0,0.0,0,0,0.0,0,0,0.0,7,22,0.2414,0,0,0.0,0,0,0.0,0,0,0.0,0,0,0.0,0,0,0.0,0,0,0.0,0,0,0.0,0,0,0.0,0,0,0.0,0,0,0.0,5,13,0.2778,0,0,0.0,0,0,0.0,0,0,0.0,3,13,0.1875,6,12,0.3333,0,13,0.0,6,20,0.2308,3,17,0.15,11,21,0.3438,0,0,0.0
2026-04-03 21:40:20,test_757.jpg,158,24,182,0.1319,5,31,32,0,0,0.0,0,0,0.0,0,0,0.0,0,0,0.0,0,0,0.0,0,0,0.0,0,0,0.0,0,0,0.0,0,0,0.0,0,0,0.0,11,18,0.3793,0,0,0.0,0,0,0.0,0,0,0.0,0,0,0.0,0,0,0.0,0,0,0.0,0,0,0.0,0,0,0.0,0,0,0.0,0,0,0.0,1,22,0.0435,0,0,0.0,0,0,0.0,0,0,0.0,4,31,0.1143,8,48,0.1429,0,39,0.0,0,0,0.0,0,0,0.0,0,0,0.0,0,0,0.0
2026-04-03 21:40:20,test_758.jpg,142,17,159,0.1069,4,31,32,0,0,0.0,0,0,0.0,0,0,0.0,0,0,0.0,0,0,0.0,0,0,0.0,0,0,0.0,0,0,0.0,0,0,0.0,0,0,0.0,6,24,0.2,0,0,0.0,0,0,0.0,0,0,0.0,0,0,0.0,0,0,0.0,0,0,0.0,0,0,0.0,0,0,0.0,0,0,0.0,0,0,0.0,9,46,0.1636,0,0,0.0,0,0,0.0,0,0,0.0,1,47,0.0208,1,25,0.0385,0,0,0.0,0,0,0.0,0,0,0.0,0,0,0.0,0,0,0.0
2026-04-03 21:40:20,test_759.jpg,158,13,171,0.076,6,31,32,0,0,0.0,0,0,0.0,0,0,0.0,0,0,0.0,0,0,0.0,0,0,0.0,0,0,0.0,0,0,0.0,0,0,0.0,0,0,0.0,1,9,0.1,0,0,0.0,0,0,0.0,0,0,0.0,0,0,0.0,0,0,0.0,0,0,0.0,0,0,0.0,0,0,0.0,0,0,0.0,0,0,0.0,3,50,0.0566,0,0,0.0,0,0,0.0,0,0,0.0,5,30,0.1429,3,30,0.0909,1,20,0.0476,0,19,0.0,0,0,0.0,0,0,0.0,0,0,0.0
2026-04-03 21:40:20,test_76.jpg,138,27,165,0.1636,5,31,32,0,0,0.0,0,0,0.0,0,0,0.0,0,0,0.0,0,0,0.0,0,0,0.0,0,0,0.0,0,0,0.0,0,0,0.0,0,0,0.0,2,17,0.1053,0,0,0.0,0,0,0.0,0,0,0.0,0,0,0.0,0,0,0.0,0,0,0.0,0,0,0.0,0,0,0.0,0,0,0.0,0,0,0.0,5,21,0.1923,0,0,0.0,0,0,0.0,0,0,0.0,9,29,0.2368,6,49,0.1091,5,22,0.1852,0,0,0.0,0,0,0.0,0,0,0.0,0,0,0.0
2026-04-03 21:40:20,test_760.jpg,152,31,183,0.1694,8,31,32,0,0,0.0,0,0,0.0,0,0,0.0,0,0,0.0,0,0,0.0,0,0,0.0,0,0,0.0,0,0,0.0,0,0,0.0,0,0,0.0,13,32,0.2889,0,0,0.0,0,0,0.0,0,0,0.0,0,0,0.0,0,0,0.0,0,0,0.0,0,0,0.0,0,0,0.0,0,0,0.0,0,0,0.0,5,25,0.1667,0,0,0.0,0,0,0.0,0,0,0.0,3,15,0.1667,1,12,0.0769,3,14,0.1765,1,18,0.0526,2,21,0.087,3,15,0.1667,0,0,0.0
2026-04-03 21:40:20,test_761.jpg,297,41,338,0.1213,17,31,32,7,20,0.2593,0,17,0.0,2,17,0.1053,1,14,0.0667,7,17,0.2917,0,17,0.0,6,12,0.3333,2,11,0.1538,0,0,0.0,0,0,0.0,4,14,0.2222,0,0,0.0,0,0,0.0,0,0,0.0,0,0,0.0,0,0,0.0,0,0,0.0,0,0,0.0,0,0,0.0,0,0,0.0,0,0,0.0,0,15,0.0,0,0,0.0,0,0,0.0,0,0,0.0,0,10,0.0,5,26,0.1613,1,33,0.0294,3,21,0.125,0,19,0.0,3,17,0.15,0,17,0.0
2026-04-03 21:40:20,test_762.jpg,136,44,180,0.2444,7,31,32,0,0,0.0,0,0,0.0,0,0,0.0,0,0,0.0,0,0,0.0,0,0,0.0,0,0,0.0,0,0,0.0,0,0,0.0,0,0,0.0,0,13,0.0,0,0,0.0,0,0,0.0,0,0,0.0,0,0,0.0,0,0,0.0,0,0,0.0,0,0,0.0,0,0,0.0,0,0,0.0,0,0,0.0,1,18,0.0526,0,0,0.0,0,0,0.0,0,0,0.0,0,17,0.0,2,17,0.1053,2,15,0.1176,29,40,0.4203,10,16,0.3846,0,0,0.0,0,0,0.0
2026-04-03 21:40:20,test_763.jpg,106,30,136,0.2206,4,31,32,0,0,0.0,0,0,0.0,0,0,0.0,0,0,0.0,0,0,0.0,0,0,0.0,0,0,0.0,0,0,0.0,0,0,0.0,0,0,0.0,2,13,0.1333,0,0,0.0,0,0,0.0,0,0,0.0,0,0,0.0,0,0,0.0,0,0,0.0,0,0,0.0,0,0,0.0,0,0,0.0,0,0,0.0,8,32,0.2,0,0,0.0,0,0,0.0,0,0,0.0,7,37,0.1591,13,24,0.3514,0,0,0.0,0,0,0.0,0,0,0.0,0,0,0.0,0,0,0.0
2026-04-03 21:40:20,test_764.jpg,286,119,405,0.2938,6,31,32,0,0,0.0,0,0,0.0,0,0,0.0,0,0,0.0,0,0,0.0,0,0,0.0,0,0,0.0,0,0,0.0,0,0,0.0,0,0,0.0,1,48,0.0204,0,0,0.0,0,0,0.0,0,0,0.0,0,0,0.0,0,0,0.0,0,0,0.0,0,0,0.0,0,0,0.0,0,0,0.0,0,0,0.0,10,85,0.1053,0,0,0.0,0,0,0.0,0,0,0.0,13,68,0.1605,38,39,0.4935,43,31,0.5811,14,15,0.4828,0,0,0.0,0,0,0.0,0,0,0.0
2026-04-03 21:40:20,test_765.jpg,178,21,199,0.1055,7,31,32,0,0,0.0,0,0,0.0,0,0,0.0,0,0,0.0,0,0,0.0,0,0,0.0,0,0,0.0,0,0,0.0,0,0,0.0,0,0,0.0,2,9,0.1818,0,0,0.0,0,0,0.0,0,0,0.0,0,0,0.0,0,0,0.0,0,0,0.0,0,0,0.0,0,0,0.0,0,0,0.0,0,0,0.0,2,21,0.087,0,0,0.0,0,0,0.0,0,0,0.0,0,24,0.0,0,19,0.0,0,26,0.0,3,44,0.0638,14,35,0.2857,0,0,0.0,0,0,0.0
2026-04-03 21:40:20,test_766.jpg,119,36,155,0.2323,5,31,32,0,0,0.0,0,0,0.0,0,0,0.0,0,0,0.0,0,0,0.0,0,0,0.0,0,0,0.0,0,0,0.0,0,0,0.0,0,0,0.0,3,25,0.1071,0,0,0.0,0,0,0.0,0,0,0.0,0,0,0.0,0,0,0.0,0,0,0.0,0,0,0.0,0,0,0.0,0,0,0.0,0,0,0.0,4,21,0.16,0,0,0.0,0,0,0.0,0,0,0.0,8,23,0.2581,5,22,0.1852,16,28,0.3636,0,0,0.0,0,0,0.0,0,0,0.0,0,0,0.0
2026-04-03 21:40:20,test_767.jpg,125,5,130,0.0385,8,31,32,0,0,0.0,0,0,0.0,0,0,0.0,0,0,0.0,0,0,0.0,0,0,0.0,0,0,0.0,0,0,0.0,0,0,0.0,0,0,0.0,1,13,0.0714,0,0,0.0,0,0,0.0,0,0,0.0,0,0,0.0,0,0,0.0,0,0,0.0,0,0,0.0,0,0,0.0,0,0,0.0,0,0,0.0,0,15,0.0,0,0,0.0,0,0,0.0,0,0,0.0,1,15,0.0625,1,15,0.0625,0,17,0.0,1,17,0.0556,1,17,0.0556,0,16,0.0,0,0,0.0
2026-04-03 21:40:20,test_768.jpg,142,9,151,0.0596,7,31,32,0,0,0.0,0,0,0.0,0,0,0.0,0,0,0.0,0,0,0.0,0,0,0.0,0,0,0.0,0,0,0.0,0,0,0.0,0,0,0.0,4,38,0.0952,0,0,0.0,0,0,0.0,0,0,0.0,0,0,0.0,0,0,0.0,0,0,0.0,0,0,0.0,0,0,0.0,0,0,0.0,0,0,0.0,0,16,0.0,0,0,0.0,0,0,0.0,0,0,0.0,0,13,0.0,0,15,0.0,0,19,0.0,2,22,0.0833,3,19,0.1364,0,0,0.0,0,0,0.0
2026-04-03 21:40:20,test_769.jpg,146,25,171,0.1462,6,31,32,0,0,0.0,0,0,0.0,0,0,0.0,0,0,0.0,0,0,0.0,0,0,0.0,0,0,0.0,0,0,0.0,0,0,0.0,0,0,0.0,2,19,0.0952,0,0,0.0,0,0,0.0,0,0,0.0,0,0,0.0,0,0,0.0,0,0,0.0,0,0,0.0,0,0,0.0,0,0,0.0,0,0,0.0,1,15,0.0625,0,0,0.0,0,0,0.0,0,0,0.0,3,21,0.125,4,24,0.1429,7,45,0.1346,8,22,0.2667,0,0,0.0,0,0,0.0,0,0,0.0
2026-04-03 21:40:20,test_77.jpg,234,7,241,0.029,20,31,32,0,9,0.0,0,9,0.0,0,10,0.0,0,14,0.0,0,10,0.0,0,10,0.0,0,10,0.0,0,14,0.0,1,19,0.05,1,29,0.0333,0,6,0.0,0,12,0.0,0,0,0.0,0,0,0.0,0,0,0.0,0,0,0.0,0,0,0.0,0,0,0.0,0,0,0.0,0,0,0.0,0,0,0.0,0,0,0.0,0,0,0.0,0,0,0.0,0,0,0.0,0,7,0.0,0,13,0.0,1,8,0.1111,0,10,0.0,4,22,0.1538,0,9,0.0,0,13,0.0
2026-04-03 21:40:20,test_770.jpg,176,8,184,0.0435,8,31,32,0,0,0.0,0,0,0.0,0,0,0.0,0,0,0.0,0,0,0.0,0,0,0.0,0,0,0.0,0,0,0.0,0,0,0.0,0,0,0.0,1,21,0.0455,0,0,0.0,0,0,0.0,0,0,0.0,0,0,0.0,0,0,0.0,0,0,0.0,0,0,0.0,0,0,0.0,0,0,0.0,0,0,0.0,0,18,0.0,0,0,0.0,0,0,0.0,0,0,0.0,0,21,0.0,0,21,0.0,0,21,0.0,3,23,0.1154,0,27,0.0,4,24,0.1429,0,0,0.0
2026-04-03 21:40:20,test_771.jpg,133,27,160,0.1688,7,31,32,0,0,0.0,0,0,0.0,0,0,0.0,0,0,0.0,0,0,0.0,0,0,0.0,0,0,0.0,0,0,0.0,0,0,0.0,0,0,0.0,2,2,0.5,0,0,0.0,0,0,0.0,0,0,0.0,0,0,0.0,0,0,0.0,0,0,0.0,0,0,0.0,0,0,0.0,0,0,0.0,0,0,0.0,1,34,0.0286,0,0,0.0,0,0,0.0,0,0,0.0,18,27,0.4,1,18,0.0526,0,17,0.0,2,17,0.1053,3,18,0.1429,0,0,0.0,0,0,0.0
2026-04-03 21:40:20,test_772.jpg,123,3,126,0.0238,6,31,32,0,0,0.0,0,0,0.0,0,0,0.0,0,0,0.0,0,0,0.0,0,0,0.0,0,0,0.0,0,0,0.0,0,0,0.0,0,0,0.0,3,16,0.1579,0,0,0.0,0,0,0.0,0,0,0.0,0,0,0.0,0,0,0.0,0,0,0.0,0,0,0.0,0,0,0.0,0,0,0.0,0,0,0.0,0,23,0.0,0,0,0.0,0,0,0.0,0,0,0.0,0,25,0.0,0,25,0.0,0,21,0.0,0,13,0.0,0,0,0.0,0,0,0.0,0,0,0.0
2026-04-03 21:40:20,test_773.jpg,245,257,502,0.512,4,31,32,0,0,0.0,0,0,0.0,0,0,0.0,0,0,0.0,0,0,0.0,0,0,0.0,0,0,0.0,0,0,0.0,0,0,0.0,0,0,0.0,7,19,0.2692,0,0,0.0,0,0,0.0,0,0,0.0,0,0,0.0,0,0,0.0,0,0,0.0,0,0,0.0,0,0,0.0,0,0,0.0,0,0,0.0,15,55,0.2143,0,0,0.0,0,0,0.0,0,0,0.0,162,133,0.5492,73,38,0.6577,0,0,0.0,0,0,0.0,0,0,0.0,0,0,0.0,0,0,0.0
2026-04-03 21:40:20,test_774.jpg,122,27,149,0.1812,7,31,32,0,0,0.0,0,0,0.0,0,0,0.0,0,0,0.0,0,0,0.0,0,0,0.0,0,0,0.0,0,0,0.0,0,0,0.0,0,0,0.0,0,1,0.0,0,0,0.0,0,0,0.0,0,0,0.0,0,0,0.0,0,0,0.0,0,0,0.0,0,0,0.0,0,0,0.0,0,0,0.0,0,0,0.0,5,36,0.122,0,0,0.0,0,0,0.0,0,0,0.0,11,30,0.2683,6,15,0.2857,3,13,0.1875,1,17,0.0556,1,10,0.0909,0,0,0.0,0,0,0.0
2026-04-03 21:40:20,test_775.jpg,120,16,136,0.1176,6,31,32,0,0,0.0,0,0,0.0,0,0,0.0,0,0,0.0,0,0,0.0,0,0,0.0,0,0,0.0,0,0,0.0,0,0,0.0,0,0,0.0,5,16,0.2381,0,0,0.0,0,0,0.0,0,0,0.0,0,0,0.0,0,0,0.0,0,0,0.0,0,0,0.0,0,0,0.0,0,0,0.0,0,0,0.0,1,20,0.0476,0,0,0.0,0,0,0.0,0,0,0.0,3,19,0.1364,4,18,0.1818,3,29,0.0938,0,18,0.0,0,0,0.0,0,0,0.0,0,0,0.0
2026-04-03 21:40:20,test_776.jpg,148,72,220,0.3273,7,31,32,0,0,0.0,0,0,0.0,0,0,0.0,0,0,0.0,0,0,0.0,0,0,0.0,0,0,0.0,0,0,0.0,0,0,0.0,0,0,0.0,4,17,0.1905,0,0,0.0,0,0,0.0,0,0,0.0,0,0,0.0,0,0,0.0,0,0,0.0,0,0,0.0,0,0,0.0,0,0,0.0,0,0,0.0,18,42,0.3,0,0,0.0,0,0,0.0,0,0,0.0,2,14,0.125,24,35,0.4068,19,25,0.4318,3,10,0.2308,2,5,0.2857,0,0,0.0,0,0,0.0
2026-04-03 21:40:20,test_777.jpg,142,53,195,0.2718,7,31,32,0,0,0.0,0,0,0.0,0,0,0.0,0,0,0.0,0,0,0.0,0,0,0.0,0,0,0.0,0,0,0.0,0,0,0.0,0,0,0.0,2,21,0.087,0,0,0.0,0,0,0.0,0,0,0.0,0,0,0.0,0,0,0.0,0,0,0.0,0,0,0.0,0,0,0.0,0,0,0.0,0,0,0.0,2,21,0.087,0,0,0.0,0,0,0.0,0,0,0.0,7,22,0.2414,11,18,0.3793,10,11,0.4762,13,29,0.3095,8,20,0.2857,0,0,0.0,0,0,0.0
2026-04-03 21:40:20,test_778.jpg,139,57,196,0.2908,4,31,32,0,0,0.0,0,0,0.0,0,0,0.0,0,0,0.0,0,0,0.0,0,0,0.0,0,0,0.0,0,0,0.0,0,0,0.0,0,0,0.0,6,25,0.1935,0,0,0.0,0,0,0.0,0,0,0.0,0,0,0.0,0,0,0.0,0,0,0.0,0,0,0.0,0,0,0.0,0,0,0.0,0,0,0.0,8,31,0.2051,0,0,0.0,0,0,0.0,0,0,0.0,25,50,0.3333,18,33,0.3529,0,0,0.0,0,0,0.0,0,0,0.0,0,0,0.0,0,0,0.0
2026-04-03 21:40:20,test_779.jpg,170,78,248,0.3145,5,31,32,0,0,0.0,0,0,0.0,0,0,0.0,0,0,0.0,0,0,0.0,0,0,0.0,0,0,0.0,0,0,0.0,0,0,0.0,0,0,0.0,3,16,0.1579,0,0,0.0,0,0,0.0,0,0,0.0,0,0,0.0,0,0,0.0,0,0,0.0,0,0,0.0,0,0,0.0,0,0,0.0,0,0,0.0,5,43,0.1042,0,0,0.0,0,0,0.0,0,0,0.0,3,41,0.0682,54,51,0.5143,13,19,0.4062,0,0,0.0,0,0,0.0,0,0,0.0,0,0,0.0
2026-04-03 21:40:20,test_78.jpg,137,36,173,0.2081,7,31,32,0,0,0.0,0,0,0.0,0,0,0.0,0,0,0.0,0,0,0.0,0,0,0.0,0,0,0.0,0,0,0.0,0,0,0.0,0,0,0.0,4,16,0.2,0,0,0.0,0,0,0.0,0,0,0.0,0,0,0.0,0,0,0.0,0,0,0.0,0,0,0.0,0,0,0.0,0,0,0.0,0,0,0.0,7,17,0.2917,0,0,0.0,0,0,0.0,0,0,0.0,7,20,0.2593,0,18,0.0,8,19,0.2963,8,24,0.25,2,23,0.08,0,0,0.0,0,0,0.0
2026-04-03 21:40:20,test_780.jpg,157,50,207,0.2415,7,31,32,0,0,0.0,0,0,0.0,0,0,0.0,0,0,0.0,0,0,0.0,0,0,0.0,0,0,0.0,0,0,0.0,0,0,0.0,0,0,0.0,9,20,0.3103,0,0,0.0,0,0,0.0,0,0,0.0,0,0,0.0,0,0,0.0,0,0,0.0,0,0,0.0,0,0,0.0,0,0,0.0,0,0,0.0,5,33,0.1316,0,0,0.0,0,0,0.0,0,0,0.0,9,29,0.2368,9,22,0.2903,2,17,0.1053,14,26,0.35,2,10,0.1667,0,0,0.0,0,0,0.0
2026-04-03 21:40:20,test_781.jpg,156,15,171,0.0877,8,31,32,0,0,0.0,0,0,0.0,0,0,0.0,0,0,0.0,0,0,0.0,0,0,0.0,0,0,0.0,0,0,0.0,0,0,0.0,0,0,0.0,0,16,0.0,0,0,0.0,0,0,0.0,0,0,0.0,0,0,0.0,0,0,0.0,0,0,0.0,0,0,0.0,0,0,0.0,0,0,0.0,0,0,0.0,0,22,0.0,0,0,0.0,0,0,0.0,0,0,0.0,1,18,0.0526,4,23,0.1481,2,21,0.087,0,21,0.0,7,26,0.2121,1,9,0.1,0,0,0.0
2026-04-03 21:40:20,test_782.jpg,123,13,136,0.0956,5,31,32,0,0,0.0,0,0,0.0,0,0,0.0,0,0,0.0,0,0,0.0,0,0,0.0,0,0,0.0,0,0,0.0,0,0,0.0,0,0,0.0,2,25,0.0741,0,0,0.0,0,0,0.0,0,0,0.0,0,0,0.0,0,0,0.0,0,0,0.0,0,0,0.0,0,0,0.0,0,0,0.0,0,0,0.0,1,33,0.0294,0,0,0.0,0,0,0.0,0,0,0.0,4,26,0.1333,3,27,0.1,3,12,0.2,0,0,0.0,0,0,0.0,0,0,0.0,0,0,0.0
2026-04-03 21:40:20,test_783.jpg,127,24,151,0.1589,5,31,32,0,0,0.0,0,0,0.0,0,0,0.0,0,0,0.0,0,0,0.0,0,0,0.0,0,0,0.0,0,0,0.0,0,0,0.0,0,0,0.0,2,24,0.0769,0,0,0.0,0,0,0.0,0,0,0.0,0,0,0.0,0,0,0.0,0,0,0.0,0,0,0.0,0,0,0.0,0,0,0.0,0,0,0.0,0,15,0.0,0,0,0.0,0,0,0.0,0,0,0.0,4,24,0.1429,7,44,0.1373,11,20,0.3548,0,0,0.0,0,0,0.0,0,0,0.0,0,0,0.0
2026-04-03 21:40:20,test_784.jpg,146,10,156,0.0641,8,31,32,0,0,0.0,0,0,0.0,0,0,0.0,0,0,0.0,0,0,0.0,0,0,0.0,0,0,0.0,0,0,0.0,0,0,0.0,0,0,0.0,0,5,0.0,0,0,0.0,0,0,0.0,0,0,0.0,0,0,0.0,0,0,0.0,0,0,0.0,0,0,0.0,0,0,0.0,0,0,0.0,0,0,0.0,7,30,0.1892,0,0,0.0,0,0,0.0,0,0,0.0,0,20,0.0,3,18,0.1429,0,18,0.0,0,19,0.0,0,22,0.0,0,14,0.0,0,0,0.0
2026-04-03 21:40:20,test_785.jpg,135,21,156,0.1346,8,31,32,0,0,0.0,0,0,0.0,0,0,0.0,0,0,0.0,0,0,0.0,0,0,0.0,0,0,0.0,0,0,0.0,0,0,0.0,0,0,0.0,2,20,0.0909,0,0,0.0,0,0,0.0,0,0,0.0,0,0,0.0,0,0,0.0,0,0,0.0,0,0,0.0,0,0,0.0,0,0,0.0,0,0,0.0,2,17,0.1053,0,0,0.0,0,0,0.0,0,0,0.0,2,18,0.1,3,16,0.1579,1,17,0.0556,3,16,0.1579,2,18,0.1,6,13,0.3158,0,0,0.0
2026-04-03 21:40:20,test_786.jpg,150,30,180,0.1667,6,31,32,0,0,0.0,0,0,0.0,0,0,0.0,0,0,0.0,0,0,0.0,0,0,0.0,0,0,0.0,0,0,0.0,0,0,0.0,0,0,0.0,2,23,0.08,0,0,0.0,0,0,0.0,0,0,0.0,0,0,0.0,0,0,0.0,0,0,0.0,0,0,0.0,0,0,0.0,0,0,0.0,0,0,0.0,1,26,0.037,0,0,0.0,0,0,0.0,0,0,0.0,7,28,0.2,3,27,0.1,3,22,0.12,14,24,0.3684,0,0,0.0,0,0,0.0,0,0,0.0
2026-04-03 21:40:20,test_787.jpg,150,22,172,0.1279,8,31,32,0,0,0.0,0,0,0.0,0,0,0.0,0,0,0.0,0,0,0.0,0,0,0.0,0,0,0.0,0,0,0.0,0,0,0.0,0,0,0.0,3,26,0.1034,0,0,0.0,0,0,0.0,0,0,0.0,0,0,0.0,0,0,0.0,0,0,0.0,0,0,0.0,0,0,0.0,0,0,0.0,0,0,0.0,0,20,0.0,0,0,0.0,0,0,0.0,0,0,0.0,7,17,0.2917,4,15,0.2105,2,16,0.1111,3,21,0.125,3,18,0.1429,0,17,0.0,0,0,0.0
2026-04-03 21:40:20,test_788.jpg,189,37,226,0.1637,8,31,32,0,0,0.0,0,0,0.0,0,0,0.0,0,0,0.0,0,0,0.0,0,0,0.0,0,0,0.0,0,0,0.0,0,0,0.0,0,0,0.0,0,5,0.0,0,0,0.0,0,0,0.0,0,0,0.0,0,0,0.0,0,0,0.0,0,0,0.0,0,0,0.0,0,0,0.0,0,0,0.0,0,0,0.0,3,40,0.0698,0,0,0.0,0,0,0.0,0,0,0.0,1,15,0.0625,6,25,0.1935,9,26,0.2571,4,27,0.129,12,45,0.2105,2,6,0.25,0,0,0.0
2026-04-03 21:40:20,test_789.jpg,140,15,155,0.0968,11,31,32,5,24,0.1724,10,18,0.3571,0,0,0.0,0,0,0.0,0,0,0.0,0,0,0.0,0,0,0.0,0,0,0.0,0,0,0.0,0,0,0.0,0,0,0.0,0,0,0.0,0,0,0.0,0,0,0.0,0,0,0.0,0,0,0.0,0,0,0.0,0,0,0.0,0,0,0.0,0,0,0.0,0,0,0.0,0,21,0.0,0,0,0.0,0,0,0.0,0,0,0.0,0,12,0.0,0,12,0.0,0,12,0.0,0,12,0.0,0,8,0.0,0,8,0.0,0,13,0.0
2026-04-03 21:40:20,test_79.jpg,139,13,152,0.0855,5,31,32,0,0,0.0,0,0,0.0,0,0,0.0,0,0,0.0,0,0,0.0,0,0,0.0,0,0,0.0,0,0,0.0,0,0,0.0,0,0,0.0,2,23,0.08,0,0,0.0,0,0,0.0,0,0,0.0,0,0,0.0,0,0,0.0,0,0,0.0,0,0,0.0,0,0,0.0,0,0,0.0,0,0,0.0,3,22,0.12,0,0,0.0,0,0,0.0,0,0,0.0,2,24,0.0769,0,24,0.0,6,46,0.1154,0,0,0.0,0,0,0.0,0,0,0.0,0,0,0.0
2026-04-03 21:40:20,test_790.jpg,212,143,355,0.4028,4,31,32,0,0,0.0,0,0,0.0,0,0,0.0,0,0,0.0,0,0,0.0,0,0,0.0,0,0,0.0,0,0,0.0,0,0,0.0,0,0,0.0,1,20,0.0476,0,0,0.0,0,0,0.0,0,0,0.0,0,0,0.0,0,0,0.0,0,0,0.0,0,0,0.0,0,0,0.0,0,0,0.0,0,0,0.0,3,35,0.0789,0,0,0.0,0,0,0.0,0,0,0.0,106,121,0.467,33,36,0.4783,0,0,0.0,0,0,0.0,0,0,0.0,0,0,0.0,0,0,0.0
2026-04-03 21:40:20,test_791.jpg,163,17,180,0.0944,7,31,32,0,0,0.0,0,0,0.0,0,0,0.0,0,0,0.0,0,0,0.0,0,0,0.0,0,0,0.0,0,0,0.0,0,0,0.0,0,0,0.0,0,21,0.0,0,0,0.0,0,0,0.0,0,0,0.0,0,0,0.0,0,0,0.0,0,0,0.0,0,0,0.0,0,0,0.0,0,0,0.0,0,0,0.0,5,21,0.1923,0,0,0.0,0,0,0.0,0,0,0.0,0,21,0.0,2,22,0.0833,7,30,0.1892,0,26,0.0,3,22,0.12,0,0,0.0,0,0,0.0
2026-04-03 21:40:20,test_792.jpg,136,17,153,0.1111,5,31,32,0,0,0.0,0,0,0.0,0,0,0.0,0,0,0.0,0,0,0.0,0,0,0.0,0,0,0.0,0,0,0.0,0,0,0.0,0,0,0.0,0,18,0.0,0,0,0.0,0,0,0.0,0,0,0.0,0,0,0.0,0,0,0.0,0,0,0.0,0,0,0.0,0,0,0.0,0,0,0.0,0,0,0.0,1,29,0.0333,0,0,0.0,0,0,0.0,0,0,0.0,2,21,0.087,3,44,0.0638,11,24,0.3143,0,0,0.0,0,0,0.0,0,0,0.0,0,0,0.0
2026-04-03 21:40:20,test_793.jpg,109,48,157,0.3057,5,31,32,0,0,0.0,0,0,0.0,0,0,0.0,0,0,0.0,0,0,0.0,0,0,0.0,0,0,0.0,0,0,0.0,0,0,0.0,0,0,0.0,5,19,0.2083,0,0,0.0,0,0,0.0,0,0,0.0,0,0,0.0,0,0,0.0,0,0,0.0,0,0,0.0,0,0,0.0,0,0,0.0,0,0,0.0,1,21,0.0455,0,0,0.0,0,0,0.0,0,0,0.0,11,18,0.3793,17,24,0.4146,14,27,0.3415,0,0,0.0,0,0,0.0,0,0,0.0,0,0,0.0
2026-04-03 21:40:20,test_794.jpg,209,71,280,0.2536,7,31,32,0,0,0.0,0,0,0.0,0,0,0.0,0,0,0.0,0,0,0.0,0,0,0.0,0,0,0.0,0,0,0.0,0,0,0.0,0,0,0.0,1,18,0.0526,0,0,0.0,0,0,0.0,0,0,0.0,0,0,0.0,0,0,0.0,0,0,0.0,0,0,0.0,0,0,0.0,0,0,0.0,0,0,0.0,4,45,0.0816,0,0,0.0,0,0,0.0,0,0,0.0,13,19,0.4062,18,32,0.36,14,32,0.3043,18,52,0.2571,3,11,0.2143,0,0,0.0,0,0,0.0
2026-04-03 21:40:20,test_795.jpg,167,77,244,0.3156,8,31,32,0,0,0.0,0,0,0.0,0,0,0.0,0,0,0.0,0,0,0.0,0,0,0.0,0,0,0.0,0,0,0.0,0,0,0.0,0,0,0.0,20,29,0.4082,0,0,0.0,0,0,0.0,0,0,0.0,0,0,0.0,0,0,0.0,0,0,0.0,0,0,0.0,0,0,0.0,0,0,0.0,0,0,0.0,6,32,0.1579,0,0,0.0,0,0,0.0,0,0,0.0,7,17,0.2917,4,17,0.1905,5,14,0.2632,10,19,0.3448,16,26,0.381,9,13,0.4091,0,0,0.0
2026-04-03 21:40:20,test_796.jpg,114,35,149,0.2349,9,31,32,0,0,0.0,0,0,0.0,0,0,0.0,0,0,0.0,0,0,0.0,0,0,0.0,0,0,0.0,0,0,0.0,0,0,0.0,0,0,0.0,4,7,0.3636,0,0,0.0,0,0,0.0,0,0,0.0,0,0,0.0,0,0,0.0,0,0,0.0,0,0,0.0,0,0,0.0,0,0,0.0,0,0,0.0,0,0,0.0,0,0,0.0,0,0,0.0,0,0,0.0,0,1,0.0,10,15,0.4,1,28,0.0345,9,17,0.3462,5,17,0.2273,5,19,0.2083,1,10,0.0909
2026-04-03 21:40:20,test_797.jpg,167,16,183,0.0874,5,31,32,0,0,0.0,0,0,0.0,0,0,0.0,0,0,0.0,0,0,0.0,0,0,0.0,0,0,0.0,0,0,0.0,0,0,0.0,0,0,0.0,0,14,0.0,0,0,0.0,0,0,0.0,0,0,0.0,0,0,0.0,0,0,0.0,0,0,0.0,0,0,0.0,0,0,0.0,0,0,0.0,0,0,0.0,3,44,0.0638,0,0,0.0,0,0,0.0,0,0,0.0,3,38,0.0732,3,45,0.0625,7,26,0.2121,0,0,0.0,0,0,0.0,0,0,0.0,0,0,0.0
2026-04-03 21:40:20,test_798.jpg,135,16,151,0.106,7,31,32,0,0,0.0,0,0,0.0,0,0,0.0,0,0,0.0,0,0,0.0,0,0,0.0,0,0,0.0,0,0,0.0,0,0,0.0,0,0,0.0,2,7,0.2222,0,0,0.0,0,0,0.0,0,0,0.0,0,0,0.0,0,0,0.0,0,0,0.0,0,0,0.0,0,0,0.0,0,0,0.0,0,0,0.0,7,32,0.1795,0,0,0.0,0,0,0.0,0,0,0.0,2,19,0.0952,1,20,0.0476,2,18,0.1,0,18,0.0,2,21,0.087,0,0,0.0,0,0,0.0
2026-04-03 21:40:20,test_799.jpg,289,119,408,0.2917,16,31,32,2,15,0.1176,6,8,0.4286,30,44,0.4054,0,21,0.0,3,4,0.4286,32,48,0.4,5,16,0.2381,0,0,0.0,0,0,0.0,0,0,0.0,0,2,0.0,0,0,0.0,0,0,0.0,0,0,0.0,0,0,0.0,0,0,0.0,0,0,0.0,0,0,0.0,0,0,0.0,0,0,0.0,0,0,0.0,18,49,0.2687,0,0,0.0,0,0,0.0,0,0,0.0,0,2,0.0,9,19,0.3214,2,23,0.08,0,0,0.0,2,12,0.1429,7,11,0.3889,3,15,0.1667
2026-04-03 21:40:20,test_8.jpg,133,69,202,0.3416,7,31,32,0,0,0.0,0,0,0.0,0,0,0.0,0,0,0.0,0,0,0.0,0,0,0.0,0,0,0.0,0,0,0.0,0,0,0.0,0,0,0.0,0,21,0.0,0,0,0.0,0,0,0.0,0,0,0.0,0,0,0.0,0,0,0.0,0,0,0.0,0,0,0.0,0,0,0.0,0,0,0.0,0,0,0.0,11,14,0.44,0,0,0.0,0,0,0.0,0,0,0.0,6,17,0.2609,18,21,0.4615,11,19,0.3667,11,23,0.3235,12,18,0.4,0,0,0.0,0,0,0.0
2026-04-03 21:40:20,test_80.jpg,253,50,303,0.165,10,31,32,0,4,0.0,0,0,0.0,0,0,0.0,0,0,0.0,0,0,0.0,0,0,0.0,0,0,0.0,0,0,0.0,0,0,0.0,0,0,0.0,0,0,0.0,0,0,0.0,0,0,0.0,0,0,0.0,0,0,0.0,0,0,0.0,0,0,0.0,0,0,0.0,0,0,0.0,0,0,0.0,0,0,0.0,6,37,0.1395,0,0,0.0,0,0,0.0,0,0,0.0,5,27,0.1562,0,17,0.0,1,26,0.037,3,17,0.15,9,31,0.225,4,31,0.1143,22,63,0.2588
2026-04-03 21:40:20,test_800.jpg,174,36,210,0.1714,9,31,32,0,0,0.0,0,0,0.0,0,0,0.0,0,0,0.0,0,0,0.0,0,0,0.0,0,0,0.0,0,0,0.0,0,0,0.0,0,0,0.0,1,20,0.0476,0,0,0.0,0,0,0.0,0,0,0.0,0,0,0.0,0,0,0.0,0,0,0.0,0,0,0.0,0,0,0.0,0,0,0.0,0,0,0.0,2,16,0.1111,0,0,0.0,0,0,0.0,0,0,0.0,3,19,0.1364,1,19,0.05,1,15,0.0625,9,20,0.3103,10,26,0.2778,8,31,0.2051,1,8,0.1111
2026-04-03 21:40:20,test_801.jpg,134,24,158,0.1519,9,31,32,0,0,0.0,0,0,0.0,0,0,0.0,0,0,0.0,0,0,0.0,0,0,0.0,0,0,0.0,0,0,0.0,0,0,0.0,0,0,0.0,0,8,0.0,0,0,0.0,0,0,0.0,0,0,0.0,0,0,0.0,0,0,0.0,0,0,0.0,0,0,0.0,0,0,0.0,0,0,0.0,0,0,0.0,0,26,0.0,0,0,0.0,0,0,0.0,0,0,0.0,2,18,0.1,0,14,0.0,1,12,0.0769,3,16,0.1579,5,13,0.2778,4,15,0.2105,9,12,0.4286
2026-04-03 21:40:20,test_802.jpg,139,8,147,0.0544,8,31,32,0,0,0.0,0,0,0.0,0,0,0.0,0,0,0.0,0,0,0.0,0,0,0.0,0,0,0.0,0,0,0.0,0,0,0.0,0,0,0.0,0,11,0.0,0,0,0.0,0,0,0.0,0,0,0.0,0,0,0.0,0,0,0.0,0,0,0.0,0,0,0.0,0,0,0.0,0,0,0.0,0,0,0.0,0,12,0.0,0,0,0.0,0,0,0.0,0,0,0.0,1,10,0.0909,0,20,0.0,1,18,0.0526,1,18,0.0526,2,25,0.0741,3,25,0.1071,0,0,0.0
2026-04-03 21:40:20,test_803.jpg,142,36,178,0.2022,12,31,32,4,13,0.2353,4,17,0.1905,1,15,0.0625,0,0,0.0,0,0,0.0,0,0,0.0,0,0,0.0,0,0,0.0,0,0,0.0,0,0,0.0,1,8,0.1111,0,0,0.0,0,0,0.0,0,0,0.0,0,0,0.0,0,0,0.0,0,0,0.0,0,0,0.0,0,0,0.0,0,0,0.0,0,0,0.0,8,12,0.4,0,0,0.0,0,0,0.0,0,0,0.0,3,13,0.1875,4,11,0.2667,1,12,0.0769,4,5,0.4444,0,13,0.0,4,13,0.2353,2,10,0.1667
2026-04-03 21:40:20,test_804.jpg,170,76,246,0.3089,6,31,32,0,0,0.0,0,0,0.0,0,0,0.0,0,0,0.0,0,0,0.0,0,0,0.0,0,0,0.0,0,0,0.0,0,0,0.0,0,0,0.0,2,27,0.069,0,0,0.0,0,0,0.0,0,0,0.0,0,0,0.0,0,0,0.0,0,0,0.0,0,0,0.0,0,0,0.0,0,0,0.0,0,0,0.0,5,29,0.1471,0,0,0.0,0,0,0.0,0,0,0.0,8,26,0.2353,8,25,0.2424,34,30,0.5312,19,33,0.3654,0,0,0.0,0,0,0.0,0,0,0.0
2026-04-03 21:40:20,test_805.jpg,259,56,315,0.1778,11,31,32,19,49,0.2794,5,45,0.1,0,0,0.0,0,0,0.0,0,0,0.0,0,0,0.0,0,0,0.0,0,0,0.0,0,0,0.0,0,0,0.0,0,0,0.0,0,0,0.0,0,0,0.0,0,0,0.0,0,0,0.0,0,0,0.0,0,0,0.0,0,0,0.0,0,0,0.0,0,0,0.0,0,0,0.0,2,29,0.0645,0,0,0.0,0,0,0.0,0,0,0.0,0,17,0.0,3,15,0.1667,1,14,0.0667,0,15,0.0,8,11,0.4211,6,24,0.2,12,40,0.2308
2026-04-03 21:40:20,test_806.jpg,170,71,241,0.2946,4,31,32,0,0,0.0,0,0,0.0,0,0,0.0,0,0,0.0,0,0,0.0,0,0,0.0,0,0,0.0,0,0,0.0,0,0,0.0,0,0,0.0,11,25,0.3056,0,0,0.0,0,0,0.0,0,0,0.0,0,0,0.0,0,0,0.0,0,0,0.0,0,0,0.0,0,0,0.0,0,0,0.0,0,0,0.0,12,40,0.2308,0,0,0.0,0,0,0.0,0,0,0.0,21,55,0.2763,27,50,0.3506,0,0,0.0,0,0,0.0,0,0,0.0,0,0,0.0,0,0,0.0
2026-04-03 21:40:20,test_807.jpg,115,15,130,0.1154,6,31,32,0,0,0.0,0,0,0.0,0,0,0.0,0,0,0.0,0,0,0.0,0,0,0.0,0,0,0.0,0,0,0.0,0,0,0.0,0,0,0.0,4,21,0.16,0,0,0.0,0,0,0.0,0,0,0.0,0,0,0.0,0,0,0.0,0,0,0.0,0,0,0.0,0,0,0.0,0,0,0.0,0,0,0.0,3,18,0.1429,0,0,0.0,0,0,0.0,0,0,0.0,2,19,0.0952,2,15,0.1176,2,21,0.087,2,21,0.087,0,0,0.0,0,0,0.0,0,0,0.0
2026-04-03 21:40:20,test_808.jpg,168,31,199,0.1558,10,31,32,12,29,0.2927,0,0,0.0,0,0,0.0,0,0,0.0,0,0,0.0,0,0,0.0,0,0,0.0,0,0,0.0,0,0,0.0,0,0,0.0,1,9,0.1,0,0,0.0,0,0,0.0,0,0,0.0,0,0,0.0,0,0,0.0,0,0,0.0,0,0,0.0,0,0,0.0,0,0,0.0,0,0,0.0,0,15,0.0,0,0,0.0,0,0,0.0,0,0,0.0,1,13,0.0714,0,13,0.0,3,13,0.1875,1,11,0.0833,5,22,0.1852,3,22,0.12,5,21,0.1923
2026-04-03 21:40:20,test_809.jpg,141,20,161,0.1242,7,31,32,0,0,0.0,0,0,0.0,0,0,0.0,0,0,0.0,0,0,0.0,0,0,0.0,0,0,0.0,0,0,0.0,0,0,0.0,0,0,0.0,1,19,0.05,0,0,0.0,0,0,0.0,0,0,0.0,0,0,0.0,0,0,0.0,0,0,0.0,0,0,0.0,0,0,0.0,0,0,0.0,0,0,0.0,4,18,0.1818,0,0,0.0,0,0,0.0,0,0,0.0,1,20,0.0476,2,22,0.0833,7,22,0.2414,2,20,0.0909,3,20,0.1304,0,0,0.0,0,0,0.0
2026-04-03 21:40:20,test_81.jpg,139,1,140,0.0071,2,31,32,0,0,0.0,0,0,0.0,0,0,0.0,0,0,0.0,0,0,0.0,0,0,0.0,0,0,0.0,0,0,0.0,0,0,0.0,0,0,0.0,1,70,0.0141,0,0,0.0,0,0,0.0,0,0,0.0,0,0,0.0,0,0,0.0,0,0,0.0,0,0,0.0,0,0,0.0,0,0,0.0,0,0,0.0,0,69,0.0,0,0,0.0,0,0,0.0,0,0,0.0,0,0,0.0,0,0,0.0,0,0,0.0,0,0,0.0,0,0,0.0,0,0,0.0,0,0,0.0
2026-04-03 21:40:20,test_810.jpg,121,12,133,0.0902,7,31,32,0,0,0.0,0,0,0.0,0,0,0.0,0,0,0.0,0,0,0.0,0,0,0.0,0,0,0.0,0,0,0.0,0,0,0.0,0,0,0.0,1,20,0.0476,0,0,0.0,0,0,0.0,0,0,0.0,0,0,0.0,0,0,0.0,0,0,0.0,0,0,0.0,0,0,0.0,0,0,0.0,0,0,0.0,4,25,0.1379,0,0,0.0,0,0,0.0,0,0,0.0,0,12,0.0,0,16,0.0,2,18,0.1,0,16,0.0,5,14,0.2632,0,0,0.0,0,0,0.0
2026-04-03 21:40:20,test_811.jpg,151,65,216,0.3009,6,31,32,0,0,0.0,0,0,0.0,0,0,0.0,0,0,0.0,0,0,0.0,0,0,0.0,0,0,0.0,0,0,0.0,0,0,0.0,0,0,0.0,4,14,0.2222,0,0,0.0,0,0,0.0,0,0,0.0,0,0,0.0,0,0,0.0,0,0,0.0,0,0,0.0,0,0,0.0,0,0,0.0,0,0,0.0,0,23,0.0,0,0,0.0,0,0,0.0,0,0,0.0,6,36,0.1429,10,16,0.3846,9,24,0.2727,36,38,0.4865,0,0,0.0,0,0,0.0,0,0,0.0
2026-04-03 21:40:20,test_812.jpg,266,57,323,0.1765,6,31,32,0,0,0.0,0,0,0.0,0,0,0.0,0,0,0.0,0,0,0.0,0,0,0.0,0,0,0.0,0,0,0.0,0,0,0.0,0,0,0.0,4,54,0.069,0,0,0.0,0,0,0.0,0,0,0.0,0,0,0.0,0,0,0.0,0,0,0.0,0,0,0.0,0,0,0.0,0,0,0.0,0,0,0.0,10,59,0.1449,0,0,0.0,0,0,0.0,0,0,0.0,8,42,0.16,1,36,0.027,23,56,0.2911,11,19,0.3667,0,0,0.0,0,0,0.0,0,0,0.0
2026-04-03 21:40:20,test_813.jpg,143,1,144,0.0069,13,31,32,0,12,0.0,0,12,0.0,0,13,0.0,0,11,0.0,0,0,0.0,0,0,0.0,0,0,0.0,0,0,0.0,0,0,0.0,0,0,0.0,0,7,0.0,0,0,0.0,0,0,0.0,0,0,0.0,0,0,0.0,0,0,0.0,0,0,0.0,0,0,0.0,0,0,0.0,0,0,0.0,0,0,0.0,0,5,0.0,0,0,0.0,0,0,0.0,0,0,0.0,0,5,0.0,0,32,0.0,0,0,0.0,1,10,0.0909,0,12,0.0,0,12,0.0,0,12,0.0
2026-04-03 21:40:20,test_814.jpg,124,40,164,0.2439,4,31,32,0,0,0.0,0,0,0.0,0,0,0.0,0,0,0.0,0,0,0.0,0,0,0.0,0,0,0.0,0,0,0.0,0,0,0.0,0,0,0.0,7,17,0.2917,0,0,0.0,0,0,0.0,0,0,0.0,0,0,0.0,0,0,0.0,0,0,0.0,0,0,0.0,0,0,0.0,0,0,0.0,0,0,0.0,5,31,0.1389,0,0,0.0,0,0,0.0,0,0,0.0,5,43,0.1042,23,33,0.4107,0,0,0.0,0,0,0.0,0,0,0.0,0,0,0.0,0,0,0.0
2026-04-03 21:40:20,test_815.jpg,145,29,174,0.1667,8,31,32,0,0,0.0,0,0,0.0,0,0,0.0,0,0,0.0,0,0,0.0,0,0,0.0,0,0,0.0,0,0,0.0,0,0,0.0,0,0,0.0,0,15,0.0,0,0,0.0,0,0,0.0,0,0,0.0,0,0,0.0,0,0,0.0,0,0,0.0,0,0,0.0,0,0,0.0,0,0,0.0,0,0,0.0,10,31,0.2439,0,0,0.0,0,0,0.0,0,0,0.0,4,9,0.3077,2,18,0.1,6,17,0.2609,4,26,0.1333,3,29,0.0938,0,0,0.0,0,0,0.0
2026-04-03 21:40:20,test_816.jpg,147,5,152,0.0329,13,31,32,0,12,0.0,0,12,0.0,0,13,0.0,0,13,0.0,0,0,0.0,0,0,0.0,0,0,0.0,0,0,0.0,0,0,0.0,0,0,0.0,0,0,0.0,0,0,0.0,0,0,0.0,0,0,0.0,0,0,0.0,0,0,0.0,0,0,0.0,0,0,0.0,0,0,0.0,0,0,0.0,0,0,0.0,0,13,0.0,0,0,0.0,0,0,0.0,0,0,0.0,0,2,0.0,0,44,0.0,0,0,0.0,2,6,0.25,1,11,0.0833,0,12,0.0,2,9,0.1818
2026-04-03 21:40:20,test_817.jpg,129,25,154,0.1623,8,31,32,0,0,0.0,0,0,0.0,0,0,0.0,0,0,0.0,0,0,0.0,0,0,0.0,0,0,0.0,0,0,0.0,0,0,0.0,0,0,0.0,4,15,0.2105,0,0,0.0,0,0,0.0,0,0,0.0,0,0,0.0,0,0,0.0,0,0,0.0,0,0,0.0,0,0,0.0,0,0,0.0,0,0,0.0,0,19,0.0,0,0,0.0,0,0,0.0,0,0,0.0,1,12,0.0769,1,15,0.0625,3,17,0.15,5,14,0.2632,2,14,0.125,9,23,0.2812,0,0,0.0
2026-04-03 21:40:20,test_818.jpg,278,38,316,0.1203,7,31,32,0,0,0.0,0,0,0.0,0,0,0.0,0,0,0.0,0,0,0.0,0,0,0.0,0,0,0.0,0,0,0.0,0,0,0.0,0,0,0.0,3,8,0.2727,0,0,0.0,0,0,0.0,0,0,0.0,0,0,0.0,0,0,0.0,0,0,0.0,0,0,0.0,0,0,0.0,0,0,0.0,0,0,0.0,0,63,0.0,0,0,0.0,0,0,0.0,0,0,0.0,0,39,0.0,15,36,0.2941,8,33,0.1951,12,66,0.1538,0,33,0.0,0,0,0.0,0,0,0.0
2026-04-03 21:40:20,test_819.jpg,187,51,238,0.2143,6,31,32,0,0,0.0,0,0,0.0,0,0,0.0,0,0,0.0,0,0,0.0,0,0,0.0,0,0,0.0,0,0,0.0,0,0,0.0,0,0,0.0,5,27,0.1562,0,0,0.0,0,0,0.0,0,0,0.0,0,0,0.0,0,0,0.0,0,0,0.0,0,0,0.0,0,0,0.0,0,0,0.0,0,0,0.0,6,29,0.1714,0,0,0.0,0,0,0.0,0,0,0.0,13,37,0.26,8,31,0.2051,6,23,0.2069,13,40,0.2453,0,0,0.0,0,0,0.0,0,0,0.0
2026-04-03 21:40:20,test_82.jpg,175,98,273,0.359,6,31,32,0,0,0.0,0,0,0.0,0,0,0.0,0,0,0.0,0,0,0.0,0,0,0.0,0,0,0.0,0,0,0.0,0,0,0.0,0,0,0.0,20,23,0.4651,0,0,0.0,0,0,0.0,0,0,0.0,0,0,0.0,0,0,0.0,0,0,0.0,0,0,0.0,0,0,0.0,0,0,0.0,0,0,0.0,21,26,0.4468,0,0,0.0,0,0,0.0,0,0,0.0,20,35,0.3636,19,35,0.3519,15,33,0.3125,3,23,0.1154,0,0,0.0,0,0,0.0,0,0,0.0
2026-04-03 21:40:20,test_820.jpg,134,36,170,0.2118,6,31,32,0,0,0.0,0,0,0.0,0,0,0.0,0,0,0.0,0,0,0.0,0,0,0.0,0,0,0.0,0,0,0.0,0,0,0.0,0,0,0.0,8,18,0.3077,0,0,0.0,0,0,0.0,0,0,0.0,0,0,0.0,0,0,0.0,0,0,0.0,0,0,0.0,0,0,0.0,0,0,0.0,0,0,0.0,4,19,0.1739,0,0,0.0,0,0,0.0,0,0,0.0,4,20,0.1667,6,18,0.25,9,31,0.225,5,28,0.1515,0,0,0.0,0,0,0.0,0,0,0.0
2026-04-03 21:40:20,test_821.jpg,140,14,154,0.0909,10,31,32,4,16,0.2,0,0,0.0,0,0,0.0,0,0,0.0,0,0,0.0,0,0,0.0,0,0,0.0,0,0,0.0,0,0,0.0,0,0,0.0,1,9,0.1,0,0,0.0,0,0,0.0,0,0,0.0,0,0,0.0,0,0,0.0,0,0,0.0,0,0,0.0,0,0,0.0,0,0,0.0,0,0,0.0,0,10,0.0,0,0,0.0,0,0,0.0,0,0,0.0,0,10,0.0,0,10,0.0,1,10,0.0909,0,11,0.0,1,22,0.0435,0,22,0.0,7,20,0.2593
2026-04-03 21:40:20,test_822.jpg,146,45,191,0.2356,6,31,32,0,0,0.0,0,0,0.0,0,0,0.0,0,0,0.0,0,0,0.0,0,0,0.0,0,0,0.0,0,0,0.0,0,0,0.0,0,0,0.0,3,9,0.25,0,0,0.0,0,0,0.0,0,0,0.0,0,0,0.0,0,0,0.0,0,0,0.0,0,0,0.0,0,0,0.0,0,0,0.0,0,0,0.0,17,50,0.2537,0,0,0.0,0,0,0.0,0,0,0.0,15,30,0.3333,7,26,0.2121,0,12,0.0,3,19,0.1364,0,0,0.0,0,0,0.0,0,0,0.0
2026-04-03 21:40:20,test_823.jpg,124,32,156,0.2051,7,31,32,0,0,0.0,0,0,0.0,0,0,0.0,0,0,0.0,0,0,0.0,0,0,0.0,0,0,0.0,0,0,0.0,0,0,0.0,0,0,0.0,3,17,0.15,0,0,0.0,0,0,0.0,0,0,0.0,0,0,0.0,0,0,0.0,0,0,0.0,0,0,0.0,0,0,0.0,0,0,0.0,0,0,0.0,3,21,0.125,0,0,0.0,0,0,0.0,0,0,0.0,5,21,0.1923,3,23,0.1154,13,18,0.4194,3,13,0.1875,2,11,0.1538,0,0,0.0,0,0,0.0
2026-04-03 21:40:20,test_824.jpg,292,57,349,0.1633,9,31,32,0,0,0.0,0,0,0.0,0,0,0.0,0,0,0.0,0,0,0.0,0,0,0.0,0,0,0.0,0,0,0.0,0,0,0.0,0,0,0.0,1,22,0.0435,0,0,0.0,0,0,0.0,0,0,0.0,0,0,0.0,0,0,0.0,0,0,0.0,0,0,0.0,0,0,0.0,0,0,0.0,0,0,0.0,6,26,0.1875,0,0,0.0,0,0,0.0,0,0,0.0,1,21,0.0455,4,34,0.1053,3,31,0.0882,1,21,0.0455,3,23,0.1154,7,35,0.1667,31,79,0.2818
2026-04-03 21:40:20,test_825.jpg,151,36,187,0.1925,8,31,32,0,0,0.0,0,0,0.0,0,0,0.0,0,0,0.0,0,0,0.0,0,0,0.0,0,0,0.0,0,0,0.0,0,0,0.0,0,0,0.0,1,26,0.037,0,0,0.0,0,0,0.0,0,0,0.0,0,0,0.0,0,0,0.0,0,0,0.0,0,0,0.0,0,0,0.0,0,0,0.0,0,0,0.0,2,17,0.1053,0,0,0.0,0,0,0.0,0,0,0.0,8,13,0.381,4,14,0.2222,5,21,0.1923,1,18,0.0526,6,27,0.1818,9,15,0.375,0,0,0.0
2026-04-03 21:40:20,test_826.jpg,151,17,168,0.1012,7,31,32,0,0,0.0,0,0,0.0,0,0,0.0,0,0,0.0,0,0,0.0,0,0,0.0,0,0,0.0,0,0,0.0,0,0,0.0,0,0,0.0,1,21,0.0455,0,0,0.0,0,0,0.0,0,0,0.0,0,0,0.0,0,0,0.0,0,0,0.0,0,0,0.0,0,0,0.0,0,0,0.0,0,0,0.0,0,18,0.0,0,0,0.0,0,0,0.0,0,0,0.0,2,22,0.0833,7,36,0.1628,0,17,0.0,7,25,0.2188,0,12,0.0,0,0,0.0,0,0,0.0
2026-04-03 21:40:20,test_827.jpg,166,15,181,0.0829,8,31,32,0,0,0.0,0,0,0.0,0,0,0.0,0,0,0.0,0,0,0.0,0,0,0.0,0,0,0.0,0,0,0.0,0,0,0.0,0,0,0.0,2,18,0.1,0,0,0.0,0,0,0.0,0,0,0.0,0,0,0.0,0,0,0.0,0,0,0.0,0,0,0.0,0,0,0.0,0,0,0.0,0,0,0.0,1,21,0.0455,0,0,0.0,0,0,0.0,0,0,0.0,1,21,0.0455,0,20,0.0,1,19,0.05,2,18,0.1,5,20,0.2,3,29,0.0938,0,0,0.0
2026-04-03 21:40:20,test_828.jpg,115,21,136,0.1544,3,31,32,0,0,0.0,0,0,0.0,0,0,0.0,0,0,0.0,0,0,0.0,0,0,0.0,0,0,0.0,0,0,0.0,0,0,0.0,0,0,0.0,2,37,0.0513,0,0,0.0,0,0,0.0,0,0,0.0,0,0,0.0,0,0,0.0,0,0,0.0,0,0,0.0,0,0,0.0,0,0,0.0,0,0,0.0,8,50,0.1379,0,0,0.0,0,0,0.0,0,0,0.0,11,28,0.2821,0,0,0.0,0,0,0.0,0,0,0.0,0,0,0.0,0,0,0.0,0,0,0.0
2026-04-03 21:40:20,test_829.jpg,137,15,152,0.0987,5,31,32,0,0,0.0,0,0,0.0,0,0,0.0,0,0,0.0,0,0,0.0,0,0,0.0,0,0,0.0,0,0,0.0,0,0,0.0,0,0,0.0,1,26,0.037,0,0,0.0,0,0,0.0,0,0,0.0,0,0,0.0,0,0,0.0,0,0,0.0,0,0,0.0,0,0,0.0,0,0,0.0,0,0,0.0,2,39,0.0488,0,0,0.0,0,0,0.0,0,0,0.0,8,28,0.2222,3,20,0.1304,1,24,0.04,0,0,0.0,0,0,0.0,0,0,0.0,0,0,0.0
2026-04-03 21:40:20,test_83.jpg,158,0,158,0.0,8,31,32,0,0,0.0,0,0,0.0,0,0,0.0,0,0,0.0,0,0,0.0,0,0,0.0,0,0,0.0,0,0,0.0,0,0,0.0,0,0,0.0,0,21,0.0,0,0,0.0,0,0,0.0,0,0,0.0,0,0,0.0,0,0,0.0,0,0,0.0,0,0,0.0,0,0,0.0,0,0,0.0,0,0,0.0,0,26,0.0,0,0,0.0,0,0,0.0,0,0,0.0,0,24,0.0,0,19,0.0,0,18,0.0,0,18,0.0,0,19,0.0,0,13,0.0,0,0,0.0
2026-04-03 21:40:20,test_830.jpg,182,56,238,0.2353,4,31,32,0,0,0.0,0,0,0.0,0,0,0.0,0,0,0.0,0,0,0.0,0,0,0.0,0,0,0.0,0,0,0.0,0,0,0.0,0,0,0.0,0,17,0.0,0,0,0.0,0,0,0.0,0,0,0.0,0,0,0.0,0,0,0.0,0,0,0.0,0,0,0.0,0,0,0.0,0,0,0.0,0,0,0.0,5,40,0.1111,0,0,0.0,0,0,0.0,0,0,0.0,11,45,0.1964,40,80,0.3333,0,0,0.0,0,0,0.0,0,0,0.0,0,0,0.0,0,0,0.0
2026-04-03 21:40:20,test_831.jpg,60,53,113,0.469,4,31,32,0,0,0.0,0,0,0.0,0,0,0.0,0,0,0.0,0,0,0.0,0,0,0.0,0,0,0.0,0,0,0.0,0,0,0.0,0,0,0.0,0,2,0.0,0,0,0.0,0,0,0.0,0,0,0.0,0,0,0.0,0,0,0.0,0,0,0.0,0,0,0.0,0,0,0.0,0,0,0.0,0,0,0.0,9,26,0.2571,0,0,0.0,0,0,0.0,0,0,0.0,37,23,0.6167,7,9,0.4375,0,0,0.0,0,0,0.0,0,0,0.0,0,0,0.0,0,0,0.0
2026-04-03 21:40:20,test_832.jpg,129,38,167,0.2275,7,31,32,0,0,0.0,0,0,0.0,0,0,0.0,0,0,0.0,0,0,0.0,0,0,0.0,0,0,0.0,0,0,0.0,0,0,0.0,0,0,0.0,8,17,0.32,0,0,0.0,0,0,0.0,0,0,0.0,0,0,0.0,0,0,0.0,0,0,0.0,0,0,0.0,0,0,0.0,0,0,0.0,0,0,0.0,4,18,0.1818,0,0,0.0,0,0,0.0,0,0,0.0,4,20,0.1667,4,19,0.1739,6,18,0.25,7,18,0.28,5,19,0.2083,0,0,0.0,0,0,0.0
2026-04-03 21:40:20,test_833.jpg,113,48,161,0.2981,6,31,32,0,0,0.0,0,0,0.0,0,0,0.0,0,0,0.0,0,0,0.0,0,0,0.0,0,0,0.0,0,0,0.0,0,0,0.0,0,0,0.0,3,6,0.3333,0,0,0.0,0,0,0.0,0,0,0.0,0,0,0.0,0,0,0.0,0,0,0.0,0,0,0.0,0,0,0.0,0,0,0.0,0,0,0.0,8,15,0.3478,0,0,0.0,0,0,0.0,0,0,0.0,6,27,0.1818,12,25,0.3243,10,25,0.2857,9,15,0.375,0,0,0.0,0,0,0.0,0,0,0.0
2026-04-03 21:40:20,test_834.jpg,160,26,186,0.1398,8,31,32,0,0,0.0,0,0,0.0,0,0,0.0,0,0,0.0,0,0,0.0,0,0,0.0,0,0,0.0,0,0,0.0,0,0,0.0,0,0,0.0,12,29,0.2927,0,0,0.0,0,0,0.0,0,0,0.0,0,0,0.0,0,0,0.0,0,0,0.0,0,0,0.0,0,0,0.0,0,0,0.0,0,0,0.0,1,19,0.05,0,0,0.0,0,0,0.0,0,0,0.0,2,16,0.1111,4,24,0.1429,1,14,0.0667,0,22,0.0,2,17,0.1053,4,19,0.1739,0,0,0.0
2026-04-03 21:40:20,test_835.jpg,138,18,156,0.1154,7,31,32,0,0,0.0,0,0,0.0,0,0,0.0,0,0,0.0,0,0,0.0,0,0,0.0,0,0,0.0,0,0,0.0,0,0,0.0,0,0,0.0,0,18,0.0,0,0,0.0,0,0,0.0,0,0,0.0,0,0,0.0,0,0,0.0,0,0,0.0,0,0,0.0,0,0,0.0,0,0,0.0,0,0,0.0,1,16,0.0588,0,0,0.0,0,0,0.0,0,0,0.0,1,18,0.0526,4,13,0.2353,1,21,0.0455,10,28,0.2632,1,24,0.04,0,0,0.0,0,0,0.0
2026-04-03 21:40:20,test_836.jpg,131,41,172,0.2384,5,31,32,0,0,0.0,0,0,0.0,0,0,0.0,0,0,0.0,0,0,0.0,0,0,0.0,0,0,0.0,0,0,0.0,0,0,0.0,0,0,0.0,3,25,0.1071,0,0,0.0,0,0,0.0,0,0,0.0,0,0,0.0,0,0,0.0,0,0,0.0,0,0,0.0,0,0,0.0,0,0,0.0,0,0,0.0,0,23,0.0,0,0,0.0,0,0,0.0,0,0,0.0,9,30,0.2308,6,33,0.1538,23,20,0.5349,0,0,0.0,0,0,0.0,0,0,0.0,0,0,0.0
2026-04-03 21:40:20,test_837.jpg,187,22,209,0.1053,6,31,32,0,0,0.0,0,0,0.0,0,0,0.0,0,0,0.0,0,0,0.0,0,0,0.0,0,0,0.0,0,0,0.0,0,0,0.0,0,0,0.0,1,27,0.0357,0,0,0.0,0,0,0.0,0,0,0.0,0,0,0.0,0,0,0.0,0,0,0.0,0,0,0.0,0,0,0.0,0,0,0.0,0,0,0.0,1,28,0.0345,0,0,0.0,0,0,0.0,0,0,0.0,2,26,0.0714,4,37,0.0976,14,35,0.2857,0,34,0.0,0,0,0.0,0,0,0.0,0,0,0.0
2026-04-03 21:40:20,test_838.jpg,165,46,211,0.218,9,31,32,0,0,0.0,0,0,0.0,0,0,0.0,0,0,0.0,0,0,0.0,0,0,0.0,0,0,0.0,0,0,0.0,0,0,0.0,0,0,0.0,0,10,0.0,0,0,0.0,0,0,0.0,0,0,0.0,0,0,0.0,0,0,0.0,0,0,0.0,0,0,0.0,0,0,0.0,0,0,0.0,0,0,0.0,10,38,0.2083,0,0,0.0,0,0,0.0,0,0,0.0,3,21,0.125,1,20,0.0476,2,14,0.125,14,22,0.3889,3,15,0.1667,7,12,0.3684,6,13,0.3158
2026-04-03 21:40:20,test_839.jpg,140,11,151,0.0728,7,31,32,0,0,0.0,0,0,0.0,0,0,0.0,0,0,0.0,0,0,0.0,0,0,0.0,0,0,0.0,0,0,0.0,0,0,0.0,0,0,0.0,1,24,0.04,0,0,0.0,0,0,0.0,0,0,0.0,0,0,0.0,0,0,0.0,0,0,0.0,0,0,0.0,0,0,0.0,0,0,0.0,0,0,0.0,5,20,0.2,0,0,0.0,0,0,0.0,0,0,0.0,0,16,0.0,2,20,0.0909,0,18,0.0,0,22,0.0,3,20,0.1304,0,0,0.0,0,0,0.0
2026-04-03 21:40:20,test_84.jpg,190,62,252,0.246,4,31,32,0,0,0.0,0,0,0.0,0,0,0.0,0,0,0.0,0,0,0.0,0,0,0.0,0,0,0.0,0,0,0.0,0,0,0.0,0,0,0.0,4,29,0.1212,0,0,0.0,0,0,0.0,0,0,0.0,0,0,0.0,0,0,0.0,0,0,0.0,0,0,0.0,0,0,0.0,0,0,0.0,0,0,0.0,8,64,0.1111,0,0,0.0,0,0,0.0,0,0,0.0,36,73,0.3303,14,24,0.3684,0,0,0.0,0,0,0.0,0,0,0.0,0,0,0.0,0,0,0.0
2026-04-03 21:40:20,test_840.jpg,182,22,204,0.1078,7,31,32,0,0,0.0,0,0,0.0,0,0,0.0,0,0,0.0,0,0,0.0,0,0,0.0,0,0,0.0,0,0,0.0,0,0,0.0,0,0,0.0,2,21,0.087,0,0,0.0,0,0,0.0,0,0,0.0,0,0,0.0,0,0,0.0,0,0,0.0,0,0,0.0,0,0,0.0,0,0,0.0,0,0,0.0,0,15,0.0,0,0,0.0,0,0,0.0,0,0,0.0,5,15,0.25,2,22,0.0833,5,38,0.1163,4,41,0.0889,4,30,0.1176,0,0,0.0,0,0,0.0
2026-04-03 21:40:20,test_841.jpg,121,27,148,0.1824,7,31,32,0,0,0.0,0,0,0.0,0,0,0.0,0,0,0.0,0,0,0.0,0,0,0.0,0,0,0.0,0,0,0.0,0,0,0.0,0,0,0.0,10,19,0.3448,0,0,0.0,0,0,0.0,0,0,0.0,0,0,0.0,0,0,0.0,0,0,0.0,0,0,0.0,0,0,0.0,0,0,0.0,0,0,0.0,1,19,0.05,0,0,0.0,0,0,0.0,0,0,0.0,1,24,0.04,4,19,0.1739,1,12,0.0769,2,15,0.1176,8,13,0.381,0,0,0.0,0,0,0.0
2026-04-03 21:40:20,test_842.jpg,120,23,143,0.1608,6,31,32,0,0,0.0,0,0,0.0,0,0,0.0,0,0,0.0,0,0,0.0,0,0,0.0,0,0,0.0,0,0,0.0,0,0,0.0,0,0,0.0,3,11,0.2143,0,0,0.0,0,0,0.0,0,0,0.0,0,0,0.0,0,0,0.0,0,0,0.0,0,0,0.0,0,0,0.0,0,0,0.0,0,0,0.0,4,13,0.2353,0,0,0.0,0,0,0.0,0,0,0.0,7,25,0.2188,3,22,0.12,4,34,0.1053,2,15,0.1176,0,0,0.0,0,0,0.0,0,0,0.0
2026-04-03 21:40:20,test_843.jpg,169,51,220,0.2318,8,31,32,0,0,0.0,0,0,0.0,0,0,0.0,0,0,0.0,0,0,0.0,0,0,0.0,0,0,0.0,0,0,0.0,0,0,0.0,0,0,0.0,2,6,0.25,0,0,0.0,0,0,0.0,0,0,0.0,0,0,0.0,0,0,0.0,0,0,0.0,0,0,0.0,0,0,0.0,0,0,0.0,0,0,0.0,0,13,0.0,0,0,0.0,0,0,0.0,0,0,0.0,2,16,0.1111,3,23,0.1154,2,22,0.0833,14,30,0.3182,24,48,0.3333,4,11,0.2667,0,0,0.0
2026-04-03 21:40:20,test_844.jpg,131,9,140,0.0643,7,31,32,0,0,0.0,0,0,0.0,0,0,0.0,0,0,0.0,0,0,0.0,0,0,0.0,0,0,0.0,0,0,0.0,0,0,0.0,0,0,0.0,0,18,0.0,0,0,0.0,0,0,0.0,0,0,0.0,0,0,0.0,0,0,0.0,0,0,0.0,0,0,0.0,0,0,0.0,0,0,0.0,0,0,0.0,2,21,0.087,0,0,0.0,0,0,0.0,0,0,0.0,1,13,0.0714,0,18,0.0,0,20,0.0,2,19,0.0952,4,22,0.1538,0,0,0.0,0,0,0.0
2026-04-03 21:40:20,test_845.jpg,202,58,260,0.2231,7,31,32,0,0,0.0,0,0,0.0,0,0,0.0,0,0,0.0,0,0,0.0,0,0,0.0,0,0,0.0,0,0,0.0,0,0,0.0,0,0,0.0,7,45,0.1346,0,0,0.0,0,0,0.0,0,0,0.0,0,0,0.0,0,0,0.0,0,0,0.0,0,0,0.0,0,0,0.0,0,0,0.0,0,0,0.0,8,33,0.1951,0,0,0.0,0,0,0.0,0,0,0.0,1,19,0.05,13,25,0.3421,4,37,0.0976,16,27,0.3721,9,16,0.36,0,0,0.0,0,0,0.0
2026-04-03 21:40:20,test_846.jpg,122,27,149,0.1812,8,31,32,0,0,0.0,0,0,0.0,0,0,0.0,0,0,0.0,0,0,0.0,0,0,0.0,0,0,0.0,0,0,0.0,0,0,0.0,0,0,0.0,2,13,0.1333,0,0,0.0,0,0,0.0,0,0,0.0,0,0,0.0,0,0,0.0,0,0,0.0,0,0,0.0,0,0,0.0,0,0,0.0,0,0,0.0,3,20,0.1304,0,0,0.0,0,0,0.0,0,0,0.0,0,20,0.0,4,13,0.2353,0,20,0.0,0,12,0.0,12,15,0.4444,6,9,0.4,0,0,0.0
2026-04-03 21:40:20,test_847.jpg,149,27,176,0.1534,12,31,32,0,10,0.0,1,20,0.0476,4,22,0.1538,0,0,0.0,0,0,0.0,0,0,0.0,0,0,0.0,0,0,0.0,0,0,0.0,0,0,0.0,0,6,0.0,0,0,0.0,0,0,0.0,0,0,0.0,0,0,0.0,0,0,0.0,0,0,0.0,0,0,0.0,0,0,0.0,0,0,0.0,0,0,0.0,0,0,0.0,0,0,0.0,0,0,0.0,0,0,0.0,6,20,0.2308,2,11,0.1538,2,9,0.1818,8,10,0.4444,0,10,0.0,2,22,0.0833,2,9,0.1818
2026-04-03 21:40:20,test_848.jpg,199,129,328,0.3933,11,31,32,17,23,0.425,8,7,0.5333,0,0,0.0,0,0,0.0,0,0,0.0,0,0,0.0,0,0,0.0,0,0,0.0,0,0,0.0,0,0,0.0,12,15,0.4444,0,0,0.0,0,0,0.0,0,0,0.0,0,0,0.0,0,0,0.0,0,0,0.0,0,0,0.0,0,0,0.0,0,0,0.0,0,0,0.0,14,20,0.4118,0,0,0.0,0,0,0.0,0,0,0.0,8,9,0.4706,2,10,0.1667,12,13,0.48,16,25,0.3902,17,31,0.3542,12,27,0.3077,11,19,0.3667
2026-04-03 21:40:20,test_849.jpg,122,4,126,0.0317,5,31,32,0,0,0.0,0,0,0.0,0,0,0.0,0,0,0.0,0,0,0.0,0,0,0.0,0,0,0.0,0,0,0.0,0,0,0.0,0,0,0.0,0,24,0.0,0,0,0.0,0,0,0.0,0,0,0.0,0,0,0.0,0,0,0.0,0,0,0.0,0,0,0.0,0,0,0.0,0,0,0.0,0,0,0.0,2,27,0.069,0,0,0.0,0,0,0.0,0,0,0.0,0,24,0.0,2,29,0.0645,0,18,0.0,0,0,0.0,0,0,0.0,0,0,0.0,0,0,0.0
2026-04-03 21:40:20,test_85.jpg,128,15,143,0.1049,7,31,32,0,0,0.0,0,0,0.0,0,0,0.0,0,0,0.0,0,0,0.0,0,0,0.0,0,0,0.0,0,0,0.0,0,0,0.0,0,0,0.0,0,16,0.0,0,0,0.0,0,0,0.0,0,0,0.0,0,0,0.0,0,0,0.0,0,0,0.0,0,0,0.0,0,0,0.0,0,0,0.0,0,0,0.0,0,16,0.0,0,0,0.0,0,0,0.0,0,0,0.0,2,23,0.08,1,14,0.0667,8,18,0.3077,0,22,0.0,4,19,0.1739,0,0,0.0,0,0,0.0
2026-04-03 21:40:20,test_850.jpg,105,28,133,0.2105,7,31,32,0,0,0.0,0,0,0.0,0,0,0.0,0,0,0.0,0,0,0.0,0,0,0.0,0,0,0.0,0,0,0.0,0,0,0.0,0,0,0.0,0,16,0.0,0,0,0.0,0,0,0.0,0,0,0.0,0,0,0.0,0,0,0.0,0,0,0.0,0,0,0.0,0,0,0.0,0,0,0.0,0,0,0.0,4,8,0.3333,0,0,0.0,0,0,0.0,0,0,0.0,0,16,0.0,2,14,0.125,3,12,0.2,15,25,0.375,4,14,0.2222,0,0,0.0,0,0,0.0
2026-04-03 21:40:20,test_851.jpg,196,36,232,0.1552,8,31,32,0,0,0.0,0,0,0.0,0,0,0.0,0,0,0.0,0,0,0.0,0,0,0.0,0,0,0.0,0,0,0.0,0,0,0.0,0,0,0.0,0,15,0.0,0,0,0.0,0,0,0.0,0,0,0.0,0,0,0.0,0,0,0.0,0,0,0.0,0,0,0.0,0,0,0.0,0,0,0.0,0,0,0.0,1,21,0.0455,0,0,0.0,0,0,0.0,0,0,0.0,5,43,0.1042,18,33,0.3529,3,23,0.1154,1,23,0.0417,6,22,0.2143,2,16,0.1111,0,0,0.0
2026-04-03 21:40:20,test_852.jpg,126,9,135,0.0667,6,31,32,0,0,0.0,0,0,0.0,0,0,0.0,0,0,0.0,0,0,0.0,0,0,0.0,0,0,0.0,0,0,0.0,0,0,0.0,0,0,0.0,2,22,0.0833,0,0,0.0,0,0,0.0,0,0,0.0,0,0,0.0,0,0,0.0,0,0,0.0,0,0,0.0,0,0,0.0,0,0,0.0,0,0,0.0,1,24,0.04,0,0,0.0,0,0,0.0,0,0,0.0,3,20,0.1304,1,21,0.0455,2,39,0.0488,0,0,0.0,0,0,0.0,0,0,0.0,0,0,0.0
2026-04-03 21:40:20,test_853.jpg,132,81,213,0.3803,8,31,32,0,0,0.0,0,0,0.0,0,0,0.0,0,0,0.0,0,0,0.0,0,0,0.0,0,0,0.0,0,0,0.0,0,0,0.0,0,0,0.0,10,23,0.303,0,0,0.0,0,0,0.0,0,0,0.0,0,0,0.0,0,0,0.0,0,0,0.0,0,0,0.0,0,0,0.0,0,0,0.0,0,0,0.0,2,26,0.0714,0,0,0.0,0,0,0.0,0,0,0.0,10,26,0.2778,13,14,0.4815,18,13,0.5806,16,14,0.5333,6,9,0.4,6,7,0.4615,0,0,0.0
2026-04-03 21:40:20,test_854.jpg,128,19,147,0.1293,6,31,32,0,0,0.0,0,0,0.0,0,0,0.0,0,0,0.0,0,0,0.0,0,0,0.0,0,0,0.0,0,0,0.0,0,0,0.0,0,0,0.0,1,19,0.05,0,0,0.0,0,0,0.0,0,0,0.0,0,0,0.0,0,0,0.0,0,0,0.0,0,0,0.0,0,0,0.0,0,0,0.0,0,0,0.0,1,16,0.0588,0,0,0.0,0,0,0.0,0,0,0.0,0,25,0.0,5,25,0.1667,4,24,0.1429,8,19,0.2963,0,0,0.0,0,0,0.0,0,0,0.0
2026-04-03 21:40:20,test_855.jpg,226,9,235,0.0383,16,31,32,0,11,0.0,0,14,0.0,0,12,0.0,0,11,0.0,0,11,0.0,3,19,0.1364,0,6,0.0,0,0,0.0,0,0,0.0,0,0,0.0,0,0,0.0,0,0,0.0,0,0,0.0,0,0,0.0,0,0,0.0,0,0,0.0,0,0,0.0,0,0,0.0,0,0,0.0,0,0,0.0,0,0,0.0,1,34,0.0286,0,0,0.0,0,0,0.0,0,0,0.0,0,18,0.0,5,12,0.2941,0,18,0.0,0,16,0.0,0,20,0.0,0,12,0.0,0,12,0.0
2026-04-03 21:40:20,test_856.jpg,137,29,166,0.1747,5,31,32,0,0,0.0,0,0,0.0,0,0,0.0,0,0,0.0,0,0,0.0,0,0,0.0,0,0,0.0,0,0,0.0,0,0,0.0,0,0,0.0,3,22,0.12,0,0,0.0,0,0,0.0,0,0,0.0,0,0,0.0,0,0,0.0,0,0,0.0,0,0,0.0,0,0,0.0,0,0,0.0,0,0,0.0,10,23,0.303,0,0,0.0,0,0,0.0,0,0,0.0,10,34,0.2273,6,51,0.1053,0,7,0.0,0,0,0.0,0,0,0.0,0,0,0.0,0,0,0.0
2026-04-03 21:40:20,test_857.jpg,140,6,146,0.0411,13,31,32,4,10,0.2857,2,11,0.1538,0,25,0.0,0,0,0.0,0,0,0.0,0,0,0.0,0,0,0.0,0,0,0.0,0,0,0.0,0,0,0.0,0,0,0.0,0,0,0.0,0,0,0.0,0,0,0.0,0,0,0.0,0,0,0.0,0,0,0.0,0,0,0.0,0,0,0.0,0,0,0.0,0,0,0.0,0,19,0.0,0,0,0.0,0,0,0.0,0,0,0.0,0,10,0.0,0,10,0.0,0,11,0.0,0,11,0.0,0,11,0.0,0,11,0.0,0,11,0.0
2026-04-03 21:40:20,test_858.jpg,180,44,224,0.1964,5,31,32,0,0,0.0,0,0,0.0,0,0,0.0,0,0,0.0,0,0,0.0,0,0,0.0,0,0,0.0,0,0,0.0,0,0,0.0,0,0,0.0,0,27,0.0,0,0,0.0,0,0,0.0,0,0,0.0,0,0,0.0,0,0,0.0,0,0,0.0,0,0,0.0,0,0,0.0,0,0,0.0,0,0,0.0,6,44,0.12,0,0,0.0,0,0,0.0,0,0,0.0,3,38,0.0732,24,46,0.3429,11,25,0.3056,0,0,0.0,0,0,0.0,0,0,0.0,0,0,0.0
2026-04-03 21:40:20,test_859.jpg,123,13,136,0.0956,6,31,32,0,0,0.0,0,0,0.0,0,0,0.0,0,0,0.0,0,0,0.0,0,0,0.0,0,0,0.0,0,0,0.0,0,0,0.0,0,0,0.0,0,17,0.0,0,0,0.0,0,0,0.0,0,0,0.0,0,0,0.0,0,0,0.0,0,0,0.0,0,0,0.0,0,0,0.0,0,0,0.0,0,0,0.0,2,17,0.1053,0,0,0.0,0,0,0.0,0,0,0.0,3,17,0.15,6,37,0.1395,1,22,0.0435,1,13,0.0714,0,0,0.0,0,0,0.0,0,0,0.0
2026-04-03 21:40:20,test_86.jpg,126,3,129,0.0233,7,31,32,0,0,0.0,0,0,0.0,0,0,0.0,0,0,0.0,0,0,0.0,0,0,0.0,0,0,0.0,0,0,0.0,0,0,0.0,0,0,0.0,0,17,0.0,0,0,0.0,0,0,0.0,0,0,0.0,0,0,0.0,0,0,0.0,0,0,0.0,0,0,0.0,0,0,0.0,0,0,0.0,0,0,0.0,0,18,0.0,0,0,0.0,0,0,0.0,0,0,0.0,0,17,0.0,0,19,0.0,0,18,0.0,3,18,0.1429,0,19,0.0,0,0,0.0,0,0,0.0
2026-04-03 21:40:20,test_860.jpg,103,34,137,0.2482,7,31,32,0,0,0.0,0,0,0.0,0,0,0.0,0,0,0.0,0,0,0.0,0,0,0.0,0,0,0.0,0,0,0.0,0,0,0.0,0,0,0.0,1,17,0.0556,0,0,0.0,0,0,0.0,0,0,0.0,0,0,0.0,0,0,0.0,0,0,0.0,0,0,0.0,0,0,0.0,0,0,0.0,0,0,0.0,11,19,0.3667,0,0,0.0,0,0,0.0,0,0,0.0,8,18,0.3077,0,21,0.0,6,16,0.2727,6,6,0.5,2,6,0.25,0,0,0.0,0,0,0.0
2026-04-03 21:40:20,test_861.jpg,111,31,142,0.2183,7,31,32,0,0,0.0,0,0,0.0,0,0,0.0,0,0,0.0,0,0,0.0,0,0,0.0,0,0,0.0,0,0,0.0,0,0,0.0,0,0,0.0,0,11,0.0,0,0,0.0,0,0,0.0,0,0,0.0,0,0,0.0,0,0,0.0,0,0,0.0,0,0,0.0,0,0,0.0,0,0,0.0,0,0,0.0,1,12,0.0769,0,0,0.0,0,0,0.0,0,0,0.0,2,19,0.0952,6,13,0.3158,17,16,0.5152,2,24,0.0769,3,16,0.1579,0,0,0.0,0,0,0.0
2026-04-03 21:40:20,test_862.jpg,228,31,259,0.1197,9,31,32,0,0,0.0,0,0,0.0,0,0,0.0,0,0,0.0,0,0,0.0,0,0,0.0,0,0,0.0,0,0,0.0,0,0,0.0,0,0,0.0,0,1,0.0,0,0,0.0,0,0,0.0,0,0,0.0,0,0,0.0,0,0,0.0,0,0,0.0,0,0,0.0,0,0,0.0,0,0,0.0,0,0,0.0,8,41,0.1633,0,0,0.0,0,0,0.0,0,0,0.0,1,23,0.0417,6,32,0.1579,2,23,0.08,5,36,0.122,4,22,0.1538,5,50,0.0909,0,0,0.0
2026-04-03 21:40:20,test_863.jpg,171,60,231,0.2597,11,31,32,7,13,0.35,7,22,0.2414,0,0,0.0,0,0,0.0,0,0,0.0,0,0,0.0,0,0,0.0,0,0,0.0,0,0,0.0,0,0,0.0,9,16,0.36,0,0,0.0,0,0,0.0,0,0,0.0,0,0,0.0,0,0,0.0,0,0,0.0,0,0,0.0,0,0,0.0,0,0,0.0,0,0,0.0,0,0,0.0,0,0,0.0,0,0,0.0,0,0,0.0,0,22,0.0,2,11,0.1538,3,11,0.2143,5,23,0.1786,4,16,0.2,11,18,0.3793,12,19,0.3871
2026-04-03 21:40:20,test_864.jpg,156,59,215,0.2744,6,31,32,0,0,0.0,0,0,0.0,0,0,0.0,0,0,0.0,0,0,0.0,0,0,0.0,0,0,0.0,0,0,0.0,0,0,0.0,0,0,0.0,3,6,0.3333,0,0,0.0,0,0,0.0,0,0,0.0,0,0,0.0,0,0,0.0,0,0,0.0,0,0,0.0,0,0,0.0,0,0,0.0,0,0,0.0,12,37,0.2449,0,0,0.0,0,0,0.0,0,0,0.0,9,33,0.2143,12,45,0.2105,23,32,0.4182,0,3,0.0,0,0,0.0,0,0,0.0,0,0,0.0
2026-04-03 21:40:20,test_865.jpg,159,40,199,0.201,3,31,32,0,0,0.0,0,0,0.0,0,0,0.0,0,0,0.0,0,0,0.0,0,0,0.0,0,0,0.0,0,0,0.0,0,0,0.0,0,0,0.0,8,41,0.1633,0,0,0.0,0,0,0.0,0,0,0.0,0,0,0.0,0,0,0.0,0,0,0.0,0,0,0.0,0,0,0.0,0,0,0.0,0,0,0.0,16,83,0.1616,0,0,0.0,0,0,0.0,0,0,0.0,16,35,0.3137,0,0,0.0,0,0,0.0,0,0,0.0,0,0,0.0,0,0,0.0,0,0,0.0
2026-04-03 21:40:20,test_866.jpg,132,46,178,0.2584,7,31,32,0,0,0.0,0,0,0.0,0,0,0.0,0,0,0.0,0,0,0.0,0,0,0.0,0,0,0.0,0,0,0.0,0,0,0.0,0,0,0.0,1,17,0.0556,0,0,0.0,0,0,0.0,0,0,0.0,0,0,0.0,0,0,0.0,0,0,0.0,0,0,0.0,0,0,0.0,0,0,0.0,0,0,0.0,1,18,0.0526,0,0,0.0,0,0,0.0,0,0,0.0,5,21,0.1923,2,21,0.087,7,12,0.3684,9,16,0.36,21,27,0.4375,0,0,0.0,0,0,0.0
2026-04-03 21:40:20,test_867.jpg,137,29,166,0.1747,8,31,32,0,0,0.0,0,0,0.0,0,0,0.0,0,0,0.0,0,0,0.0,0,0,0.0,0,0,0.0,0,0,0.0,0,0,0.0,0,0,0.0,6,22,0.2143,0,0,0.0,0,0,0.0,0,0,0.0,0,0,0.0,0,0,0.0,0,0,0.0,0,0,0.0,0,0,0.0,0,0,0.0,0,0,0.0,4,16,0.2,0,0,0.0,0,0,0.0,0,0,0.0,0,14,0.0,8,15,0.3478,2,17,0.1053,3,20,0.1304,2,14,0.125,4,19,0.1739,0,0,0.0
2026-04-03 21:40:20,test_868.jpg,150,50,200,0.25,5,31,32,0,0,0.0,0,0,0.0,0,0,0.0,0,0,0.0,0,0,0.0,0,0,0.0,0,0,0.0,0,0,0.0,0,0,0.0,0,0,0.0,2,20,0.0909,0,0,0.0,0,0,0.0,0,0,0.0,0,0,0.0,0,0,0.0,0,0,0.0,0,0,0.0,0,0,0.0,0,0,0.0,0,0,0.0,15,32,0.3191,0,0,0.0,0,0,0.0,0,0,0.0,18,34,0.3462,7,28,0.2,8,36,0.1818,0,0,0.0,0,0,0.0,0,0,0.0,0,0,0.0
2026-04-03 21:40:20,test_869.jpg,129,10,139,0.0719,7,31,32,0,0,0.0,0,0,0.0,0,0,0.0,0,0,0.0,0,0,0.0,0,0,0.0,0,0,0.0,0,0,0.0,0,0,0.0,0,0,0.0,4,20,0.1667,0,0,0.0,0,0,0.0,0,0,0.0,0,0,0.0,0,0,0.0,0,0,0.0,0,0,0.0,0,0,0.0,0,0,0.0,0,0,0.0,2,10,0.1667,0,0,0.0,0,0,0.0,0,0,0.0,1,12,0.0769,0,22,0.0,2,22,0.0833,1,23,0.0417,0,20,0.0,0,0,0.0,0,0,0.0
2026-04-03 21:40:20,test_87.jpg,187,33,220,0.15,8,31,32,0,0,0.0,0,0,0.0,0,0,0.0,0,0,0.0,0,0,0.0,0,0,0.0,0,0,0.0,0,0,0.0,0,0,0.0,0,0,0.0,0,29,0.0,0,0,0.0,0,0,0.0,0,0,0.0,0,0,0.0,0,0,0.0,0,0,0.0,0,0,0.0,0,0,0.0,0,0,0.0,0,0,0.0,5,18,0.2174,0,0,0.0,0,0,0.0,0,0,0.0,3,16,0.1579,2,22,0.0833,0,23,0.0,0,17,0.0,7,29,0.1944,16,33,0.3265,0,0,0.0
2026-04-03 21:40:20,test_870.jpg,145,42,187,0.2246,8,31,32,0,0,0.0,0,0,0.0,0,0,0.0,0,0,0.0,0,0,0.0,0,0,0.0,0,0,0.0,0,0,0.0,0,0,0.0,0,0,0.0,2,17,0.1053,0,0,0.0,0,0,0.0,0,0,0.0,0,0,0.0,0,0,0.0,0,0,0.0,0,0,0.0,0,0,0.0,0,0,0.0,0,0,0.0,1,14,0.0667,0,0,0.0,0,0,0.0,0,0,0.0,5,17,0.2273,3,18,0.1429,4,19,0.1739,3,10,0.2308,8,22,0.2667,16,28,0.3636,0,0,0.0
2026-04-03 21:40:20,test_871.jpg,160,7,167,0.0419,8,31,32,0,0,0.0,0,0,0.0,0,0,0.0,0,0,0.0,0,0,0.0,0,0,0.0,0,0,0.0,0,0,0.0,0,0,0.0,0,0,0.0,0,14,0.0,0,0,0.0,0,0,0.0,0,0,0.0,0,0,0.0,0,0,0.0,0,0,0.0,0,0,0.0,0,0,0.0,0,0,0.0,0,0,0.0,1,16,0.0588,0,0,0.0,0,0,0.0,0,0,0.0,2,18,0.1,2,22,0.0833,0,24,0.0,1,18,0.0526,1,23,0.0417,0,25,0.0,0,0,0.0
2026-04-03 21:40:20,test_872.jpg,125,14,139,0.1007,7,31,32,0,0,0.0,0,0,0.0,0,0,0.0,0,0,0.0,0,0,0.0,0,0,0.0,0,0,0.0,0,0,0.0,0,0,0.0,0,0,0.0,3,20,0.1304,0,0,0.0,0,0,0.0,0,0,0.0,0,0,0.0,0,0,0.0,0,0,0.0,0,0,0.0,0,0,0.0,0,0,0.0,0,0,0.0,2,13,0.1333,0,0,0.0,0,0,0.0,0,0,0.0,0,17,0.0,1,20,0.0476,2,22,0.0833,4,16,0.2,2,17,0.1053,0,0,0.0,0,0,0.0
2026-04-03 21:40:20,test_873.jpg,169,37,206,0.1796,19,31,32,5,6,0.4545,0,11,0.0,1,5,0.1667,0,7,0.0,0,7,0.0,0,7,0.0,0,7,0.0,0,7,0.0,1,15,0.0625,0,6,0.0,0,2,0.0,0,0,0.0,0,0,0.0,0,0,0.0,0,0,0.0,0,0,0.0,0,0,0.0,0,0,0.0,0,0,0.0,0,0,0.0,0,0,0.0,0,2,0.0,0,0,0.0,0,0,0.0,0,0,0.0,6,14,0.3,7,21,0.25,7,10,0.4118,8,8,0.5,1,18,0.0526,1,10,0.0909,0,6,0.0
2026-04-03 21:40:20,test_874.jpg,225,108,333,0.3243,6,31,32,0,0,0.0,0,0,0.0,0,0,0.0,0,0,0.0,0,0,0.0,0,0,0.0,0,0,0.0,0,0,0.0,0,0,0.0,0,0,0.0,16,33,0.3265,0,0,0.0,0,0,0.0,0,0,0.0,0,0,0.0,0,0,0.0,0,0,0.0,0,0,0.0,0,0,0.0,0,0,0.0,0,0,0.0,18,44,0.2903,0,0,0.0,0,0,0.0,0,0,0.0,26,43,0.3768,19,34,0.3585,14,31,0.3111,15,40,0.2727,0,0,0.0,0,0,0.0,0,0,0.0
2026-04-03 21:40:20,test_875.jpg,82,33,115,0.287,3,31,32,0,0,0.0,0,0,0.0,0,0,0.0,0,0,0.0,0,0,0.0,0,0,0.0,0,0,0.0,0,0,0.0,0,0,0.0,0,0,0.0,0,17,0.0,0,0,0.0,0,0,0.0,0,0,0.0,0,0,0.0,0,0,0.0,0,0,0.0,0,0,0.0,0,0,0.0,0,0,0.0,0,0,0.0,12,21,0.3636,0,0,0.0,0,0,0.0,0,0,0.0,21,44,0.3231,0,0,0.0,0,0,0.0,0,0,0.0,0,0,0.0,0,0,0.0,0,0,0.0
2026-04-03 21:40:20,test_876.jpg,115,20,135,0.1481,6,31,32,0,0,0.0,0,0,0.0,0,0,0.0,0,0,0.0,0,0,0.0,0,0,0.0,0,0,0.0,0,0,0.0,0,0,0.0,0,0,0.0,3,19,0.1364,0,0,0.0,0,0,0.0,0,0,0.0,0,0,0.0,0,0,0.0,0,0,0.0,0,0,0.0,0,0,0.0,0,0,0.0,0,0,0.0,2,19,0.0952,0,0,0.0,0,0,0.0,0,0,0.0,1,15,0.0625,10,19,0.3448,3,28,0.0968,1,15,0.0625,0,0,0.0,0,0,0.0,0,0,0.0
2026-04-03 21:40:20,test_877.jpg,227,71,298,0.2383,9,31,32,0,0,0.0,0,0,0.0,0,0,0.0,0,0,0.0,0,0,0.0,0,0,0.0,0,0,0.0,0,0,0.0,0,0,0.0,0,0,0.0,0,16,0.0,0,0,0.0,0,0,0.0,0,0,0.0,0,0,0.0,0,0,0.0,0,0,0.0,0,0,0.0,0,0,0.0,0,0,0.0,0,0,0.0,0,6,0.0,0,0,0.0,0,0,0.0,0,0,0.0,1,24,0.04,11,47,0.1897,22,40,0.3548,15,27,0.3571,7,21,0.25,8,27,0.2286,7,19,0.2692
2026-04-03 21:40:20,test_878.jpg,134,31,165,0.1879,8,31,32,0,0,0.0,0,0,0.0,0,0,0.0,0,0,0.0,0,0,0.0,0,0,0.0,0,0,0.0,0,0,0.0,0,0,0.0,0,0,0.0,4,16,0.2,0,0,0.0,0,0,0.0,0,0,0.0,0,0,0.0,0,0,0.0,0,0,0.0,0,0,0.0,0,0,0.0,0,0,0.0,0,0,0.0,4,17,0.1905,0,0,0.0,0,0,0.0,0,0,0.0,5,19,0.2083,2,15,0.1176,9,19,0.3214,5,14,0.2632,0,18,0.0,2,16,0.1111,0,0,0.0
2026-04-03 21:40:20,test_879.jpg,177,12,189,0.0635,8,31,32,0,0,0.0,0,0,0.0,0,0,0.0,0,0,0.0,0,0,0.0,0,0,0.0,0,0,0.0,0,0,0.0,0,0,0.0,0,0,0.0,1,25,0.0385,0,0,0.0,0,0,0.0,0,0,0.0,0,0,0.0,0,0,0.0,0,0,0.0,0,0,0.0,0,0,0.0,0,0,0.0,0,0,0.0,0,19,0.0,0,0,0.0,0,0,0.0,0,0,0.0,5,15,0.25,1,20,0.0476,1,19,0.05,0,23,0.0,4,22,0.1538,0,34,0.0,0,0,0.0
2026-04-03 21:40:20,test_88.jpg,181,37,218,0.1697,9,31,32,0,0,0.0,0,0,0.0,0,0,0.0,0,0,0.0,0,0,0.0,0,0,0.0,0,0,0.0,0,0,0.0,0,0,0.0,0,0,0.0,13,29,0.3095,0,0,0.0,0,0,0.0,0,0,0.0,0,0,0.0,0,0,0.0,0,0,0.0,0,0,0.0,0,0,0.0,0,0,0.0,0,0,0.0,4,21,0.16,0,0,0.0,0,0,0.0,0,0,0.0,0,12,0.0,0,23,0.0,3,14,0.1765,1,12,0.0769,6,19,0.24,4,31,0.1143,6,20,0.2308
2026-04-03 21:40:20,test_880.jpg,171,8,179,0.0447,5,31,32,0,0,0.0,0,0,0.0,0,0,0.0,0,0,0.0,0,0,0.0,0,0,0.0,0,0,0.0,0,0,0.0,0,0,0.0,0,0,0.0,0,23,0.0,0,0,0.0,0,0,0.0,0,0,0.0,0,0,0.0,0,0,0.0,0,0,0.0,0,0,0.0,0,0,0.0,0,0,0.0,0,0,0.0,2,22,0.0833,0,0,0.0,0,0,0.0,0,0,0.0,4,31,0.1143,2,56,0.0345,0,39,0.0,0,0,0.0,0,0,0.0,0,0,0.0,0,0,0.0
2026-04-03 21:40:20,test_881.jpg,105,13,118,0.1102,4,31,32,0,0,0.0,0,0,0.0,0,0,0.0,0,0,0.0,0,0,0.0,0,0,0.0,0,0,0.0,0,0,0.0,0,0,0.0,0,0,0.0,4,21,0.16,0,0,0.0,0,0,0.0,0,0,0.0,0,0,0.0,0,0,0.0,0,0,0.0,0,0,0.0,0,0,0.0,0,0,0.0,0,0,0.0,4,31,0.1143,0,0,0.0,0,0,0.0,0,0,0.0,5,38,0.1163,0,15,0.0,0,0,0.0,0,0,0.0,0,0,0.0,0,0,0.0,0,0,0.0
2026-04-03 21:40:20,test_882.jpg,155,16,171,0.0936,13,31,32,4,12,0.25,0,21,0.0,2,8,0.2,0,12,0.0,0,0,0.0,0,0,0.0,0,0,0.0,0,0,0.0,0,0,0.0,0,0,0.0,0,10,0.0,0,0,0.0,0,0,0.0,0,0,0.0,0,0,0.0,0,0,0.0,0,0,0.0,0,0,0.0,0,0,0.0,0,0,0.0,0,0,0.0,0,11,0.0,0,0,0.0,0,0,0.0,0,0,0.0,1,20,0.0476,0,10,0.0,0,10,0.0,0,9,0.0,4,11,0.2667,0,9,0.0,5,12,0.2941
2026-04-03 21:40:20,test_883.jpg,187,2,189,0.0106,8,31,32,0,0,0.0,0,0,0.0,0,0,0.0,0,0,0.0,0,0,0.0,0,0,0.0,0,0,0.0,0,0,0.0,0,0,0.0,0,0,0.0,1,21,0.0455,0,0,0.0,0,0,0.0,0,0,0.0,0,0,0.0,0,0,0.0,0,0,0.0,0,0,0.0,0,0,0.0,0,0,0.0,0,0,0.0,0,22,0.0,0,0,0.0,0,0,0.0,0,0,0.0,0,22,0.0,0,24,0.0,0,24,0.0,0,25,0.0,0,24,0.0,1,25,0.0385,0,0,0.0
2026-04-03 21:40:20,test_884.jpg,156,9,165,0.0545,6,31,32,0,0,0.0,0,0,0.0,0,0,0.0,0,0,0.0,0,0,0.0,0,0,0.0,0,0,0.0,0,0,0.0,0,0,0.0,0,0,0.0,3,41,0.0682,0,0,0.0,0,0,0.0,0,0,0.0,0,0,0.0,0,0,0.0,0,0,0.0,0,0,0.0,0,0,0.0,0,0,0.0,0,0,0.0,0,22,0.0,0,0,0.0,0,0,0.0,0,0,0.0,1,24,0.04,0,22,0.0,3,27,0.1,2,20,0.0909,0,0,0.0,0,0,0.0,0,0,0.0
2026-04-03 21:40:20,test_885.jpg,152,39,191,0.2042,8,31,32,0,0,0.0,0,0,0.0,0,0,0.0,0,0,0.0,0,0,0.0,0,0,0.0,0,0,0.0,0,0,0.0,0,0,0.0,0,0,0.0,5,19,0.2083,0,0,0.0,0,0,0.0,0,0,0.0,0,0,0.0,0,0,0.0,0,0,0.0,0,0,0.0,0,0,0.0,0,0,0.0,0,0,0.0,4,21,0.16,0,0,0.0,0,0,0.0,0,0,0.0,5,19,0.2083,4,21,0.16,5,18,0.2174,3,15,0.1667,7,19,0.2692,6,20,0.2308,0,0,0.0
2026-04-03 21:40:20,test_886.jpg,120,33,153,0.2157,8,31,32,0,0,0.0,0,0,0.0,0,0,0.0,0,0,0.0,0,0,0.0,0,0,0.0,0,0,0.0,0,0,0.0,0,0,0.0,0,0,0.0,0,13,0.0,0,0,0.0,0,0,0.0,0,0,0.0,0,0,0.0,0,0,0.0,0,0,0.0,0,0,0.0,0,0,0.0,0,0,0.0,0,0,0.0,2,13,0.1333,0,0,0.0,0,0,0.0,0,0,0.0,8,18,0.3077,3,20,0.1304,6,14,0.3,4,14,0.2222,2,19,0.0952,8,9,0.4706,0,0,0.0
2026-04-03 21:40:20,test_887.jpg,165,12,177,0.0678,5,31,32,0,0,0.0,0,0,0.0,0,0,0.0,0,0,0.0,0,0,0.0,0,0,0.0,0,0,0.0,0,0,0.0,0,0,0.0,0,0,0.0,0,24,0.0,0,0,0.0,0,0,0.0,0,0,0.0,0,0,0.0,0,0,0.0,0,0,0.0,0,0,0.0,0,0,0.0,0,0,0.0,0,0,0.0,0,23,0.0,0,0,0.0,0,0,0.0,0,0,0.0,7,36,0.1628,2,57,0.0339,3,25,0.1071,0,0,0.0,0,0,0.0,0,0,0.0,0,0,0.0
2026-04-03 21:40:20,test_888.jpg,152,44,196,0.2245,10,31,32,0,0,0.0,0,0,0.0,0,0,0.0,0,0,0.0,0,0,0.0,0,0,0.0,0,0,0.0,0,0,0.0,0,0,0.0,0,0,0.0,3,14,0.1765,0,0,0.0,0,0,0.0,0,0,0.0,0,0,0.0,0,0,0.0,0,0,0.0,0,0,0.0,0,0,0.0,0,0,0.0,0,0,0.0,0,2,0.0,0,0,0.0,0,0,0.0,0,0,0.0,6,16,0.2727,2,18,0.1,4,21,0.16,5,16,0.2381,5,20,0.2,7,14,0.3333,12,31,0.2791
2026-04-03 21:40:20,test_889.jpg,119,21,140,0.15,6,31,32,0,0,0.0,0,0,0.0,0,0,0.0,0,0,0.0,0,0,0.0,0,0,0.0,0,0,0.0,0,0,0.0,0,0,0.0,0,0,0.0,1,14,0.0667,0,0,0.0,0,0,0.0,0,0,0.0,0,0,0.0,0,0,0.0,0,0,0.0,0,0,0.0,0,0,0.0,0,0,0.0,0,0,0.0,5,16,0.2381,0,0,0.0,0,0,0.0,0,0,0.0,1,23,0.0417,1,23,0.0417,8,33,0.1951,5,10,0.3333,0,0,0.0,0,0,0.0,0,0,0.0
2026-04-03 21:40:20,test_89.jpg,173,56,229,0.2445,6,31,32,0,0,0.0,0,0,0.0,0,0,0.0,0,0,0.0,0,0,0.0,0,0,0.0,0,0,0.0,0,0,0.0,0,0,0.0,0,0,0.0,4,23,0.1481,0,0,0.0,0,0,0.0,0,0,0.0,0,0,0.0,0,0,0.0,0,0,0.0,0,0,0.0,0,0,0.0,0,0,0.0,0,0,0.0,13,26,0.3333,0,0,0.0,0,0,0.0,0,0,0.0,10,26,0.2778,7,20,0.2593,19,68,0.2184,3,10,0.2308,0,0,0.0,0,0,0.0,0,0,0.0
2026-04-03 21:40:20,test_890.jpg,141,9,150,0.06,7,31,32,0,0,0.0,0,0,0.0,0,0,0.0,0,0,0.0,0,0,0.0,0,0,0.0,0,0,0.0,0,0,0.0,0,0,0.0,0,0,0.0,3,17,0.15,0,0,0.0,0,0,0.0,0,0,0.0,0,0,0.0,0,0,0.0,0,0,0.0,0,0,0.0,0,0,0.0,0,0,0.0,0,0,0.0,3,19,0.1364,0,0,0.0,0,0,0.0,0,0,0.0,1,20,0.0476,1,20,0.0476,0,22,0.0,1,21,0.0455,0,22,0.0,0,0,0.0,0,0,0.0
2026-04-03 21:40:20,test_891.jpg,169,26,195,0.1333,8,31,32,0,0,0.0,0,0,0.0,0,0,0.0,0,0,0.0,0,0,0.0,0,0,0.0,0,0,0.0,0,0,0.0,0,0,0.0,0,0,0.0,3,33,0.0833,0,0,0.0,0,0,0.0,0,0,0.0,0,0,0.0,0,0,0.0,0,0,0.0,0,0,0.0,0,0,0.0,0,0,0.0,0,0,0.0,0,19,0.0,0,0,0.0,0,0,0.0,0,0,0.0,2,20,0.0909,1,22,0.0435,2,19,0.0952,6,17,0.2609,12,39,0.2353,0,0,0.0,0,0,0.0
2026-04-03 21:40:20,test_892.jpg,154,38,192,0.1979,8,31,32,0,0,0.0,0,0,0.0,0,0,0.0,0,0,0.0,0,0,0.0,0,0,0.0,0,0,0.0,0,0,0.0,0,0,0.0,0,0,0.0,8,31,0.2051,0,0,0.0,0,0,0.0,0,0,0.0,0,0,0.0,0,0,0.0,0,0,0.0,0,0,0.0,0,0,0.0,0,0,0.0,0,0,0.0,4,25,0.1379,0,0,0.0,0,0,0.0,0,0,0.0,3,16,0.1579,1,17,0.0556,2,15,0.1176,0,17,0.0,12,17,0.4138,8,16,0.3333,0,0,0.0
2026-04-03 21:40:20,test_893.jpg,121,28,149,0.1879,6,31,32,0,0,0.0,0,0,0.0,0,0,0.0,0,0,0.0,0,0,0.0,0,0,0.0,0,0,0.0,0,0,0.0,0,0,0.0,0,0,0.0,4,18,0.1818,0,0,0.0,0,0,0.0,0,0,0.0,0,0,0.0,0,0,0.0,0,0,0.0,0,0,0.0,0,0,0.0,0,0,0.0,0,0,0.0,10,18,0.3571,0,0,0.0,0,0,0.0,0,0,0.0,2,19,0.0952,4,15,0.2105,6,26,0.1875,2,25,0.0741,0,0,0.0,0,0,0.0,0,0,0.0
2026-04-03 21:40:20,test_894.jpg,152,36,188,0.1915,6,31,32,0,0,0.0,0,0,0.0,0,0,0.0,0,0,0.0,0,0,0.0,0,0,0.0,0,0,0.0,0,0,0.0,0,0,0.0,0,0,0.0,2,12,0.1429,0,0,0.0,0,0,0.0,0,0,0.0,0,0,0.0,0,0,0.0,0,0,0.0,0,0,0.0,0,0,0.0,0,0,0.0,0,0,0.0,11,40,0.2157,0,0,0.0,0,0,0.0,0,0,0.0,3,28,0.0968,15,23,0.3947,3,37,0.075,2,12,0.1429,0,0,0.0,0,0,0.0,0,0,0.0
2026-04-03 21:40:20,test_895.jpg,98,85,183,0.4645,5,31,32,0,0,0.0,0,0,0.0,0,0,0.0,0,0,0.0,0,0,0.0,0,0,0.0,0,0,0.0,0,0,0.0,0,0,0.0,0,0,0.0,3,8,0.2727,0,0,0.0,0,0,0.0,0,0,0.0,0,0,0.0,0,0,0.0,0,0,0.0,0,0,0.0,0,0,0.0,0,0,0.0,0,0,0.0,10,20,0.3333,0,0,0.0,0,0,0.0,0,0,0.0,23,27,0.46,38,31,0.5507,11,12,0.4783,0,0,0.0,0,0,0.0,0,0,0.0,0,0,0.0
2026-04-03 21:40:20,test_896.jpg,109,23,132,0.1742,5,31,32,0,0,0.0,0,0,0.0,0,0,0.0,0,0,0.0,0,0,0.0,0,0,0.0,0,0,0.0,0,0,0.0,0,0,0.0,0,0,0.0,6,12,0.3333,0,0,0.0,0,0,0.0,0,0,0.0,0,0,0.0,0,0,0.0,0,0,0.0,0,0,0.0,0,0,0.0,0,0,0.0,0,0,0.0,10,25,0.2857,0,0,0.0,0,0,0.0,0,0,0.0,2,25,0.0741,3,33,0.0833,2,14,0.125,0,0,0.0,0,0,0.0,0,0,0.0,0,0,0.0
2026-04-03 21:40:20,test_897.jpg,126,31,157,0.1975,6,31,32,0,0,0.0,0,0,0.0,0,0,0.0,0,0,0.0,0,0,0.0,0,0,0.0,0,0,0.0,0,0,0.0,0,0,0.0,0,0,0.0,0,1,0.0,0,0,0.0,0,0,0.0,0,0,0.0,0,0,0.0,0,0,0.0,0,0,0.0,0,0,0.0,0,0,0.0,0,0,0.0,0,0,0.0,4,40,0.0909,0,0,0.0,0,0,0.0,0,0,0.0,7,16,0.3043,1,28,0.0345,9,25,0.2647,10,16,0.3846,0,0,0.0,0,0,0.0,0,0,0.0
2026-04-03 21:40:20,test_898.jpg,181,12,193,0.0622,6,31,32,0,0,0.0,0,0,0.0,0,0,0.0,0,0,0.0,0,0,0.0,0,0,0.0,0,0,0.0,0,0,0.0,0,0,0.0,0,0,0.0,0,46,0.0,0,0,0.0,0,0,0.0,0,0,0.0,0,0,0.0,0,0,0.0,0,0,0.0,0,0,0.0,0,0,0.0,0,0,0.0,0,0,0.0,3,27,0.1,0,0,0.0,0,0,0.0,0,0,0.0,3,29,0.0938,1,29,0.0333,0,27,0.0,5,23,0.1786,0,0,0.0,0,0,0.0,0,0,0.0
2026-04-03 21:40:20,test_899.jpg,124,12,136,0.0882,6,31,32,0,0,0.0,0,0,0.0,0,0,0.0,0,0,0.0,0,0,0.0,0,0,0.0,0,0,0.0,0,0,0.0,0,0,0.0,0,0,0.0,8,23,0.2581,0,0,0.0,0,0,0.0,0,0,0.0,0,0,0.0,0,0,0.0,0,0,0.0,0,0,0.0,0,0,0.0,0,0,0.0,0,0,0.0,0,32,0.0,0,0,0.0,0,0,0.0,0,0,0.0,0,19,0.0,0,16,0.0,0,16,0.0,4,18,0.1818,0,0,0.0,0,0,0.0,0,0,0.0
2026-04-03 21:40:20,test_9.jpg,105,58,163,0.3558,7,31,32,0,0,0.0,0,0,0.0,0,0,0.0,0,0,0.0,0,0,0.0,0,0,0.0,0,0,0.0,0,0,0.0,0,0,0.0,0,0,0.0,10,21,0.3226,0,0,0.0,0,0,0.0,0,0,0.0,0,0,0.0,0,0,0.0,0,0,0.0,0,0,0.0,0,0,0.0,0,0,0.0,0,0,0.0,13,20,0.3939,0,0,0.0,0,0,0.0,0,0,0.0,1,17,0.0556,5,14,0.2632,10,9,0.5263,11,13,0.4583,8,11,0.4211,0,0,0.0,0,0,0.0
2026-04-03 21:40:20,test_90.jpg,123,13,136,0.0956,6,31,32,0,0,0.0,0,0,0.0,0,0,0.0,0,0,0.0,0,0,0.0,0,0,0.0,0,0,0.0,0,0,0.0,0,0,0.0,0,0,0.0,1,18,0.0526,0,0,0.0,0,0,0.0,0,0,0.0,0,0,0.0,0,0,0.0,0,0,0.0,0,0,0.0,0,0,0.0,0,0,0.0,0,0,0.0,2,18,0.1,0,0,0.0,0,0,0.0,0,0,0.0,1,22,0.0435,7,22,0.2414,2,22,0.0833,0,21,0.0,0,0,0.0,0,0,0.0,0,0,0.0
2026-04-03 21:40:20,test_900.jpg,130,18,148,0.1216,5,31,32,0,0,0.0,0,0,0.0,0,0,0.0,0,0,0.0,0,0,0.0,0,0,0.0,0,0,0.0,0,0,0.0,0,0,0.0,0,0,0.0,1,14,0.0667,0,0,0.0,0,0,0.0,0,0,0.0,0,0,0.0,0,0,0.0,0,0,0.0,0,0,0.0,0,0,0.0,0,0,0.0,0,0,0.0,0,18,0.0,0,0,0.0,0,0,0.0,0,0,0.0,3,27,0.1,12,33,0.2667,2,38,0.05,0,0,0.0,0,0,0.0,0,0,0.0,0,0,0.0
2026-04-03 21:40:20,test_901.jpg,130,6,136,0.0441,7,31,32,0,0,0.0,0,0,0.0,0,0,0.0,0,0,0.0,0,0,0.0,0,0,0.0,0,0,0.0,0,0,0.0,0,0,0.0,0,0,0.0,1,21,0.0455,0,0,0.0,0,0,0.0,0,0,0.0,0,0,0.0,0,0,0.0,0,0,0.0,0,0,0.0,0,0,0.0,0,0,0.0,0,0,0.0,1,19,0.05,0,0,0.0,0,0,0.0,0,0,0.0,2,15,0.1176,0,17,0.0,1,19,0.05,1,19,0.05,0,20,0.0,0,0,0.0,0,0,0.0
2026-04-03 21:40:20,test_902.jpg,129,10,139,0.0719,7,31,32,0,0,0.0,0,0,0.0,0,0,0.0,0,0,0.0,0,0,0.0,0,0,0.0,0,0,0.0,0,0,0.0,0,0,0.0,0,0,0.0,1,16,0.0588,0,0,0.0,0,0,0.0,0,0,0.0,0,0,0.0,0,0,0.0,0,0,0.0,0,0,0.0,0,0,0.0,0,0,0.0,0,0,0.0,0,19,0.0,0,0,0.0,0,0,0.0,0,0,0.0,2,20,0.0909,0,25,0.0,2,14,0.125,4,17,0.1905,1,18,0.0526,0,0,0.0,0,0,0.0
2026-04-03 21:40:20,test_903.jpg,139,66,205,0.322,5,31,32,0,0,0.0,0,0,0.0,0,0,0.0,0,0,0.0,0,0,0.0,0,0,0.0,0,0,0.0,0,0,0.0,0,0,0.0,0,0,0.0,0,22,0.0,0,0,0.0,0,0,0.0,0,0,0.0,0,0,0.0,0,0,0.0,0,0,0.0,0,0,0.0,0,0,0.0,0,0,0.0,0,0,0.0,2,31,0.0606,0,0,0.0,0,0,0.0,0,0,0.0,17,34,0.3333,34,32,0.5152,13,20,0.3939,0,0,0.0,0,0,0.0,0,0,0.0,0,0,0.0
2026-04-03 21:40:20,test_904.jpg,140,22,162,0.1358,9,31,32,0,0,0.0,0,0,0.0,0,0,0.0,0,0,0.0,0,0,0.0,0,0,0.0,0,0,0.0,0,0,0.0,0,0,0.0,0,0,0.0,0,7,0.0,0,0,0.0,0,0,0.0,0,0,0.0,0,0,0.0,0,0,0.0,0,0,0.0,0,0,0.0,0,0,0.0,0,0,0.0,0,0,0.0,3,22,0.12,0,0,0.0,0,0,0.0,0,0,0.0,4,20,0.1667,5,13,0.2778,2,16,0.1111,5,20,0.2,2,14,0.125,1,15,0.0625,0,13,0.0
2026-04-03 21:40:20,test_905.jpg,112,30,142,0.2113,5,31,32,0,0,0.0,0,0,0.0,0,0,0.0,0,0,0.0,0,0,0.0,0,0,0.0,0,0,0.0,0,0,0.0,0,0,0.0,0,0,0.0,1,15,0.0625,0,0,0.0,0,0,0.0,0,0,0.0,0,0,0.0,0,0,0.0,0,0,0.0,0,0,0.0,0,0,0.0,0,0,0.0,0,0,0.0,0,17,0.0,0,0,0.0,0,0,0.0,0,0,0.0,4,26,0.1333,14,35,0.2857,11,19,0.3667,0,0,0.0,0,0,0.0,0,0,0.0,0,0,0.0
2026-04-03 21:40:20,test_906.jpg,107,29,136,0.2132,7,31,32,0,0,0.0,0,0,0.0,0,0,0.0,0,0,0.0,0,0,0.0,0,0,0.0,0,0,0.0,0,0,0.0,0,0,0.0,0,0,0.0,2,19,0.0952,0,0,0.0,0,0,0.0,0,0,0.0,0,0,0.0,0,0,0.0,0,0,0.0,0,0,0.0,0,0,0.0,0,0,0.0,0,0,0.0,2,13,0.1333,0,0,0.0,0,0,0.0,0,0,0.0,4,13,0.2353,0,16,0.0,2,9,0.1818,5,13,0.2778,14,24,0.3684,0,0,0.0,0,0,0.0
2026-04-03 21:40:20,test_907.jpg,154,7,161,0.0435,11,31,32,3,12,0.2,3,18,0.1429,0,0,0.0,0,0,0.0,0,0,0.0,0,0,0.0,0,0,0.0,0,0,0.0,0,0,0.0,0,0,0.0,0,13,0.0,0,0,0.0,0,0,0.0,0,0,0.0,0,0,0.0,0,0,0.0,0,0,0.0,0,0,0.0,0,0,0.0,0,0,0.0,0,0,0.0,0,0,0.0,0,0,0.0,0,0,0.0,0,0,0.0,0,25,0.0,0,25,0.0,0,12,0.0,0,12,0.0,0,13,0.0,0,12,0.0,1,12,0.0769
2026-04-03 21:40:20,test_908.jpg,272,27,299,0.0903,5,31,32,0,0,0.0,0,0,0.0,0,0,0.0,0,0,0.0,0,0,0.0,0,0,0.0,0,0,0.0,0,0,0.0,0,0,0.0,0,0,0.0,4,38,0.0952,0,0,0.0,0,0,0.0,0,0,0.0,0,0,0.0,0,0,0.0,0,0,0.0,0,0,0.0,0,0,0.0,0,0,0.0,0,0,0.0,3,41,0.0682,0,0,0.0,0,0,0.0,0,0,0.0,5,67,0.0694,8,77,0.0941,7,49,0.125,0,0,0.0,0,0,0.0,0,0,0.0,0,0,0.0
2026-04-03 21:40:20,test_909.jpg,152,26,178,0.1461,6,31,32,0,0,0.0,0,0,0.0,0,0,0.0,0,0,0.0,0,0,0.0,0,0,0.0,0,0,0.0,0,0,0.0,0,0,0.0,0,0,0.0,3,23,0.1154,0,0,0.0,0,0,0.0,0,0,0.0,0,0,0.0,0,0,0.0,0,0,0.0,0,0,0.0,0,0,0.0,0,0,0.0,0,0,0.0,3,21,0.125,0,0,0.0,0,0,0.0,0,0,0.0,5,27,0.1562,10,26,0.2778,4,27,0.129,1,28,0.0345,0,0,0.0,0,0,0.0,0,0,0.0
2026-04-03 21:40:20,test_91.jpg,121,47,168,0.2798,6,31,32,0,0,0.0,0,0,0.0,0,0,0.0,0,0,0.0,0,0,0.0,0,0,0.0,0,0,0.0,0,0,0.0,0,0,0.0,0,0,0.0,9,19,0.3214,0,0,0.0,0,0,0.0,0,0,0.0,0,0,0.0,0,0,0.0,0,0,0.0,0,0,0.0,0,0,0.0,0,0,0.0,0,0,0.0,6,20,0.2308,0,0,0.0,0,0,0.0,0,0,0.0,2,16,0.1111,15,24,0.3846,10,25,0.2857,5,17,0.2273,0,0,0.0,0,0,0.0,0,0,0.0
2026-04-03 21:40:20,test_910.jpg,130,22,152,0.1447,6,31,32,0,0,0.0,0,0,0.0,0,0,0.0,0,0,0.0,0,0,0.0,0,0,0.0,0,0,0.0,0,0,0.0,0,0,0.0,0,0,0.0,2,15,0.1176,0,0,0.0,0,0,0.0,0,0,0.0,0,0,0.0,0,0,0.0,0,0,0.0,0,0,0.0,0,0,0.0,0,0,0.0,0,0,0.0,0,19,0.0,0,0,0.0,0,0,0.0,0,0,0.0,1,21,0.0455,3,25,0.1071,3,24,0.1111,13,26,0.3333,0,0,0.0,0,0,0.0,0,0,0.0
2026-04-03 21:40:20,test_911.jpg,188,158,346,0.4566,8,31,32,0,0,0.0,0,0,0.0,0,0,0.0,0,0,0.0,0,0,0.0,0,0,0.0,0,0,0.0,0,0,0.0,0,0,0.0,0,0,0.0,4,12,0.25,0,0,0.0,0,0,0.0,0,0,0.0,0,0,0.0,0,0,0.0,0,0,0.0,0,0,0.0,0,0,0.0,0,0,0.0,0,0,0.0,7,24,0.2258,0,0,0.0,0,0,0.0,0,0,0.0,6,20,0.2308,9,32,0.2195,24,19,0.5581,36,23,0.6102,53,37,0.5889,19,21,0.475,0,0,0.0
2026-04-03 21:40:20,test_912.jpg,137,50,187,0.2674,6,31,32,0,0,0.0,0,0,0.0,0,0,0.0,0,0,0.0,0,0,0.0,0,0,0.0,0,0,0.0,0,0,0.0,0,0,0.0,0,0,0.0,7,24,0.2258,0,0,0.0,0,0,0.0,0,0,0.0,0,0,0.0,0,0,0.0,0,0,0.0,0,0,0.0,0,0,0.0,0,0,0.0,0,0,0.0,6,20,0.2308,0,0,0.0,0,0,0.0,0,0,0.0,1,21,0.0455,20,23,0.4651,8,22,0.2667,8,27,0.2286,0,0,0.0,0,0,0.0,0,0,0.0
2026-04-03 21:40:20,test_913.jpg,120,40,160,0.25,7,31,32,0,0,0.0,0,0,0.0,0,0,0.0,0,0,0.0,0,0,0.0,0,0,0.0,0,0,0.0,0,0,0.0,0,0,0.0,0,0,0.0,0,15,0.0,0,0,0.0,0,0,0.0,0,0,0.0,0,0,0.0,0,0,0.0,0,0,0.0,0,0,0.0,0,0,0.0,0,0,0.0,0,0,0.0,4,13,0.2353,0,0,0.0,0,0,0.0,0,0,0.0,2,16,0.1111,0,14,0.0,12,15,0.4444,17,27,0.3864,5,20,0.2,0,0,0.0,0,0,0.0
2026-04-03 21:40:20,test_914.jpg,180,57,237,0.2405,10,31,32,2,17,0.1053,0,0,0.0,0,0,0.0,0,0,0.0,0,0,0.0,0,0,0.0,0,0,0.0,0,0,0.0,0,0,0.0,0,0,0.0,5,14,0.2632,0,0,0.0,0,0,0.0,0,0,0.0,0,0,0.0,0,0,0.0,0,0,0.0,0,0,0.0,0,0,0.0,0,0,0.0,0,0,0.0,6,19,0.24,0,0,0.0,0,0,0.0,0,0,0.0,5,12,0.2941,5,19,0.2083,13,30,0.3023,9,26,0.2571,5,12,0.2941,1,16,0.0588,6,15,0.2857
2026-04-03 21:40:20,test_915.jpg,147,14,161,0.087,8,31,32,0,0,0.0,0,0,0.0,0,0,0.0,0,0,0.0,0,0,0.0,0,0,0.0,0,0,0.0,0,0,0.0,0,0,0.0,0,0,0.0,0,0,0.0,0,0,0.0,0,0,0.0,0,0,0.0,0,0,0.0,0,0,0.0,0,0,0.0,0,0,0.0,0,0,0.0,0,0,0.0,0,0,0.0,3,36,0.0769,0,0,0.0,0,0,0.0,0,0,0.0,2,20,0.0909,0,30,0.0,0,4,0.0,9,16,0.36,0,27,0.0,0,14,0.0,0,0,0.0
2026-04-03 21:40:20,test_916.jpg,159,34,193,0.1762,8,31,32,0,0,0.0,0,0,0.0,0,0,0.0,0,0,0.0,0,0,0.0,0,0,0.0,0,0,0.0,0,0,0.0,0,0,0.0,0,0,0.0,0,17,0.0,0,0,0.0,0,0,0.0,0,0,0.0,0,0,0.0,0,0,0.0,0,0,0.0,0,0,0.0,0,0,0.0,0,0,0.0,0,0,0.0,0,23,0.0,0,0,0.0,0,0,0.0,0,0,0.0,0,16,0.0,2,21,0.087,13,29,0.3095,4,15,0.2105,7,25,0.2188,8,13,0.381,0,0,0.0
2026-04-03 21:40:20,test_917.jpg,185,68,253,0.2688,11,31,32,6,17,0.2609,12,19,0.3871,0,0,0.0,0,0,0.0,0,0,0.0,0,0,0.0,0,0,0.0,0,0,0.0,0,0,0.0,0,0,0.0,12,32,0.2727,0,0,0.0,0,0,0.0,0,0,0.0,0,0,0.0,0,0,0.0,0,0,0.0,0,0,0.0,0,0,0.0,0,0,0.0,0,0,0.0,3,15,0.1667,0,0,0.0,0,0,0.0,0,0,0.0,1,16,0.0588,10,15,0.4,1,16,0.0588,6,13,0.3158,1,15,0.0625,11,10,0.5238,5,17,0.2273
2026-04-03 21:40:20,test_918.jpg,259,97,356,0.2725,13,31,32,0,23,0.0,11,21,0.3438,2,24,0.0769,6,17,0.2609,0,0,0.0,0,0,0.0,0,0,0.0,0,0,0.0,0,0,0.0,0,0,0.0,4,10,0.2857,0,0,0.0,0,0,0.0,0,0,0.0,0,0,0.0,0,0,0.0,0,0,0.0,0,0,0.0,0,0,0.0,0,0,0.0,0,0,0.0,13,33,0.2826,0,0,0.0,0,0,0.0,0,0,0.0,14,17,0.4516,5,19,0.2083,4,7,0.3636,7,16,0.3043,1,11,0.0833,13,40,0.2453,17,21,0.4474
2026-04-03 21:40:20,test_919.jpg,158,23,181,0.1271,8,31,32,0,0,0.0,0,0,0.0,0,0,0.0,0,0,0.0,0,0,0.0,0,0,0.0,0,0,0.0,0,0,0.0,0,0,0.0,0,0,0.0,9,28,0.2432,0,0,0.0,0,0,0.0,0,0,0.0,0,0,0.0,0,0,0.0,0,0,0.0,0,0,0.0,0,0,0.0,0,0,0.0,0,0,0.0,1,12,0.0769,0,0,0.0,0,0,0.0,0,0,0.0,0,15,0.0,2,21,0.087,0,19,0.0,1,24,0.04,7,18,0.28,3,21,0.125,0,0,0.0
2026-04-03 21:40:20,test_92.jpg,114,14,128,0.1094,8,31,32,0,0,0.0,0,0,0.0,0,0,0.0,0,0,0.0,0,0,0.0,0,0,0.0,0,0,0.0,0,0,0.0,0,0,0.0,0,0,0.0,0,12,0.0,0,0,0.0,0,0,0.0,0,0,0.0,0,0,0.0,0,0,0.0,0,0,0.0,0,0,0.0,0,0,0.0,0,0,0.0,0,0,0.0,1,13,0.0714,0,0,0.0,0,0,0.0,0,0,0.0,0,10,0.0,1,11,0.0833,4,15,0.2105,3,17,0.15,5,18,0.2174,0,18,0.0,0,0,0.0
2026-04-03 21:40:20,test_920.jpg,144,32,176,0.1818,7,31,32,0,0,0.0,0,0,0.0,0,0,0.0,0,0,0.0,0,0,0.0,0,0,0.0,0,0,0.0,0,0,0.0,0,0,0.0,0,0,0.0,1,22,0.0435,0,0,0.0,0,0,0.0,0,0,0.0,0,0,0.0,0,0,0.0,0,0,0.0,0,0,0.0,0,0,0.0,0,0,0.0,0,0,0.0,4,19,0.1739,0,0,0.0,0,0,0.0,0,0,0.0,5,20,0.2,8,22,0.2667,0,24,0.0,11,23,0.3235,3,14,0.1765,0,0,0.0,0,0,0.0
2026-04-03 21:40:20,test_921.jpg,131,11,142,0.0775,7,31,32,0,0,0.0,0,0,0.0,0,0,0.0,0,0,0.0,0,0,0.0,0,0,0.0,0,0,0.0,0,0,0.0,0,0,0.0,0,0,0.0,1,19,0.05,0,0,0.0,0,0,0.0,0,0,0.0,0,0,0.0,0,0,0.0,0,0,0.0,0,0,0.0,0,0,0.0,0,0,0.0,0,0,0.0,0,17,0.0,0,0,0.0,0,0,0.0,0,0,0.0,0,21,0.0,2,14,0.125,3,19,0.1364,2,24,0.0769,3,17,0.15,0,0,0.0,0,0,0.0
2026-04-03 21:40:20,test_922.jpg,128,1,129,0.0078,6,31,32,0,0,0.0,0,0,0.0,0,0,0.0,0,0,0.0,0,0,0.0,0,0,0.0,0,0,0.0,0,0,0.0,0,0,0.0,0,0,0.0,0,28,0.0,0,0,0.0,0,0,0.0,0,0,0.0,0,0,0.0,0,0,0.0,0,0,0.0,0,0,0.0,0,0,0.0,0,0,0.0,0,0,0.0,0,18,0.0,0,0,0.0,0,0,0.0,0,0,0.0,1,19,0.05,0,20,0.0,0,21,0.0,0,22,0.0,0,0,0.0,0,0,0.0,0,0,0.0
2026-04-03 21:40:20,test_923.jpg,30,2,32,0.0625,2,31,32,0,0,0.0,0,0,0.0,0,0,0.0,0,0,0.0,0,0,0.0,0,0,0.0,0,0,0.0,0,0,0.0,0,0,0.0,0,0,0.0,2,30,0.0625,0,0,0.0,0,0,0.0,0,0,0.0,0,0,0.0,0,0,0.0,0,0,0.0,0,0,0.0,0,0,0.0,0,0,0.0,0,0,0.0,0,0,0.0,0,0,0.0,0,0,0.0,0,0,0.0,0,0,0.0,0,0,0.0,0,0,0.0,0,0,0.0,0,0,0.0,0,0,0.0,0,0,0.0
2026-04-03 21:40:20,test_924.jpg,141,20,161,0.1242,6,31,32,0,0,0.0,0,0,0.0,0,0,0.0,0,0,0.0,0,0,0.0,0,0,0.0,0,0,0.0,0,0,0.0,0,0,0.0,0,0,0.0,3,25,0.1071,0,0,0.0,0,0,0.0,0,0,0.0,0,0,0.0,0,0,0.0,0,0,0.0,0,0,0.0,0,0,0.0,0,0,0.0,0,0,0.0,0,25,0.0,0,0,0.0,0,0,0.0,0,0,0.0,5,20,0.2,4,23,0.1481,4,23,0.1481,4,25,0.1379,0,0,0.0,0,0,0.0,0,0,0.0
2026-04-03 21:40:20,test_925.jpg,176,50,226,0.2212,10,31,32,0,2,0.0,0,0,0.0,0,0,0.0,0,0,0.0,0,0,0.0,0,0,0.0,0,0,0.0,0,0,0.0,0,0,0.0,0,0,0.0,7,24,0.2258,0,0,0.0,0,0,0.0,0,0,0.0,0,0,0.0,0,0,0.0,0,0,0.0,0,0,0.0,0,0,0.0,0,0,0.0,0,0,0.0,0,0,0.0,0,0,0.0,0,0,0.0,0,0,0.0,2,16,0.1111,3,16,0.1579,1,15,0.0625,0,17,0.0,5,22,0.1852,13,24,0.3514,19,40,0.322
2026-04-03 21:40:20,test_926.jpg,203,47,250,0.188,8,31,32,0,0,0.0,0,0,0.0,0,0,0.0,0,0,0.0,0,0,0.0,0,0,0.0,0,0,0.0,0,0,0.0,0,0,0.0,0,0,0.0,1,33,0.0294,0,0,0.0,0,0,0.0,0,0,0.0,0,0,0.0,0,0,0.0,0,0,0.0,0,0,0.0,0,0,0.0,0,0,0.0,0,0,0.0,1,18,0.0526,0,0,0.0,0,0,0.0,0,0,0.0,1,22,0.0435,0,22,0.0,1,15,0.0625,3,17,0.15,17,34,0.3333,23,42,0.3538,0,0,0.0
2026-04-03 21:40:20,test_927.jpg,157,29,186,0.1559,8,31,32,0,0,0.0,0,0,0.0,0,0,0.0,0,0,0.0,0,0,0.0,0,0,0.0,0,0,0.0,0,0,0.0,0,0,0.0,0,0,0.0,3,8,0.2727,0,0,0.0,0,0,0.0,0,0,0.0,0,0,0.0,0,0,0.0,0,0,0.0,0,0,0.0,0,0,0.0,0,0,0.0,0,0,0.0,2,19,0.0952,0,0,0.0,0,0,0.0,0,0,0.0,0,17,0.0,0,18,0.0,0,17,0.0,3,18,0.1429,10,31,0.2439,11,29,0.275,0,0,0.0
2026-04-03 21:40:20,test_928.jpg,202,82,284,0.2887,13,31,32,15,19,0.4412,8,15,0.3478,17,29,0.3696,5,7,0.4167,0,0,0.0,0,0,0.0,0,0,0.0,0,0,0.0,0,0,0.0,0,0,0.0,3,5,0.375,0,0,0.0,0,0,0.0,0,0,0.0,0,0,0.0,0,0,0.0,0,0,0.0,0,0,0.0,0,0,0.0,0,0,0.0,0,0,0.0,7,13,0.35,0,0,0.0,0,0,0.0,0,0,0.0,1,24,0.04,0,18,0.0,2,8,0.2,1,22,0.0435,14,18,0.4375,4,10,0.2857,5,14,0.2632
2026-04-03 21:40:20,test_929.jpg,147,35,182,0.1923,5,31,32,0,0,0.0,0,0,0.0,0,0,0.0,0,0,0.0,0,0,0.0,0,0,0.0,0,0,0.0,0,0,0.0,0,0,0.0,0,0,0.0,4,17,0.1905,0,0,0.0,0,0,0.0,0,0,0.0,0,0,0.0,0,0,0.0,0,0,0.0,0,0,0.0,0,0,0.0,0,0,0.0,0,0,0.0,12,38,0.24,0,0,0.0,0,0,0.0,0,0,0.0,0,32,0.0,12,39,0.2353,7,21,0.25,0,0,0.0,0,0,0.0,0,0,0.0,0,0,0.0
2026-04-03 21:40:20,test_93.jpg,136,99,235,0.4213,4,31,32,0,0,0.0,0,0,0.0,0,0,0.0,0,0,0.0,0,0,0.0,0,0,0.0,0,0,0.0,0,0,0.0,0,0,0.0,0,0,0.0,9,20,0.3103,0,0,0.0,0,0,0.0,0,0,0.0,0,0,0.0,0,0,0.0,0,0,0.0,0,0,0.0,0,0,0.0,0,0,0.0,0,0,0.0,10,19,0.3448,0,0,0.0,0,0,0.0,0,0,0.0,45,54,0.4545,35,43,0.4487,0,0,0.0,0,0,0.0,0,0,0.0,0,0,0.0,0,0,0.0
2026-04-03 21:40:20,test_930.jpg,214,54,268,0.2015,6,31,32,0,0,0.0,0,0,0.0,0,0,0.0,0,0,0.0,0,0,0.0,0,0,0.0,0,0,0.0,0,0,0.0,0,0,0.0,0,0,0.0,2,27,0.069,0,0,0.0,0,0,0.0,0,0,0.0,0,0,0.0,0,0,0.0,0,0,0.0,0,0,0.0,0,0,0.0,0,0,0.0,0,0,0.0,5,46,0.098,0,0,0.0,0,0,0.0,0,0,0.0,3,24,0.1111,7,28,0.2,18,45,0.2857,19,44,0.3016,0,0,0.0,0,0,0.0,0,0,0.0
2026-04-03 21:40:20,test_931.jpg,136,34,170,0.2,7,31,32,0,0,0.0,0,0,0.0,0,0,0.0,0,0,0.0,0,0,0.0,0,0,0.0,0,0,0.0,0,0,0.0,0,0,0.0,0,0,0.0,3,23,0.1154,0,0,0.0,0,0,0.0,0,0,0.0,0,0,0.0,0,0,0.0,0,0,0.0,0,0,0.0,0,0,0.0,0,0,0.0,0,0,0.0,10,15,0.4,0,0,0.0,0,0,0.0,0,0,0.0,2,18,0.1,1,19,0.05,6,18,0.25,7,19,0.2692,5,24,0.1724,0,0,0.0,0,0,0.0
2026-04-03 21:40:20,test_932.jpg,160,40,200,0.2,7,31,32,0,0,0.0,0,0,0.0,0,0,0.0,0,0,0.0,0,0,0.0,0,0,0.0,0,0,0.0,0,0,0.0,0,0,0.0,0,0,0.0,1,25,0.0385,0,0,0.0,0,0,0.0,0,0,0.0,0,0,0.0,0,0,0.0,0,0,0.0,0,0,0.0,0,0,0.0,0,0,0.0,0,0,0.0,8,15,0.3478,0,0,0.0,0,0,0.0,0,0,0.0,4,22,0.1538,0,26,0.0,16,35,0.3137,7,20,0.2593,4,17,0.1905,0,0,0.0,0,0,0.0
2026-04-03 21:40:20,test_933.jpg,144,48,192,0.25,7,31,32,0,0,0.0,0,0,0.0,0,0,0.0,0,0,0.0,0,0,0.0,0,0,0.0,0,0,0.0,0,0,0.0,0,0,0.0,0,0,0.0,2,21,0.087,0,0,0.0,0,0,0.0,0,0,0.0,0,0,0.0,0,0,0.0,0,0,0.0,0,0,0.0,0,0,0.0,0,0,0.0,0,0,0.0,8,21,0.2759,0,0,0.0,0,0,0.0,0,0,0.0,1,23,0.0417,3,15,0.1667,9,19,0.3214,6,19,0.24,19,26,0.4222,0,0,0.0,0,0,0.0
2026-04-03 21:40:20,test_934.jpg,179,23,202,0.1139,5,31,32,0,0,0.0,0,0,0.0,0,0,0.0,0,0,0.0,0,0,0.0,0,0,0.0,0,0,0.0,0,0,0.0,0,0,0.0,0,0,0.0,0,0,0.0,0,0,0.0,0,0,0.0,0,0,0.0,0,0,0.0,0,0,0.0,0,0,0.0,0,0,0.0,0,0,0.0,0,0,0.0,0,0,0.0,10,65,0.1333,0,0,0.0,0,0,0.0,0,0,0.0,3,31,0.0882,9,73,0.1098,1,10,0.0909,0,0,0.0,0,0,0.0,0,0,0.0,0,0,0.0
2026-04-03 21:40:20,test_935.jpg,148,36,184,0.1957,9,31,32,0,0,0.0,0,0,0.0,0,0,0.0,0,0,0.0,0,0,0.0,0,0,0.0,0,0,0.0,0,0,0.0,0,0,0.0,0,0,0.0,0,1,0.0,0,0,0.0,0,0,0.0,0,0,0.0,0,0,0.0,0,0,0.0,0,0,0.0,0,0,0.0,0,0,0.0,0,0,0.0,0,0,0.0,8,37,0.1778,0,0,0.0,0,0,0.0,0,0,0.0,9,18,0.3333,4,16,0.2,3,19,0.1364,2,15,0.1176,3,14,0.1765,6,17,0.2609,1,11,0.0833
2026-04-03 21:40:20,test_936.jpg,132,23,155,0.1484,8,31,32,0,0,0.0,0,0,0.0,0,0,0.0,0,0,0.0,0,0,0.0,0,0,0.0,0,0,0.0,0,0,0.0,0,0,0.0,0,0,0.0,2,19,0.0952,0,0,0.0,0,0,0.0,0,0,0.0,0,0,0.0,0,0,0.0,0,0,0.0,0,0,0.0,0,0,0.0,0,0,0.0,0,0,0.0,2,13,0.1333,0,0,0.0,0,0,0.0,0,0,0.0,3,16,0.1579,0,19,0.0,2,14,0.125,2,10,0.1667,1,19,0.05,11,22,0.3333,0,0,0.0
2026-04-03 21:40:20,test_937.jpg,140,27,167,0.1617,7,31,32,0,0,0.0,0,0,0.0,0,0,0.0,0,0,0.0,0,0,0.0,0,0,0.0,0,0,0.0,0,0,0.0,0,0,0.0,0,0,0.0,5,14,0.2632,0,0,0.0,0,0,0.0,0,0,0.0,0,0,0.0,0,0,0.0,0,0,0.0,0,0,0.0,0,0,0.0,0,0,0.0,0,0,0.0,6,18,0.25,0,0,0.0,0,0,0.0,0,0,0.0,4,25,0.1379,1,12,0.0769,5,35,0.125,2,16,0.1111,4,20,0.1667,0,0,0.0,0,0,0.0
2026-04-03 21:40:20,test_938.jpg,108,28,136,0.2059,12,31,32,9,11,0.45,1,5,0.1667,2,8,0.2,0,0,0.0,0,0,0.0,0,0,0.0,0,0,0.0,0,0,0.0,0,0,0.0,0,0,0.0,3,17,0.15,0,0,0.0,0,0,0.0,0,0,0.0,0,0,0.0,0,0,0.0,0,0,0.0,0,0,0.0,0,0,0.0,0,0,0.0,0,0,0.0,1,10,0.0909,0,0,0.0,0,0,0.0,0,0,0.0,0,11,0.0,4,7,0.3636,3,8,0.2727,2,8,0.2,0,8,0.0,3,7,0.3,0,8,0.0
2026-04-03 21:40:20,test_939.jpg,155,52,207,0.2512,9,31,32,0,0,0.0,0,0,0.0,0,0,0.0,0,0,0.0,0,0,0.0,0,0,0.0,0,0,0.0,0,0,0.0,0,0,0.0,0,0,0.0,1,19,0.05,0,0,0.0,0,0,0.0,0,0,0.0,0,0,0.0,0,0,0.0,0,0,0.0,0,0,0.0,0,0,0.0,0,0,0.0,0,0,0.0,0,0,0.0,0,0,0.0,0,0,0.0,0,0,0.0,6,11,0.3529,7,18,0.28,9,25,0.2647,2,14,0.125,6,19,0.24,16,27,0.3721,5,22,0.1852
2026-04-03 21:40:20,test_94.jpg,94,29,123,0.2358,3,31,32,0,0,0.0,0,0,0.0,0,0,0.0,0,0,0.0,0,0,0.0,0,0,0.0,0,0,0.0,0,0,0.0,0,0,0.0,0,0,0.0,0,11,0.0,0,0,0.0,0,0,0.0,0,0,0.0,0,0,0.0,0,0,0.0,0,0,0.0,0,0,0.0,0,0,0.0,0,0,0.0,0,0,0.0,17,55,0.2361,0,0,0.0,0,0,0.0,0,0,0.0,12,28,0.3,0,0,0.0,0,0,0.0,0,0,0.0,0,0,0.0,0,0,0.0,0,0,0.0
2026-04-03 21:40:20,test_940.jpg,166,58,224,0.2589,4,31,32,0,0,0.0,0,0,0.0,0,0,0.0,0,0,0.0,0,0,0.0,0,0,0.0,0,0,0.0,0,0,0.0,0,0,0.0,0,0,0.0,21,56,0.2727,0,0,0.0,0,0,0.0,0,0,0.0,0,0,0.0,0,0,0.0,0,0,0.0,0,0,0.0,0,0,0.0,0,0,0.0,0,0,0.0,12,32,0.2727,0,0,0.0,0,0,0.0,0,0,0.0,14,36,0.28,11,42,0.2075,0,0,0.0,0,0,0.0,0,0,0.0,0,0,0.0,0,0,0.0
2026-04-03 21:40:20,test_941.jpg,170,39,209,0.1866,4,31,32,0,0,0.0,0,0,0.0,0,0,0.0,0,0,0.0,0,0,0.0,0,0,0.0,0,0,0.0,0,0,0.0,0,0,0.0,0,0,0.0,5,40,0.1111,0,0,0.0,0,0,0.0,0,0,0.0,0,0,0.0,0,0,0.0,0,0,0.0,0,0,0.0,0,0,0.0,0,0,0.0,0,0,0.0,15,47,0.2419,0,0,0.0,0,0,0.0,0,0,0.0,15,57,0.2083,4,26,0.1333,0,0,0.0,0,0,0.0,0,0,0.0,0,0,0.0,0,0,0.0
2026-04-03 21:40:20,test_942.jpg,111,41,152,0.2697,7,31,32,0,0,0.0,0,0,0.0,0,0,0.0,0,0,0.0,0,0,0.0,0,0,0.0,0,0,0.0,0,0,0.0,0,0,0.0,0,0,0.0,0,7,0.0,0,0,0.0,0,0,0.0,0,0,0.0,0,0,0.0,0,0,0.0,0,0,0.0,0,0,0.0,0,0,0.0,0,0,0.0,0,0,0.0,0,18,0.0,0,0,0.0,0,0,0.0,0,0,0.0,4,19,0.1739,13,23,0.3611,16,22,0.4211,6,14,0.3,2,8,0.2,0,0,0.0,0,0,0.0
2026-04-03 21:40:20,test_943.jpg,153,59,212,0.2783,7,31,32,0,0,0.0,0,0,0.0,0,0,0.0,0,0,0.0,0,0,0.0,0,0,0.0,0,0,0.0,0,0,0.0,0,0,0.0,0,0,0.0,1,14,0.0667,0,0,0.0,0,0,0.0,0,0,0.0,0,0,0.0,0,0,0.0,0,0,0.0,0,0,0.0,0,0,0.0,0,0,0.0,0,0,0.0,0,16,0.0,0,0,0.0,0,0,0.0,0,0,0.0,4,15,0.2105,1,21,0.0455,13,23,0.3611,39,45,0.4643,1,19,0.05,0,0,0.0,0,0,0.0
2026-04-03 21:40:20,test_944.jpg,129,17,146,0.1164,7,31,32,0,0,0.0,0,0,0.0,0,0,0.0,0,0,0.0,0,0,0.0,0,0,0.0,0,0,0.0,0,0,0.0,0,0,0.0,0,0,0.0,4,21,0.16,0,0,0.0,0,0,0.0,0,0,0.0,0,0,0.0,0,0,0.0,0,0,0.0,0,0,0.0,0,0,0.0,0,0,0.0,0,0,0.0,0,16,0.0,0,0,0.0,0,0,0.0,0,0,0.0,6,15,0.2857,1,20,0.0476,4,18,0.1818,1,18,0.0526,1,21,0.0455,0,0,0.0,0,0,0.0
2026-04-03 21:40:20,test_945.jpg,108,19,127,0.1496,7,31,32,0,0,0.0,0,0,0.0,0,0,0.0,0,0,0.0,0,0,0.0,0,0,0.0,0,0,0.0,0,0,0.0,0,0,0.0,0,0,0.0,0,0,0.0,0,0,0.0,0,0,0.0,0,0,0.0,0,0,0.0,0,0,0.0,0,0,0.0,0,0,0.0,0,0,0.0,0,0,0.0,0,0,0.0,2,37,0.0513,0,0,0.0,0,0,0.0,0,0,0.0,4,19,0.1739,1,14,0.0667,8,17,0.32,1,8,0.1111,3,13,0.1875,0,0,0.0,0,0,0.0
2026-04-03 21:40:20,test_946.jpg,92,51,143,0.3566,5,31,32,0,0,0.0,0,0,0.0,0,0,0.0,0,0,0.0,0,0,0.0,0,0,0.0,0,0,0.0,0,0,0.0,0,0,0.0,0,0,0.0,4,21,0.16,0,0,0.0,0,0,0.0,0,0,0.0,0,0,0.0,0,0,0.0,0,0,0.0,0,0,0.0,0,0,0.0,0,0,0.0,0,0,0.0,8,14,0.3636,0,0,0.0,0,0,0.0,0,0,0.0,10,17,0.3704,16,20,0.4444,13,20,0.3939,0,0,0.0,0,0,0.0,0,0,0.0,0,0,0.0
2026-04-03 21:40:20,test_947.jpg,181,52,233,0.2232,14,31,32,4,12,0.25,0,13,0.0,4,21,0.16,8,19,0.2963,14,22,0.3889,0,0,0.0,0,0,0.0,0,0,0.0,0,0,0.0,0,0,0.0,3,4,0.4286,0,0,0.0,0,0,0.0,0,0,0.0,0,0,0.0,0,0,0.0,0,0,0.0,0,0,0.0,0,0,0.0,0,0,0.0,0,0,0.0,2,13,0.1333,0,0,0.0,0,0,0.0,0,0,0.0,4,9,0.3077,0,12,0.0,2,7,0.2222,2,8,0.2,0,8,0.0,0,18,0.0,9,15,0.375
2026-04-03 21:40:20,test_948.jpg,145,37,182,0.2033,5,31,32,0,0,0.0,0,0,0.0,0,0,0.0,0,0,0.0,0,0,0.0,0,0,0.0,0,0,0.0,0,0,0.0,0,0,0.0,0,0,0.0,2,20,0.0909,0,0,0.0,0,0,0.0,0,0,0.0,0,0,0.0,0,0,0.0,0,0,0.0,0,0,0.0,0,0,0.0,0,0,0.0,0,0,0.0,5,20,0.2,0,0,0.0,0,0,0.0,0,0,0.0,3,45,0.0625,5,37,0.119,22,23,0.4889,0,0,0.0,0,0,0.0,0,0,0.0,0,0,0.0
2026-04-03 21:40:20,test_949.jpg,126,48,174,0.2759,5,31,32,0,0,0.0,0,0,0.0,0,0,0.0,0,0,0.0,0,0,0.0,0,0,0.0,0,0,0.0,0,0,0.0,0,0,0.0,0,0,0.0,12,16,0.4286,0,0,0.0,0,0,0.0,0,0,0.0,0,0,0.0,0,0,0.0,0,0,0.0,0,0,0.0,0,0,0.0,0,0,0.0,0,0,0.0,6,26,0.1875,0,0,0.0,0,0,0.0,0,0,0.0,4,25,0.1379,17,35,0.3269,9,24,0.2727,0,0,0.0,0,0,0.0,0,0,0.0,0,0,0.0
2026-04-03 21:40:20,test_95.jpg,125,15,140,0.1071,6,31,32,0,0,0.0,0,0,0.0,0,0,0.0,0,0,0.0,0,0,0.0,0,0,0.0,0,0,0.0,0,0,0.0,0,0,0.0,0,0,0.0,1,22,0.0435,0,0,0.0,0,0,0.0,0,0,0.0,0,0,0.0,0,0,0.0,0,0,0.0,0,0,0.0,0,0,0.0,0,0,0.0,0,0,0.0,1,22,0.0435,0,0,0.0,0,0,0.0,0,0,0.0,3,21,0.125,5,18,0.2174,5,42,0.1064,0,0,0.0,0,0,0.0,0,0,0.0,0,0,0.0
2026-04-03 21:40:20,test_950.jpg,136,8,144,0.0556,7,31,32,0,0,0.0,0,0,0.0,0,0,0.0,0,0,0.0,0,0,0.0,0,0,0.0,0,0,0.0,0,0,0.0,0,0,0.0,0,0,0.0,1,16,0.0588,0,0,0.0,0,0,0.0,0,0,0.0,0,0,0.0,0,0,0.0,0,0,0.0,0,0,0.0,0,0,0.0,0,0,0.0,0,0,0.0,0,20,0.0,0,0,0.0,0,0,0.0,0,0,0.0,0,19,0.0,0,19,0.0,2,19,0.0952,5,20,0.2,0,23,0.0,0,0,0.0,0,0,0.0
2026-04-03 21:40:20,test_951.jpg,147,31,178,0.1742,7,31,32,0,0,0.0,0,0,0.0,0,0,0.0,0,0,0.0,0,0,0.0,0,0,0.0,0,0,0.0,0,0,0.0,0,0,0.0,0,0,0.0,15,51,0.2273,0,0,0.0,0,0,0.0,0,0,0.0,0,0,0.0,0,0,0.0,0,0,0.0,0,0,0.0,0,0,0.0,0,0,0.0,0,0,0.0,0,17,0.0,0,0,0.0,0,0,0.0,0,0,0.0,0,16,0.0,0,15,0.0,1,17,0.0556,8,19,0.2963,7,12,0.3684,0,0,0.0,0,0,0.0
2026-04-03 21:40:20,test_952.jpg,165,23,188,0.1223,8,31,32,0,0,0.0,0,0,0.0,0,0,0.0,0,0,0.0,0,0,0.0,0,0,0.0,0,0,0.0,0,0,0.0,0,0,0.0,0,0,0.0,1,23,0.0417,0,0,0.0,0,0,0.0,0,0,0.0,0,0,0.0,0,0,0.0,0,0,0.0,0,0,0.0,0,0,0.0,0,0,0.0,0,0,0.0,1,19,0.05,0,0,0.0,0,0,0.0,0,0,0.0,5,16,0.2381,3,24,0.1111,1,21,0.0455,4,16,0.2,1,19,0.05,7,27,0.2059,0,0,0.0
2026-04-03 21:40:20,test_953.jpg,131,12,143,0.0839,10,31,32,3,18,0.1429,0,0,0.0,0,0,0.0,0,0,0.0,0,0,0.0,0,0,0.0,0,0,0.0,0,0,0.0,0,0,0.0,0,0,0.0,1,9,0.1,0,0,0.0,0,0,0.0,0,0,0.0,0,0,0.0,0,0,0.0,0,0,0.0,0,0,0.0,0,0,0.0,0,0,0.0,0,0,0.0,0,9,0.0,0,0,0.0,0,0,0.0,0,0,0.0,1,12,0.0769,0,11,0.0,0,12,0.0,0,12,0.0,0,11,0.0,3,19,0.1364,4,18,0.1818
2026-04-03 21:40:20,test_954.jpg,140,31,171,0.1813,10,31,32,4,14,0.2222,0,0,0.0,0,0,0.0,0,0,0.0,0,0,0.0,0,0,0.0,0,0,0.0,0,0,0.0,0,0,0.0,0,0,0.0,7,23,0.2333,0,0,0.0,0,0,0.0,0,0,0.0,0,0,0.0,0,0,0.0,0,0,0.0,0,0,0.0,0,0,0.0,0,0,0.0,0,0,0.0,0,7,0.0,0,0,0.0,0,0,0.0,0,0,0.0,1,12,0.0769,2,10,0.1667,0,11,0.0,4,15,0.2105,2,13,0.1333,6,19,0.24,5,16,0.2381
2026-04-03 21:40:20,test_955.jpg,127,22,149,0.1477,6,31,32,0,0,0.0,0,0,0.0,0,0,0.0,0,0,0.0,0,0,0.0,0,0,0.0,0,0,0.0,0,0,0.0,0,0,0.0,0,0,0.0,8,47,0.1455,0,0,0.0,0,0,0.0,0,0,0.0,0,0,0.0,0,0,0.0,0,0,0.0,0,0,0.0,0,0,0.0,0,0,0.0,0,0,0.0,2,19,0.0952,0,0,0.0,0,0,0.0,0,0,0.0,7,11,0.3889,5,27,0.1562,0,9,0.0,0,14,0.0,0,0,0.0,0,0,0.0,0,0,0.0
2026-04-03 21:40:20,test_956.jpg,134,17,151,0.1126,7,31,32,0,0,0.0,0,0,0.0,0,0,0.0,0,0,0.0,0,0,0.0,0,0,0.0,0,0,0.0,0,0,0.0,0,0,0.0,0,0,0.0,3,17,0.15,0,0,0.0,0,0,0.0,0,0,0.0,0,0,0.0,0,0,0.0,0,0,0.0,0,0,0.0,0,0,0.0,0,0,0.0,0,0,0.0,3,17,0.15,0,0,0.0,0,0,0.0,0,0,0.0,2,14,0.125,0,18,0.0,6,24,0.2,3,26,0.1034,0,18,0.0,0,0,0.0,0,0,0.0
2026-04-03 21:40:20,test_957.jpg,132,26,158,0.1646,4,31,32,0,0,0.0,0,0,0.0,0,0,0.0,0,0,0.0,0,0,0.0,0,0,0.0,0,0,0.0,0,0,0.0,0,0,0.0,0,0,0.0,2,24,0.0769,0,0,0.0,0,0,0.0,0,0,0.0,0,0,0.0,0,0,0.0,0,0,0.0,0,0,0.0,0,0,0.0,0,0,0.0,0,0,0.0,10,30,0.25,0,0,0.0,0,0,0.0,0,0,0.0,12,54,0.1818,2,24,0.0769,0,0,0.0,0,0,0.0,0,0,0.0,0,0,0.0,0,0,0.0
2026-04-03 21:40:20,test_958.jpg,194,21,215,0.0977,17,31,32,5,14,0.2632,3,9,0.25,1,14,0.0667,1,13,0.0714,0,14,0.0,1,1,0.5,2,12,0.1429,0,7,0.0,0,0,0.0,0,0,0.0,1,8,0.1111,0,0,0.0,0,0,0.0,0,0,0.0,0,0,0.0,0,0,0.0,0,0,0.0,0,0,0.0,0,0,0.0,0,0,0.0,0,0,0.0,0,14,0.0,0,0,0.0,0,0,0.0,0,0,0.0,0,11,0.0,0,3,0.0,2,17,0.1053,2,14,0.125,1,14,0.0667,1,16,0.0588,1,13,0.0714
2026-04-03 21:40:20,test_959.jpg,124,22,146,0.1507,4,31,32,0,0,0.0,0,0,0.0,0,0,0.0,0,0,0.0,0,0,0.0,0,0,0.0,0,0,0.0,0,0,0.0,0,0,0.0,0,0,0.0,2,7,0.2222,0,0,0.0,0,0,0.0,0,0,0.0,0,0,0.0,0,0,0.0,0,0,0.0,0,0,0.0,0,0,0.0,0,0,0.0,0,0,0.0,6,38,0.1364,0,0,0.0,0,0,0.0,0,0,0.0,9,50,0.1525,5,29,0.1471,0,0,0.0,0,0,0.0,0,0,0.0,0,0,0.0,0,0,0.0
2026-04-03 21:40:20,test_96.jpg,154,15,169,0.0888,8,31,32,0,0,0.0,0,0,0.0,0,0,0.0,0,0,0.0,0,0,0.0,0,0,0.0,0,0,0.0,0,0,0.0,0,0,0.0,0,0,0.0,4,21,0.16,0,0,0.0,0,0,0.0,0,0,0.0,0,0,0.0,0,0,0.0,0,0,0.0,0,0,0.0,0,0,0.0,0,0,0.0,0,0,0.0,0,9,0.0,0,0,0.0,0,0,0.0,0,0,0.0,2,16,0.1111,3,20,0.1304,0,16,0.0,0,19,0.0,3,24,0.1111,3,29,0.0938,0,0,0.0
2026-04-03 21:40:20,test_960.jpg,225,84,309,0.2718,16,31,32,3,16,0.1579,2,8,0.2,6,18,0.25,7,19,0.2692,16,25,0.3902,8,12,0.4,15,21,0.4167,0,0,0.0,0,0,0.0,0,0,0.0,1,3,0.25,0,0,0.0,0,0,0.0,0,0,0.0,0,0,0.0,0,0,0.0,0,0,0.0,0,0,0.0,0,0,0.0,0,0,0.0,0,0,0.0,3,11,0.2143,0,0,0.0,0,0,0.0,0,0,0.0,8,19,0.2963,1,8,0.1111,6,24,0.2,2,10,0.1667,3,14,0.1765,0,9,0.0,3,8,0.2727
2026-04-03 21:40:20,test_961.jpg,142,30,172,0.1744,10,31,32,0,0,0.0,0,0,0.0,0,0,0.0,0,0,0.0,0,0,0.0,0,0,0.0,0,0,0.0,0,0,0.0,0,0,0.0,0,0,0.0,0,18,0.0,0,0,0.0,0,0,0.0,0,0,0.0,0,0,0.0,0,0,0.0,0,0,0.0,0,0,0.0,0,0,0.0,0,0,0.0,0,0,0.0,1,10,0.0909,0,0,0.0,0,0,0.0,0,0,0.0,0,13,0.0,3,15,0.1667,2,12,0.1429,8,9,0.4706,5,15,0.25,6,28,0.1765,5,22,0.1852
2026-04-03 21:40:20,test_962.jpg,121,23,144,0.1597,7,31,32,0,0,0.0,0,0,0.0,0,0,0.0,0,0,0.0,0,0,0.0,0,0,0.0,0,0,0.0,0,0,0.0,0,0,0.0,0,0,0.0,1,10,0.0909,0,0,0.0,0,0,0.0,0,0,0.0,0,0,0.0,0,0,0.0,0,0,0.0,0,0,0.0,0,0,0.0,0,0,0.0,0,0,0.0,0,20,0.0,0,0,0.0,0,0,0.0,0,0,0.0,6,19,0.24,4,19,0.1739,2,17,0.1053,9,20,0.3103,1,16,0.0588,0,0,0.0,0,0,0.0
2026-04-03 21:40:20,test_963.jpg,130,85,215,0.3953,5,31,32,0,0,0.0,0,0,0.0,0,0,0.0,0,0,0.0,0,0,0.0,0,0,0.0,0,0,0.0,0,0,0.0,0,0,0.0,0,0,0.0,6,18,0.25,0,0,0.0,0,0,0.0,0,0,0.0,0,0,0.0,0,0,0.0,0,0,0.0,0,0,0.0,0,0,0.0,0,0,0.0,0,0,0.0,5,23,0.1786,0,0,0.0,0,0,0.0,0,0,0.0,6,30,0.1667,46,39,0.5412,22,20,0.5238,0,0,0.0,0,0,0.0,0,0,0.0,0,0,0.0
2026-04-03 21:40:20,test_964.jpg,179,75,254,0.2953,6,31,32,0,0,0.0,0,0,0.0,0,0,0.0,0,0,0.0,0,0,0.0,0,0,0.0,0,0,0.0,0,0,0.0,0,0,0.0,0,0,0.0,7,22,0.2414,0,0,0.0,0,0,0.0,0,0,0.0,0,0,0.0,0,0,0.0,0,0,0.0,0,0,0.0,0,0,0.0,0,0,0.0,0,0,0.0,4,25,0.1379,0,0,0.0,0,0,0.0,0,0,0.0,19,29,0.3958,16,31,0.3404,11,31,0.2619,18,41,0.3051,0,0,0.0,0,0,0.0,0,0,0.0
2026-04-03 21:40:20,test_965.jpg,139,24,163,0.1472,3,31,32,0,0,0.0,0,0,0.0,0,0,0.0,0,0,0.0,0,0,0.0,0,0,0.0,0,0,0.0,0,0,0.0,0,0,0.0,0,0,0.0,10,48,0.1724,0,0,0.0,0,0,0.0,0,0,0.0,0,0,0.0,0,0,0.0,0,0,0.0,0,0,0.0,0,0,0.0,0,0,0.0,0,0,0.0,13,54,0.194,0,0,0.0,0,0,0.0,0,0,0.0,1,37,0.0263,0,0,0.0,0,0,0.0,0,0,0.0,0,0,0.0,0,0,0.0,0,0,0.0
2026-04-03 21:40:20,test_966.jpg,188,86,274,0.3139,4,31,32,0,0,0.0,0,0,0.0,0,0,0.0,0,0,0.0,0,0,0.0,0,0,0.0,0,0,0.0,0,0,0.0,0,0,0.0,0,0,0.0,6,28,0.1765,0,0,0.0,0,0,0.0,0,0,0.0,0,0,0.0,0,0,0.0,0,0,0.0,0,0,0.0,0,0,0.0,0,0,0.0,0,0,0.0,12,60,0.1667,0,0,0.0,0,0,0.0,0,0,0.0,55,74,0.4264,13,26,0.3333,0,0,0.0,0,0,0.0,0,0,0.0,0,0,0.0,0,0,0.0
2026-04-03 21:40:20,test_967.jpg,145,14,159,0.0881,6,31,32,0,0,0.0,0,0,0.0,0,0,0.0,0,0,0.0,0,0,0.0,0,0,0.0,0,0,0.0,0,0,0.0,0,0,0.0,0,0,0.0,2,17,0.1053,0,0,0.0,0,0,0.0,0,0,0.0,0,0,0.0,0,0,0.0,0,0,0.0,0,0,0.0,0,0,0.0,0,0,0.0,0,0,0.0,6,23,0.2069,0,0,0.0,0,0,0.0,0,0,0.0,1,22,0.0435,3,19,0.1364,2,30,0.0625,0,34,0.0,0,0,0.0,0,0,0.0,0,0,0.0
2026-04-03 21:40:20,test_968.jpg,127,30,157,0.1911,7,31,32,0,0,0.0,0,0,0.0,0,0,0.0,0,0,0.0,0,0,0.0,0,0,0.0,0,0,0.0,0,0,0.0,0,0,0.0,0,0,0.0,7,6,0.5385,0,0,0.0,0,0,0.0,0,0,0.0,0,0,0.0,0,0,0.0,0,0,0.0,0,0,0.0,0,0,0.0,0,0,0.0,0,0,0.0,7,16,0.3043,0,0,0.0,0,0,0.0,0,0,0.0,2,12,0.1429,8,25,0.2424,2,16,0.1111,4,33,0.1081,0,19,0.0,0,0,0.0,0,0,0.0
2026-04-03 21:40:20,test_969.jpg,128,27,155,0.1742,6,31,32,0,0,0.0,0,0,0.0,0,0,0.0,0,0,0.0,0,0,0.0,0,0,0.0,0,0,0.0,0,0,0.0,0,0,0.0,0,0,0.0,0,11,0.0,0,0,0.0,0,0,0.0,0,0,0.0,0,0,0.0,0,0,0.0,0,0,0.0,0,0,0.0,0,0,0.0,0,0,0.0,0,0,0.0,7,32,0.1795,0,0,0.0,0,0,0.0,0,0,0.0,11,38,0.2245,3,19,0.1364,5,20,0.2,1,8,0.1111,0,0,0.0,0,0,0.0,0,0,0.0
2026-04-03 21:40:20,test_97.jpg,170,35,205,0.1707,6,31,32,0,0,0.0,0,0,0.0,0,0,0.0,0,0,0.0,0,0,0.0,0,0,0.0,0,0,0.0,0,0,0.0,0,0,0.0,0,0,0.0,0,23,0.0,0,0,0.0,0,0,0.0,0,0,0.0,0,0,0.0,0,0,0.0,0,0,0.0,0,0,0.0,0,0,0.0,0,0,0.0,0,0,0.0,0,24,0.0,0,0,0.0,0,0,0.0,0,0,0.0,3,19,0.1364,7,33,0.175,10,39,0.2041,15,32,0.3191,0,0,0.0,0,0,0.0,0,0,0.0
2026-04-03 21:40:20,test_970.jpg,135,12,147,0.0816,6,31,32,0,0,0.0,0,0,0.0,0,0,0.0,0,0,0.0,0,0,0.0,0,0,0.0,0,0,0.0,0,0,0.0,0,0,0.0,0,0,0.0,3,16,0.1579,0,0,0.0,0,0,0.0,0,0,0.0,0,0,0.0,0,0,0.0,0,0,0.0,0,0,0.0,0,0,0.0,0,0,0.0,0,0,0.0,3,18,0.1429,0,0,0.0,0,0,0.0,0,0,0.0,0,21,0.0,0,25,0.0,5,27,0.1562,1,28,0.0345,0,0,0.0,0,0,0.0,0,0,0.0
2026-04-03 21:40:20,test_971.jpg,164,62,226,0.2743,6,31,32,0,0,0.0,0,0,0.0,0,0,0.0,0,0,0.0,0,0,0.0,0,0,0.0,0,0,0.0,0,0,0.0,0,0,0.0,0,0,0.0,15,18,0.4545,0,0,0.0,0,0,0.0,0,0,0.0,0,0,0.0,0,0,0.0,0,0,0.0,0,0,0.0,0,0,0.0,0,0,0.0,0,0,0.0,15,33,0.3125,0,0,0.0,0,0,0.0,0,0,0.0,6,19,0.24,10,41,0.1961,7,25,0.2188,9,28,0.2432,0,0,0.0,0,0,0.0,0,0,0.0
2026-04-03 21:40:20,test_972.jpg,158,18,176,0.1023,8,31,32,0,0,0.0,0,0,0.0,0,0,0.0,0,0,0.0,0,0,0.0,0,0,0.0,0,0,0.0,0,0,0.0,0,0,0.0,0,0,0.0,0,20,0.0,0,0,0.0,0,0,0.0,0,0,0.0,0,0,0.0,0,0,0.0,0,0,0.0,0,0,0.0,0,0,0.0,0,0,0.0,0,0,0.0,0,28,0.0,0,0,0.0,0,0,0.0,0,0,0.0,5,20,0.2,0,21,0.0,7,10,0.4118,0,23,0.0,5,21,0.1923,1,15,0.0625,0,0,0.0
2026-04-03 21:40:20,test_973.jpg,171,52,223,0.2332,8,31,32,0,0,0.0,0,0,0.0,0,0,0.0,0,0,0.0,0,0,0.0,0,0,0.0,0,0,0.0,0,0,0.0,0,0,0.0,0,0,0.0,1,16,0.0588,0,0,0.0,0,0,0.0,0,0,0.0,0,0,0.0,0,0,0.0,0,0,0.0,0,0,0.0,0,0,0.0,0,0,0.0,0,0,0.0,13,37,0.26,0,0,0.0,0,0,0.0,0,0,0.0,8,18,0.3077,1,25,0.0385,8,25,0.2424,3,17,0.15,13,17,0.4333,5,16,0.2381,0,0,0.0
2026-04-03 21:40:20,test_974.jpg,93,63,156,0.4038,5,31,32,0,0,0.0,0,0,0.0,0,0,0.0,0,0,0.0,0,0,0.0,0,0,0.0,0,0,0.0,0,0,0.0,0,0,0.0,0,0,0.0,4,9,0.3077,0,0,0.0,0,0,0.0,0,0,0.0,0,0,0.0,0,0,0.0,0,0,0.0,0,0,0.0,0,0,0.0,0,0,0.0,0,0,0.0,0,16,0.0,0,0,0.0,0,0,0.0,0,0,0.0,1,19,0.05,30,22,0.5769,28,27,0.5091,0,0,0.0,0,0,0.0,0,0,0.0,0,0,0.0
2026-04-03 21:40:20,test_975.jpg,151,20,171,0.117,12,31,32,3,20,0.1304,5,21,0.1923,4,19,0.1739,0,0,0.0,0,0,0.0,0,0,0.0,0,0,0.0,0,0,0.0,0,0,0.0,0,0,0.0,0,10,0.0,0,0,0.0,0,0,0.0,0,0,0.0,0,0,0.0,0,0,0.0,0,0,0.0,0,0,0.0,0,0,0.0,0,0,0.0,0,0,0.0,0,10,0.0,0,0,0.0,0,0,0.0,0,0,0.0,1,9,0.1,0,10,0.0,0,10,0.0,1,11,0.0833,1,10,0.0909,3,10,0.2308,2,11,0.1538
2026-04-03 21:40:20,test_976.jpg,93,7,100,0.07,4,31,32,0,0,0.0,0,0,0.0,0,0,0.0,0,0,0.0,0,0,0.0,0,0,0.0,0,0,0.0,0,0,0.0,0,0,0.0,0,0,0.0,1,22,0.0435,0,0,0.0,0,0,0.0,0,0,0.0,0,0,0.0,0,0,0.0,0,0,0.0,0,0,0.0,0,0,0.0,0,0,0.0,0,0,0.0,2,32,0.0588,0,0,0.0,0,0,0.0,0,0,0.0,2,23,0.08,2,16,0.1111,0,0,0.0,0,0,0.0,0,0,0.0,0,0,0.0,0,0,0.0
2026-04-03 21:40:20,test_977.jpg,170,80,250,0.32,5,31,32,0,0,0.0,0,0,0.0,0,0,0.0,0,0,0.0,0,0,0.0,0,0,0.0,0,0,0.0,0,0,0.0,0,0,0.0,0,0,0.0,13,18,0.4194,0,0,0.0,0,0,0.0,0,0,0.0,0,0,0.0,0,0,0.0,0,0,0.0,0,0,0.0,0,0,0.0,0,0,0.0,0,0,0.0,12,50,0.1935,0,0,0.0,0,0,0.0,0,0,0.0,14,53,0.209,37,40,0.4805,4,9,0.3077,0,0,0.0,0,0,0.0,0,0,0.0,0,0,0.0
2026-04-03 21:40:20,test_978.jpg,137,64,201,0.3184,11,31,32,23,26,0.4694,7,14,0.3333,0,0,0.0,0,0,0.0,0,0,0.0,0,0,0.0,0,0,0.0,0,0,0.0,0,0,0.0,0,0,0.0,1,8,0.1111,0,0,0.0,0,0,0.0,0,0,0.0,0,0,0.0,0,0,0.0,0,0,0.0,0,0,0.0,0,0,0.0,0,0,0.0,0,0,0.0,0,13,0.0,0,0,0.0,0,0,0.0,0,0,0.0,2,6,0.25,0,4,0.0,3,17,0.15,4,11,0.2667,3,4,0.4286,4,16,0.2,17,18,0.4857
2026-04-03 21:40:20,test_979.jpg,135,37,172,0.2151,5,31,32,0,0,0.0,0,0,0.0,0,0,0.0,0,0,0.0,0,0,0.0,0,0,0.0,0,0,0.0,0,0,0.0,0,0,0.0,0,0,0.0,1,24,0.04,0,0,0.0,0,0,0.0,0,0,0.0,0,0,0.0,0,0,0.0,0,0,0.0,0,0,0.0,0,0,0.0,0,0,0.0,0,0,0.0,8,26,0.2353,0,0,0.0,0,0,0.0,0,0,0.0,6,28,0.1765,10,38,0.2083,12,19,0.3871,0,0,0.0,0,0,0.0,0,0,0.0,0,0,0.0
2026-04-03 21:40:20,test_98.jpg,147,18,165,0.1091,2,31,32,0,0,0.0,0,0,0.0,0,0,0.0,0,0,0.0,0,0,0.0,0,0,0.0,0,0,0.0,0,0,0.0,0,0,0.0,0,0,0.0,13,81,0.1383,0,0,0.0,0,0,0.0,0,0,0.0,0,0,0.0,0,0,0.0,0,0,0.0,0,0,0.0,0,0,0.0,0,0,0.0,0,0,0.0,5,66,0.0704,0,0,0.0,0,0,0.0,0,0,0.0,0,0,0.0,0,0,0.0,0,0,0.0,0,0,0.0,0,0,0.0,0,0,0.0,0,0,0.0
2026-04-03 21:40:20,test_980.jpg,139,29,168,0.1726,9,31,32,0,0,0.0,0,0,0.0,0,0,0.0,0,0,0.0,0,0,0.0,0,0,0.0,0,0,0.0,0,0,0.0,0,0,0.0,0,0,0.0,1,20,0.0476,0,0,0.0,0,0,0.0,0,0,0.0,0,0,0.0,0,0,0.0,0,0,0.0,0,0,0.0,0,0,0.0,0,0,0.0,0,0,0.0,3,12,0.2,0,0,0.0,0,0,0.0,0,0,0.0,0,12,0.0,0,13,0.0,1,13,0.0714,3,15,0.1667,6,13,0.3158,0,20,0.0,15,21,0.4167
2026-04-03 21:40:20,test_981.jpg,154,3,157,0.0191,8,31,32,0,0,0.0,0,0,0.0,0,0,0.0,0,0,0.0,0,0,0.0,0,0,0.0,0,0,0.0,0,0,0.0,0,0,0.0,0,0,0.0,0,15,0.0,0,0,0.0,0,0,0.0,0,0,0.0,0,0,0.0,0,0,0.0,0,0,0.0,0,0,0.0,0,0,0.0,0,0,0.0,0,0,0.0,0,11,0.0,0,0,0.0,0,0,0.0,0,0,0.0,0,17,0.0,0,21,0.0,0,22,0.0,0,22,0.0,0,27,0.0,3,19,0.1364,0,0,0.0
2026-04-03 21:40:20,test_982.jpg,146,18,164,0.1098,10,31,32,1,17,0.0556,0,0,0.0,0,0,0.0,0,0,0.0,0,0,0.0,0,0,0.0,0,0,0.0,0,0,0.0,0,0,0.0,0,0,0.0,0,14,0.0,0,0,0.0,0,0,0.0,0,0,0.0,0,0,0.0,0,0,0.0,0,0,0.0,0,0,0.0,0,0,0.0,0,0,0.0,0,0,0.0,2,16,0.1111,0,0,0.0,0,0,0.0,0,0,0.0,3,9,0.25,1,16,0.0588,4,22,0.1538,3,18,0.1429,0,14,0.0,3,12,0.2,1,8,0.1111
2026-04-03 21:40:20,test_983.jpg,96,38,134,0.2836,8,31,32,0,0,0.0,0,0,0.0,0,0,0.0,0,0,0.0,0,0,0.0,0,0,0.0,0,0,0.0,0,0,0.0,0,0,0.0,0,0,0.0,4,12,0.25,0,0,0.0,0,0,0.0,0,0,0.0,0,0,0.0,0,0,0.0,0,0,0.0,0,0,0.0,0,0,0.0,0,0,0.0,0,0,0.0,0,14,0.0,0,0,0.0,0,0,0.0,0,0,0.0,0,7,0.0,2,7,0.2222,6,12,0.3333,8,15,0.3478,1,15,0.0625,17,14,0.5484,0,0,0.0
2026-04-03 21:40:20,test_984.jpg,172,46,218,0.211,9,31,32,0,0,0.0,0,0,0.0,0,0,0.0,0,0,0.0,0,0,0.0,0,0,0.0,0,0,0.0,0,0,0.0,0,0,0.0,0,0,0.0,2,19,0.0952,0,0,0.0,0,0,0.0,0,0,0.0,0,0,0.0,0,0,0.0,0,0,0.0,0,0,0.0,0,0,0.0,0,0,0.0,0,0,0.0,5,14,0.2632,0,0,0.0,0,0,0.0,0,0,0.0,4,17,0.1905,4,23,0.1481,8,23,0.2581,9,25,0.2647,9,17,0.3462,5,20,0.2,0,14,0.0
2026-04-03 21:40:20,test_985.jpg,167,28,195,0.1436,4,31,32,0,0,0.0,0,0,0.0,0,0,0.0,0,0,0.0,0,0,0.0,0,0,0.0,0,0,0.0,0,0,0.0,0,0,0.0,0,0,0.0,5,34,0.1282,0,0,0.0,0,0,0.0,0,0,0.0,0,0,0.0,0,0,0.0,0,0,0.0,0,0,0.0,0,0,0.0,0,0,0.0,0,0,0.0,13,51,0.2031,0,0,0.0,0,0,0.0,0,0,0.0,8,51,0.1356,2,31,0.0606,0,0,0.0,0,0,0.0,0,0,0.0,0,0,0.0,0,0,0.0
2026-04-03 21:40:20,test_986.jpg,253,113,366,0.3087,8,31,32,0,0,0.0,0,0,0.0,0,0,0.0,0,0,0.0,0,0,0.0,0,0,0.0,0,0,0.0,0,0,0.0,0,0,0.0,0,0,0.0,2,14,0.125,0,0,0.0,0,0,0.0,0,0,0.0,0,0,0.0,0,0,0.0,0,0,0.0,0,0,0.0,0,0,0.0,0,0,0.0,0,0,0.0,6,19,0.24,0,0,0.0,0,0,0.0,0,0,0.0,5,19,0.2083,2,26,0.0714,2,25,0.0741,8,27,0.2286,26,54,0.325,62,69,0.4733,0,0,0.0
2026-04-03 21:40:20,test_987.jpg,204,51,255,0.2,7,31,32,0,0,0.0,0,0,0.0,0,0,0.0,0,0,0.0,0,0,0.0,0,0,0.0,0,0,0.0,0,0,0.0,0,0,0.0,0,0,0.0,2,17,0.1053,0,0,0.0,0,0,0.0,0,0,0.0,0,0,0.0,0,0,0.0,0,0,0.0,0,0,0.0,0,0,0.0,0,0,0.0,0,0,0.0,6,25,0.1935,0,0,0.0,0,0,0.0,0,0,0.0,12,36,0.25,20,54,0.2703,8,43,0.1569,2,16,0.1111,1,13,0.0714,0,0,0.0,0,0,0.0
2026-04-03 21:40:20,test_988.jpg,211,39,250,0.156,9,31,32,0,0,0.0,0,0,0.0,0,0,0.0,0,0,0.0,0,0,0.0,0,0,0.0,0,0,0.0,0,0,0.0,0,0,0.0,0,0,0.0,0,0,0.0,0,0,0.0,0,0,0.0,0,0,0.0,0,0,0.0,0,0,0.0,0,0,0.0,0,0,0.0,0,0,0.0,0,0,0.0,0,0,0.0,14,67,0.1728,0,0,0.0,0,0,0.0,0,0,0.0,7,9,0.4375,4,12,0.25,2,32,0.0588,5,40,0.1111,1,25,0.0385,6,26,0.1875,0,0,0.0
2026-04-03 21:40:20,test_989.jpg,94,13,107,0.1215,7,31,32,0,0,0.0,0,0,0.0,0,0,0.0,0,0,0.0,0,0,0.0,0,0,0.0,0,0,0.0,0,0,0.0,0,0,0.0,0,0,0.0,1,18,0.0526,0,0,0.0,0,0,0.0,0,0,0.0,0,0,0.0,0,0,0.0,0,0,0.0,0,0,0.0,0,0,0.0,0,0,0.0,0,0,0.0,2,19,0.0952,0,0,0.0,0,0,0.0,0,0,0.0,1,15,0.0625,4,6,0.4,0,17,0.0,2,11,0.1538,3,8,0.2727,0,0,0.0,0,0,0.0
2026-04-03 21:40:20,test_99.jpg,166,32,198,0.1616,5,31,32,0,0,0.0,0,0,0.0,0,0,0.0,0,0,0.0,0,0,0.0,0,0,0.0,0,0,0.0,0,0,0.0,0,0,0.0,0,0,0.0,1,18,0.0526,0,0,0.0,0,0,0.0,0,0,0.0,0,0,0.0,0,0,0.0,0,0,0.0,0,0,0.0,0,0,0.0,0,0,0.0,0,0,0.0,4,17,0.1905,0,0,0.0,0,0,0.0,0,0,0.0,5,40,0.1111,21,46,0.3134,1,45,0.0217,0,0,0.0,0,0,0.0,0,0,0.0,0,0,0.0
2026-04-03 21:40:20,test_990.jpg,125,12,137,0.0876,6,31,32,0,0,0.0,0,0,0.0,0,0,0.0,0,0,0.0,0,0,0.0,0,0,0.0,0,0,0.0,0,0,0.0,0,0,0.0,0,0,0.0,0,21,0.0,0,0,0.0,0,0,0.0,0,0,0.0,0,0,0.0,0,0,0.0,0,0,0.0,0,0,0.0,0,0,0.0,0,0,0.0,0,0,0.0,1,20,0.0476,0,0,0.0,0,0,0.0,0,0,0.0,7,37,0.1591,1,14,0.0667,3,15,0.1667,0,18,0.0,0,0,0.0,0,0,0.0,0,0,0.0
2026-04-03 21:40:20,test_991.jpg,228,32,260,0.1231,9,31,32,0,0,0.0,0,0,0.0,0,0,0.0,0,0,0.0,0,0,0.0,0,0,0.0,0,0,0.0,0,0,0.0,0,0,0.0,0,0,0.0,9,14,0.3913,0,0,0.0,0,0,0.0,0,0,0.0,0,0,0.0,0,0,0.0,0,0,0.0,0,0,0.0,0,0,0.0,0,0,0.0,0,0,0.0,6,28,0.1765,0,0,0.0,0,0,0.0,0,0,0.0,0,26,0.0,3,41,0.0682,3,40,0.0698,3,36,0.0769,4,22,0.1538,0,13,0.0,4,8,0.3333
2026-04-03 21:40:20,test_992.jpg,121,14,135,0.1037,7,31,32,0,0,0.0,0,0,0.0,0,0,0.0,0,0,0.0,0,0,0.0,0,0,0.0,0,0,0.0,0,0,0.0,0,0,0.0,0,0,0.0,0,15,0.0,0,0,0.0,0,0,0.0,0,0,0.0,0,0,0.0,0,0,0.0,0,0,0.0,0,0,0.0,0,0,0.0,0,0,0.0,0,0,0.0,4,17,0.1905,0,0,0.0,0,0,0.0,0,0,0.0,0,19,0.0,3,18,0.1429,1,23,0.0417,3,18,0.1429,3,11,0.2143,0,0,0.0,0,0,0.0
2026-04-03 21:40:20,test_993.jpg,150,27,177,0.1525,9,31,32,0,0,0.0,0,0,0.0,0,0,0.0,0,0,0.0,0,0,0.0,0,0,0.0,0,0,0.0,0,0,0.0,0,0,0.0,0,0,0.0,0,14,0.0,0,0,0.0,0,0,0.0,0,0,0.0,0,0,0.0,0,0,0.0,0,0,0.0,0,0,0.0,0,0,0.0,0,0,0.0,0,0,0.0,2,20,0.0909,0,0,0.0,0,0,0.0,0,0,0.0,1,16,0.0588,2,17,0.1053,6,19,0.24,4,19,0.1739,5,16,0.2381,4,16,0.2,3,13,0.1875
2026-04-03 21:40:20,test_994.jpg,145,26,171,0.152,8,31,32,0,0,0.0,0,0,0.0,0,0,0.0,0,0,0.0,0,0,0.0,0,0,0.0,0,0,0.0,0,0,0.0,0,0,0.0,0,0,0.0,0,14,0.0,0,0,0.0,0,0,0.0,0,0,0.0,0,0,0.0,0,0,0.0,0,0,0.0,0,0,0.0,0,0,0.0,0,0,0.0,0,0,0.0,0,16,0.0,0,0,0.0,0,0,0.0,0,0,0.0,1,16,0.0588,3,16,0.1579,4,19,0.1739,2,12,0.1429,2,22,0.0833,14,30,0.3182,0,0,0.0
2026-04-03 21:40:20,test_995.jpg,154,75,229,0.3275,5,31,32,0,0,0.0,0,0,0.0,0,0,0.0,0,0,0.0,0,0,0.0,0,0,0.0,0,0,0.0,0,0,0.0,0,0,0.0,0,0,0.0,9,27,0.25,0,0,0.0,0,0,0.0,0,0,0.0,0,0,0.0,0,0,0.0,0,0,0.0,0,0,0.0,0,0,0.0,0,0,0.0,0,0,0.0,13,29,0.3095,0,0,0.0,0,0,0.0,0,0,0.0,23,38,0.377,12,29,0.2927,18,31,0.3673,0,0,0.0,0,0,0.0,0,0,0.0,0,0,0.0
2026-04-03 21:40:20,test_996.jpg,160,46,206,0.2233,7,31,32,0,0,0.0,0,0,0.0,0,0,0.0,0,0,0.0,0,0,0.0,0,0,0.0,0,0,0.0,0,0,0.0,0,0,0.0,0,0,0.0,0,15,0.0,0,0,0.0,0,0,0.0,0,0,0.0,0,0,0.0,0,0,0.0,0,0,0.0,0,0,0.0,0,0,0.0,0,0,0.0,0,0,0.0,2,16,0.1111,0,0,0.0,0,0,0.0,0,0,0.0,0,3,0.0,0,16,0.0,17,54,0.2394,15,26,0.3659,12,30,0.2857,0,0,0.0,0,0,0.0
2026-04-03 21:40:20,test_997.jpg,189,124,313,0.3962,4,31,32,0,0,0.0,0,0,0.0,0,0,0.0,0,0,0.0,0,0,0.0,0,0,0.0,0,0,0.0,0,0,0.0,0,0,0.0,0,0,0.0,2,30,0.0625,0,0,0.0,0,0,0.0,0,0,0.0,0,0,0.0,0,0,0.0,0,0,0.0,0,0,0.0,0,0,0.0,0,0,0.0,0,0,0.0,16,54,0.2286,0,0,0.0,0,0,0.0,0,0,0.0,58,67,0.464,48,38,0.5581,0,0,0.0,0,0,0.0,0,0,0.0,0,0,0.0,0,0,0.0
2026-04-03 21:40:20,test_998.jpg,128,94,222,0.4234,8,31,32,0,0,0.0,0,0,0.0,0,0,0.0,0,0,0.0,0,0,0.0,0,0,0.0,0,0,0.0,0,0,0.0,0,0,0.0,0,0,0.0,2,13,0.1333,0,0,0.0,0,0,0.0,0,0,0.0,0,0,0.0,0,0,0.0,0,0,0.0,0,0,0.0,0,0,0.0,0,0,0.0,0,0,0.0,13,20,0.3939,0,0,0.0,0,0,0.0,0,0,0.0,15,15,0.5,10,15,0.4,16,11,0.5926,9,14,0.3913,20,26,0.4348,9,14,0.3913,0,0,0.0
2026-04-03 21:40:20,test_999.jpg,145,22,167,0.1317,6,31,32,0,0,0.0,0,0,0.0,0,0,0.0,0,0,0.0,0,0,0.0,0,0,0.0,0,0,0.0,0,0,0.0,0,0,0.0,0,0,0.0,3,26,0.1034,0,0,0.0,0,0,0.0,0,0,0.0,0,0,0.0,0,0,0.0,0,0,0.0,0,0,0.0,0,0,0.0,0,0,0.0,0,0,0.0,7,20,0.2593,0,0,0.0,0,0,0.0,0,0,0.0,0,22,0.0,5,33,0.1316,2,23,0.08,5,21,0.1923,0,0,0.0,0,0,0.0,0,0,0.0
